name,"none","double","string","cell","struct","fh","char","logical","int8","table","datetime","duration","categorical","map","double,double","double,string","string,double","double,cell","cell,double","double,struct","double,fh","int8,double","double,char","char,double","string,string","double,table","table,double","double,datetime","datetime,double","double,duration","double,categorical","double,map","map,double","string,cell","cell,string","double,double,string","double,double,cell"
KDTreeSearcher,builtin-err,builtin,builtin,builtin-err,builtin-err,builtin-err,builtin,builtin,builtin,builtin-err,builtin-err,builtin-err,builtin,builtin-err,builtin-err,builtin-err,builtin-err,builtin-err,builtin-err,builtin-err,builtin-err,builtin-err,builtin-err,builtin-err,builtin-err,builtin-err,builtin-err,builtin-err,builtin-err,builtin-err,builtin-err,builtin-err,builtin-err,builtin-err,builtin-err,builtin-err,builtin-err
abs,file,builtin,file,file,file,file,builtin,builtin,builtin,builtin,file,builtin,file,file,builtin-err,file,file,file,file,file,file,builtin-err,builtin-err,builtin-err,file,builtin-err,builtin-err,file,file,builtin-err,file,file,file,file,file,file,file
accumarray,file,builtin-err,file,file,file,file,file,builtin-err,builtin-err,file,file,file,file,file,builtin-err,file,file,file,file,file,file,builtin,builtin-err,file,file,file,file,file,file,file,file,file,file,file,file,file,file
acos,file,builtin,file,file,file,file,file,file,file,builtin,file,file,file,file,builtin-err,file,file,file,file,file,file,file,builtin-err,file,file,builtin-err,builtin-err,file,file,file,file,file,file,file,file,file,file
acosd,file,builtin,file,file,file,file,file,file,file,builtin,file,file,file,file,builtin-err,file,file,file,file,file,file,file,builtin-err,file,file,builtin-err,builtin-err,file,file,file,file,file,file,file,file,file,file
acosh,file,builtin,file,file,file,file,file,file,file,builtin,file,file,file,file,builtin-err,file,file,file,file,file,file,file,builtin-err,file,file,builtin-err,builtin-err,file,file,file,file,file,file,file,file,file,file
acot,file,builtin,file,file,file,file,file,file,file,builtin,file,file,file,file,builtin-err,file,file,file,file,file,file,file,builtin-err,file,file,builtin-err,builtin-err,file,file,file,file,file,file,file,file,file,file
acotd,file,builtin,file,file,file,file,file,file,file,builtin,file,file,file,file,builtin-err,file,file,file,file,file,file,file,builtin-err,file,file,builtin-err,builtin-err,file,file,file,file,file,file,file,file,file,file
acoth,file,builtin,file,file,file,file,file,file,file,builtin,file,file,file,file,builtin-err,file,file,file,file,file,file,file,builtin-err,file,file,builtin-err,builtin-err,file,file,file,file,file,file,file,file,file,file
acsc,file,builtin,file,file,file,file,file,file,file,builtin,file,file,file,file,builtin-err,file,file,file,file,file,file,file,builtin-err,file,file,builtin-err,builtin-err,file,file,file,file,file,file,file,file,file,file
acscd,file,builtin,file,file,file,file,file,file,file,builtin,file,file,file,file,builtin-err,file,file,file,file,file,file,file,builtin-err,file,file,builtin-err,builtin-err,file,file,file,file,file,file,file,file,file,file
acsch,file,builtin,file,file,file,file,file,file,file,builtin,file,file,file,file,builtin-err,file,file,file,file,file,file,file,builtin-err,file,file,builtin-err,builtin-err,file,file,file,file,file,file,file,file,file,file
airy,file,builtin,file,file,file,file,file,file,file,file,file,file,file,file,builtin-err,file,file,file,file,file,file,file,builtin-err,file,file,file,file,file,file,file,file,file,file,file,file,file,file
all,file,builtin,file,file,file,file,file,builtin,builtin,file,file,file,file,file,builtin-err,file,file,file,file,file,file,builtin-err,builtin-err,file,file,file,file,file,file,file,file,file,file,file,file,file,file
amd,file,builtin,file,file,file,file,file,builtin,file,file,file,file,file,file,builtin,file,file,file,file,file,file,file,builtin-err,file,file,file,file,file,file,file,file,file,file,file,file,file,file
and,file,builtin-err,file,file,file,file,builtin-err,builtin-err,builtin-err,builtin-err,file,file,file,file,builtin,file,file,file,file,file,file,builtin,builtin,builtin,file,builtin,builtin,file,file,file,file,file,file,file,file,file,file
angle,file,file,file,file,file,file,file,file,file,file,file,file,file,file,file,file,file,file,file,file,file,file,file,file,file,file,file,file,file,file,file,file,file,file,file,file,file
anymissing,file,builtin,file,file,file,file,file,builtin,builtin,file,file,file,file,file,builtin-err,file,file,file,file,file,file,builtin-err,builtin-err,file,file,file,file,file,file,file,file,file,file,file,file,file,file
append,file,builtin-err,builtin,file,file,file,file,file,file,file,file,file,file,file,builtin-err,builtin-err,builtin-err,file,file,file,file,file,builtin-err,file,builtin,file,file,file,file,file,file,file,file,builtin-err,builtin-err,builtin-err,file
applylut,file,file,file,file,file,file,file,file,file,file,file,file,file,file,file,file,file,file,file,file,file,file,file,file,file,file,file,file,file,file,file,file,file,file,file,file,file
area,file,file,file,file,file,file,file,file,file,file,file,file,file,file,file,file,file,file,file,file,file,file,file,file,file,file,file,file,file,file,file,file,file,file,file,file,file
argnames,file,file,file,file,file,file,file,file,file,file,file,file,file,file,file,file,file,file,file,file,file,file,file,file,file,file,file,file,file,file,file,file,file,file,file,file,file
array2table,file,file,file,file,file,file,file,file,file,file,file,file,file,file,file,file,file,file,file,file,file,file,file,file,file,file,file,file,file,file,file,file,file,file,file,file,file
arrayfun,file,file,file,file,file,file,file,file,file,file,file,file,file,file,file,file,file,file,file,file,file,file,file,file,file,file,file,file,file,file,file,file,file,file,file,file,file
asec,file,builtin,file,file,file,file,file,file,file,builtin,file,file,file,file,builtin-err,file,file,file,file,file,file,file,builtin-err,file,file,builtin-err,builtin-err,file,file,file,file,file,file,file,file,file,file
asecd,file,builtin,file,file,file,file,file,file,file,builtin,file,file,file,file,builtin-err,file,file,file,file,file,file,file,builtin-err,file,file,builtin-err,builtin-err,file,file,file,file,file,file,file,file,file,file
asech,file,builtin,file,file,file,file,file,file,file,builtin,file,file,file,file,builtin-err,file,file,file,file,file,file,file,builtin-err,file,file,builtin-err,builtin-err,file,file,file,file,file,file,file,file,file,file
asin,file,builtin,file,file,file,file,file,file,file,builtin,file,file,file,file,builtin-err,file,file,file,file,file,file,file,builtin-err,file,file,builtin-err,builtin-err,file,file,file,file,file,file,file,file,file,file
asind,file,builtin,file,file,file,file,file,file,file,builtin,file,file,file,file,builtin-err,file,file,file,file,file,file,file,builtin-err,file,file,builtin-err,builtin-err,file,file,file,file,file,file,file,file,file,file
asinh,file,builtin,file,file,file,file,file,file,file,builtin,file,file,file,file,builtin-err,file,file,file,file,file,file,file,builtin-err,file,file,builtin-err,builtin-err,file,file,file,file,file,file,file,file,file,file
assert,file,file,file,file,file,file,file,file,file,file,file,file,file,file,file,file,file,file,file,file,file,file,file,file,file,file,file,file,file,file,file,file,file,file,file,file,file
atan,file,builtin,file,file,file,file,file,file,file,builtin,file,file,file,file,builtin-err,file,file,file,file,file,file,file,builtin-err,file,file,builtin-err,builtin-err,file,file,file,file,file,file,file,file,file,file
atan2,file,builtin-err,file,file,file,file,file,file,file,builtin-err,file,file,file,file,builtin,file,file,file,file,file,file,file,builtin-err,file,file,builtin,builtin,file,file,file,file,file,file,file,file,file,file
atan2d,file,builtin-err,file,file,file,file,file,file,file,builtin-err,file,file,file,file,builtin,file,file,file,file,file,file,file,builtin-err,file,file,builtin,builtin,file,file,file,file,file,file,file,file,file,file
atand,file,builtin,file,file,file,file,file,file,file,builtin,file,file,file,file,builtin-err,file,file,file,file,file,file,file,builtin-err,file,file,builtin-err,builtin-err,file,file,file,file,file,file,file,file,file,file
atanh,file,builtin,file,file,file,file,file,file,file,builtin,file,file,file,file,builtin-err,file,file,file,file,file,file,file,builtin-err,file,file,builtin-err,builtin-err,file,file,file,file,file,file,file,file,file,file
axis,file,file,file,file,file,file,file,file,file,file,file,file,file,file,file,file,file,file,file,file,file,file,file,file,file,file,file,file,file,file,file,file,file,file,file,file,file
balance,file,builtin,file,file,file,file,file,file,file,file,file,file,file,file,builtin-err,file,file,file,file,file,file,file,builtin-err,file,file,file,file,file,file,file,file,file,file,file,file,file,file
bandwidth,file,file,file,file,file,file,file,file,file,file,file,file,file,file,file,file,file,file,file,file,file,file,file,file,file,file,file,file,file,file,file,file,file,file,file,file,file
bar,file,file,file,file,file,file,file,file,file,file,file,file,file,file,file,file,file,file,file,file,file,file,file,file,file,file,file,file,file,file,file,file,file,file,file,file,file
barh,file,file,file,file,file,file,file,file,file,file,file,file,file,file,file,file,file,file,file,file,file,file,file,file,file,file,file,file,file,file,file,file,file,file,file,file,file
besselh,file,builtin-err,file,file,file,file,file,file,file,file,file,file,file,file,builtin,file,file,file,file,file,file,file,builtin-err,file,file,file,file,file,file,file,file,file,file,file,file,file,file
besseli,file,builtin-err,file,file,file,file,file,file,file,file,file,file,file,file,builtin,file,file,file,file,file,file,file,builtin-err,file,file,file,file,file,file,file,file,file,file,file,file,file,file
besselj,file,builtin-err,file,file,file,file,file,file,file,file,file,file,file,file,builtin,file,file,file,file,file,file,file,builtin-err,file,file,file,file,file,file,file,file,file,file,file,file,file,file
besselk,file,builtin-err,file,file,file,file,file,file,file,file,file,file,file,file,builtin,file,file,file,file,file,file,file,builtin-err,file,file,file,file,file,file,file,file,file,file,file,file,file,file
bessely,file,builtin-err,file,file,file,file,file,file,file,file,file,file,file,file,builtin,file,file,file,file,file,file,file,builtin-err,file,file,file,file,file,file,file,file,file,file,file,file,file,file
beta,file,file,file,file,file,file,file,file,file,file,file,file,file,file,file,file,file,file,file,file,file,file,file,file,file,file,file,file,file,file,file,file,file,file,file,file,file
betainc,file,builtin-err,file,file,file,file,file,file,file,file,file,file,file,file,builtin-err,file,file,file,file,file,file,file,builtin-err,file,file,file,file,file,file,file,file,file,file,file,file,file,file
betaincinv,file,builtin-err,file,file,file,file,file,file,file,file,file,file,file,file,builtin-err,file,file,file,file,file,file,file,builtin-err,file,file,file,file,file,file,file,file,file,file,file,file,file,file
betaln,file,file,file,file,file,file,file,file,file,file,file,file,file,file,file,file,file,file,file,file,file,file,file,file,file,file,file,file,file,file,file,file,file,file,file,file,file
between,file,file,file,file,file,file,file,file,file,file,builtin-err,file,file,file,file,file,file,file,file,file,file,file,file,file,file,file,file,builtin-err,builtin-err,file,file,file,file,file,file,file,file
bicg,file,file,file,file,file,file,file,file,file,file,file,file,file,file,file,file,file,file,file,file,file,file,file,file,file,file,file,file,file,file,file,file,file,file,file,file,file
bicgstab,file,file,file,file,file,file,file,file,file,file,file,file,file,file,file,file,file,file,file,file,file,file,file,file,file,file,file,file,file,file,file,file,file,file,file,file,file
bicgstabl,file,file,file,file,file,file,file,file,file,file,file,file,file,file,file,file,file,file,file,file,file,file,file,file,file,file,file,file,file,file,file,file,file,file,file,file,file
bitand,file,builtin-err,file,file,file,file,file,builtin-err,builtin-err,file,file,file,file,file,builtin-err,file,file,file,file,file,file,builtin-err,builtin-err,file,file,file,file,file,file,file,file,file,file,file,file,file,file
bitcmp,file,builtin-err,file,file,file,file,file,builtin-err,builtin,file,file,file,file,file,builtin-err,file,file,file,file,file,file,builtin-err,builtin-err,file,file,file,file,file,file,file,file,file,file,file,file,file,file
bitget,file,builtin-err,file,file,file,file,file,builtin-err,builtin-err,file,file,file,file,file,builtin-err,file,file,file,file,file,file,builtin-err,builtin-err,file,file,file,file,file,file,file,file,file,file,file,file,file,file
bitor,file,builtin-err,file,file,file,file,file,builtin-err,builtin-err,file,file,file,file,file,builtin-err,file,file,file,file,file,file,builtin-err,builtin-err,file,file,file,file,file,file,file,file,file,file,file,file,file,file
bitrevorder,file,file,file,file,file,file,file,file,file,file,file,file,file,file,file,file,file,file,file,file,file,file,file,file,file,file,file,file,file,file,file,file,file,file,file,file,file
bitset,file,builtin-err,file,file,file,file,file,builtin-err,builtin-err,file,file,file,file,file,builtin-err,file,file,file,file,file,file,builtin-err,builtin-err,file,file,file,file,file,file,file,file,file,file,file,file,file,file
bitshift,file,builtin-err,file,file,file,file,file,builtin-err,builtin-err,file,file,file,file,file,builtin-err,file,file,file,file,file,file,builtin-err,builtin-err,file,file,file,file,file,file,file,file,file,file,file,file,file,file
bitxor,file,builtin-err,file,file,file,file,file,builtin-err,builtin-err,file,file,file,file,file,builtin-err,file,file,file,file,file,file,builtin-err,builtin-err,file,file,file,file,file,file,file,file,file,file,file,file,file,file
blkdiag,file,file,file,file,file,file,file,file,file,file,file,file,file,file,file,file,file,file,file,file,file,file,file,file,file,file,file,file,file,file,file,file,file,file,file,file,file
boundary,file,file,file,file,file,file,file,file,file,file,file,file,file,file,file,file,file,file,file,file,file,file,file,file,file,file,file,file,file,file,file,file,file,file,file,file,file
bounds,file,file,file,file,file,file,file,file,file,file,file,file,file,file,file,file,file,file,file,file,file,file,file,file,file,file,file,file,file,file,file,file,file,file,file,file,file
bsxfun,file,builtin-err,file,file,file,file,builtin-err,builtin-err,builtin-err,file,file,file,file,file,builtin-err,file,file,file,file,file,file,builtin-err,builtin-err,builtin-err,file,file,file,file,file,file,file,file,file,file,file,file,file
buffer,file,file,file,file,file,file,file,file,file,file,file,file,file,file,file,file,file,file,file,file,file,file,file,file,file,file,file,file,file,file,file,file,file,file,file,file,file
bwdist,file,file,file,file,file,file,file,file,file,file,file,file,file,file,file,file,file,file,file,file,file,file,file,file,file,file,file,file,file,file,file,file,file,file,file,file,file
bwlabel,file,file,file,file,file,file,file,file,file,file,file,file,file,file,file,file,file,file,file,file,file,file,file,file,file,file,file,file,file,file,file,file,file,file,file,file,file
bwlookup,file,file,file,file,file,file,file,file,file,file,file,file,file,file,file,file,file,file,file,file,file,file,file,file,file,file,file,file,file,file,file,file,file,file,file,file,file
bwmorph,file,file,file,file,file,file,file,file,file,file,file,file,file,file,file,file,file,file,file,file,file,file,file,file,file,file,file,file,file,file,file,file,file,file,file,file,file
caldays,file,file,file,file,file,file,file,file,file,file,file,file,file,file,file,file,file,file,file,file,file,file,file,file,file,file,file,file,file,file,file,file,file,file,file,file,file
caldiff,file,file,file,file,file,file,file,file,file,file,builtin,file,file,file,file,file,file,file,file,file,file,file,file,file,file,file,file,builtin-err,builtin-err,file,file,file,file,file,file,file,file
calendarDuration,builtin,builtin-err,builtin-err,builtin-err,builtin-err,builtin-err,builtin-err,builtin-err,builtin-err,builtin-err,builtin-err,builtin-err,builtin-err,builtin-err,builtin-err,builtin-err,builtin-err,builtin-err,builtin-err,builtin-err,builtin-err,builtin-err,builtin-err,builtin-err,builtin-err,builtin-err,builtin-err,builtin-err,builtin-err,builtin-err,builtin-err,builtin-err,builtin-err,builtin-err,builtin-err,builtin-err,builtin-err
calmonths,file,file,file,file,file,file,file,file,file,file,file,file,file,file,file,file,file,file,file,file,file,file,file,file,file,file,file,file,file,file,file,file,file,file,file,file,file
calquarters,file,file,file,file,file,file,file,file,file,file,file,file,file,file,file,file,file,file,file,file,file,file,file,file,file,file,file,file,file,file,file,file,file,file,file,file,file
calweeks,file,file,file,file,file,file,file,file,file,file,file,file,file,file,file,file,file,file,file,file,file,file,file,file,file,file,file,file,file,file,file,file,file,file,file,file,file
calyears,file,file,file,file,file,file,file,file,file,file,file,file,file,file,file,file,file,file,file,file,file,file,file,file,file,file,file,file,file,file,file,file,file,file,file,file,file
cart2pol,file,file,file,file,file,file,file,file,file,file,file,file,file,file,file,file,file,file,file,file,file,file,file,file,file,file,file,file,file,file,file,file,file,file,file,file,file
cart2sph,file,file,file,file,file,file,file,file,file,file,file,file,file,file,file,file,file,file,file,file,file,file,file,file,file,file,file,file,file,file,file,file,file,file,file,file,file
cascadesparams,file,file,file,file,file,file,file,file,file,file,file,file,file,file,file,file,file,file,file,file,file,file,file,file,file,file,file,file,file,file,file,file,file,file,file,file,file
cast,file,file,file,file,file,file,file,file,file,file,file,file,file,file,file,file,file,file,file,file,file,file,file,file,file,file,file,file,file,file,file,file,file,file,file,file,file
cat,file,file,builtin-err,file,file,file,file,file,file,builtin-err,builtin-err,builtin-err,builtin-err,builtin-err,file,builtin-err,builtin-err,file,file,file,file,file,file,file,builtin-err,builtin-err,builtin-err,builtin,builtin-err,builtin,builtin,builtin,builtin-err,builtin-err,builtin-err,builtin-err,file
cconv,file,file,file,file,file,file,file,file,file,file,file,file,file,file,file,file,file,file,file,file,file,file,file,file,file,file,file,file,file,file,file,file,file,file,file,file,file
cdf2rdf,file,file,file,file,file,file,file,file,file,file,file,file,file,file,file,file,file,file,file,file,file,file,file,file,file,file,file,file,file,file,file,file,file,file,file,file,file
ceil,file,builtin,file,file,file,file,builtin,builtin,builtin,builtin,builtin-err,builtin,file,file,builtin-err,file,file,file,file,file,file,builtin-err,builtin-err,builtin-err,file,builtin-err,builtin-err,builtin-err,builtin-err,builtin-err,file,file,file,file,file,file,file
cell2mat,file,file,file,file,file,file,file,file,file,file,file,file,file,file,file,file,file,file,file,file,file,file,file,file,file,file,file,file,file,file,file,file,file,file,file,file,file
cell2struct,file,file,file,file,file,file,file,file,file,file,file,file,file,file,file,file,file,file,file,file,file,file,file,file,file,file,file,file,file,file,file,file,file,file,file,file,file
cellfun,file,file,file,file,file,file,file,file,file,file,file,file,file,file,file,file,file,file,file,file,file,file,file,file,file,file,file,file,file,file,file,file,file,file,file,file,file
cellstr,file,file,builtin,file,file,file,file,file,file,file,builtin,builtin,builtin,file,file,file,builtin-err,file,file,file,file,file,file,file,builtin-err,file,file,builtin-err,builtin-err,builtin-err,builtin-err,file,file,builtin-err,file,file,file
cgs,file,file,file,file,file,file,file,file,file,file,file,file,file,file,file,file,file,file,file,file,file,file,file,file,file,file,file,file,file,file,file,file,file,file,file,file,file
char,file,file,builtin,file,file,file,file,file,file,file,file,file,file,file,file,file,builtin-err,file,file,file,file,file,file,file,builtin-err,file,file,builtin-err,builtin-err,builtin-err,builtin-err,file,file,builtin-err,file,file,file
chol,file,builtin,file,file,file,file,file,file,file,file,file,file,file,file,builtin-err,file,file,file,file,file,file,file,builtin-err,file,file,file,file,file,file,file,file,file,file,file,file,file,file
cholupdate,file,builtin-err,file,file,file,file,file,file,file,file,file,file,file,file,builtin,file,file,file,file,file,file,file,builtin-err,file,file,file,file,file,file,file,file,file,file,file,file,file,file
circshift,file,builtin-err,file,file,file,file,builtin-err,builtin-err,builtin-err,file,file,file,file,file,builtin-err,file,file,file,file,file,file,builtin-err,builtin-err,builtin-err,file,file,file,file,file,file,file,file,file,file,file,file,file
clear,file,file,file,file,file,file,file,file,file,file,file,file,file,file,file,file,file,file,file,file,file,file,file,file,file,file,file,file,file,file,file,file,file,file,file,file,file
close,file,file,file,file,file,file,file,file,file,file,file,file,file,file,file,file,file,file,file,file,file,file,file,file,file,file,file,file,file,file,file,file,file,file,file,file,file
cluster,file,file,file,file,file,file,file,file,file,file,file,file,file,file,file,file,file,file,file,file,file,file,file,file,file,file,file,file,file,file,file,file,file,file,file,file,file
colon,file,builtin-err,file,file,file,file,builtin-err,file,builtin-err,file,builtin-err,builtin-err,file,file,builtin,file,file,file,file,file,file,builtin-err,builtin-err,builtin-err,file,file,file,builtin-err,builtin-err,builtin,file,file,file,file,file,file,file
compan,file,file,file,file,file,file,file,file,file,file,file,file,file,file,file,file,file,file,file,file,file,file,file,file,file,file,file,file,file,file,file,file,file,file,file,file,file
complex,file,builtin,file,file,file,file,file,builtin,builtin,file,file,file,file,file,builtin,file,file,file,file,file,file,builtin,builtin,file,file,file,file,file,file,file,file,file,file,file,file,file,file
compose,file,file,builtin,file,file,file,file,file,file,file,file,file,file,file,file,file,builtin-err,file,file,file,file,file,file,file,builtin-err,file,file,file,file,file,file,file,file,builtin-err,file,file,file
concat,file,file,file,file,file,file,file,file,file,file,file,file,file,file,file,file,file,file,file,file,file,file,file,file,file,file,file,file,file,file,file,file,file,file,file,file,file
cond,file,file,file,file,file,file,file,file,file,file,file,file,file,file,file,file,file,file,file,file,file,file,file,file,file,file,file,file,file,file,file,file,file,file,file,file,file
condest,file,file,file,file,file,file,file,file,file,file,file,file,file,file,file,file,file,file,file,file,file,file,file,file,file,file,file,file,file,file,file,file,file,file,file,file,file
conj,file,builtin,file,file,file,file,builtin,builtin,builtin,file,file,file,file,file,builtin-err,file,file,file,file,file,file,builtin-err,builtin-err,builtin-err,file,file,file,file,file,file,file,file,file,file,file,file,file
contains,file,file,builtin-err,file,file,file,file,file,file,file,file,file,file,file,file,builtin-err,builtin-err,file,file,file,file,file,file,file,builtin,file,file,file,file,file,file,file,file,builtin-err,builtin-err,builtin-err,file
contour,file,file,file,file,file,file,file,file,file,file,file,file,file,file,file,file,file,file,file,file,file,file,file,file,file,file,file,file,file,file,file,file,file,file,file,file,file
conv,file,file,file,file,file,file,file,file,file,file,file,file,file,file,file,file,file,file,file,file,file,file,file,file,file,file,file,file,file,file,file,file,file,file,file,file,file
conv2,file,builtin-err,file,file,file,file,file,builtin-err,builtin-err,file,file,file,file,file,builtin,file,file,file,file,file,file,builtin,builtin-err,file,file,file,file,file,file,file,file,file,file,file,file,file,file
convertCharsToStrings,file,file,file,file,file,file,file,file,file,file,file,file,file,file,file,file,file,file,file,file,file,file,file,file,file,file,file,file,file,file,file,file,file,file,file,file,file
convertStringsToChars,file,file,builtin,file,file,file,file,file,file,file,file,file,file,file,file,builtin-err,builtin-err,file,file,file,file,file,file,file,builtin-err,file,file,file,file,file,file,file,file,builtin-err,builtin-err,builtin-err,file
convhull,file,file,file,file,file,file,file,file,file,file,file,file,file,file,file,file,file,file,file,file,file,file,file,file,file,file,file,file,file,file,file,file,file,file,file,file,file
convn,file,file,file,file,file,file,file,file,file,file,file,file,file,file,file,file,file,file,file,file,file,file,file,file,file,file,file,file,file,file,file,file,file,file,file,file,file
copyobj,file,file,file,file,file,file,file,file,file,file,file,file,file,file,file,file,file,file,file,file,file,file,file,file,file,file,file,file,file,file,file,file,file,file,file,file,file
corr,file,file,file,file,file,file,file,file,file,file,file,file,file,file,file,file,file,file,file,file,file,file,file,file,file,file,file,file,file,file,file,file,file,file,file,file,file
corr2,file,file,file,file,file,file,file,file,file,file,file,file,file,file,file,file,file,file,file,file,file,file,file,file,file,file,file,file,file,file,file,file,file,file,file,file,file
corrcoef,file,file,file,file,file,file,file,file,file,file,file,file,file,file,file,file,file,file,file,file,file,file,file,file,file,file,file,file,file,file,file,file,file,file,file,file,file
cos,file,builtin,file,file,file,file,file,file,file,builtin,file,file,file,file,builtin-err,file,file,file,file,file,file,file,builtin-err,file,file,builtin-err,builtin-err,file,file,file,file,file,file,file,file,file,file
cosd,file,builtin,file,file,file,file,file,file,file,builtin,file,file,file,file,builtin-err,file,file,file,file,file,file,file,builtin-err,file,file,builtin-err,builtin-err,file,file,file,file,file,file,file,file,file,file
cosh,file,builtin,file,file,file,file,file,file,file,builtin,file,file,file,file,builtin-err,file,file,file,file,file,file,file,builtin-err,file,file,builtin-err,builtin-err,file,file,file,file,file,file,file,file,file,file
cot,file,file,file,file,file,file,file,file,file,builtin-err,file,file,file,file,file,file,file,file,file,file,file,file,file,file,file,builtin-err,builtin-err,file,file,file,file,file,file,file,file,file,file
cotd,file,file,file,file,file,file,file,file,file,builtin-err,file,file,file,file,file,file,file,file,file,file,file,file,file,file,file,builtin-err,builtin-err,file,file,file,file,file,file,file,file,file,file
coth,file,file,file,file,file,file,file,file,file,builtin-err,file,file,file,file,file,file,file,file,file,file,file,file,file,file,file,builtin-err,builtin-err,file,file,file,file,file,file,file,file,file,file
count,file,file,builtin-err,file,file,file,file,file,file,file,file,file,file,file,file,builtin-err,builtin-err,file,file,file,file,file,file,file,builtin,file,file,file,file,file,file,file,file,builtin-err,builtin-err,builtin-err,file
cov,file,file,file,file,file,file,file,file,file,file,file,file,file,file,file,file,file,file,file,file,file,file,file,file,file,file,file,file,file,file,file,file,file,file,file,file,file
cpsd,file,file,file,file,file,file,file,file,file,file,file,file,file,file,file,file,file,file,file,file,file,file,file,file,file,file,file,file,file,file,file,file,file,file,file,file,file
cross,file,file,file,file,file,file,file,file,file,file,file,file,file,file,file,file,file,file,file,file,file,file,file,file,file,file,file,file,file,file,file,file,file,file,file,file,file
csc,file,file,file,file,file,file,file,file,file,builtin-err,file,file,file,file,file,file,file,file,file,file,file,file,file,file,file,builtin-err,builtin-err,file,file,file,file,file,file,file,file,file,file
cscd,file,file,file,file,file,file,file,file,file,builtin-err,file,file,file,file,file,file,file,file,file,file,file,file,file,file,file,builtin-err,builtin-err,file,file,file,file,file,file,file,file,file,file
csch,file,file,file,file,file,file,file,file,file,builtin-err,file,file,file,file,file,file,file,file,file,file,file,file,file,file,file,builtin-err,builtin-err,file,file,file,file,file,file,file,file,file,file
ctranspose,file,builtin,builtin,builtin,builtin,file,builtin,builtin,builtin,builtin-err,builtin,builtin,builtin,builtin,builtin-err,file,builtin-err,builtin-err,builtin-err,builtin-err,file,builtin-err,builtin-err,builtin-err,builtin-err,builtin-err,builtin-err,builtin-err,builtin-err,builtin-err,builtin-err,builtin-err,builtin-err,builtin-err,file,file,builtin-err
cummax,file,builtin,file,file,file,file,file,builtin,builtin,builtin,file,builtin,file,file,builtin-err,file,file,file,file,file,file,builtin-err,builtin-err,file,file,builtin-err,builtin-err,file,file,builtin-err,file,file,file,file,file,file,file
cummin,file,builtin,file,file,file,file,file,builtin,builtin,builtin,file,builtin,file,file,builtin-err,file,file,file,file,file,file,builtin-err,builtin-err,file,file,builtin-err,builtin-err,file,file,builtin-err,file,file,file,file,file,file,file
cumprod,file,builtin,file,file,file,file,file,builtin,builtin,builtin,file,file,file,file,builtin-err,file,file,file,file,file,file,builtin-err,builtin-err,file,file,builtin-err,builtin-err,file,file,file,file,file,file,file,file,file,file
cumsum,file,builtin,file,file,file,file,file,builtin,builtin,builtin,file,builtin,file,file,builtin-err,file,file,file,file,file,file,builtin-err,builtin-err,file,file,builtin-err,builtin-err,file,file,builtin-err,file,file,file,file,file,file,file
cumtrapz,file,file,file,file,file,file,file,file,file,file,file,file,file,file,file,file,file,file,file,file,file,file,file,file,file,file,file,file,file,file,file,file,file,file,file,file,file
curl,file,file,file,file,file,file,file,file,file,file,file,file,file,file,file,file,file,file,file,file,file,file,file,file,file,file,file,file,file,file,file,file,file,file,file,file,file
czt,file,file,file,file,file,file,file,file,file,file,file,file,file,file,file,file,file,file,file,file,file,file,file,file,file,file,file,file,file,file,file,file,file,file,file,file,file
datenum,file,file,file,file,file,file,file,file,file,file,builtin,builtin,file,file,file,file,file,file,file,file,file,file,file,file,file,file,file,builtin-err,builtin-err,builtin-err,file,file,file,file,file,file,file
dateshift,file,file,file,file,file,file,file,file,file,file,builtin-err,file,file,file,file,file,file,file,file,file,file,file,file,file,file,file,file,builtin-err,builtin-err,file,file,file,file,file,file,file,file
datestr,file,file,file,file,file,file,file,file,file,file,file,file,file,file,file,file,file,file,file,file,file,file,file,file,file,file,file,builtin-err,file,file,file,file,file,file,file,file,file
datevec,file,file,file,file,file,file,file,file,file,file,builtin,builtin,file,file,file,file,file,file,file,file,file,file,file,file,file,file,file,builtin-err,builtin-err,builtin-err,file,file,file,file,file,file,file
day,file,file,file,file,file,file,file,file,file,file,builtin,file,file,file,file,file,file,file,file,file,file,file,file,file,file,file,file,builtin-err,builtin-err,file,file,file,file,file,file,file,file
days,file,file,file,file,file,file,file,file,file,file,file,builtin,file,file,file,file,file,file,file,file,file,file,file,file,file,file,file,file,file,builtin-err,file,file,file,file,file,file,file
deblank,file,file,file,file,file,file,file,file,file,file,file,file,file,file,file,file,file,file,file,file,file,file,file,file,file,file,file,file,file,file,file,file,file,file,file,file,file
dec2bin,file,file,file,file,file,file,file,file,file,file,file,file,file,file,file,file,file,file,file,file,file,file,file,file,file,file,file,file,file,file,file,file,file,file,file,file,file
dec2hex,file,file,file,file,file,file,file,file,file,file,file,file,file,file,file,file,file,file,file,file,file,file,file,file,file,file,file,file,file,file,file,file,file,file,file,file,file
decic,file,file,file,file,file,file,file,file,file,file,file,file,file,file,file,file,file,file,file,file,file,file,file,file,file,file,file,file,file,file,file,file,file,file,file,file,file
decomposition,file,file,file,file,file,file,file,file,file,file,file,file,file,file,file,file,file,file,file,file,file,file,file,file,file,file,file,file,file,file,file,file,file,file,file,file,file
deconv,file,file,file,file,file,file,file,file,file,file,file,file,file,file,file,file,file,file,file,file,file,file,file,file,file,file,file,file,file,file,file,file,file,file,file,file,file
deg2rad,file,file,file,file,file,file,file,file,file,file,file,file,file,file,file,file,file,file,file,file,file,file,file,file,file,file,file,file,file,file,file,file,file,file,file,file,file
del2,file,file,file,file,file,file,file,file,file,file,file,file,file,file,file,file,file,file,file,file,file,file,file,file,file,file,file,file,file,file,file,file,file,file,file,file,file
det,file,builtin,file,file,file,file,file,file,file,file,file,file,file,file,builtin-err,file,file,file,file,file,file,file,builtin-err,file,file,file,file,file,file,file,file,file,file,file,file,file,file
detrend,file,file,file,file,file,file,file,file,file,file,file,file,file,file,file,file,file,file,file,file,file,file,file,file,file,file,file,file,file,file,file,file,file,file,file,file,file
diag,file,builtin,file,file,file,file,builtin,builtin,builtin,file,file,file,file,file,builtin-err,file,file,file,file,file,file,builtin-err,builtin,builtin-err,file,file,file,file,file,file,file,file,file,file,file,file,file
digitrevorder,file,file,file,file,file,file,file,file,file,file,file,file,file,file,file,file,file,file,file,file,file,file,file,file,file,file,file,file,file,file,file,file,file,file,file,file,file
discretize,file,file,file,file,file,file,file,file,file,file,builtin-err,builtin-err,file,file,file,file,file,file,file,file,file,file,file,file,file,file,file,builtin-err,builtin-err,builtin-err,file,file,file,file,file,file,file
display,file,builtin-err,builtin-err,builtin-err,builtin-err,builtin-err,builtin-err,builtin-err,builtin-err,builtin-err,builtin-err,builtin-err,builtin-err,builtin-err,builtin-err,file,builtin-err,builtin-err,builtin-err,builtin-err,builtin-err,builtin-err,builtin-err,builtin-err,builtin-err,builtin-err,builtin-err,file,builtin-err,file,file,builtin-err,builtin-err,builtin-err,file,file,builtin-err
divergence,file,file,file,file,file,file,file,file,file,file,file,file,file,file,file,file,file,file,file,file,file,file,file,file,file,file,file,file,file,file,file,file,file,file,file,file,file
dmperm,file,builtin,file,file,file,file,file,builtin,file,file,file,file,file,file,builtin-err,file,file,file,file,file,file,file,builtin-err,file,file,file,file,file,file,file,file,file,file,file,file,file,file
dot,file,file,file,file,file,file,file,file,file,file,file,file,file,file,file,file,file,file,file,file,file,file,file,file,file,file,file,file,file,file,file,file,file,file,file,file,file
downsample,file,file,file,file,file,file,file,file,file,file,file,file,file,file,file,file,file,file,file,file,file,file,file,file,file,file,file,file,file,file,file,file,file,file,file,file,file
edge,file,file,file,file,file,file,file,file,file,file,file,file,file,file,file,file,file,file,file,file,file,file,file,file,file,file,file,file,file,file,file,file,file,file,file,file,file
eig,file,builtin,file,file,file,file,file,file,file,file,file,file,file,file,builtin,file,file,file,file,file,file,file,builtin-err,file,file,file,file,file,file,file,file,file,file,file,file,file,file
eigs,file,file,file,file,file,file,file,file,file,file,file,file,file,file,file,file,file,file,file,file,file,file,file,file,file,file,file,file,file,file,file,file,file,file,file,file,file
ellipj,file,file,file,file,file,file,file,file,file,file,file,file,file,file,file,file,file,file,file,file,file,file,file,file,file,file,file,file,file,file,file,file,file,file,file,file,file
ellipke,file,file,file,file,file,file,file,file,file,file,file,file,file,file,file,file,file,file,file,file,file,file,file,file,file,file,file,file,file,file,file,file,file,file,file,file,file
endsWith,file,file,builtin-err,file,file,file,file,file,file,file,file,file,file,file,file,builtin-err,builtin-err,file,file,file,file,file,file,file,builtin,file,file,file,file,file,file,file,file,builtin-err,builtin-err,builtin-err,file
eps,file,builtin,file,file,file,file,file,file,file,file,file,builtin,file,file,builtin-err,file,file,file,file,file,file,file,builtin-err,file,file,file,file,file,file,builtin-err,file,file,file,file,file,file,file
eq,file,builtin-err,builtin-err,file,file,file,builtin-err,builtin-err,builtin-err,builtin-err,builtin-err,builtin-err,builtin-err,builtin-err,builtin,builtin-err,builtin-err,file,file,file,file,builtin,builtin,builtin,builtin,builtin,builtin,builtin-err,builtin-err,builtin,builtin-err,builtin,builtin,builtin-err,builtin-err,builtin-err,file
erase,file,file,builtin-err,file,file,file,file,file,file,file,file,file,file,file,file,file,builtin-err,file,file,file,file,file,file,file,builtin,file,file,file,file,file,file,file,file,builtin-err,file,file,file
eraseBetween,file,file,builtin-err,file,file,file,file,file,file,file,file,file,file,file,file,file,builtin-err,file,file,file,file,file,file,file,builtin-err,file,file,file,file,file,file,file,file,builtin-err,file,file,file
erf,file,builtin,file,file,file,file,file,file,file,file,file,file,file,file,builtin-err,file,file,file,file,file,file,file,builtin-err,file,file,file,file,file,file,file,file,file,file,file,file,file,file
erfc,file,builtin,file,file,file,file,file,file,file,file,file,file,file,file,builtin-err,file,file,file,file,file,file,file,builtin-err,file,file,file,file,file,file,file,file,file,file,file,file,file,file
erfcinv,file,builtin,file,file,file,file,file,file,file,file,file,file,file,file,builtin-err,file,file,file,file,file,file,file,builtin-err,file,file,file,file,file,file,file,file,file,file,file,file,file,file
erfcx,file,builtin,file,file,file,file,file,file,file,file,file,file,file,file,builtin-err,file,file,file,file,file,file,file,builtin-err,file,file,file,file,file,file,file,file,file,file,file,file,file,file
erfinv,file,builtin,file,file,file,file,file,file,file,file,file,file,file,file,builtin-err,file,file,file,file,file,file,file,builtin-err,file,file,file,file,file,file,file,file,file,file,file,file,file,file
eval,file,file,file,file,file,file,file,file,file,file,file,file,file,file,file,file,file,file,file,file,file,file,file,file,file,file,file,file,file,file,file,file,file,file,file,file,file
evalc,file,file,file,file,file,file,file,file,file,file,file,file,file,file,file,file,file,file,file,file,file,file,file,file,file,file,file,file,file,file,file,file,file,file,file,file,file
exceltime,file,file,file,file,file,file,file,file,file,file,builtin,file,file,file,file,file,file,file,file,file,file,file,file,file,file,file,file,builtin-err,builtin-err,file,file,file,file,file,file,file,file
exist,file,file,file,file,file,file,file,file,file,file,file,file,file,file,file,file,file,file,file,file,file,file,file,file,file,file,file,file,file,file,file,file,file,file,file,file,file
exp,file,builtin,file,file,file,file,file,file,file,builtin,file,file,file,file,builtin-err,file,file,file,file,file,file,file,builtin-err,file,file,builtin-err,builtin-err,file,file,file,file,file,file,file,file,file,file
expint,file,file,file,file,file,file,file,file,file,file,file,file,file,file,file,file,file,file,file,file,file,file,file,file,file,file,file,file,file,file,file,file,file,file,file,file,file
expm,file,file,file,file,file,file,file,file,file,file,file,file,file,file,file,file,file,file,file,file,file,file,file,file,file,file,file,file,file,file,file,file,file,file,file,file,file
expm1,file,builtin,file,file,file,file,file,file,file,builtin,file,file,file,file,builtin-err,file,file,file,file,file,file,file,builtin-err,file,file,builtin-err,builtin-err,file,file,file,file,file,file,file,file,file,file
extract,file,file,builtin-err,file,file,file,file,file,file,file,file,file,file,file,file,file,builtin-err,file,file,file,file,file,file,file,builtin,file,file,file,file,file,file,file,file,builtin-err,file,file,file
extractAfter,file,file,builtin-err,file,file,file,file,file,file,file,file,file,file,file,file,file,builtin-err,file,file,file,file,file,file,file,builtin,file,file,file,file,file,file,file,file,builtin-err,file,file,file
extractBefore,file,file,builtin-err,file,file,file,file,file,file,file,file,file,file,file,file,file,builtin-err,file,file,file,file,file,file,file,builtin,file,file,file,file,file,file,file,file,builtin-err,file,file,file
extractBetween,file,file,builtin-err,file,file,file,file,file,file,file,file,file,file,file,file,file,builtin-err,file,file,file,file,file,file,file,builtin-err,file,file,file,file,file,file,file,file,builtin-err,file,file,file
eye,file,file,file,file,file,file,file,file,file,file,file,file,file,file,file,file,file,file,file,file,file,file,file,file,file,file,file,file,file,file,file,file,file,file,file,file,file
ezcontour,file,file,file,file,file,file,file,file,file,file,file,file,file,file,file,file,file,file,file,file,file,file,file,file,file,file,file,file,file,file,file,file,file,file,file,file,file
ezcontourf,file,file,file,file,file,file,file,file,file,file,file,file,file,file,file,file,file,file,file,file,file,file,file,file,file,file,file,file,file,file,file,file,file,file,file,file,file
ezmesh,file,file,file,file,file,file,file,file,file,file,file,file,file,file,file,file,file,file,file,file,file,file,file,file,file,file,file,file,file,file,file,file,file,file,file,file,file
ezmeshc,file,file,file,file,file,file,file,file,file,file,file,file,file,file,file,file,file,file,file,file,file,file,file,file,file,file,file,file,file,file,file,file,file,file,file,file,file
ezplot,file,file,file,file,file,file,file,file,file,file,file,file,file,file,file,file,file,file,file,file,file,file,file,file,file,file,file,file,file,file,file,file,file,file,file,file,file
ezplot3,file,file,file,file,file,file,file,file,file,file,file,file,file,file,file,file,file,file,file,file,file,file,file,file,file,file,file,file,file,file,file,file,file,file,file,file,file
ezpolar,file,file,file,file,file,file,file,file,file,file,file,file,file,file,file,file,file,file,file,file,file,file,file,file,file,file,file,file,file,file,file,file,file,file,file,file,file
ezsurf,file,file,file,file,file,file,file,file,file,file,file,file,file,file,file,file,file,file,file,file,file,file,file,file,file,file,file,file,file,file,file,file,file,file,file,file,file
ezsurfc,file,file,file,file,file,file,file,file,file,file,file,file,file,file,file,file,file,file,file,file,file,file,file,file,file,file,file,file,file,file,file,file,file,file,file,file,file
factor,file,file,file,file,file,file,file,file,file,file,file,file,file,file,file,file,file,file,file,file,file,file,file,file,file,file,file,file,file,file,file,file,file,file,file,file,file
factorial,file,file,file,file,file,file,file,file,file,file,file,file,file,file,file,file,file,file,file,file,file,file,file,file,file,file,file,file,file,file,file,file,file,file,file,file,file
falltime,file,file,file,file,file,file,file,file,file,file,file,file,file,file,file,file,file,file,file,file,file,file,file,file,file,file,file,file,file,file,file,file,file,file,file,file,file
fft,file,builtin,file,file,file,file,file,builtin,builtin,file,file,file,file,file,builtin-err,file,file,file,file,file,file,builtin-err,builtin-err,file,file,file,file,file,file,file,file,file,file,file,file,file,file
fft2,file,file,file,file,file,file,file,file,file,file,file,file,file,file,file,file,file,file,file,file,file,file,file,file,file,file,file,file,file,file,file,file,file,file,file,file,file
fftfilt,file,file,file,file,file,file,file,file,file,file,file,file,file,file,file,file,file,file,file,file,file,file,file,file,file,file,file,file,file,file,file,file,file,file,file,file,file
fftn,file,builtin,file,file,file,file,file,builtin,builtin,file,file,file,file,file,builtin-err,file,file,file,file,file,file,builtin-err,builtin-err,file,file,file,file,file,file,file,file,file,file,file,file,file,file
fftshift,file,file,file,file,file,file,file,file,file,file,file,file,file,file,file,file,file,file,file,file,file,file,file,file,file,file,file,file,file,file,file,file,file,file,file,file,file
fgets,file,file,file,file,file,file,file,file,file,file,file,file,file,file,file,file,file,file,file,file,file,file,file,file,file,file,file,file,file,file,file,file,file,file,file,file,file
fieldnames,file,file,file,file,file,file,file,file,file,builtin,file,file,builtin-err,file,file,file,file,file,file,file,file,file,file,file,file,builtin-err,builtin-err,file,file,file,builtin-err,file,file,file,file,file,file
fill,file,file,file,file,file,file,file,file,file,file,file,file,file,file,file,file,file,file,file,file,file,file,file,file,file,file,file,file,file,file,file,file,file,file,file,file,file
fillmissing,file,file,file,file,file,file,file,file,file,file,file,file,file,file,file,file,file,file,file,file,file,file,file,file,file,file,file,file,file,file,file,file,file,file,file,file,file
filloutliers,file,file,file,file,file,file,file,file,file,file,file,file,file,file,file,file,file,file,file,file,file,file,file,file,file,file,file,file,file,file,file,file,file,file,file,file,file
filter,file,builtin-err,file,file,file,file,file,builtin-err,builtin-err,file,file,file,file,file,builtin-err,file,file,file,file,file,file,builtin-err,builtin-err,file,file,file,file,file,file,file,file,file,file,file,file,file,file
filter2,file,file,file,file,file,file,file,file,file,file,file,file,file,file,file,file,file,file,file,file,file,file,file,file,file,file,file,file,file,file,file,file,file,file,file,file,file
find,file,builtin,file,file,file,file,builtin,builtin,builtin,file,file,file,file,file,builtin-err,file,file,file,file,file,file,builtin-err,builtin-err,builtin-err,file,file,file,file,file,file,file,file,file,file,file,file,file
findgroups,file,file,file,file,file,file,file,file,file,file,file,file,file,file,file,file,file,file,file,file,file,file,file,file,file,file,file,file,file,file,file,file,file,file,file,file,file
findpeaks,file,file,file,file,file,file,file,file,file,file,file,file,file,file,file,file,file,file,file,file,file,file,file,file,file,file,file,file,file,file,file,file,file,file,file,file,file
findstr,file,file,file,file,file,file,file,file,file,file,file,file,file,file,file,file,file,file,file,file,file,file,file,file,file,file,file,file,file,file,file,file,file,file,file,file,file
fix,file,builtin,file,file,file,file,builtin,builtin,builtin,builtin,file,file,file,file,builtin-err,file,file,file,file,file,file,builtin-err,builtin-err,builtin-err,file,builtin-err,builtin-err,file,file,file,file,file,file,file,file,file,file
flintmax,file,file,file,file,file,file,file,file,file,file,file,file,file,file,file,file,file,file,file,file,file,file,file,file,file,file,file,file,file,file,file,file,file,file,file,file,file
flip,file,builtin,file,file,file,file,builtin,builtin,builtin,file,file,file,file,file,builtin-err,file,file,file,file,file,file,builtin-err,builtin-err,builtin-err,file,file,file,file,file,file,file,file,file,file,file,file,file
flipdim,file,file,file,file,file,file,file,file,file,file,file,file,file,file,file,file,file,file,file,file,file,file,file,file,file,file,file,file,file,file,file,file,file,file,file,file,file
fliplr,file,file,file,file,file,file,file,file,file,file,file,file,file,file,file,file,file,file,file,file,file,file,file,file,file,file,file,file,file,file,file,file,file,file,file,file,file
flipud,file,file,file,file,file,file,file,file,file,file,file,file,file,file,file,file,file,file,file,file,file,file,file,file,file,file,file,file,file,file,file,file,file,file,file,file,file
floor,file,builtin,file,file,file,file,builtin,builtin,builtin,builtin,builtin-err,builtin,file,file,builtin-err,file,file,file,file,file,file,builtin-err,builtin-err,builtin-err,file,builtin-err,builtin-err,builtin-err,builtin-err,builtin-err,file,file,file,file,file,file,file
fminsearch,file,file,file,file,file,file,file,file,file,file,file,file,file,file,file,file,file,file,file,file,file,file,file,file,file,file,file,file,file,file,file,file,file,file,file,file,file
formula,file,file,file,file,file,file,file,file,file,file,file,file,file,file,file,file,file,file,file,file,file,file,file,file,file,file,file,file,file,file,file,file,file,file,file,file,file
fread,file,file,file,file,file,file,file,file,file,file,file,file,file,file,file,file,file,file,file,file,file,file,file,file,file,file,file,file,file,file,file,file,file,file,file,file,file
freqspace,file,file,file,file,file,file,file,file,file,file,file,file,file,file,file,file,file,file,file,file,file,file,file,file,file,file,file,file,file,file,file,file,file,file,file,file,file
fscanf,file,file,file,file,file,file,file,file,file,file,file,file,file,file,file,file,file,file,file,file,file,file,file,file,file,file,file,file,file,file,file,file,file,file,file,file,file
fsst,file,file,file,file,file,file,file,file,file,file,file,file,file,file,file,file,file,file,file,file,file,file,file,file,file,file,file,file,file,file,file,file,file,file,file,file,file
full,file,builtin,file,file,file,file,file,builtin,builtin,file,file,file,file,file,builtin-err,file,file,file,file,file,file,builtin-err,builtin-err,file,file,file,file,file,file,file,file,file,file,file,file,file,file
func2str,file,file,file,file,file,builtin,file,file,file,file,file,file,file,file,file,file,file,file,file,file,builtin-err,file,file,file,file,file,file,file,file,file,file,file,file,file,file,file,file
functions,file,file,file,file,file,builtin,file,file,file,file,file,file,file,file,file,file,file,file,file,file,builtin-err,file,file,file,file,file,file,file,file,file,file,file,file,file,file,file,file
funm,file,file,file,file,file,file,file,file,file,file,file,file,file,file,file,file,file,file,file,file,file,file,file,file,file,file,file,file,file,file,file,file,file,file,file,file,file
fwrite,file,file,file,file,file,file,file,file,file,file,file,file,file,file,file,file,file,file,file,file,file,file,file,file,file,file,file,file,file,file,file,file,file,file,file,file,file
gamma,file,builtin,file,file,file,file,file,file,file,file,file,file,file,file,builtin-err,file,file,file,file,file,file,file,builtin-err,file,file,file,file,file,file,file,file,file,file,file,file,file,file
gammain,file,file,file,file,file,file,file,file,file,file,file,file,file,file,file,file,file,file,file,file,file,file,file,file,file,file,file,file,file,file,file,file,file,file,file,file,file
gammainc,file,builtin-err,file,file,file,file,file,file,file,file,file,file,file,file,builtin,file,file,file,file,file,file,file,builtin-err,file,file,file,file,file,file,file,file,file,file,file,file,file,file
gammaincinv,file,builtin-err,file,file,file,file,file,file,file,file,file,file,file,file,builtin-err,file,file,file,file,file,file,file,builtin-err,file,file,file,file,file,file,file,file,file,file,file,file,file,file
gammaln,file,builtin,file,file,file,file,file,file,file,file,file,file,file,file,builtin-err,file,file,file,file,file,file,file,builtin-err,file,file,file,file,file,file,file,file,file,file,file,file,file,file
gammaout,file,file,file,file,file,file,file,file,file,file,file,file,file,file,file,file,file,file,file,file,file,file,file,file,file,file,file,file,file,file,file,file,file,file,file,file,file
gcd,file,file,file,file,file,file,file,file,file,file,file,file,file,file,file,file,file,file,file,file,file,file,file,file,file,file,file,file,file,file,file,file,file,file,file,file,file
ge,file,builtin-err,builtin-err,file,file,file,builtin-err,builtin-err,builtin-err,builtin-err,builtin-err,builtin-err,builtin-err,builtin-err,builtin,builtin-err,builtin-err,file,file,file,file,builtin,builtin,builtin,builtin,builtin,builtin,builtin-err,builtin-err,builtin,builtin-err,builtin,builtin,builtin-err,builtin-err,builtin-err,file
get,file,file,file,file,file,file,file,file,file,file,file,file,file,file,file,file,file,file,file,file,file,file,file,file,file,file,file,file,file,file,file,file,file,file,file,file,file
getfield,file,file,file,file,file,file,file,file,file,file,file,file,file,file,file,file,file,file,file,file,file,file,file,file,file,file,file,file,file,file,file,file,file,file,file,file,file
gmres,file,file,file,file,file,file,file,file,file,file,file,file,file,file,file,file,file,file,file,file,file,file,file,file,file,file,file,file,file,file,file,file,file,file,file,file,file
goertzel,file,file,file,file,file,file,file,file,file,file,file,file,file,file,file,file,file,file,file,file,file,file,file,file,file,file,file,file,file,file,file,file,file,file,file,file,file
gradient,file,file,file,file,file,file,file,file,file,file,file,file,file,file,file,file,file,file,file,file,file,file,file,file,file,file,file,file,file,file,file,file,file,file,file,file,file
gray2ind,file,file,file,file,file,file,file,file,file,file,file,file,file,file,file,file,file,file,file,file,file,file,file,file,file,file,file,file,file,file,file,file,file,file,file,file,file
griddedInterpolant,builtin,builtin-err,builtin-err,builtin-err,builtin-err,builtin-err,builtin-err,builtin-err,builtin-err,builtin-err,builtin-err,builtin-err,builtin-err,builtin-err,builtin-err,builtin-err,builtin-err,builtin-err,builtin-err,builtin-err,builtin-err,builtin-err,builtin-err,builtin-err,builtin-err,builtin-err,builtin-err,builtin-err,builtin-err,builtin-err,builtin-err,builtin-err,builtin-err,builtin-err,builtin-err,builtin-err,builtin-err
groupcounts,file,file,file,file,file,file,file,file,file,file,file,file,file,file,file,file,file,file,file,file,file,file,file,file,file,file,file,file,file,file,file,file,file,file,file,file,file
groupfilter,file,file,file,file,file,file,file,file,file,file,file,file,file,file,file,file,file,file,file,file,file,file,file,file,file,file,file,file,file,file,file,file,file,file,file,file,file
groupsummary,file,file,file,file,file,file,file,file,file,file,file,file,file,file,file,file,file,file,file,file,file,file,file,file,file,file,file,file,file,file,file,file,file,file,file,file,file
grouptransform,file,file,file,file,file,file,file,file,file,file,file,file,file,file,file,file,file,file,file,file,file,file,file,file,file,file,file,file,file,file,file,file,file,file,file,file,file
gt,file,builtin-err,builtin-err,file,file,file,builtin-err,builtin-err,builtin-err,builtin-err,builtin-err,builtin-err,builtin-err,builtin-err,builtin,builtin-err,builtin-err,file,file,file,file,builtin,builtin,builtin,builtin,builtin,builtin,builtin-err,builtin-err,builtin,builtin-err,builtin,builtin,builtin-err,builtin-err,builtin-err,file
hankel,file,file,file,file,file,file,file,file,file,file,file,file,file,file,file,file,file,file,file,file,file,file,file,file,file,file,file,file,file,file,file,file,file,file,file,file,file
head,file,file,file,file,file,file,file,file,file,file,file,file,file,file,file,file,file,file,file,file,file,file,file,file,file,file,file,file,file,file,file,file,file,file,file,file,file
heatmap,file,file,file,file,file,file,file,file,file,file,file,file,file,file,file,file,file,file,file,file,file,file,file,file,file,file,file,file,file,file,file,file,file,file,file,file,file
hess,file,builtin,file,file,file,file,file,file,file,file,file,file,file,file,builtin,file,file,file,file,file,file,file,builtin-err,file,file,file,file,file,file,file,file,file,file,file,file,file,file
histc,file,file,file,file,file,file,file,file,file,file,file,file,file,file,file,file,file,file,file,file,file,file,file,file,file,file,file,file,file,file,file,file,file,file,file,file,file
histcounts,file,file,file,file,file,file,file,file,file,file,builtin,builtin,file,file,file,file,file,file,file,file,file,file,file,file,file,file,file,builtin-err,builtin-err,builtin-err,builtin-err,file,file,file,file,file,file
histeq,file,file,file,file,file,file,file,file,file,file,file,file,file,file,file,file,file,file,file,file,file,file,file,file,file,file,file,file,file,file,file,file,file,file,file,file,file
histogram,file,file,file,file,file,file,file,file,file,file,file,file,file,file,file,file,file,file,file,file,file,file,file,file,file,file,file,file,file,file,file,file,file,file,file,file,file
histogram2,file,file,file,file,file,file,file,file,file,file,file,file,file,file,file,file,file,file,file,file,file,file,file,file,file,file,file,file,file,file,file,file,file,file,file,file,file
hms,file,file,file,file,file,file,file,file,file,file,builtin,builtin,file,file,file,file,file,file,file,file,file,file,file,file,file,file,file,builtin-err,builtin-err,builtin-err,file,file,file,file,file,file,file
horzcat,file,file,builtin,file,file,file,file,file,file,builtin-err,builtin,builtin,builtin,builtin,file,builtin,builtin,file,file,file,file,file,file,file,builtin,builtin-err,builtin-err,builtin-err,builtin-err,builtin,builtin-err,file,builtin-err,builtin,builtin,builtin,file
hour,file,file,file,file,file,file,file,file,file,file,builtin,file,file,file,file,file,file,file,file,file,file,file,file,file,file,file,file,builtin-err,builtin-err,file,file,file,file,file,file,file,file
hours,file,file,file,file,file,file,file,file,file,file,file,builtin,file,file,file,file,file,file,file,file,file,file,file,file,file,file,file,file,file,builtin-err,file,file,file,file,file,file,file
hsv2rgb,file,file,file,file,file,file,file,file,file,file,file,file,file,file,file,file,file,file,file,file,file,file,file,file,file,file,file,file,file,file,file,file,file,file,file,file,file
hypot,file,builtin-err,file,file,file,file,file,file,file,file,file,file,file,file,builtin,file,file,file,file,file,file,file,builtin-err,file,file,file,file,file,file,file,file,file,file,file,file,file,file
ichol,file,builtin-err,file,file,file,file,file,file,file,file,file,file,file,file,builtin-err,file,file,file,file,file,file,file,builtin-err,file,file,file,file,file,file,file,file,file,file,file,file,file,file
idivide,file,file,file,file,file,file,file,file,file,file,file,file,file,file,file,file,file,file,file,file,file,file,file,file,file,file,file,file,file,file,file,file,file,file,file,file,file
ifft,file,builtin,file,file,file,file,file,builtin,builtin,file,file,file,file,file,builtin-err,file,file,file,file,file,file,builtin-err,builtin-err,file,file,file,file,file,file,file,file,file,file,file,file,file,file
ifft2,file,file,file,file,file,file,file,file,file,file,file,file,file,file,file,file,file,file,file,file,file,file,file,file,file,file,file,file,file,file,file,file,file,file,file,file,file
ifftn,file,builtin,file,file,file,file,file,builtin,builtin,file,file,file,file,file,builtin-err,file,file,file,file,file,file,builtin-err,builtin-err,file,file,file,file,file,file,file,file,file,file,file,file,file,file
ifftshift,file,file,file,file,file,file,file,file,file,file,file,file,file,file,file,file,file,file,file,file,file,file,file,file,file,file,file,file,file,file,file,file,file,file,file,file,file
ifsst,file,file,file,file,file,file,file,file,file,file,file,file,file,file,file,file,file,file,file,file,file,file,file,file,file,file,file,file,file,file,file,file,file,file,file,file,file
ilu,file,builtin-err,file,file,file,file,file,file,file,file,file,file,file,file,builtin-err,file,file,file,file,file,file,file,builtin-err,file,file,file,file,file,file,file,file,file,file,file,file,file,file
im2double,file,file,file,file,file,file,file,file,file,file,file,file,file,file,file,file,file,file,file,file,file,file,file,file,file,file,file,file,file,file,file,file,file,file,file,file,file
im2int16,file,file,file,file,file,file,file,file,file,file,file,file,file,file,file,file,file,file,file,file,file,file,file,file,file,file,file,file,file,file,file,file,file,file,file,file,file
im2single,file,file,file,file,file,file,file,file,file,file,file,file,file,file,file,file,file,file,file,file,file,file,file,file,file,file,file,file,file,file,file,file,file,file,file,file,file
im2uint16,file,file,file,file,file,file,file,file,file,file,file,file,file,file,file,file,file,file,file,file,file,file,file,file,file,file,file,file,file,file,file,file,file,file,file,file,file
im2uint8,file,file,file,file,file,file,file,file,file,file,file,file,file,file,file,file,file,file,file,file,file,file,file,file,file,file,file,file,file,file,file,file,file,file,file,file,file
imabsdiff,file,file,file,file,file,file,file,file,file,file,file,file,file,file,file,file,file,file,file,file,file,file,file,file,file,file,file,file,file,file,file,file,file,file,file,file,file
imadjust,file,file,file,file,file,file,file,file,file,file,file,file,file,file,file,file,file,file,file,file,file,file,file,file,file,file,file,file,file,file,file,file,file,file,file,file,file
imadjustn,file,file,file,file,file,file,file,file,file,file,file,file,file,file,file,file,file,file,file,file,file,file,file,file,file,file,file,file,file,file,file,file,file,file,file,file,file
imag,file,builtin,file,file,file,file,builtin,builtin,builtin,file,file,file,file,file,builtin-err,file,file,file,file,file,file,builtin-err,builtin-err,builtin-err,file,file,file,file,file,file,file,file,file,file,file,file,file
imbothat,file,file,file,file,file,file,file,file,file,file,file,file,file,file,file,file,file,file,file,file,file,file,file,file,file,file,file,file,file,file,file,file,file,file,file,file,file
imclose,file,file,file,file,file,file,file,file,file,file,file,file,file,file,file,file,file,file,file,file,file,file,file,file,file,file,file,file,file,file,file,file,file,file,file,file,file
imcomplement,file,file,file,file,file,file,file,file,file,file,file,file,file,file,file,file,file,file,file,file,file,file,file,file,file,file,file,file,file,file,file,file,file,file,file,file,file
imcrop,file,file,file,file,file,file,file,file,file,file,file,file,file,file,file,file,file,file,file,file,file,file,file,file,file,file,file,file,file,file,file,file,file,file,file,file,file
imdilate,file,file,file,file,file,file,file,file,file,file,file,file,file,file,file,file,file,file,file,file,file,file,file,file,file,file,file,file,file,file,file,file,file,file,file,file,file
imerode,file,file,file,file,file,file,file,file,file,file,file,file,file,file,file,file,file,file,file,file,file,file,file,file,file,file,file,file,file,file,file,file,file,file,file,file,file
imfill,file,file,file,file,file,file,file,file,file,file,file,file,file,file,file,file,file,file,file,file,file,file,file,file,file,file,file,file,file,file,file,file,file,file,file,file,file
imfilter,file,file,file,file,file,file,file,file,file,file,file,file,file,file,file,file,file,file,file,file,file,file,file,file,file,file,file,file,file,file,file,file,file,file,file,file,file
imgaussfilt,file,file,file,file,file,file,file,file,file,file,file,file,file,file,file,file,file,file,file,file,file,file,file,file,file,file,file,file,file,file,file,file,file,file,file,file,file
imgaussfilt3,file,file,file,file,file,file,file,file,file,file,file,file,file,file,file,file,file,file,file,file,file,file,file,file,file,file,file,file,file,file,file,file,file,file,file,file,file
imgradient,file,file,file,file,file,file,file,file,file,file,file,file,file,file,file,file,file,file,file,file,file,file,file,file,file,file,file,file,file,file,file,file,file,file,file,file,file
imgradientxy,file,file,file,file,file,file,file,file,file,file,file,file,file,file,file,file,file,file,file,file,file,file,file,file,file,file,file,file,file,file,file,file,file,file,file,file,file
imhist,file,file,file,file,file,file,file,file,file,file,file,file,file,file,file,file,file,file,file,file,file,file,file,file,file,file,file,file,file,file,file,file,file,file,file,file,file
imlincomb,file,file,file,file,file,file,file,file,file,file,file,file,file,file,file,file,file,file,file,file,file,file,file,file,file,file,file,file,file,file,file,file,file,file,file,file,file
imnoise,file,file,file,file,file,file,file,file,file,file,file,file,file,file,file,file,file,file,file,file,file,file,file,file,file,file,file,file,file,file,file,file,file,file,file,file,file
imopen,file,file,file,file,file,file,file,file,file,file,file,file,file,file,file,file,file,file,file,file,file,file,file,file,file,file,file,file,file,file,file,file,file,file,file,file,file
imreconstruct,file,file,file,file,file,file,file,file,file,file,file,file,file,file,file,file,file,file,file,file,file,file,file,file,file,file,file,file,file,file,file,file,file,file,file,file,file
imregionalmax,file,file,file,file,file,file,file,file,file,file,file,file,file,file,file,file,file,file,file,file,file,file,file,file,file,file,file,file,file,file,file,file,file,file,file,file,file
imregionalmin,file,file,file,file,file,file,file,file,file,file,file,file,file,file,file,file,file,file,file,file,file,file,file,file,file,file,file,file,file,file,file,file,file,file,file,file,file
imresize,file,file,file,file,file,file,file,file,file,file,file,file,file,file,file,file,file,file,file,file,file,file,file,file,file,file,file,file,file,file,file,file,file,file,file,file,file
imrotate,file,file,file,file,file,file,file,file,file,file,file,file,file,file,file,file,file,file,file,file,file,file,file,file,file,file,file,file,file,file,file,file,file,file,file,file,file
imtophat,file,file,file,file,file,file,file,file,file,file,file,file,file,file,file,file,file,file,file,file,file,file,file,file,file,file,file,file,file,file,file,file,file,file,file,file,file
imwarp,file,file,file,file,file,file,file,file,file,file,file,file,file,file,file,file,file,file,file,file,file,file,file,file,file,file,file,file,file,file,file,file,file,file,file,file,file
imwrite,file,file,file,file,file,file,file,file,file,file,file,file,file,file,file,file,file,file,file,file,file,file,file,file,file,file,file,file,file,file,file,file,file,file,file,file,file
ind2rgb,file,file,file,file,file,file,file,file,file,file,file,file,file,file,file,file,file,file,file,file,file,file,file,file,file,file,file,file,file,file,file,file,file,file,file,file,file
ind2sub,file,file,file,file,file,file,file,file,file,file,file,file,file,file,file,file,file,file,file,file,file,file,file,file,file,file,file,file,file,file,file,file,file,file,file,file,file
info,file,file,file,file,file,file,file,file,file,file,file,file,file,file,file,file,file,file,file,file,file,file,file,file,file,file,file,file,file,file,file,file,file,file,file,file,file
inline,builtin,builtin-err,builtin,builtin-err,builtin-err,builtin-err,builtin,builtin-err,builtin-err,builtin-err,builtin-err,builtin-err,builtin-err,builtin-err,builtin-err,builtin-err,builtin,builtin-err,builtin-err,builtin-err,builtin-err,builtin-err,builtin-err,builtin,builtin,builtin-err,builtin-err,builtin-err,builtin-err,builtin-err,builtin-err,builtin-err,builtin-err,builtin-err,builtin-err,builtin-err,builtin-err
inpolygon,file,file,file,file,file,file,file,file,file,file,file,file,file,file,file,file,file,file,file,file,file,file,file,file,file,file,file,file,file,file,file,file,file,file,file,file,file
insertAfter,file,file,builtin-err,file,file,file,file,file,file,file,file,file,file,file,file,file,builtin-err,file,file,file,file,file,file,file,builtin-err,file,file,file,file,file,file,file,file,builtin-err,file,file,file
insertBefore,file,file,builtin-err,file,file,file,file,file,file,file,file,file,file,file,file,file,builtin-err,file,file,file,file,file,file,file,builtin-err,file,file,file,file,file,file,file,file,builtin-err,file,file,file
int2str,file,file,file,file,file,file,file,file,file,file,file,file,file,file,file,file,file,file,file,file,file,file,file,file,file,file,file,file,file,file,file,file,file,file,file,file,file
integral,file,file,file,file,file,file,file,file,file,file,file,file,file,file,file,file,file,file,file,file,file,file,file,file,file,file,file,file,file,file,file,file,file,file,file,file,file
interp,file,file,file,file,file,file,file,file,file,file,file,file,file,file,file,file,file,file,file,file,file,file,file,file,file,file,file,file,file,file,file,file,file,file,file,file,file
interp1,file,file,file,file,file,file,file,file,file,file,builtin-err,builtin-err,file,file,file,file,file,file,file,file,file,file,file,file,file,file,file,builtin-err,builtin-err,builtin-err,file,file,file,file,file,file,file
interp2,file,file,file,file,file,file,file,file,file,file,file,file,file,file,file,file,file,file,file,file,file,file,file,file,file,file,file,file,file,file,file,file,file,file,file,file,file
interp3,file,file,file,file,file,file,file,file,file,file,file,file,file,file,file,file,file,file,file,file,file,file,file,file,file,file,file,file,file,file,file,file,file,file,file,file,file
interpn,file,file,file,file,file,file,file,file,file,file,file,file,file,file,file,file,file,file,file,file,file,file,file,file,file,file,file,file,file,file,file,file,file,file,file,file,file
intersect,file,file,file,builtin-err,file,file,file,file,file,builtin-err,builtin-err,builtin-err,builtin-err,file,file,file,file,builtin-err,builtin-err,file,file,file,file,file,file,builtin-err,builtin-err,builtin-err,builtin-err,builtin,builtin-err,file,file,file,file,file,builtin-err
intlut,file,file,file,file,file,file,file,file,file,file,file,file,file,file,file,file,file,file,file,file,file,file,file,file,file,file,file,file,file,file,file,file,file,file,file,file,file
inv,file,builtin,file,file,file,file,file,file,file,file,file,file,file,file,builtin-err,file,file,file,file,file,file,file,builtin-err,file,file,file,file,file,file,file,file,file,file,file,file,file,file
ipermute,file,file,file,file,file,file,file,file,file,file,file,file,file,file,file,file,file,file,file,file,file,file,file,file,file,file,file,file,file,file,file,file,file,file,file,file,file
iqr,file,file,file,file,file,file,file,file,file,file,file,file,file,file,file,file,file,file,file,file,file,file,file,file,file,file,file,file,file,file,file,file,file,file,file,file,file
iradon,file,file,file,file,file,file,file,file,file,file,file,file,file,file,file,file,file,file,file,file,file,file,file,file,file,file,file,file,file,file,file,file,file,file,file,file,file
isbanded,file,file,file,file,file,file,file,file,file,file,file,file,file,file,file,file,file,file,file,file,file,file,file,file,file,file,file,file,file,file,file,file,file,file,file,file,file
isbetween,file,file,file,file,file,file,file,file,file,file,builtin-err,builtin-err,file,file,file,file,file,file,file,file,file,file,file,file,file,file,file,builtin-err,builtin-err,builtin-err,file,file,file,file,file,file,file
iscalendarduration,file,file,file,file,file,file,file,file,file,file,file,file,file,file,file,file,file,file,file,file,file,file,file,file,file,file,file,file,file,file,file,file,file,file,file,file,file
iscell,file,file,file,file,file,file,file,file,file,file,file,file,file,file,file,file,file,file,file,file,file,file,file,file,file,file,file,file,file,file,file,file,file,file,file,file,file
iscellstr,file,file,builtin,file,file,file,file,file,file,file,file,file,file,file,file,file,builtin-err,file,file,file,file,file,file,file,builtin-err,file,file,file,file,file,file,file,file,builtin-err,file,file,file
iscolumn,file,builtin,builtin,builtin,builtin,file,builtin,builtin,builtin,file,builtin,builtin,builtin,file,builtin-err,file,builtin-err,builtin-err,builtin-err,builtin-err,file,builtin-err,builtin-err,builtin-err,builtin-err,file,file,builtin-err,builtin-err,builtin-err,builtin-err,file,file,builtin-err,file,file,builtin-err
isdatetime,file,file,file,file,file,file,file,file,file,file,file,file,file,file,file,file,file,file,file,file,file,file,file,file,file,file,file,file,file,file,file,file,file,file,file,file,file
isdiag,file,builtin,file,file,file,file,file,builtin,file,file,file,file,file,file,builtin-err,file,file,file,file,file,file,file,builtin-err,file,file,file,file,file,file,file,file,file,file,file,file,file,file
isdst,file,file,file,file,file,file,file,file,file,file,builtin,file,file,file,file,file,file,file,file,file,file,file,file,file,file,file,file,builtin-err,builtin-err,file,file,file,file,file,file,file,file
isduration,file,file,file,file,file,file,file,file,file,file,file,file,file,file,file,file,file,file,file,file,file,file,file,file,file,file,file,file,file,file,file,file,file,file,file,file,file
isequaln,file,builtin-err,builtin-err,file,file,file,builtin-err,builtin-err,builtin-err,file,builtin-err,builtin-err,builtin-err,file,builtin,builtin,builtin,file,file,file,file,builtin,builtin,builtin,builtin,file,file,builtin,builtin,builtin,builtin,file,file,builtin,builtin,builtin,file
isequalwithequalnans,file,file,builtin-err,file,file,file,file,file,file,file,builtin-err,builtin-err,builtin-err,file,file,builtin,builtin,file,file,file,file,file,file,file,builtin,file,file,builtin,builtin,builtin,builtin,file,file,builtin,builtin,builtin,file
isfield,file,file,file,file,file,file,file,file,file,file,file,file,file,file,file,file,file,file,file,file,file,file,file,file,file,file,file,file,file,file,file,file,file,file,file,file,file
isfinite,file,builtin,file,file,file,file,builtin,builtin,builtin,file,builtin,builtin,file,file,builtin-err,file,file,file,file,file,file,builtin-err,builtin-err,builtin-err,file,file,file,builtin-err,builtin-err,builtin-err,file,file,file,file,file,file,file
isfloat,file,builtin,file,file,file,file,file,builtin,builtin,file,file,file,file,file,builtin-err,file,file,file,file,file,file,builtin-err,builtin-err,file,file,file,file,file,file,file,file,file,file,file,file,file,file
ishermitian,file,file,file,file,file,file,file,file,file,file,file,file,file,file,file,file,file,file,file,file,file,file,file,file,file,file,file,file,file,file,file,file,file,file,file,file,file
isinf,file,builtin,file,file,file,file,builtin,builtin,builtin,file,builtin,builtin,file,file,builtin-err,file,file,file,file,file,file,builtin-err,builtin-err,builtin-err,file,file,file,builtin-err,builtin-err,builtin-err,file,file,file,file,file,file,file
isinteger,file,builtin,file,file,file,file,file,builtin,builtin,file,file,file,file,file,builtin-err,file,file,file,file,file,file,builtin-err,builtin-err,file,file,file,file,file,file,file,file,file,file,file,file,file,file
isletter,file,file,file,file,file,file,file,file,file,file,file,file,file,file,file,file,file,file,file,file,file,file,file,file,file,file,file,file,file,file,file,file,file,file,file,file,file
islocalmax,file,file,file,file,file,file,file,file,file,file,file,file,file,file,file,file,file,file,file,file,file,file,file,file,file,file,file,file,file,file,file,file,file,file,file,file,file
islocalmin,file,file,file,file,file,file,file,file,file,file,file,file,file,file,file,file,file,file,file,file,file,file,file,file,file,file,file,file,file,file,file,file,file,file,file,file,file
islogical,file,builtin,file,file,file,file,file,builtin,builtin,file,file,file,file,file,builtin-err,file,file,file,file,file,file,builtin-err,builtin-err,file,file,file,file,file,file,file,file,file,file,file,file,file,file
ismatrix,file,builtin,builtin,builtin,builtin,file,builtin,builtin,builtin,file,builtin,builtin,builtin,file,builtin-err,file,builtin-err,builtin-err,builtin-err,builtin-err,file,builtin-err,builtin-err,builtin-err,builtin-err,file,file,builtin-err,builtin-err,builtin-err,builtin-err,file,file,builtin-err,file,file,builtin-err
ismember,file,file,file,builtin-err,file,file,file,file,file,builtin-err,builtin-err,builtin-err,builtin-err,file,file,file,file,builtin-err,builtin-err,file,file,file,file,file,file,builtin-err,builtin-err,builtin-err,builtin-err,file,builtin-err,file,file,file,file,file,builtin-err
ismembertol,file,file,file,file,file,file,file,file,file,file,file,file,file,file,file,file,file,file,file,file,file,file,file,file,file,file,file,file,file,file,file,file,file,file,file,file,file
ismissing,file,file,builtin,file,file,file,file,file,file,file,file,file,file,file,file,file,builtin-err,file,file,file,file,file,file,file,builtin,file,file,file,file,file,file,file,file,builtin-err,file,file,file
isnan,file,builtin,file,file,file,file,builtin,builtin,builtin,file,file,builtin,file,file,builtin-err,file,file,file,file,file,file,builtin-err,builtin-err,builtin-err,file,file,file,file,file,builtin-err,file,file,file,file,file,file,file
isnat,file,file,file,file,file,file,file,file,file,file,builtin,file,file,file,file,file,file,file,file,file,file,file,file,file,file,file,file,builtin-err,builtin-err,file,file,file,file,file,file,file,file
isnumeric,file,builtin,file,file,file,file,file,builtin,builtin,file,file,file,file,file,builtin-err,file,file,file,file,file,file,builtin-err,builtin-err,file,file,file,file,file,file,file,file,file,file,file,file,file,file
isoutlier,file,file,file,file,file,file,file,file,file,file,file,file,file,file,file,file,file,file,file,file,file,file,file,file,file,file,file,file,file,file,file,file,file,file,file,file,file
isprime,file,file,file,file,file,file,file,file,file,file,file,file,file,file,file,file,file,file,file,file,file,file,file,file,file,file,file,file,file,file,file,file,file,file,file,file,file
isreal,file,builtin,file,file,file,file,file,builtin,builtin,file,file,builtin,file,file,builtin-err,file,file,file,file,file,file,builtin-err,builtin-err,file,file,file,file,file,file,builtin-err,file,file,file,file,file,file,file
isrow,file,builtin,builtin,builtin,builtin,file,builtin,builtin,builtin,file,builtin,builtin,builtin,file,builtin-err,file,builtin-err,builtin-err,builtin-err,builtin-err,file,builtin-err,builtin-err,builtin-err,builtin-err,file,file,builtin-err,builtin-err,builtin-err,builtin-err,file,file,builtin-err,file,file,builtin-err
isscalar,file,builtin,builtin,builtin,builtin,file,builtin,builtin,builtin,file,builtin,builtin,builtin,file,builtin-err,file,builtin-err,builtin-err,builtin-err,builtin-err,file,builtin-err,builtin-err,builtin-err,builtin-err,file,file,builtin-err,builtin-err,builtin-err,builtin-err,file,file,builtin-err,file,file,builtin-err
issorted,file,builtin,builtin,builtin-err,file,file,builtin,builtin,builtin,file,builtin,builtin,builtin,file,builtin-err,file,builtin-err,builtin-err,builtin-err,file,file,builtin-err,builtin-err,builtin-err,builtin-err,file,file,builtin-err,builtin-err,builtin-err,builtin-err,file,file,builtin-err,file,file,builtin-err
issortedrows,file,builtin,builtin,file,file,file,builtin,builtin,builtin,file,builtin,builtin,builtin,file,builtin-err,builtin-err,builtin-err,file,file,file,file,builtin-err,builtin-err,builtin-err,builtin-err,builtin-err,builtin-err,builtin-err,builtin-err,builtin-err,builtin-err,file,file,builtin-err,file,builtin-err,file
isspace,file,file,file,file,file,file,file,file,file,file,file,file,file,file,file,file,file,file,file,file,file,file,file,file,file,file,file,file,file,file,file,file,file,file,file,file,file
issparse,file,builtin,file,file,file,file,file,builtin,builtin,file,file,file,file,file,builtin-err,file,file,file,file,file,file,builtin-err,builtin-err,file,file,file,file,file,file,file,file,file,file,file,file,file,file
isstable,file,file,file,file,file,file,file,file,file,file,file,file,file,file,file,file,file,file,file,file,file,file,file,file,file,file,file,file,file,file,file,file,file,file,file,file,file
isstring,file,file,file,file,file,file,file,file,file,file,file,file,file,file,file,file,file,file,file,file,file,file,file,file,file,file,file,file,file,file,file,file,file,file,file,file,file
issymmetric,file,file,file,file,file,file,file,file,file,file,file,file,file,file,file,file,file,file,file,file,file,file,file,file,file,file,file,file,file,file,file,file,file,file,file,file,file
istft,file,file,file,file,file,file,file,file,file,file,file,file,file,file,file,file,file,file,file,file,file,file,file,file,file,file,file,file,file,file,file,file,file,file,file,file,file
istimetable,file,file,file,file,file,file,file,file,file,file,file,file,file,file,file,file,file,file,file,file,file,file,file,file,file,file,file,file,file,file,file,file,file,file,file,file,file
istril,file,builtin,file,file,file,file,file,builtin,file,file,file,file,file,file,builtin-err,file,file,file,file,file,file,file,builtin-err,file,file,file,file,file,file,file,file,file,file,file,file,file,file
istriu,file,builtin,file,file,file,file,file,builtin,file,file,file,file,file,file,builtin-err,file,file,file,file,file,file,file,builtin-err,file,file,file,file,file,file,file,file,file,file,file,file,file,file
isuniform,file,builtin,file,file,file,file,file,file,file,file,builtin-err,builtin-err,file,file,builtin-err,file,file,file,file,file,file,file,builtin-err,file,file,file,file,builtin-err,builtin-err,builtin-err,file,file,file,file,file,file,file
isvector,file,builtin,builtin,builtin,builtin,file,builtin,builtin,builtin,file,builtin,builtin,builtin,file,builtin-err,file,builtin-err,builtin-err,builtin-err,builtin-err,file,builtin-err,builtin-err,builtin-err,builtin-err,file,file,builtin-err,builtin-err,builtin-err,builtin-err,file,file,builtin-err,file,file,builtin-err
join,file,file,builtin,file,file,file,file,file,file,builtin-err,file,file,file,file,file,file,builtin-err,file,file,file,file,file,file,file,builtin,builtin-err,builtin-err,file,file,file,file,file,file,builtin-err,file,file,file
jsonencode,file,file,file,file,file,file,file,file,file,file,file,file,file,file,file,file,file,file,file,file,file,file,file,file,file,file,file,file,file,file,file,file,file,file,file,file,file
juliandate,file,file,file,file,file,file,file,file,file,file,builtin,file,file,file,file,file,file,file,file,file,file,file,file,file,file,file,file,builtin-err,builtin-err,file,file,file,file,file,file,file,file
knnsearch,file,file,file,file,file,file,file,file,file,file,file,file,file,file,file,file,file,file,file,file,file,file,file,file,file,file,file,file,file,file,file,file,file,file,file,file,file
kron,file,file,file,file,file,file,file,file,file,file,file,file,file,file,file,file,file,file,file,file,file,file,file,file,file,file,file,file,file,file,file,file,file,file,file,file,file
lcm,file,file,file,file,file,file,file,file,file,file,file,file,file,file,file,file,file,file,file,file,file,file,file,file,file,file,file,file,file,file,file,file,file,file,file,file,file
ldivide,file,builtin-err,file,file,file,file,builtin-err,builtin-err,builtin-err,builtin-err,file,builtin-err,file,file,builtin,file,file,file,file,file,file,builtin,builtin,builtin,file,builtin,builtin,file,file,builtin,file,file,file,file,file,file,file
ldl,file,builtin,file,file,file,file,file,file,file,file,file,file,file,file,builtin-err,file,file,file,file,file,file,file,builtin-err,file,file,file,file,file,file,file,file,file,file,file,file,file,file
le,file,builtin-err,builtin-err,file,file,file,builtin-err,builtin-err,builtin-err,builtin-err,builtin-err,builtin-err,builtin-err,builtin-err,builtin,builtin-err,builtin-err,file,file,file,file,builtin,builtin,builtin,builtin,builtin,builtin,builtin-err,builtin-err,builtin,builtin-err,builtin,builtin,builtin-err,builtin-err,builtin-err,file
legendre,file,file,file,file,file,file,file,file,file,file,file,file,file,file,file,file,file,file,file,file,file,file,file,file,file,file,file,file,file,file,file,file,file,file,file,file,file
length,file,builtin,builtin,file,file,file,file,builtin,builtin,builtin-err,builtin,builtin,builtin,builtin,builtin-err,file,builtin-err,file,file,file,file,builtin-err,builtin-err,file,builtin-err,builtin-err,builtin-err,builtin-err,builtin-err,builtin-err,builtin-err,file,builtin-err,builtin-err,file,file,file
levinson,file,file,file,file,file,file,file,file,file,file,file,file,file,file,file,file,file,file,file,file,file,file,file,file,file,file,file,file,file,file,file,file,file,file,file,file,file
linsolve,file,builtin-err,file,file,file,file,builtin-err,builtin-err,builtin-err,file,file,file,file,file,builtin,file,file,file,file,file,file,builtin-err,builtin-err,builtin-err,file,file,file,file,file,file,file,file,file,file,file,file,file
linspace,file,file,file,file,file,file,file,file,file,file,builtin-err,builtin-err,file,file,file,file,file,file,file,file,file,file,file,file,file,file,file,builtin-err,builtin-err,builtin,file,file,file,file,file,file,file
load,file,file,file,file,file,file,file,file,file,file,file,file,file,file,file,file,file,file,file,file,file,file,file,file,file,file,file,file,file,file,file,file,file,file,file,file,file
log,file,builtin,file,file,file,file,file,file,file,builtin,file,file,file,file,builtin-err,file,file,file,file,file,file,file,builtin-err,file,file,builtin-err,builtin-err,file,file,file,file,file,file,file,file,file,file
log10,file,builtin,file,file,file,file,file,file,file,builtin,file,file,file,file,builtin-err,file,file,file,file,file,file,file,builtin-err,file,file,builtin-err,builtin-err,file,file,file,file,file,file,file,file,file,file
log1p,file,builtin,file,file,file,file,file,file,file,builtin,file,file,file,file,builtin-err,file,file,file,file,file,file,file,builtin-err,file,file,builtin-err,builtin-err,file,file,file,file,file,file,file,file,file,file
log2,file,builtin,file,file,file,file,file,file,file,builtin,file,file,file,file,builtin-err,file,file,file,file,file,file,file,builtin-err,file,file,builtin-err,builtin-err,file,file,file,file,file,file,file,file,file,file
logical,file,builtin,file,file,file,file,builtin,builtin,builtin,file,file,file,file,file,builtin-err,file,file,file,file,file,file,builtin-err,builtin-err,builtin-err,file,file,file,file,file,file,file,file,file,file,file,file,file
loglog,file,file,file,file,file,file,file,file,file,file,file,file,file,file,file,file,file,file,file,file,file,file,file,file,file,file,file,file,file,file,file,file,file,file,file,file,file
logm,file,file,file,file,file,file,file,file,file,file,file,file,file,file,file,file,file,file,file,file,file,file,file,file,file,file,file,file,file,file,file,file,file,file,file,file,file
logspace,file,file,file,file,file,file,file,file,file,file,file,file,file,file,file,file,file,file,file,file,file,file,file,file,file,file,file,file,file,file,file,file,file,file,file,file,file
lookup,file,file,file,file,file,file,file,file,file,file,file,file,file,file,file,file,file,file,file,file,file,file,file,file,file,file,file,file,file,file,file,file,file,file,file,file,file
lower,file,file,builtin,file,file,file,file,file,file,file,file,file,file,file,file,file,builtin-err,file,file,file,file,file,file,file,builtin-err,file,file,file,file,file,file,file,file,builtin-err,file,file,file
lscov,file,file,file,file,file,file,file,file,file,file,file,file,file,file,file,file,file,file,file,file,file,file,file,file,file,file,file,file,file,file,file,file,file,file,file,file,file
lsqminnorm,file,file,file,file,file,file,file,file,file,file,file,file,file,file,file,file,file,file,file,file,file,file,file,file,file,file,file,file,file,file,file,file,file,file,file,file,file
lsqr,file,file,file,file,file,file,file,file,file,file,file,file,file,file,file,file,file,file,file,file,file,file,file,file,file,file,file,file,file,file,file,file,file,file,file,file,file
lt,file,builtin-err,builtin-err,file,file,file,builtin-err,builtin-err,builtin-err,builtin-err,builtin-err,builtin-err,builtin-err,builtin-err,builtin,builtin-err,builtin-err,file,file,file,file,builtin,builtin,builtin,builtin,builtin,builtin,builtin-err,builtin-err,builtin,builtin-err,builtin,builtin,builtin-err,builtin-err,builtin-err,file
lu,file,builtin,file,file,file,file,file,file,file,file,file,file,file,file,builtin-err,file,file,file,file,file,file,file,builtin-err,file,file,file,file,file,file,file,file,file,file,file,file,file,file
makima,file,file,file,file,file,file,file,file,file,file,file,file,file,file,file,file,file,file,file,file,file,file,file,file,file,file,file,file,file,file,file,file,file,file,file,file,file
mape,file,file,file,file,file,file,file,file,file,file,file,file,file,file,file,file,file,file,file,file,file,file,file,file,file,file,file,file,file,file,file,file,file,file,file,file,file
mat2gray,file,file,file,file,file,file,file,file,file,file,file,file,file,file,file,file,file,file,file,file,file,file,file,file,file,file,file,file,file,file,file,file,file,file,file,file,file
mat2str,file,file,file,file,file,file,file,file,file,file,file,file,file,file,file,file,file,file,file,file,file,file,file,file,file,file,file,file,file,file,file,file,file,file,file,file,file
matches,file,file,builtin-err,file,file,file,file,file,file,file,file,file,file,file,file,builtin-err,builtin-err,file,file,file,file,file,file,file,builtin,file,file,file,file,file,file,file,file,builtin-err,builtin-err,builtin-err,file
max,file,builtin,file,file,file,file,file,builtin,builtin,builtin,builtin,builtin,builtin-err,file,builtin,file,file,file,file,file,file,builtin,builtin-err,file,file,builtin,builtin,builtin-err,builtin-err,builtin,builtin-err,file,file,file,file,file,file
maxk,file,builtin-err,file,builtin-err,file,file,builtin-err,builtin-err,builtin-err,file,builtin-err,builtin-err,builtin-err,file,builtin-err,file,file,builtin-err,builtin-err,file,file,builtin-err,builtin-err,builtin-err,file,file,file,builtin-err,builtin-err,builtin-err,builtin-err,file,file,file,file,file,builtin-err
mean,file,file,file,file,file,file,file,file,file,builtin,builtin,builtin,file,file,file,file,file,file,file,file,file,file,file,file,file,builtin-err,builtin-err,builtin-err,builtin-err,file,file,file,file,file,file,file,file
medfilt2,file,file,file,file,file,file,file,file,file,file,file,file,file,file,file,file,file,file,file,file,file,file,file,file,file,file,file,file,file,file,file,file,file,file,file,file,file
median,file,file,file,file,file,file,file,file,file,builtin,builtin,builtin,builtin-err,file,file,file,file,file,file,file,file,file,file,file,file,builtin-err,builtin-err,file,builtin-err,file,builtin-err,file,file,file,file,file,file
meshgrid,file,file,file,file,file,file,file,file,file,file,file,file,file,file,file,file,file,file,file,file,file,file,file,file,file,file,file,file,file,file,file,file,file,file,file,file,file
methods,file,file,file,file,file,file,file,file,file,file,file,file,file,file,file,file,file,file,file,file,file,file,file,file,file,file,file,file,file,file,file,file,file,file,file,file,file
milliseconds,file,file,file,file,file,file,file,file,file,file,file,builtin,file,file,file,file,file,file,file,file,file,file,file,file,file,file,file,file,file,builtin-err,file,file,file,file,file,file,file
min,file,builtin,file,file,file,file,file,builtin,builtin,builtin,builtin,builtin,builtin-err,file,builtin,file,file,file,file,file,file,builtin,builtin-err,file,file,builtin,builtin,builtin-err,builtin-err,builtin,builtin-err,file,file,file,file,file,file
mink,file,builtin-err,file,builtin-err,file,file,builtin-err,builtin-err,builtin-err,file,builtin-err,builtin-err,builtin-err,file,builtin-err,file,file,builtin-err,builtin-err,file,file,builtin-err,builtin-err,builtin-err,file,file,file,builtin-err,builtin-err,builtin-err,builtin-err,file,file,file,file,file,builtin-err
minres,file,file,file,file,file,file,file,file,file,file,file,file,file,file,file,file,file,file,file,file,file,file,file,file,file,file,file,file,file,file,file,file,file,file,file,file,file
minus,file,builtin-err,file,file,file,file,builtin-err,builtin-err,builtin-err,builtin-err,builtin-err,builtin-err,file,file,builtin,file,file,file,file,file,file,builtin,builtin,builtin,file,builtin,builtin,builtin-err,builtin,builtin,file,file,file,file,file,file,file
minute,file,file,file,file,file,file,file,file,file,file,builtin,file,file,file,file,file,file,file,file,file,file,file,file,file,file,file,file,builtin-err,builtin-err,file,file,file,file,file,file,file,file
minutes,file,file,file,file,file,file,file,file,file,file,file,builtin,file,file,file,file,file,file,file,file,file,file,file,file,file,file,file,file,file,builtin-err,file,file,file,file,file,file,file
mldivide,file,builtin-err,file,file,file,file,file,builtin-err,builtin-err,file,file,builtin-err,file,file,builtin,file,file,file,file,file,file,builtin,builtin,file,file,file,file,file,file,builtin,file,file,file,file,file,file,file
mle,file,file,file,file,file,file,file,file,file,file,file,file,file,file,file,file,file,file,file,file,file,file,file,file,file,file,file,file,file,file,file,file,file,file,file,file,file
mod,file,builtin-err,file,file,file,file,builtin-err,builtin-err,builtin-err,builtin-err,file,builtin-err,file,file,builtin,file,file,file,file,file,file,builtin,builtin,builtin,file,builtin,builtin,file,file,builtin,file,file,file,file,file,file,file
mode,file,file,file,file,file,file,file,file,file,builtin,builtin-err,builtin-err,builtin,file,file,file,file,file,file,file,file,file,file,file,file,builtin-err,builtin-err,builtin-err,builtin-err,builtin-err,builtin-err,file,file,file,file,file,file
modulate,file,file,file,file,file,file,file,file,file,file,file,file,file,file,file,file,file,file,file,file,file,file,file,file,file,file,file,file,file,file,file,file,file,file,file,file,file
montage,file,file,file,file,file,file,file,file,file,file,file,file,file,file,file,file,file,file,file,file,file,file,file,file,file,file,file,file,file,file,file,file,file,file,file,file,file
month,file,file,file,file,file,file,file,file,file,file,builtin,builtin-err,file,file,file,file,file,file,file,file,file,file,file,file,file,file,file,builtin-err,builtin-err,builtin-err,file,file,file,file,file,file,file
movie,file,file,file,file,file,file,file,file,file,file,file,file,file,file,file,file,file,file,file,file,file,file,file,file,file,file,file,file,file,file,file,file,file,file,file,file,file
movmad,file,builtin-err,file,file,file,file,file,file,builtin-err,file,file,file,file,file,builtin,file,file,file,file,file,file,builtin,builtin-err,file,file,file,file,file,file,file,file,file,file,file,file,file,file
movmax,file,builtin-err,file,file,file,file,file,file,builtin-err,file,file,file,file,file,builtin,file,file,file,file,file,file,builtin,builtin-err,file,file,file,file,file,file,file,file,file,file,file,file,file,file
movmean,file,builtin-err,file,file,file,file,file,file,builtin-err,file,file,file,file,file,builtin,file,file,file,file,file,file,builtin,builtin-err,file,file,file,file,file,file,file,file,file,file,file,file,file,file
movmedian,file,builtin-err,file,file,file,file,file,file,builtin-err,file,file,file,file,file,builtin,file,file,file,file,file,file,builtin,builtin-err,file,file,file,file,file,file,file,file,file,file,file,file,file,file
movmin,file,builtin-err,file,file,file,file,file,file,builtin-err,file,file,file,file,file,builtin,file,file,file,file,file,file,builtin,builtin-err,file,file,file,file,file,file,file,file,file,file,file,file,file,file
movprod,file,builtin-err,file,file,file,file,file,file,builtin-err,file,file,file,file,file,builtin,file,file,file,file,file,file,builtin,builtin-err,file,file,file,file,file,file,file,file,file,file,file,file,file,file
movstd,file,builtin-err,file,file,file,file,file,file,builtin-err,file,file,file,file,file,builtin,file,file,file,file,file,file,builtin-err,builtin-err,file,file,file,file,file,file,file,file,file,file,file,file,file,file
movsum,file,builtin-err,file,file,file,file,file,file,builtin-err,file,file,file,file,file,builtin,file,file,file,file,file,file,builtin,builtin-err,file,file,file,file,file,file,file,file,file,file,file,file,file,file
movvar,file,builtin-err,file,file,file,file,file,file,builtin-err,file,file,file,file,file,builtin,file,file,file,file,file,file,builtin-err,builtin-err,file,file,file,file,file,file,file,file,file,file,file,file,file,file
mpower,file,file,file,file,file,file,file,file,file,file,file,file,file,file,file,file,file,file,file,file,file,file,file,file,file,file,file,file,file,file,file,file,file,file,file,file,file
mrdivide,file,builtin-err,file,file,file,file,file,builtin-err,builtin-err,file,file,builtin-err,file,file,builtin,file,file,file,file,file,file,builtin,builtin,file,file,file,file,file,file,builtin-err,file,file,file,file,file,file,file
mscohere,file,file,file,file,file,file,file,file,file,file,file,file,file,file,file,file,file,file,file,file,file,file,file,file,file,file,file,file,file,file,file,file,file,file,file,file,file
mtimes,file,builtin-err,file,file,file,file,builtin-err,builtin-err,builtin-err,file,file,builtin-err,file,file,builtin,file,file,file,file,file,file,builtin,builtin,builtin,file,file,file,file,file,builtin,file,file,file,file,file,file,file
multissim,file,file,file,file,file,file,file,file,file,file,file,file,file,file,file,file,file,file,file,file,file,file,file,file,file,file,file,file,file,file,file,file,file,file,file,file,file
multissim3,file,file,file,file,file,file,file,file,file,file,file,file,file,file,file,file,file,file,file,file,file,file,file,file,file,file,file,file,file,file,file,file,file,file,file,file,file
mustBeA,file,file,file,file,file,file,file,file,file,file,file,file,file,file,file,file,file,file,file,file,file,file,file,file,file,file,file,file,file,file,file,file,file,file,file,file,file
mustBeInteger,file,file,file,file,file,file,file,file,file,file,file,file,file,file,file,file,file,file,file,file,file,file,file,file,file,file,file,file,file,file,file,file,file,file,file,file,file
mustBePositive,file,file,file,file,file,file,file,file,file,file,file,file,file,file,file,file,file,file,file,file,file,file,file,file,file,file,file,file,file,file,file,file,file,file,file,file,file
nargin,file,file,file,file,file,builtin,file,file,file,file,file,file,file,file,file,file,file,file,file,file,builtin-err,file,file,file,file,file,file,file,file,file,file,file,file,file,file,file,file
nargout,file,file,file,file,file,builtin,file,file,file,file,file,file,file,file,file,file,file,file,file,file,builtin-err,file,file,file,file,file,file,file,file,file,file,file,file,file,file,file,file
nchoosek,file,file,file,file,file,file,file,file,file,file,file,file,file,file,file,file,file,file,file,file,file,file,file,file,file,file,file,file,file,file,file,file,file,file,file,file,file
ndgrid,file,file,file,file,file,file,file,file,file,file,file,file,file,file,file,file,file,file,file,file,file,file,file,file,file,file,file,file,file,file,file,file,file,file,file,file,file
ndims,file,builtin,builtin,file,file,file,file,builtin,builtin,builtin,builtin,builtin,builtin,file,builtin-err,file,builtin-err,file,file,file,file,builtin-err,builtin-err,file,builtin-err,builtin-err,builtin-err,builtin-err,builtin-err,builtin-err,builtin-err,file,file,builtin-err,file,file,file
ne,file,builtin-err,builtin-err,file,file,file,builtin-err,builtin-err,builtin-err,builtin-err,builtin-err,builtin-err,builtin-err,builtin-err,builtin,builtin-err,builtin-err,file,file,file,file,builtin,builtin,builtin,builtin,builtin,builtin,builtin-err,builtin-err,builtin,builtin-err,builtin,builtin,builtin-err,builtin-err,builtin-err,file
nextpow2,file,file,file,file,file,file,file,file,file,builtin-err,file,file,file,file,file,file,file,file,file,file,file,file,file,file,file,builtin-err,builtin-err,file,file,file,file,file,file,file,file,file,file
nnz,file,builtin,file,file,file,file,builtin,builtin,builtin,file,file,builtin,file,file,builtin-err,file,file,file,file,file,file,builtin-err,builtin-err,builtin-err,file,file,file,file,file,builtin-err,file,file,file,file,file,file,file
nonzeros,file,builtin,file,file,file,file,builtin,builtin,builtin,file,file,file,file,file,builtin-err,file,file,file,file,file,file,builtin-err,builtin-err,builtin-err,file,file,file,file,file,file,file,file,file,file,file,file,file
norm,file,builtin,file,file,file,file,file,builtin-err,builtin-err,file,file,file,file,file,builtin,file,file,file,file,file,file,builtin-err,builtin-err,file,file,file,file,file,file,file,file,file,file,file,file,file,file
normalize,file,file,file,file,file,file,file,file,file,file,file,file,file,file,file,file,file,file,file,file,file,file,file,file,file,file,file,file,file,file,file,file,file,file,file,file,file
normest,file,file,file,file,file,file,file,file,file,file,file,file,file,file,file,file,file,file,file,file,file,file,file,file,file,file,file,file,file,file,file,file,file,file,file,file,file
normplot,file,file,file,file,file,file,file,file,file,file,file,file,file,file,file,file,file,file,file,file,file,file,file,file,file,file,file,file,file,file,file,file,file,file,file,file,file
normxcorr2,file,file,file,file,file,file,file,file,file,file,file,file,file,file,file,file,file,file,file,file,file,file,file,file,file,file,file,file,file,file,file,file,file,file,file,file,file
not,file,builtin,file,file,file,file,builtin,builtin,builtin,builtin,file,file,file,file,builtin-err,file,file,file,file,file,file,builtin-err,builtin-err,builtin-err,file,builtin-err,builtin-err,file,file,file,file,file,file,file,file,file,file
nthroot,file,file,file,file,file,file,file,file,file,builtin-err,file,file,file,file,file,file,file,file,file,file,file,file,file,file,file,builtin-err,builtin-err,file,file,file,file,file,file,file,file,file,file
null,file,file,file,file,file,file,file,file,file,file,file,file,file,file,file,file,file,file,file,file,file,file,file,file,file,file,file,file,file,file,file,file,file,file,file,file,file
num2cell,file,file,file,file,file,file,file,file,file,file,file,file,file,file,file,file,file,file,file,file,file,file,file,file,file,file,file,file,file,file,file,file,file,file,file,file,file
num2str,file,file,file,file,file,file,file,file,file,file,file,file,file,file,file,file,file,file,file,file,file,file,file,file,file,file,file,file,file,file,file,file,file,file,file,file,file
nzmax,file,builtin,file,file,file,file,builtin,builtin,builtin,file,file,file,file,file,builtin-err,file,file,file,file,file,file,builtin-err,builtin-err,builtin-err,file,file,file,file,file,file,file,file,file,file,file,file,file
ode45,file,file,file,file,file,file,file,file,file,file,file,file,file,file,file,file,file,file,file,file,file,file,file,file,file,file,file,file,file,file,file,file,file,file,file,file,file
onehotdecode,file,file,file,file,file,file,file,file,file,file,file,file,file,file,file,file,file,file,file,file,file,file,file,file,file,file,file,file,file,file,file,file,file,file,file,file,file
ones,file,file,file,file,file,file,file,file,file,file,file,file,file,file,file,file,file,file,file,file,file,file,file,file,file,file,file,file,file,file,file,file,file,file,file,file,file
open,file,file,file,file,file,builtin-err,file,file,file,file,file,file,file,file,file,file,file,file,file,file,builtin-err,file,file,file,file,file,file,file,file,file,file,file,file,file,file,file,file
optimset,file,file,file,file,file,file,file,file,file,file,file,file,file,file,file,file,file,file,file,file,file,file,file,file,file,file,file,file,file,file,file,file,file,file,file,file,file
or,file,builtin-err,builtin-err,file,file,file,builtin-err,builtin-err,builtin-err,builtin-err,file,file,file,file,builtin,builtin-err,builtin-err,file,file,file,file,builtin,builtin,builtin,builtin,builtin,builtin,file,file,file,file,file,file,builtin-err,builtin-err,builtin-err,file
ordeig,file,builtin,file,file,file,file,file,file,file,file,file,file,file,file,builtin,file,file,file,file,file,file,file,builtin-err,file,file,file,file,file,file,file,file,file,file,file,file,file,file
ordqz,file,builtin-err,file,file,file,file,file,file,file,file,file,file,file,file,builtin-err,file,file,file,file,file,file,file,builtin-err,file,file,file,file,file,file,file,file,file,file,file,file,file,file
ordschur,file,builtin-err,file,file,file,file,file,file,file,file,file,file,file,file,builtin-err,file,file,file,file,file,file,file,builtin-err,file,file,file,file,file,file,file,file,file,file,file,file,file,file
orth,file,file,file,file,file,file,file,file,file,file,file,file,file,file,file,file,file,file,file,file,file,file,file,file,file,file,file,file,file,file,file,file,file,file,file,file,file
pad,file,file,builtin,file,file,file,file,file,file,file,file,file,file,file,file,file,builtin-err,file,file,file,file,file,file,file,builtin,file,file,file,file,file,file,file,file,builtin-err,file,file,file
padarray,file,file,file,file,file,file,file,file,file,file,file,file,file,file,file,file,file,file,file,file,file,file,file,file,file,file,file,file,file,file,file,file,file,file,file,file,file
pcg,file,file,file,file,file,file,file,file,file,file,file,file,file,file,file,file,file,file,file,file,file,file,file,file,file,file,file,file,file,file,file,file,file,file,file,file,file
pchip,file,file,file,file,file,file,file,file,file,file,file,file,file,file,file,file,file,file,file,file,file,file,file,file,file,file,file,file,file,file,file,file,file,file,file,file,file
pdist,file,file,file,file,file,file,file,file,file,file,file,file,file,file,file,file,file,file,file,file,file,file,file,file,file,file,file,file,file,file,file,file,file,file,file,file,file
peak2peak,file,file,file,file,file,file,file,file,file,file,file,file,file,file,file,file,file,file,file,file,file,file,file,file,file,file,file,file,file,file,file,file,file,file,file,file,file
peak2rms,file,file,file,file,file,file,file,file,file,file,file,file,file,file,file,file,file,file,file,file,file,file,file,file,file,file,file,file,file,file,file,file,file,file,file,file,file
periodogram,file,file,file,file,file,file,file,file,file,file,file,file,file,file,file,file,file,file,file,file,file,file,file,file,file,file,file,file,file,file,file,file,file,file,file,file,file
perms,file,file,file,file,file,file,file,file,file,file,file,file,file,file,file,file,file,file,file,file,file,file,file,file,file,file,file,file,file,file,file,file,file,file,file,file,file
permute,file,builtin-err,builtin-err,builtin-err,builtin-err,file,builtin-err,builtin-err,builtin-err,builtin-err,builtin-err,builtin-err,builtin-err,builtin-err,builtin-err,file,builtin-err,builtin-err,builtin-err,builtin-err,file,builtin-err,builtin-err,builtin-err,builtin-err,builtin-err,builtin-err,builtin-err,builtin-err,builtin-err,builtin-err,builtin-err,builtin-err,builtin-err,file,file,builtin-err
pie,file,file,file,file,file,file,file,file,file,file,file,file,file,file,file,file,file,file,file,file,file,file,file,file,file,file,file,file,file,file,file,file,file,file,file,file,file
pinv,file,file,file,file,file,file,file,file,file,file,file,file,file,file,file,file,file,file,file,file,file,file,file,file,file,file,file,file,file,file,file,file,file,file,file,file,file
planerot,file,file,file,file,file,file,file,file,file,file,file,file,file,file,file,file,file,file,file,file,file,file,file,file,file,file,file,file,file,file,file,file,file,file,file,file,file
plot,file,file,file,file,file,file,file,file,file,file,file,file,file,file,file,file,file,file,file,file,file,file,file,file,file,file,file,file,file,file,file,file,file,file,file,file,file
plus,file,builtin-err,builtin-err,file,file,file,builtin-err,builtin-err,builtin-err,builtin-err,builtin-err,builtin-err,file,file,builtin,builtin,builtin,file,file,file,file,builtin,builtin,builtin,builtin,builtin,builtin,builtin,builtin,builtin,file,file,file,builtin,builtin,builtin-err,file
pol2cart,file,file,file,file,file,file,file,file,file,file,file,file,file,file,file,file,file,file,file,file,file,file,file,file,file,file,file,file,file,file,file,file,file,file,file,file,file
poly,file,file,file,file,file,file,file,file,file,file,file,file,file,file,file,file,file,file,file,file,file,file,file,file,file,file,file,file,file,file,file,file,file,file,file,file,file
polyarea,file,file,file,file,file,file,file,file,file,file,file,file,file,file,file,file,file,file,file,file,file,file,file,file,file,file,file,file,file,file,file,file,file,file,file,file,file
polyder,file,file,file,file,file,file,file,file,file,file,file,file,file,file,file,file,file,file,file,file,file,file,file,file,file,file,file,file,file,file,file,file,file,file,file,file,file
polyfit,file,file,file,file,file,file,file,file,file,file,file,file,file,file,file,file,file,file,file,file,file,file,file,file,file,file,file,file,file,file,file,file,file,file,file,file,file
polyint,file,file,file,file,file,file,file,file,file,file,file,file,file,file,file,file,file,file,file,file,file,file,file,file,file,file,file,file,file,file,file,file,file,file,file,file,file
polyval,file,file,file,file,file,file,file,file,file,file,file,file,file,file,file,file,file,file,file,file,file,file,file,file,file,file,file,file,file,file,file,file,file,file,file,file,file
polyvalm,file,file,file,file,file,file,file,file,file,file,file,file,file,file,file,file,file,file,file,file,file,file,file,file,file,file,file,file,file,file,file,file,file,file,file,file,file
posixtime,file,file,file,file,file,file,file,file,file,file,builtin,file,file,file,file,file,file,file,file,file,file,file,file,file,file,file,file,builtin-err,builtin-err,file,file,file,file,file,file,file,file
pow2,file,builtin,file,file,file,file,file,file,file,builtin,file,file,file,file,builtin,file,file,file,file,file,file,file,builtin-err,file,file,builtin,builtin,file,file,file,file,file,file,file,file,file,file
power,file,builtin-err,file,file,file,file,builtin-err,builtin-err,builtin-err,builtin-err,file,file,file,file,builtin,file,file,file,file,file,file,builtin-err,builtin,builtin,file,builtin,builtin,file,file,file,file,file,file,file,file,file,file
prctile,file,file,file,file,file,file,file,file,file,file,file,file,file,file,file,file,file,file,file,file,file,file,file,file,file,file,file,file,file,file,file,file,file,file,file,file,file
primes,file,file,file,file,file,file,file,file,file,file,file,file,file,file,file,file,file,file,file,file,file,file,file,file,file,file,file,file,file,file,file,file,file,file,file,file,file
print,file,file,file,file,file,file,file,file,file,file,file,file,file,file,file,file,file,file,file,file,file,file,file,file,file,file,file,file,file,file,file,file,file,file,file,file,file
prod,file,builtin,file,file,file,file,file,builtin,builtin,builtin,file,file,file,file,builtin-err,file,file,file,file,file,file,builtin-err,builtin-err,file,file,builtin-err,builtin-err,file,file,file,file,file,file,file,file,file,file
properties,file,file,file,file,file,file,file,file,file,builtin,file,file,file,file,file,file,file,file,file,file,file,file,file,file,file,builtin-err,builtin-err,file,file,file,file,file,file,file,file,file,file
psi,file,builtin,file,file,file,file,file,file,file,file,file,file,file,file,builtin-err,file,file,file,file,file,file,file,builtin-err,file,file,file,file,file,file,file,file,file,file,file,file,file,file
psnr,file,file,file,file,file,file,file,file,file,file,file,file,file,file,file,file,file,file,file,file,file,file,file,file,file,file,file,file,file,file,file,file,file,file,file,file,file
pwelch,file,file,file,file,file,file,file,file,file,file,file,file,file,file,file,file,file,file,file,file,file,file,file,file,file,file,file,file,file,file,file,file,file,file,file,file,file
qmr,file,file,file,file,file,file,file,file,file,file,file,file,file,file,file,file,file,file,file,file,file,file,file,file,file,file,file,file,file,file,file,file,file,file,file,file,file
qr,file,builtin,file,file,file,file,file,file,file,file,file,file,file,file,builtin-err,file,file,file,file,file,file,file,builtin-err,file,file,file,file,file,file,file,file,file,file,file,file,file,file
qrdelete,file,file,file,file,file,file,file,file,file,file,file,file,file,file,file,file,file,file,file,file,file,file,file,file,file,file,file,file,file,file,file,file,file,file,file,file,file
qrupdate,file,builtin-err,file,file,file,file,file,file,file,file,file,file,file,file,builtin-err,file,file,file,file,file,file,file,builtin-err,file,file,file,file,file,file,file,file,file,file,file,file,file,file
quad2d,file,file,file,file,file,file,file,file,file,file,file,file,file,file,file,file,file,file,file,file,file,file,file,file,file,file,file,file,file,file,file,file,file,file,file,file,file
quantile,file,file,file,file,file,file,file,file,file,file,file,file,file,file,file,file,file,file,file,file,file,file,file,file,file,file,file,file,file,file,file,file,file,file,file,file,file
quarter,file,file,file,file,file,file,file,file,file,file,builtin,file,file,file,file,file,file,file,file,file,file,file,file,file,file,file,file,builtin-err,builtin-err,file,file,file,file,file,file,file,file
qz,file,builtin-err,file,file,file,file,file,file,file,file,file,file,file,file,builtin,file,file,file,file,file,file,file,builtin-err,file,file,file,file,file,file,file,file,file,file,file,file,file,file
rad2deg,file,file,file,file,file,file,file,file,file,file,file,file,file,file,file,file,file,file,file,file,file,file,file,file,file,file,file,file,file,file,file,file,file,file,file,file,file
radon,file,file,file,file,file,file,file,file,file,file,file,file,file,file,file,file,file,file,file,file,file,file,file,file,file,file,file,file,file,file,file,file,file,file,file,file,file
rand,file,file,file,file,file,file,file,file,file,file,file,file,file,file,file,file,file,file,file,file,file,file,file,file,file,file,file,file,file,file,file,file,file,file,file,file,file
randi,file,file,file,file,file,file,file,file,file,file,file,file,file,file,file,file,file,file,file,file,file,file,file,file,file,file,file,file,file,file,file,file,file,file,file,file,file
randn,file,file,file,file,file,file,file,file,file,file,file,file,file,file,file,file,file,file,file,file,file,file,file,file,file,file,file,file,file,file,file,file,file,file,file,file,file
randperm,file,file,file,file,file,file,file,file,file,file,file,file,file,file,file,file,file,file,file,file,file,file,file,file,file,file,file,file,file,file,file,file,file,file,file,file,file
range,file,file,file,file,file,file,file,file,file,file,file,file,file,file,file,file,file,file,file,file,file,file,file,file,file,file,file,file,file,file,file,file,file,file,file,file,file
rangesearch,file,file,file,file,file,file,file,file,file,file,file,file,file,file,file,file,file,file,file,file,file,file,file,file,file,file,file,file,file,file,file,file,file,file,file,file,file
rank,file,file,file,file,file,file,file,file,file,file,file,file,file,file,file,file,file,file,file,file,file,file,file,file,file,file,file,file,file,file,file,file,file,file,file,file,file
rat,file,file,file,file,file,file,file,file,file,file,file,file,file,file,file,file,file,file,file,file,file,file,file,file,file,file,file,file,file,file,file,file,file,file,file,file,file
rcond,file,builtin,file,file,file,file,file,file,file,file,file,file,file,file,builtin-err,file,file,file,file,file,file,file,builtin-err,file,file,file,file,file,file,file,file,file,file,file,file,file,file
rdivide,file,builtin-err,file,file,file,file,builtin-err,builtin-err,builtin-err,builtin-err,file,builtin-err,file,file,builtin,file,file,file,file,file,file,builtin,builtin,builtin,file,builtin,builtin,file,file,builtin-err,file,file,file,file,file,file,file
real,file,builtin,file,file,file,file,builtin,builtin,builtin,file,file,file,file,file,builtin-err,file,file,file,file,file,file,builtin-err,builtin-err,builtin-err,file,file,file,file,file,file,file,file,file,file,file,file,file
reallog,file,file,file,file,file,file,file,file,file,builtin-err,file,file,file,file,file,file,file,file,file,file,file,file,file,file,file,builtin-err,builtin-err,file,file,file,file,file,file,file,file,file,file
realmax,file,file,file,file,file,file,file,file,file,file,file,file,file,file,file,file,file,file,file,file,file,file,file,file,file,file,file,file,file,file,file,file,file,file,file,file,file
realmin,file,file,file,file,file,file,file,file,file,file,file,file,file,file,file,file,file,file,file,file,file,file,file,file,file,file,file,file,file,file,file,file,file,file,file,file,file
realpow,file,file,file,file,file,file,file,file,file,builtin-err,file,file,file,file,file,file,file,file,file,file,file,file,file,file,file,builtin-err,builtin-err,file,file,file,file,file,file,file,file,file,file
realsqrt,file,file,file,file,file,file,file,file,file,builtin-err,file,file,file,file,file,file,file,file,file,file,file,file,file,file,file,builtin-err,builtin-err,file,file,file,file,file,file,file,file,file,file
rectint,file,file,file,file,file,file,file,file,file,file,file,file,file,file,file,file,file,file,file,file,file,file,file,file,file,file,file,file,file,file,file,file,file,file,file,file,file
refresh,file,file,file,file,file,file,file,file,file,file,file,file,file,file,file,file,file,file,file,file,file,file,file,file,file,file,file,file,file,file,file,file,file,file,file,file,file
regexprep,file,file,file,file,file,file,file,file,file,file,file,file,file,file,file,file,file,file,file,file,file,file,file,file,file,file,file,file,file,file,file,file,file,file,file,file,file
regionprops,file,file,file,file,file,file,file,file,file,file,file,file,file,file,file,file,file,file,file,file,file,file,file,file,file,file,file,file,file,file,file,file,file,file,file,file,file
rem,file,builtin-err,file,file,file,file,builtin-err,builtin-err,builtin-err,builtin-err,file,builtin-err,file,file,builtin,file,file,file,file,file,file,builtin,builtin,builtin,file,builtin,builtin,file,file,builtin,file,file,file,file,file,file,file
remove,file,file,file,file,file,file,file,file,file,file,file,file,file,builtin-err,file,file,file,file,file,file,file,file,file,file,file,file,file,file,file,file,file,file,builtin,file,file,file,file
repelem,file,builtin-err,file,file,file,file,builtin-err,builtin-err,builtin-err,builtin-err,file,file,file,file,builtin-err,file,file,file,file,file,file,builtin-err,builtin-err,builtin-err,file,builtin-err,builtin-err,file,file,file,file,file,file,file,file,file,file
replace,file,file,builtin-err,file,file,file,file,file,file,file,file,file,file,file,file,file,builtin-err,file,file,file,file,file,file,file,builtin-err,file,file,file,file,file,file,file,file,builtin-err,file,file,file
replaceBetween,file,file,builtin-err,file,file,file,file,file,file,file,file,file,file,file,file,file,builtin-err,file,file,file,file,file,file,file,builtin-err,file,file,file,file,file,file,file,file,builtin-err,file,file,file
repmat,file,builtin-err,file,file,file,file,builtin-err,builtin-err,builtin-err,file,file,file,file,file,builtin-err,file,file,file,file,file,file,builtin-err,builtin-err,builtin-err,file,file,file,file,file,file,file,file,file,file,file,file,file
resample,file,file,file,file,file,file,file,file,file,file,file,file,file,file,file,file,file,file,file,file,file,file,file,file,file,file,file,file,file,file,file,file,file,file,file,file,file
rescale,file,file,file,file,file,file,file,file,file,file,file,file,file,file,file,file,file,file,file,file,file,file,file,file,file,file,file,file,file,file,file,file,file,file,file,file,file
reset,file,file,file,file,file,file,file,file,file,file,file,file,file,file,file,file,file,file,file,file,file,file,file,file,file,file,file,file,file,file,file,file,file,file,file,file,file
reshape,file,builtin-err,builtin-err,builtin-err,builtin-err,file,builtin-err,builtin-err,builtin-err,builtin-err,builtin-err,builtin-err,builtin-err,builtin-err,builtin-err,file,builtin-err,builtin-err,builtin-err,builtin-err,file,builtin-err,builtin-err,builtin-err,builtin-err,builtin-err,builtin-err,builtin-err,builtin-err,builtin-err,builtin-err,builtin-err,builtin-err,builtin-err,file,file,builtin-err
reverse,file,file,builtin,file,file,file,file,file,file,file,file,file,file,file,file,file,builtin-err,file,file,file,file,file,file,file,builtin-err,file,file,file,file,file,file,file,file,builtin-err,file,file,file
rfplot,file,file,file,file,file,file,file,file,file,file,file,file,file,file,file,file,file,file,file,file,file,file,file,file,file,file,file,file,file,file,file,file,file,file,file,file,file
rgb2gray,file,file,file,file,file,file,file,file,file,file,file,file,file,file,file,file,file,file,file,file,file,file,file,file,file,file,file,file,file,file,file,file,file,file,file,file,file
rgb2hsv,file,file,file,file,file,file,file,file,file,file,file,file,file,file,file,file,file,file,file,file,file,file,file,file,file,file,file,file,file,file,file,file,file,file,file,file,file
rgb2ycbcr,file,file,file,file,file,file,file,file,file,file,file,file,file,file,file,file,file,file,file,file,file,file,file,file,file,file,file,file,file,file,file,file,file,file,file,file,file
risetime,file,file,file,file,file,file,file,file,file,file,file,file,file,file,file,file,file,file,file,file,file,file,file,file,file,file,file,file,file,file,file,file,file,file,file,file,file
rmfield,file,file,file,file,file,file,file,file,file,file,file,file,file,file,file,file,file,file,file,file,file,file,file,file,file,file,file,file,file,file,file,file,file,file,file,file,file
rmmissing,file,file,file,file,file,file,file,file,file,file,file,file,file,file,file,file,file,file,file,file,file,file,file,file,file,file,file,file,file,file,file,file,file,file,file,file,file
rmoutliers,file,file,file,file,file,file,file,file,file,file,file,file,file,file,file,file,file,file,file,file,file,file,file,file,file,file,file,file,file,file,file,file,file,file,file,file,file
rms,file,file,file,file,file,file,file,file,file,file,file,file,file,file,file,file,file,file,file,file,file,file,file,file,file,file,file,file,file,file,file,file,file,file,file,file,file
rmse,file,file,file,file,file,file,file,file,file,file,file,file,file,file,file,file,file,file,file,file,file,file,file,file,file,file,file,file,file,file,file,file,file,file,file,file,file
roots,file,file,file,file,file,file,file,file,file,file,file,file,file,file,file,file,file,file,file,file,file,file,file,file,file,file,file,file,file,file,file,file,file,file,file,file,file
rot90,file,file,file,file,file,file,file,file,file,file,file,file,file,file,file,file,file,file,file,file,file,file,file,file,file,file,file,file,file,file,file,file,file,file,file,file,file
rotate,file,file,file,file,file,file,file,file,file,file,file,file,file,file,file,file,file,file,file,file,file,file,file,file,file,file,file,file,file,file,file,file,file,file,file,file,file
round,file,builtin,file,file,file,file,file,builtin,builtin,builtin,builtin-err,builtin,file,file,builtin-err,file,file,file,file,file,file,builtin-err,builtin-err,file,file,builtin-err,builtin-err,builtin-err,builtin-err,builtin-err,file,file,file,file,file,file,file
rref,file,file,file,file,file,file,file,file,file,file,file,file,file,file,file,file,file,file,file,file,file,file,file,file,file,file,file,file,file,file,file,file,file,file,file,file,file
run,file,file,file,file,file,file,file,file,file,file,file,file,file,file,file,file,file,file,file,file,file,file,file,file,file,file,file,file,file,file,file,file,file,file,file,file,file
save,file,file,file,file,file,file,file,file,file,file,file,file,file,file,file,file,file,file,file,file,file,file,file,file,file,file,file,file,file,file,file,file,file,file,file,file,file
scatter,file,file,file,file,file,file,file,file,file,file,file,file,file,file,file,file,file,file,file,file,file,file,file,file,file,file,file,file,file,file,file,file,file,file,file,file,file
scatteredInterpolant,builtin,builtin-err,builtin-err,builtin-err,builtin-err,builtin-err,builtin-err,builtin-err,builtin-err,builtin-err,builtin-err,builtin-err,builtin-err,builtin-err,builtin-err,builtin-err,builtin-err,builtin-err,builtin-err,builtin-err,builtin-err,builtin-err,builtin-err,builtin-err,builtin-err,builtin-err,builtin-err,builtin-err,builtin-err,builtin-err,builtin-err,builtin-err,builtin-err,builtin-err,builtin-err,builtin-err,builtin-err
schur,file,file,file,file,file,file,file,file,file,file,file,file,file,file,file,file,file,file,file,file,file,file,file,file,file,file,file,file,file,file,file,file,file,file,file,file,file
sec,file,file,file,file,file,file,file,file,file,builtin-err,file,file,file,file,file,file,file,file,file,file,file,file,file,file,file,builtin-err,builtin-err,file,file,file,file,file,file,file,file,file,file
secd,file,file,file,file,file,file,file,file,file,builtin-err,file,file,file,file,file,file,file,file,file,file,file,file,file,file,file,builtin-err,builtin-err,file,file,file,file,file,file,file,file,file,file
sech,file,file,file,file,file,file,file,file,file,builtin-err,file,file,file,file,file,file,file,file,file,file,file,file,file,file,file,builtin-err,builtin-err,file,file,file,file,file,file,file,file,file,file
second,file,file,file,file,file,file,file,file,file,file,builtin,file,file,file,file,file,file,file,file,file,file,file,file,file,file,file,file,builtin-err,builtin-err,file,file,file,file,file,file,file,file
seconds,file,file,file,file,file,file,file,file,file,file,file,builtin,file,file,file,file,file,file,file,file,file,file,file,file,file,file,file,file,file,builtin-err,file,file,file,file,file,file,file
semilogx,file,file,file,file,file,file,file,file,file,file,file,file,file,file,file,file,file,file,file,file,file,file,file,file,file,file,file,file,file,file,file,file,file,file,file,file,file
semilogy,file,file,file,file,file,file,file,file,file,file,file,file,file,file,file,file,file,file,file,file,file,file,file,file,file,file,file,file,file,file,file,file,file,file,file,file,file
set,file,file,file,file,file,file,file,file,file,file,file,file,file,file,file,file,file,file,file,file,file,file,file,file,file,file,file,file,file,file,file,file,file,file,file,file,file
setdiff,file,file,file,builtin-err,file,file,file,file,file,builtin-err,builtin-err,builtin-err,builtin-err,file,file,file,file,builtin-err,builtin-err,file,file,file,file,file,file,builtin-err,builtin-err,builtin-err,builtin-err,builtin,builtin-err,file,file,file,file,file,builtin-err
setfield,file,file,file,file,file,file,file,file,file,file,file,file,file,file,file,file,file,file,file,file,file,file,file,file,file,file,file,file,file,file,file,file,file,file,file,file,file
setxor,file,file,file,builtin-err,file,file,file,file,file,builtin-err,builtin-err,builtin-err,builtin-err,file,file,file,file,builtin-err,builtin-err,file,file,file,file,file,file,builtin-err,builtin-err,builtin-err,builtin-err,builtin,builtin-err,file,file,file,file,file,builtin-err
shiftdim,file,file,file,file,file,file,file,file,file,file,file,file,file,file,file,file,file,file,file,file,file,file,file,file,file,file,file,file,file,file,file,file,file,file,file,file,file
show,file,file,file,file,file,file,file,file,file,file,file,file,file,file,file,file,file,file,file,file,file,file,file,file,file,file,file,file,file,file,file,file,file,file,file,file,file
sign,file,builtin,file,file,file,file,builtin,builtin,builtin,file,file,builtin,file,file,builtin-err,file,file,file,file,file,file,builtin-err,builtin-err,builtin-err,file,file,file,file,file,builtin-err,file,file,file,file,file,file,file
sin,file,builtin,file,file,file,file,file,file,file,builtin,file,file,file,file,builtin-err,file,file,file,file,file,file,file,builtin-err,file,file,builtin-err,builtin-err,file,file,file,file,file,file,file,file,file,file
sinc,file,file,file,file,file,file,file,file,file,file,file,file,file,file,file,file,file,file,file,file,file,file,file,file,file,file,file,file,file,file,file,file,file,file,file,file,file
sind,file,builtin,file,file,file,file,file,file,file,builtin,file,file,file,file,builtin-err,file,file,file,file,file,file,file,builtin-err,file,file,builtin-err,builtin-err,file,file,file,file,file,file,file,file,file,file
single,file,builtin,file,file,file,file,builtin,builtin,builtin,builtin-err,builtin-err,builtin-err,builtin,file,builtin-err,file,file,file,file,file,file,builtin-err,builtin-err,builtin-err,file,builtin-err,builtin-err,builtin-err,builtin-err,builtin-err,builtin-err,file,file,file,file,file,file
sinh,file,builtin,file,file,file,file,file,file,file,builtin,file,file,file,file,builtin-err,file,file,file,file,file,file,file,builtin-err,file,file,builtin-err,builtin-err,file,file,file,file,file,file,file,file,file,file
slice,file,file,file,file,file,file,file,file,file,file,file,file,file,file,file,file,file,file,file,file,file,file,file,file,file,file,file,file,file,file,file,file,file,file,file,file,file
smoothdata,file,file,file,file,file,file,file,file,file,file,file,file,file,file,file,file,file,file,file,file,file,file,file,file,file,file,file,file,file,file,file,file,file,file,file,file,file
sort,file,builtin,builtin,builtin-err,file,file,builtin,builtin,builtin,builtin-err,builtin,builtin,builtin,builtin,builtin-err,file,builtin-err,builtin-err,builtin-err,file,file,builtin-err,builtin-err,builtin-err,builtin-err,builtin-err,builtin-err,builtin-err,builtin-err,builtin-err,builtin-err,builtin-err,builtin-err,builtin-err,file,file,builtin-err
sortrows,file,file,file,file,file,file,file,file,file,builtin,builtin,builtin,builtin,file,file,file,file,file,file,file,file,file,file,file,file,builtin-err,builtin-err,builtin-err,builtin,builtin-err,builtin-err,file,file,file,file,file,file
sosfilt,file,file,file,file,file,file,file,file,file,file,file,file,file,file,file,file,file,file,file,file,file,file,file,file,file,file,file,file,file,file,file,file,file,file,file,file,file
spalloc,file,file,file,file,file,file,file,file,file,file,file,file,file,file,file,file,file,file,file,file,file,file,file,file,file,file,file,file,file,file,file,file,file,file,file,file,file
sparameters,builtin,builtin-err,builtin-err,builtin-err,builtin-err,builtin-err,builtin-err,builtin-err,builtin-err,builtin-err,builtin-err,builtin-err,builtin-err,builtin-err,builtin,builtin-err,builtin-err,builtin-err,builtin-err,builtin-err,builtin-err,builtin,builtin-err,builtin-err,builtin-err,builtin-err,builtin-err,builtin-err,builtin-err,builtin-err,builtin-err,builtin-err,builtin-err,builtin-err,builtin-err,builtin-err,builtin-err
sparse,file,file,file,file,file,file,file,file,file,file,file,file,file,file,file,file,file,file,file,file,file,file,file,file,file,file,file,file,file,file,file,file,file,file,file,file,file
spconvert,file,file,file,file,file,file,file,file,file,file,file,file,file,file,file,file,file,file,file,file,file,file,file,file,file,file,file,file,file,file,file,file,file,file,file,file,file
spdiags,file,file,file,file,file,file,file,file,file,file,file,file,file,file,file,file,file,file,file,file,file,file,file,file,file,file,file,file,file,file,file,file,file,file,file,file,file
spectrogram,file,file,file,file,file,file,file,file,file,file,file,file,file,file,file,file,file,file,file,file,file,file,file,file,file,file,file,file,file,file,file,file,file,file,file,file,file
spectrum,file,file,file,file,file,file,file,file,file,file,file,file,file,file,file,file,file,file,file,file,file,file,file,file,file,file,file,file,file,file,file,file,file,file,file,file,file
speye,file,file,file,file,file,file,file,file,file,file,file,file,file,file,file,file,file,file,file,file,file,file,file,file,file,file,file,file,file,file,file,file,file,file,file,file,file
spfun,file,file,file,file,file,file,file,file,file,file,file,file,file,file,file,file,file,file,file,file,file,file,file,file,file,file,file,file,file,file,file,file,file,file,file,file,file
sph2cart,file,file,file,file,file,file,file,file,file,file,file,file,file,file,file,file,file,file,file,file,file,file,file,file,file,file,file,file,file,file,file,file,file,file,file,file,file
spline,file,file,file,file,file,file,file,file,file,file,file,file,file,file,file,file,file,file,file,file,file,file,file,file,file,file,file,file,file,file,file,file,file,file,file,file,file
split,file,file,builtin,file,file,file,file,file,file,file,file,file,file,file,file,file,builtin-err,file,file,file,file,file,file,file,builtin,file,file,file,file,file,file,file,file,builtin-err,file,file,file
splitapply,file,file,file,file,file,file,file,file,file,file,file,file,file,file,file,file,file,file,file,file,file,file,file,file,file,file,file,file,file,file,file,file,file,file,file,file,file
splitlines,file,file,builtin,file,file,file,file,file,file,file,file,file,file,file,file,file,builtin-err,file,file,file,file,file,file,file,builtin-err,file,file,file,file,file,file,file,file,builtin-err,file,file,file
spones,file,file,file,file,file,file,file,file,file,file,file,file,file,file,file,file,file,file,file,file,file,file,file,file,file,file,file,file,file,file,file,file,file,file,file,file,file
sprand,file,file,file,file,file,file,file,file,file,file,file,file,file,file,file,file,file,file,file,file,file,file,file,file,file,file,file,file,file,file,file,file,file,file,file,file,file
sprandn,file,file,file,file,file,file,file,file,file,file,file,file,file,file,file,file,file,file,file,file,file,file,file,file,file,file,file,file,file,file,file,file,file,file,file,file,file
sprandsym,file,file,file,file,file,file,file,file,file,file,file,file,file,file,file,file,file,file,file,file,file,file,file,file,file,file,file,file,file,file,file,file,file,file,file,file,file
sprintf,file,file,file,file,file,file,file,file,file,file,file,file,file,file,file,file,file,file,file,file,file,file,file,file,file,file,file,file,file,file,file,file,file,file,file,file,file
spy,file,file,file,file,file,file,file,file,file,file,file,file,file,file,file,file,file,file,file,file,file,file,file,file,file,file,file,file,file,file,file,file,file,file,file,file,file
sqrt,file,builtin,file,file,file,file,file,file,file,builtin,file,file,file,file,builtin-err,file,file,file,file,file,file,file,builtin-err,file,file,builtin-err,builtin-err,file,file,file,file,file,file,file,file,file,file
sqrtm,file,file,file,file,file,file,file,file,file,file,file,file,file,file,file,file,file,file,file,file,file,file,file,file,file,file,file,file,file,file,file,file,file,file,file,file,file
squeeze,file,file,file,file,file,file,file,file,file,file,file,file,file,file,file,file,file,file,file,file,file,file,file,file,file,file,file,file,file,file,file,file,file,file,file,file,file
ss,builtin,builtin,builtin-err,builtin-err,builtin-err,builtin-err,builtin-err,builtin-err,builtin,builtin-err,builtin-err,builtin-err,builtin-err,builtin-err,builtin-err,builtin-err,builtin-err,builtin-err,builtin-err,builtin,builtin-err,builtin-err,builtin-err,builtin-err,builtin-err,builtin-err,builtin-err,builtin-err,builtin-err,builtin-err,builtin-err,builtin-err,builtin-err,builtin-err,builtin-err,builtin-err,builtin-err
ssim,file,file,file,file,file,file,file,file,file,file,file,file,file,file,file,file,file,file,file,file,file,file,file,file,file,file,file,file,file,file,file,file,file,file,file,file,file
standardizeMissing,file,file,file,file,file,file,file,file,file,file,file,file,file,file,file,file,file,file,file,file,file,file,file,file,file,file,file,file,file,file,file,file,file,file,file,file,file
startsWith,file,file,builtin-err,file,file,file,file,file,file,file,file,file,file,file,file,builtin-err,builtin-err,file,file,file,file,file,file,file,builtin,file,file,file,file,file,file,file,file,builtin-err,builtin-err,builtin-err,file
std,file,file,file,file,file,file,file,file,file,builtin,builtin-err,builtin-err,file,file,file,file,file,file,file,file,file,file,file,file,file,builtin-err,builtin,builtin-err,builtin-err,builtin-err,file,file,file,file,file,file,file
std2,file,file,file,file,file,file,file,file,file,file,file,file,file,file,file,file,file,file,file,file,file,file,file,file,file,file,file,file,file,file,file,file,file,file,file,file,file
stdfilt,file,file,file,file,file,file,file,file,file,file,file,file,file,file,file,file,file,file,file,file,file,file,file,file,file,file,file,file,file,file,file,file,file,file,file,file,file
stft,file,file,file,file,file,file,file,file,file,file,file,file,file,file,file,file,file,file,file,file,file,file,file,file,file,file,file,file,file,file,file,file,file,file,file,file,file
stftmag2sig,file,file,file,file,file,file,file,file,file,file,file,file,file,file,file,file,file,file,file,file,file,file,file,file,file,file,file,file,file,file,file,file,file,file,file,file,file
str2double,file,file,file,file,file,file,file,file,file,file,file,file,file,file,file,file,file,file,file,file,file,file,file,file,file,file,file,file,file,file,file,file,file,file,file,file,file
str2num,file,file,file,file,file,file,file,file,file,file,file,file,file,file,file,file,file,file,file,file,file,file,file,file,file,file,file,file,file,file,file,file,file,file,file,file,file
strcat,file,file,builtin,builtin,file,file,file,file,file,file,file,file,file,file,file,builtin-err,builtin-err,builtin-err,builtin-err,file,file,file,file,file,builtin,file,file,file,file,file,file,file,file,builtin,builtin,builtin-err,builtin-err
strcmpi,file,file,file,file,file,file,file,file,file,file,file,file,file,file,file,file,file,file,file,file,file,file,file,file,file,file,file,file,file,file,file,file,file,file,file,file,file
stretchlim,file,file,file,file,file,file,file,file,file,file,file,file,file,file,file,file,file,file,file,file,file,file,file,file,file,file,file,file,file,file,file,file,file,file,file,file,file
strfind,file,file,file,file,file,file,file,file,file,file,file,file,file,file,file,file,file,file,file,file,file,file,file,file,file,file,file,file,file,file,file,file,file,file,file,file,file
strip,file,file,builtin,file,file,file,file,file,file,file,file,file,file,file,file,file,builtin-err,file,file,file,file,file,file,file,builtin,file,file,file,file,file,file,file,file,builtin-err,file,file,file
strlength,file,file,builtin,file,file,file,file,file,file,file,file,file,file,file,file,file,builtin-err,file,file,file,file,file,file,file,builtin-err,file,file,file,file,file,file,file,file,builtin-err,file,file,file
strmatch,file,file,file,file,file,file,file,file,file,file,file,file,file,file,file,file,file,file,file,file,file,file,file,file,file,file,file,file,file,file,file,file,file,file,file,file,file
strncmp,file,file,file,file,file,file,file,file,file,file,file,file,file,file,file,file,file,file,file,file,file,file,file,file,file,file,file,file,file,file,file,file,file,file,file,file,file
strncmpi,file,file,file,file,file,file,file,file,file,file,file,file,file,file,file,file,file,file,file,file,file,file,file,file,file,file,file,file,file,file,file,file,file,file,file,file,file
strrep,file,file,file,file,file,file,file,file,file,file,file,file,file,file,file,file,file,file,file,file,file,file,file,file,file,file,file,file,file,file,file,file,file,file,file,file,file
strtrim,file,file,file,file,file,file,file,file,file,file,file,file,file,file,file,file,file,file,file,file,file,file,file,file,file,file,file,file,file,file,file,file,file,file,file,file,file
struct2cell,file,file,file,file,builtin,file,file,file,file,file,file,file,file,file,file,file,file,file,file,builtin-err,file,file,file,file,file,file,file,file,file,file,file,file,file,file,file,file,file
sub2ind,file,file,file,file,file,file,file,file,file,file,file,file,file,file,file,file,file,file,file,file,file,file,file,file,file,file,file,file,file,file,file,file,file,file,file,file,file
subspace,file,file,file,file,file,file,file,file,file,file,file,file,file,file,file,file,file,file,file,file,file,file,file,file,file,file,file,file,file,file,file,file,file,file,file,file,file
sum,file,builtin,file,file,file,file,file,builtin,builtin,builtin,file,builtin,file,file,builtin-err,file,file,file,file,file,file,builtin-err,builtin-err,file,file,builtin-err,builtin-err,file,file,file,file,file,file,file,file,file,file
summary,file,file,file,file,file,file,file,file,file,builtin,file,file,builtin,file,file,file,file,file,file,file,file,file,file,file,file,builtin-err,builtin-err,file,file,file,builtin-err,file,file,file,file,file,file
surface,file,file,file,file,file,file,file,file,file,file,file,file,file,file,file,file,file,file,file,file,file,file,file,file,file,file,file,file,file,file,file,file,file,file,file,file,file
svd,file,builtin,file,file,file,file,file,file,file,file,file,file,file,file,builtin-err,file,file,file,file,file,file,file,builtin-err,file,file,file,file,file,file,file,file,file,file,file,file,file,file
svds,file,file,file,file,file,file,file,file,file,file,file,file,file,file,file,file,file,file,file,file,file,file,file,file,file,file,file,file,file,file,file,file,file,file,file,file,file
symmlq,file,file,file,file,file,file,file,file,file,file,file,file,file,file,file,file,file,file,file,file,file,file,file,file,file,file,file,file,file,file,file,file,file,file,file,file,file
symrcm,file,builtin,file,file,file,file,file,builtin,file,file,file,file,file,file,builtin-err,file,file,file,file,file,file,file,builtin-err,file,file,file,file,file,file,file,file,file,file,file,file,file,file
symvar,file,file,file,file,file,file,file,file,file,file,file,file,file,file,file,file,file,file,file,file,file,file,file,file,file,file,file,file,file,file,file,file,file,file,file,file,file
tail,file,file,file,file,file,file,file,file,file,file,file,file,file,file,file,file,file,file,file,file,file,file,file,file,file,file,file,file,file,file,file,file,file,file,file,file,file
tan,file,builtin,file,file,file,file,file,file,file,builtin,file,file,file,file,builtin-err,file,file,file,file,file,file,file,builtin-err,file,file,builtin-err,builtin-err,file,file,file,file,file,file,file,file,file,file
tand,file,builtin,file,file,file,file,file,file,file,builtin,file,file,file,file,builtin-err,file,file,file,file,file,file,file,builtin-err,file,file,builtin-err,builtin-err,file,file,file,file,file,file,file,file,file,file
tanh,file,builtin,file,file,file,file,file,file,file,builtin,file,file,file,file,builtin-err,file,file,file,file,file,file,file,builtin-err,file,file,builtin-err,builtin-err,file,file,file,file,file,file,file,file,file,file
texlabel,file,file,file,file,file,file,file,file,file,file,file,file,file,file,file,file,file,file,file,file,file,file,file,file,file,file,file,file,file,file,file,file,file,file,file,file,file
tf,builtin,builtin,builtin-err,builtin-err,builtin-err,builtin-err,builtin-err,builtin-err,builtin,builtin-err,builtin-err,builtin-err,builtin-err,builtin-err,builtin,builtin-err,builtin-err,builtin,builtin,builtin-err,builtin-err,builtin,builtin-err,builtin-err,builtin-err,builtin-err,builtin-err,builtin-err,builtin-err,builtin-err,builtin-err,builtin-err,builtin-err,builtin-err,builtin-err,builtin-err,builtin-err
tfestimate,file,file,file,file,file,file,file,file,file,file,file,file,file,file,file,file,file,file,file,file,file,file,file,file,file,file,file,file,file,file,file,file,file,file,file,file,file
tfqmr,file,file,file,file,file,file,file,file,file,file,file,file,file,file,file,file,file,file,file,file,file,file,file,file,file,file,file,file,file,file,file,file,file,file,file,file,file
time,file,file,file,file,file,file,file,file,file,file,file,file,file,file,file,file,file,file,file,file,file,file,file,file,file,file,file,file,file,file,file,file,file,file,file,file,file
timeofday,file,file,file,file,file,file,file,file,file,file,builtin,file,file,file,file,file,file,file,file,file,file,file,file,file,file,file,file,builtin-err,builtin-err,file,file,file,file,file,file,file,file
times,file,builtin-err,file,file,file,file,builtin-err,builtin-err,builtin-err,builtin-err,file,builtin-err,builtin-err,file,builtin,file,file,file,file,file,file,builtin,builtin,builtin,file,builtin,builtin,file,file,builtin,builtin-err,file,file,file,file,file,file
timetable,builtin,builtin-err,builtin-err,builtin-err,builtin-err,builtin-err,builtin-err,builtin-err,builtin-err,builtin-err,builtin,builtin,builtin-err,builtin-err,builtin-err,builtin-err,builtin-err,builtin-err,builtin-err,builtin-err,builtin-err,builtin-err,builtin-err,builtin-err,builtin-err,builtin-err,builtin-err,builtin-err,builtin,builtin-err,builtin-err,builtin-err,builtin-err,builtin-err,builtin-err,builtin-err,builtin-err
toeplitz,file,file,file,file,file,file,file,file,file,file,file,file,file,file,file,file,file,file,file,file,file,file,file,file,file,file,file,file,file,file,file,file,file,file,file,file,file
topkrows,file,file,file,file,file,file,file,file,file,builtin-err,builtin-err,builtin-err,builtin-err,file,file,file,file,file,file,file,file,file,file,file,file,builtin-err,builtin-err,builtin-err,builtin,builtin-err,builtin-err,file,file,file,file,file,file
trace,file,file,file,file,file,file,file,file,file,file,file,file,file,file,file,file,file,file,file,file,file,file,file,file,file,file,file,file,file,file,file,file,file,file,file,file,file
transpose,file,builtin,builtin,builtin,builtin,file,builtin,builtin,builtin,builtin-err,builtin,builtin,builtin,builtin,builtin-err,file,builtin-err,builtin-err,builtin-err,builtin-err,file,builtin-err,builtin-err,builtin-err,builtin-err,builtin-err,builtin-err,builtin-err,builtin-err,builtin-err,builtin-err,builtin-err,builtin-err,builtin-err,file,file,builtin-err
trapz,file,file,file,file,file,file,file,file,file,file,file,file,file,file,file,file,file,file,file,file,file,file,file,file,file,file,file,file,file,file,file,file,file,file,file,file,file
tril,file,builtin,file,file,file,file,builtin,builtin,builtin,file,file,file,file,file,builtin-err,file,file,file,file,file,file,builtin-err,builtin,builtin-err,file,file,file,file,file,file,file,file,file,file,file,file,file
trim,file,file,file,file,file,file,file,file,file,file,file,file,file,file,file,file,file,file,file,file,file,file,file,file,file,file,file,file,file,file,file,file,file,file,file,file,file
triu,file,builtin,file,file,file,file,builtin,builtin,builtin,file,file,file,file,file,builtin-err,file,file,file,file,file,file,builtin-err,builtin,builtin-err,file,file,file,file,file,file,file,file,file,file,file,file,file
type,file,file,file,file,file,file,file,file,file,file,file,file,file,file,file,file,file,file,file,file,file,file,file,file,file,file,file,file,file,file,file,file,file,file,file,file,file
typecast,file,file,file,file,file,file,file,file,file,file,file,file,file,file,file,file,file,file,file,file,file,file,file,file,file,file,file,file,file,file,file,file,file,file,file,file,file
tzoffset,file,file,file,file,file,file,file,file,file,file,builtin,file,file,file,file,file,file,file,file,file,file,file,file,file,file,file,file,builtin-err,builtin-err,file,file,file,file,file,file,file,file
uminus,file,builtin,file,file,file,file,builtin,builtin,builtin,file,file,builtin,file,file,builtin-err,file,file,file,file,file,file,builtin-err,builtin-err,builtin-err,file,file,file,file,file,builtin-err,file,file,file,file,file,file,file
union,file,file,file,builtin-err,file,file,file,file,file,builtin-err,builtin-err,builtin-err,builtin-err,file,file,file,file,builtin-err,builtin-err,file,file,file,file,file,file,builtin-err,builtin-err,builtin-err,builtin-err,builtin,builtin-err,file,file,file,file,file,builtin-err
unique,file,file,file,builtin-err,file,file,file,file,file,builtin-err,builtin,builtin,builtin,file,file,file,file,builtin-err,builtin-err,file,file,file,file,file,file,builtin-err,builtin-err,builtin-err,builtin,builtin-err,builtin-err,file,file,file,file,file,builtin-err
uniquetol,file,file,file,file,file,file,file,file,file,file,file,file,file,file,file,file,file,file,file,file,file,file,file,file,file,file,file,file,file,file,file,file,file,file,file,file,file
unwrap,file,file,file,file,file,file,file,file,file,file,file,file,file,file,file,file,file,file,file,file,file,file,file,file,file,file,file,file,file,file,file,file,file,file,file,file,file
upfirdn,file,file,file,file,file,file,file,file,file,file,file,file,file,file,file,file,file,file,file,file,file,file,file,file,file,file,file,file,file,file,file,file,file,file,file,file,file
uplus,file,builtin,file,file,file,file,builtin,builtin,builtin,file,file,builtin,file,file,builtin-err,file,file,file,file,file,file,builtin-err,builtin-err,builtin-err,file,file,file,file,file,builtin-err,file,file,file,file,file,file,file
upper,file,file,builtin,file,file,file,file,file,file,file,file,file,file,file,file,file,builtin-err,file,file,file,file,file,file,file,builtin-err,file,file,file,file,file,file,file,file,builtin-err,file,file,file
upsample,file,file,file,file,file,file,file,file,file,file,file,file,file,file,file,file,file,file,file,file,file,file,file,file,file,file,file,file,file,file,file,file,file,file,file,file,file
validateattributes,file,file,file,file,file,file,file,file,file,file,file,file,file,file,file,file,file,file,file,file,file,file,file,file,file,file,file,file,file,file,file,file,file,file,file,file,file
vander,file,file,file,file,file,file,file,file,file,file,file,file,file,file,file,file,file,file,file,file,file,file,file,file,file,file,file,file,file,file,file,file,file,file,file,file,file
var,file,file,file,file,file,file,file,file,file,builtin,file,file,file,file,file,file,file,file,file,file,file,file,file,file,file,builtin-err,builtin,file,file,file,file,file,file,file,file,file,file
vecnorm,file,builtin,file,file,file,file,file,file,file,file,file,file,file,file,builtin,file,file,file,file,file,file,file,builtin-err,file,file,file,file,file,file,file,file,file,file,file,file,file,file
vectorize,file,file,file,file,file,file,file,file,file,file,file,file,file,file,file,file,file,file,file,file,file,file,file,file,file,file,file,file,file,file,file,file,file,file,file,file,file
version,file,file,file,file,file,file,file,file,file,file,file,file,file,file,file,file,file,file,file,file,file,file,file,file,file,file,file,file,file,file,file,file,file,file,file,file,file
vertcat,file,file,builtin,file,file,file,file,file,file,builtin-err,builtin,builtin,builtin,builtin,file,builtin,builtin,file,file,file,file,file,file,file,builtin,builtin-err,builtin-err,builtin-err,builtin-err,builtin,builtin-err,file,builtin-err,builtin,builtin,builtin,file
view,file,file,file,file,file,file,file,file,file,file,file,file,file,file,file,file,file,file,file,file,file,file,file,file,file,file,file,file,file,file,file,file,file,file,file,file,file
waitfor,file,file,file,file,file,file,file,file,file,file,file,file,file,file,file,file,file,file,file,file,file,file,file,file,file,file,file,file,file,file,file,file,file,file,file,file,file
week,file,file,file,file,file,file,file,file,file,file,builtin,file,file,file,file,file,file,file,file,file,file,file,file,file,file,file,file,builtin-err,builtin-err,file,file,file,file,file,file,file,file
width,file,file,file,file,file,file,file,file,file,file,file,file,file,file,file,file,file,file,file,file,file,file,file,file,file,file,file,file,file,file,file,file,file,file,file,file,file
wiener2,file,file,file,file,file,file,file,file,file,file,file,file,file,file,file,file,file,file,file,file,file,file,file,file,file,file,file,file,file,file,file,file,file,file,file,file,file
writecell,file,file,file,file,file,file,file,file,file,file,file,file,file,file,file,file,file,file,file,file,file,file,file,file,file,file,file,file,file,file,file,file,file,file,file,file,file
writematrix,file,file,file,file,file,file,file,file,file,file,file,file,file,file,file,file,file,file,file,file,file,file,file,file,file,file,file,file,file,file,file,file,file,file,file,file,file
writetable,file,file,file,file,file,file,file,file,file,file,file,file,file,file,file,file,file,file,file,file,file,file,file,file,file,file,file,file,file,file,file,file,file,file,file,file,file
x2fx,file,file,file,file,file,file,file,file,file,file,file,file,file,file,file,file,file,file,file,file,file,file,file,file,file,file,file,file,file,file,file,file,file,file,file,file,file
xcorr,file,file,file,file,file,file,file,file,file,file,file,file,file,file,file,file,file,file,file,file,file,file,file,file,file,file,file,file,file,file,file,file,file,file,file,file,file
xcov,file,file,file,file,file,file,file,file,file,file,file,file,file,file,file,file,file,file,file,file,file,file,file,file,file,file,file,file,file,file,file,file,file,file,file,file,file
xlim,file,file,file,file,file,file,file,file,file,file,file,file,file,file,file,file,file,file,file,file,file,file,file,file,file,file,file,file,file,file,file,file,file,file,file,file,file
xor,file,builtin-err,file,file,file,file,builtin-err,builtin-err,builtin-err,builtin-err,file,file,file,file,builtin,file,file,file,file,file,file,builtin,builtin,builtin,file,builtin,builtin,file,file,file,file,file,file,file,file,file,file
xspectrogram,file,file,file,file,file,file,file,file,file,file,file,file,file,file,file,file,file,file,file,file,file,file,file,file,file,file,file,file,file,file,file,file,file,file,file,file,file
ycbcr2rgb,file,file,file,file,file,file,file,file,file,file,file,file,file,file,file,file,file,file,file,file,file,file,file,file,file,file,file,file,file,file,file,file,file,file,file,file,file
year,file,file,file,file,file,file,file,file,file,file,builtin,file,file,file,file,file,file,file,file,file,file,file,file,file,file,file,file,builtin-err,builtin-err,file,file,file,file,file,file,file,file
years,file,file,file,file,file,file,file,file,file,file,file,builtin,file,file,file,file,file,file,file,file,file,file,file,file,file,file,file,file,file,builtin-err,file,file,file,file,file,file,file
ylim,file,file,file,file,file,file,file,file,file,file,file,file,file,file,file,file,file,file,file,file,file,file,file,file,file,file,file,file,file,file,file,file,file,file,file,file,file
ymd,file,file,file,file,file,file,file,file,file,file,builtin,file,file,file,file,file,file,file,file,file,file,file,file,file,file,file,file,builtin-err,builtin-err,file,file,file,file,file,file,file,file
yyyymmdd,file,file,file,file,file,file,file,file,file,file,builtin,file,file,file,file,file,file,file,file,file,file,file,file,file,file,file,file,builtin-err,builtin-err,file,file,file,file,file,file,file,file
zeros,file,file,file,file,file,file,file,file,file,file,file,file,file,file,file,file,file,file,file,file,file,file,file,file,file,file,file,file,file,file,file,file,file,file,file,file,file
zlim,file,file,file,file,file,file,file,file,file,file,file,file,file,file,file,file,file,file,file,file,file,file,file,file,file,file,file,file,file,file,file,file,file,file,file,file,file
zpk,builtin,builtin,builtin-err,builtin-err,builtin-err,builtin-err,builtin-err,builtin-err,builtin,builtin-err,builtin-err,builtin-err,builtin-err,builtin-err,builtin-err,builtin-err,builtin-err,builtin-err,builtin-err,builtin-err,builtin-err,builtin-err,builtin-err,builtin-err,builtin-err,builtin-err,builtin-err,builtin-err,builtin-err,builtin-err,builtin-err,builtin-err,builtin-err,builtin-err,builtin-err,builtin-err,builtin-err
