name,"none","double","string","cell","struct","fh","char","logical","int8","table","datetime","duration","categorical","map","double,double","double,string","string,double","double,cell","cell,double","double,struct","double,fh","int8,double","double,char","char,double","string,string","double,table","table,double","double,datetime","datetime,double","double,duration","double,categorical","double,map","map,double","string,cell","cell,string","double,double,string","double,double,cell"
BetaDistribution,file,file,file,file,file,file,file,file,file,file,file,file,file,file,file,file,file,file,file,file,file,file,file,file,file,file,file,file,file,file,file,file,file,file,file,file,file
BinomialDistribution,file,file,file,file,file,file,file,file,file,file,file,file,file,file,file,file,file,file,file,file,file,file,file,file,file,file,file,file,file,file,file,file,file,file,file,file,file
BirnbaumSaundersDistribution,file,file,file,file,file,file,file,file,file,file,file,file,file,file,file,file,file,file,file,file,file,file,file,file,file,file,file,file,file,file,file,file,file,file,file,file,file
BurrDistribution,file,file,file,file,file,file,file,file,file,file,file,file,file,file,file,file,file,file,file,file,file,file,file,file,file,file,file,file,file,file,file,file,file,file,file,file,file
ExhaustiveSearcher,file,file,file,file,file,file,file,file,file,file,file,file,file,file,file,file,file,file,file,file,file,file,file,file,file,file,file,file,file,file,file,file,file,file,file,file,file
ExponentialDistribution,file,file,file,file,file,file,file,file,file,file,file,file,file,file,file,file,file,file,file,file,file,file,file,file,file,file,file,file,file,file,file,file,file,file,file,file,file
ExtremeValueDistribution,file,file,file,file,file,file,file,file,file,file,file,file,file,file,file,file,file,file,file,file,file,file,file,file,file,file,file,file,file,file,file,file,file,file,file,file,file
GammaDistribution,file,file,file,file,file,file,file,file,file,file,file,file,file,file,file,file,file,file,file,file,file,file,file,file,file,file,file,file,file,file,file,file,file,file,file,file,file
GeneralizedExtremeValueDistribution,file,file,file,file,file,file,file,file,file,file,file,file,file,file,file,file,file,file,file,file,file,file,file,file,file,file,file,file,file,file,file,file,file,file,file,file,file
GeneralizedParetoDistribution,file,file,file,file,file,file,file,file,file,file,file,file,file,file,file,file,file,file,file,file,file,file,file,file,file,file,file,file,file,file,file,file,file,file,file,file,file
HalfNormalDistribution,file,file,file,file,file,file,file,file,file,file,file,file,file,file,file,file,file,file,file,file,file,file,file,file,file,file,file,file,file,file,file,file,file,file,file,file,file
InverseGaussianDistribution,file,file,file,file,file,file,file,file,file,file,file,file,file,file,file,file,file,file,file,file,file,file,file,file,file,file,file,file,file,file,file,file,file,file,file,file,file
KDTreeSearcher,builtin-err,builtin,builtin,builtin-err,builtin-err,builtin-err,builtin,builtin,builtin,builtin-err,builtin-err,builtin-err,builtin,builtin-err,builtin-err,builtin-err,builtin-err,builtin-err,builtin-err,builtin-err,builtin-err,builtin-err,builtin-err,builtin-err,builtin-err,builtin-err,builtin-err,builtin-err,builtin-err,builtin-err,builtin-err,builtin-err,builtin-err,builtin-err,builtin-err,builtin-err,builtin-err
KernelDistribution,file,file,file,file,file,file,file,file,file,file,file,file,file,file,file,file,file,file,file,file,file,file,file,file,file,file,file,file,file,file,file,file,file,file,file,file,file
LogisticDistribution,file,file,file,file,file,file,file,file,file,file,file,file,file,file,file,file,file,file,file,file,file,file,file,file,file,file,file,file,file,file,file,file,file,file,file,file,file
LoglogisticDistribution,file,file,file,file,file,file,file,file,file,file,file,file,file,file,file,file,file,file,file,file,file,file,file,file,file,file,file,file,file,file,file,file,file,file,file,file,file
LognormalDistribution,file,file,file,file,file,file,file,file,file,file,file,file,file,file,file,file,file,file,file,file,file,file,file,file,file,file,file,file,file,file,file,file,file,file,file,file,file
LoguniformDistribution,file,file,file,file,file,file,file,file,file,file,file,file,file,file,file,file,file,file,file,file,file,file,file,file,file,file,file,file,file,file,file,file,file,file,file,file,file
MException,builtin-err,builtin-err,builtin-err,builtin-err,builtin-err,builtin-err,builtin-err,builtin-err,builtin-err,builtin-err,builtin-err,builtin-err,builtin-err,builtin-err,builtin-err,builtin-err,builtin-err,builtin-err,builtin-err,builtin-err,builtin-err,builtin-err,builtin-err,builtin-err,builtin-err,builtin-err,builtin-err,builtin-err,builtin-err,builtin-err,builtin-err,builtin-err,builtin-err,builtin-err,builtin-err,builtin-err,builtin-err
MultinomialDistribution,file,file,file,file,file,file,file,file,file,file,file,file,file,file,file,file,file,file,file,file,file,file,file,file,file,file,file,file,file,file,file,file,file,file,file,file,file
NaT,file,file,file,file,file,file,file,file,file,file,file,file,file,file,file,file,file,file,file,file,file,file,file,file,file,file,file,file,file,file,file,file,file,file,file,file,file
NakagamiDistribution,file,file,file,file,file,file,file,file,file,file,file,file,file,file,file,file,file,file,file,file,file,file,file,file,file,file,file,file,file,file,file,file,file,file,file,file,file
NegativeBinomialDistribution,file,file,file,file,file,file,file,file,file,file,file,file,file,file,file,file,file,file,file,file,file,file,file,file,file,file,file,file,file,file,file,file,file,file,file,file,file
NormalDistribution,file,file,file,file,file,file,file,file,file,file,file,file,file,file,file,file,file,file,file,file,file,file,file,file,file,file,file,file,file,file,file,file,file,file,file,file,file
PiecewiseLinearDistribution,file,file,file,file,file,file,file,file,file,file,file,file,file,file,file,file,file,file,file,file,file,file,file,file,file,file,file,file,file,file,file,file,file,file,file,file,file
PoissonDistribution,file,file,file,file,file,file,file,file,file,file,file,file,file,file,file,file,file,file,file,file,file,file,file,file,file,file,file,file,file,file,file,file,file,file,file,file,file
RayleighDistribution,file,file,file,file,file,file,file,file,file,file,file,file,file,file,file,file,file,file,file,file,file,file,file,file,file,file,file,file,file,file,file,file,file,file,file,file,file
RicianDistribution,file,file,file,file,file,file,file,file,file,file,file,file,file,file,file,file,file,file,file,file,file,file,file,file,file,file,file,file,file,file,file,file,file,file,file,file,file
StableDistribution,file,file,file,file,file,file,file,file,file,file,file,file,file,file,file,file,file,file,file,file,file,file,file,file,file,file,file,file,file,file,file,file,file,file,file,file,file
TriangularDistribution,file,file,file,file,file,file,file,file,file,file,file,file,file,file,file,file,file,file,file,file,file,file,file,file,file,file,file,file,file,file,file,file,file,file,file,file,file
UniformDistribution,file,file,file,file,file,file,file,file,file,file,file,file,file,file,file,file,file,file,file,file,file,file,file,file,file,file,file,file,file,file,file,file,file,file,file,file,file
VideoWriter,file,file,file,file,file,file,file,file,file,file,file,file,file,file,file,file,file,file,file,file,file,file,file,file,file,file,file,file,file,file,file,file,file,file,file,file,file
WeibullDistribution,file,file,file,file,file,file,file,file,file,file,file,file,file,file,file,file,file,file,file,file,file,file,file,file,file,file,file,file,file,file,file,file,file,file,file,file,file
abcd2s,file,file,file,file,file,file,file,file,file,file,file,file,file,file,file,file,file,file,file,file,file,file,file,file,file,file,file,file,file,file,file,file,file,file,file,file,file
abs,file,builtin,file,file,file,file,builtin,builtin,builtin,builtin,file,builtin,file,file,builtin-err,file,file,file,file,file,file,builtin-err,builtin-err,builtin-err,file,builtin-err,builtin-err,file,file,builtin-err,file,file,file,file,file,file,file
ac2poly,file,file,file,file,file,file,file,file,file,file,file,file,file,file,file,file,file,file,file,file,file,file,file,file,file,file,file,file,file,file,file,file,file,file,file,file,file
ac2rc,file,file,file,file,file,file,file,file,file,file,file,file,file,file,file,file,file,file,file,file,file,file,file,file,file,file,file,file,file,file,file,file,file,file,file,file,file
accumarray,file,builtin-err,file,file,file,file,file,builtin-err,builtin-err,file,file,file,file,file,builtin-err,file,file,file,file,file,file,builtin,builtin-err,file,file,file,file,file,file,file,file,file,file,file,file,file,file
acos,file,builtin,file,file,file,file,file,file,file,builtin,file,file,file,file,builtin-err,file,file,file,file,file,file,file,builtin-err,file,file,builtin-err,builtin-err,file,file,file,file,file,file,file,file,file,file
acosd,file,builtin,file,file,file,file,file,file,file,builtin,file,file,file,file,builtin-err,file,file,file,file,file,file,file,builtin-err,file,file,builtin-err,builtin-err,file,file,file,file,file,file,file,file,file,file
acosh,file,builtin,file,file,file,file,file,file,file,builtin,file,file,file,file,builtin-err,file,file,file,file,file,file,file,builtin-err,file,file,builtin-err,builtin-err,file,file,file,file,file,file,file,file,file,file
acot,file,builtin,file,file,file,file,file,file,file,builtin,file,file,file,file,builtin-err,file,file,file,file,file,file,file,builtin-err,file,file,builtin-err,builtin-err,file,file,file,file,file,file,file,file,file,file
acotd,file,builtin,file,file,file,file,file,file,file,builtin,file,file,file,file,builtin-err,file,file,file,file,file,file,file,builtin-err,file,file,builtin-err,builtin-err,file,file,file,file,file,file,file,file,file,file
acoth,file,builtin,file,file,file,file,file,file,file,builtin,file,file,file,file,builtin-err,file,file,file,file,file,file,file,builtin-err,file,file,builtin-err,builtin-err,file,file,file,file,file,file,file,file,file,file
acsc,file,builtin,file,file,file,file,file,file,file,builtin,file,file,file,file,builtin-err,file,file,file,file,file,file,file,builtin-err,file,file,builtin-err,builtin-err,file,file,file,file,file,file,file,file,file,file
acscd,file,builtin,file,file,file,file,file,file,file,builtin,file,file,file,file,builtin-err,file,file,file,file,file,file,file,builtin-err,file,file,builtin-err,builtin-err,file,file,file,file,file,file,file,file,file,file
acsch,file,builtin,file,file,file,file,file,file,file,builtin,file,file,file,file,builtin-err,file,file,file,file,file,file,file,builtin-err,file,file,builtin-err,builtin-err,file,file,file,file,file,file,file,file,file,file
activecontour,file,file,file,file,file,file,file,file,file,file,file,file,file,file,file,file,file,file,file,file,file,file,file,file,file,file,file,file,file,file,file,file,file,file,file,file,file
adapthisteq,file,file,file,file,file,file,file,file,file,file,file,file,file,file,file,file,file,file,file,file,file,file,file,file,file,file,file,file,file,file,file,file,file,file,file,file,file
adaptthresh,file,file,file,file,file,file,file,file,file,file,file,file,file,file,file,file,file,file,file,file,file,file,file,file,file,file,file,file,file,file,file,file,file,file,file,file,file
addCause,file,file,file,file,file,file,file,file,file,file,file,file,file,file,file,file,file,file,file,file,file,file,file,file,file,file,file,file,file,file,file,file,file,file,file,file,file
addToolbarExplorationButtons,file,file,file,file,file,file,file,file,file,file,file,file,file,file,file,file,file,file,file,file,file,file,file,file,file,file,file,file,file,file,file,file,file,file,file,file,file
addedvarplot,file,file,file,file,file,file,file,file,file,file,file,file,file,file,file,file,file,file,file,file,file,file,file,file,file,file,file,file,file,file,file,file,file,file,file,file,file
addpath,file,file,file,file,file,file,file,file,file,file,file,file,file,file,file,file,file,file,file,file,file,file,file,file,file,file,file,file,file,file,file,file,file,file,file,file,file
addpoints,file,file,file,file,file,file,file,file,file,file,file,file,file,file,file,file,file,file,file,file,file,file,file,file,file,file,file,file,file,file,file,file,file,file,file,file,file
addtodate,file,file,file,file,file,file,file,file,file,file,file,file,file,file,file,file,file,file,file,file,file,file,file,file,file,file,file,file,file,file,file,file,file,file,file,file,file
adtest,file,file,file,file,file,file,file,file,file,file,file,file,file,file,file,file,file,file,file,file,file,file,file,file,file,file,file,file,file,file,file,file,file,file,file,file,file
affine2d,file,file,file,file,file,file,file,file,file,file,file,file,file,file,file,file,file,file,file,file,file,file,file,file,file,file,file,file,file,file,file,file,file,file,file,file,file
affineOutputView,file,file,file,file,file,file,file,file,file,file,file,file,file,file,file,file,file,file,file,file,file,file,file,file,file,file,file,file,file,file,file,file,file,file,file,file,file
airy,file,builtin,file,file,file,file,file,file,file,file,file,file,file,file,builtin-err,file,file,file,file,file,file,file,builtin-err,file,file,file,file,file,file,file,file,file,file,file,file,file,file
alignsignals,file,file,file,file,file,file,file,file,file,file,file,file,file,file,file,file,file,file,file,file,file,file,file,file,file,file,file,file,file,file,file,file,file,file,file,file,file
alim,file,file,file,file,file,file,file,file,file,file,file,file,file,file,file,file,file,file,file,file,file,file,file,file,file,file,file,file,file,file,file,file,file,file,file,file,file
all,file,builtin,file,file,file,file,file,builtin,builtin,file,file,file,file,file,builtin-err,file,file,file,file,file,file,builtin-err,builtin-err,file,file,file,file,file,file,file,file,file,file,file,file,file,file
alpha,file,file,file,file,file,file,file,file,file,file,file,file,file,file,file,file,file,file,file,file,file,file,file,file,file,file,file,file,file,file,file,file,file,file,file,file,file
alphamap,file,file,file,file,file,file,file,file,file,file,file,file,file,file,file,file,file,file,file,file,file,file,file,file,file,file,file,file,file,file,file,file,file,file,file,file,file
amd,file,builtin,file,file,file,file,file,builtin,file,file,file,file,file,file,builtin,file,file,file,file,file,file,file,builtin-err,file,file,file,file,file,file,file,file,file,file,file,file,file,file
ancestor,file,file,file,file,file,file,file,file,file,file,file,file,file,file,file,file,file,file,file,file,file,file,file,file,file,file,file,file,file,file,file,file,file,file,file,file,file
and,file,builtin-err,file,file,file,file,builtin-err,builtin-err,builtin-err,builtin-err,file,file,file,file,builtin,file,file,file,file,file,file,builtin,builtin,builtin,file,builtin,builtin,file,file,file,file,file,file,file,file,file,file
andrewsplot,file,file,file,file,file,file,file,file,file,file,file,file,file,file,file,file,file,file,file,file,file,file,file,file,file,file,file,file,file,file,file,file,file,file,file,file,file
angle,file,file,file,file,file,file,file,file,file,file,file,file,file,file,file,file,file,file,file,file,file,file,file,file,file,file,file,file,file,file,file,file,file,file,file,file,file
animatedline,file,file,file,file,file,file,file,file,file,file,file,file,file,file,file,file,file,file,file,file,file,file,file,file,file,file,file,file,file,file,file,file,file,file,file,file,file
annotation,file,file,file,file,file,file,file,file,file,file,file,file,file,file,file,file,file,file,file,file,file,file,file,file,file,file,file,file,file,file,file,file,file,file,file,file,file
anova1,file,file,file,file,file,file,file,file,file,file,file,file,file,file,file,file,file,file,file,file,file,file,file,file,file,file,file,file,file,file,file,file,file,file,file,file,file
anova2,file,file,file,file,file,file,file,file,file,file,file,file,file,file,file,file,file,file,file,file,file,file,file,file,file,file,file,file,file,file,file,file,file,file,file,file,file
anovan,file,file,file,file,file,file,file,file,file,file,file,file,file,file,file,file,file,file,file,file,file,file,file,file,file,file,file,file,file,file,file,file,file,file,file,file,file
ansaribradley,file,file,file,file,file,file,file,file,file,file,file,file,file,file,file,file,file,file,file,file,file,file,file,file,file,file,file,file,file,file,file,file,file,file,file,file,file
anymissing,file,builtin,file,file,file,file,file,builtin,builtin,file,file,file,file,file,builtin-err,file,file,file,file,file,file,builtin-err,builtin-err,file,file,file,file,file,file,file,file,file,file,file,file,file,file
append,file,builtin-err,builtin,file,file,file,file,file,file,file,file,file,file,file,builtin-err,builtin-err,builtin-err,file,file,file,file,file,builtin-err,file,builtin,file,file,file,file,file,file,file,file,builtin-err,builtin-err,builtin-err,file
applylut,file,file,file,file,file,file,file,file,file,file,file,file,file,file,file,file,file,file,file,file,file,file,file,file,file,file,file,file,file,file,file,file,file,file,file,file,file
arburg,file,file,file,file,file,file,file,file,file,file,file,file,file,file,file,file,file,file,file,file,file,file,file,file,file,file,file,file,file,file,file,file,file,file,file,file,file
arcov,file,file,file,file,file,file,file,file,file,file,file,file,file,file,file,file,file,file,file,file,file,file,file,file,file,file,file,file,file,file,file,file,file,file,file,file,file
area,file,file,file,file,file,file,file,file,file,file,file,file,file,file,file,file,file,file,file,file,file,file,file,file,file,file,file,file,file,file,file,file,file,file,file,file,file
argnames,file,file,file,file,file,file,file,file,file,file,file,file,file,file,file,file,file,file,file,file,file,file,file,file,file,file,file,file,file,file,file,file,file,file,file,file,file
armcov,file,file,file,file,file,file,file,file,file,file,file,file,file,file,file,file,file,file,file,file,file,file,file,file,file,file,file,file,file,file,file,file,file,file,file,file,file
array2table,file,file,file,file,file,file,file,file,file,file,file,file,file,file,file,file,file,file,file,file,file,file,file,file,file,file,file,file,file,file,file,file,file,file,file,file,file
arrayfun,file,file,file,file,file,file,file,file,file,file,file,file,file,file,file,file,file,file,file,file,file,file,file,file,file,file,file,file,file,file,file,file,file,file,file,file,file
aryule,file,file,file,file,file,file,file,file,file,file,file,file,file,file,file,file,file,file,file,file,file,file,file,file,file,file,file,file,file,file,file,file,file,file,file,file,file
asec,file,builtin,file,file,file,file,file,file,file,builtin,file,file,file,file,builtin-err,file,file,file,file,file,file,file,builtin-err,file,file,builtin-err,builtin-err,file,file,file,file,file,file,file,file,file,file
asecd,file,builtin,file,file,file,file,file,file,file,builtin,file,file,file,file,builtin-err,file,file,file,file,file,file,file,builtin-err,file,file,builtin-err,builtin-err,file,file,file,file,file,file,file,file,file,file
asech,file,builtin,file,file,file,file,file,file,file,builtin,file,file,file,file,builtin-err,file,file,file,file,file,file,file,builtin-err,file,file,builtin-err,builtin-err,file,file,file,file,file,file,file,file,file,file
asin,file,builtin,file,file,file,file,file,file,file,builtin,file,file,file,file,builtin-err,file,file,file,file,file,file,file,builtin-err,file,file,builtin-err,builtin-err,file,file,file,file,file,file,file,file,file,file
asind,file,builtin,file,file,file,file,file,file,file,builtin,file,file,file,file,builtin-err,file,file,file,file,file,file,file,builtin-err,file,file,builtin-err,builtin-err,file,file,file,file,file,file,file,file,file,file
asinh,file,builtin,file,file,file,file,file,file,file,builtin,file,file,file,file,builtin-err,file,file,file,file,file,file,file,builtin-err,file,file,builtin-err,builtin-err,file,file,file,file,file,file,file,file,file,file
assert,file,file,file,file,file,file,file,file,file,file,file,file,file,file,file,file,file,file,file,file,file,file,file,file,file,file,file,file,file,file,file,file,file,file,file,file,file
assignin,file,file,file,file,file,file,file,file,file,file,file,file,file,file,file,file,file,file,file,file,file,file,file,file,file,file,file,file,file,file,file,file,file,file,file,file,file
atan,file,builtin,file,file,file,file,file,file,file,builtin,file,file,file,file,builtin-err,file,file,file,file,file,file,file,builtin-err,file,file,builtin-err,builtin-err,file,file,file,file,file,file,file,file,file,file
atan2,file,builtin-err,file,file,file,file,file,file,file,builtin-err,file,file,file,file,builtin,file,file,file,file,file,file,file,builtin-err,file,file,builtin,builtin,file,file,file,file,file,file,file,file,file,file
atan2d,file,builtin-err,file,file,file,file,file,file,file,builtin-err,file,file,file,file,builtin,file,file,file,file,file,file,file,builtin-err,file,file,builtin,builtin,file,file,file,file,file,file,file,file,file,file
atand,file,builtin,file,file,file,file,file,file,file,builtin,file,file,file,file,builtin-err,file,file,file,file,file,file,file,builtin-err,file,file,builtin-err,builtin-err,file,file,file,file,file,file,file,file,file,file
atanh,file,builtin,file,file,file,file,file,file,file,builtin,file,file,file,file,builtin-err,file,file,file,file,file,file,file,builtin-err,file,file,builtin-err,builtin-err,file,file,file,file,file,file,file,file,file,file
audioread,file,file,file,file,file,file,file,file,file,file,file,file,file,file,file,file,file,file,file,file,file,file,file,file,file,file,file,file,file,file,file,file,file,file,file,file,file
axes,file,file,file,file,file,file,file,file,file,file,file,file,file,file,file,file,file,file,file,file,file,file,file,file,file,file,file,file,file,file,file,file,file,file,file,file,file
axis,file,file,file,file,file,file,file,file,file,file,file,file,file,file,file,file,file,file,file,file,file,file,file,file,file,file,file,file,file,file,file,file,file,file,file,file,file
axtoolbar,file,file,file,file,file,file,file,file,file,file,file,file,file,file,file,file,file,file,file,file,file,file,file,file,file,file,file,file,file,file,file,file,file,file,file,file,file
axtoolbarbtn,file,file,file,file,file,file,file,file,file,file,file,file,file,file,file,file,file,file,file,file,file,file,file,file,file,file,file,file,file,file,file,file,file,file,file,file,file
balance,file,builtin,file,file,file,file,file,file,file,file,file,file,file,file,builtin-err,file,file,file,file,file,file,file,builtin-err,file,file,file,file,file,file,file,file,file,file,file,file,file,file
bandpass,file,file,file,file,file,file,file,file,file,file,file,file,file,file,file,file,file,file,file,file,file,file,file,file,file,file,file,file,file,file,file,file,file,file,file,file,file
bandpower,file,file,file,file,file,file,file,file,file,file,file,file,file,file,file,file,file,file,file,file,file,file,file,file,file,file,file,file,file,file,file,file,file,file,file,file,file
bandstop,file,file,file,file,file,file,file,file,file,file,file,file,file,file,file,file,file,file,file,file,file,file,file,file,file,file,file,file,file,file,file,file,file,file,file,file,file
bandwidth,file,file,file,file,file,file,file,file,file,file,file,file,file,file,file,file,file,file,file,file,file,file,file,file,file,file,file,file,file,file,file,file,file,file,file,file,file
bar,file,file,file,file,file,file,file,file,file,file,file,file,file,file,file,file,file,file,file,file,file,file,file,file,file,file,file,file,file,file,file,file,file,file,file,file,file
bar3,file,file,file,file,file,file,file,file,file,file,file,file,file,file,file,file,file,file,file,file,file,file,file,file,file,file,file,file,file,file,file,file,file,file,file,file,file
bar3h,file,file,file,file,file,file,file,file,file,file,file,file,file,file,file,file,file,file,file,file,file,file,file,file,file,file,file,file,file,file,file,file,file,file,file,file,file
barh,file,file,file,file,file,file,file,file,file,file,file,file,file,file,file,file,file,file,file,file,file,file,file,file,file,file,file,file,file,file,file,file,file,file,file,file,file
barthannwin,file,file,file,file,file,file,file,file,file,file,file,file,file,file,file,file,file,file,file,file,file,file,file,file,file,file,file,file,file,file,file,file,file,file,file,file,file
bartlett,file,file,file,file,file,file,file,file,file,file,file,file,file,file,file,file,file,file,file,file,file,file,file,file,file,file,file,file,file,file,file,file,file,file,file,file,file
barttest,file,file,file,file,file,file,file,file,file,file,file,file,file,file,file,file,file,file,file,file,file,file,file,file,file,file,file,file,file,file,file,file,file,file,file,file,file
base2dec,file,file,file,file,file,file,file,file,file,file,file,file,file,file,file,file,file,file,file,file,file,file,file,file,file,file,file,file,file,file,file,file,file,file,file,file,file
bbdesign,file,file,file,file,file,file,file,file,file,file,file,file,file,file,file,file,file,file,file,file,file,file,file,file,file,file,file,file,file,file,file,file,file,file,file,file,file
beep,file,file,file,file,file,file,file,file,file,file,file,file,file,file,file,file,file,file,file,file,file,file,file,file,file,file,file,file,file,file,file,file,file,file,file,file,file
besselap,file,file,file,file,file,file,file,file,file,file,file,file,file,file,file,file,file,file,file,file,file,file,file,file,file,file,file,file,file,file,file,file,file,file,file,file,file
besself,file,file,file,file,file,file,file,file,file,file,file,file,file,file,file,file,file,file,file,file,file,file,file,file,file,file,file,file,file,file,file,file,file,file,file,file,file
besselh,file,builtin-err,file,file,file,file,file,file,file,file,file,file,file,file,builtin,file,file,file,file,file,file,file,builtin-err,file,file,file,file,file,file,file,file,file,file,file,file,file,file
besseli,file,builtin-err,file,file,file,file,file,file,file,file,file,file,file,file,builtin,file,file,file,file,file,file,file,builtin-err,file,file,file,file,file,file,file,file,file,file,file,file,file,file
besselj,file,builtin-err,file,file,file,file,file,file,file,file,file,file,file,file,builtin,file,file,file,file,file,file,file,builtin-err,file,file,file,file,file,file,file,file,file,file,file,file,file,file
besselk,file,builtin-err,file,file,file,file,file,file,file,file,file,file,file,file,builtin,file,file,file,file,file,file,file,builtin-err,file,file,file,file,file,file,file,file,file,file,file,file,file,file
bessely,file,builtin-err,file,file,file,file,file,file,file,file,file,file,file,file,builtin,file,file,file,file,file,file,file,builtin-err,file,file,file,file,file,file,file,file,file,file,file,file,file,file
bestblk,file,file,file,file,file,file,file,file,file,file,file,file,file,file,file,file,file,file,file,file,file,file,file,file,file,file,file,file,file,file,file,file,file,file,file,file,file
beta,file,file,file,file,file,file,file,file,file,file,file,file,file,file,file,file,file,file,file,file,file,file,file,file,file,file,file,file,file,file,file,file,file,file,file,file,file
betacdf,file,file,file,file,file,file,file,file,file,file,file,file,file,file,file,file,file,file,file,file,file,file,file,file,file,file,file,file,file,file,file,file,file,file,file,file,file
betafit,file,file,file,file,file,file,file,file,file,file,file,file,file,file,file,file,file,file,file,file,file,file,file,file,file,file,file,file,file,file,file,file,file,file,file,file,file
betainc,file,builtin-err,file,file,file,file,file,file,file,file,file,file,file,file,builtin-err,file,file,file,file,file,file,file,builtin-err,file,file,file,file,file,file,file,file,file,file,file,file,file,file
betaincinv,file,builtin-err,file,file,file,file,file,file,file,file,file,file,file,file,builtin-err,file,file,file,file,file,file,file,builtin-err,file,file,file,file,file,file,file,file,file,file,file,file,file,file
betainv,file,file,file,file,file,file,file,file,file,file,file,file,file,file,file,file,file,file,file,file,file,file,file,file,file,file,file,file,file,file,file,file,file,file,file,file,file
betalike,file,file,file,file,file,file,file,file,file,file,file,file,file,file,file,file,file,file,file,file,file,file,file,file,file,file,file,file,file,file,file,file,file,file,file,file,file
betaln,file,file,file,file,file,file,file,file,file,file,file,file,file,file,file,file,file,file,file,file,file,file,file,file,file,file,file,file,file,file,file,file,file,file,file,file,file
betapdf,file,file,file,file,file,file,file,file,file,file,file,file,file,file,file,file,file,file,file,file,file,file,file,file,file,file,file,file,file,file,file,file,file,file,file,file,file
betarnd,file,file,file,file,file,file,file,file,file,file,file,file,file,file,file,file,file,file,file,file,file,file,file,file,file,file,file,file,file,file,file,file,file,file,file,file,file
betastat,file,file,file,file,file,file,file,file,file,file,file,file,file,file,file,file,file,file,file,file,file,file,file,file,file,file,file,file,file,file,file,file,file,file,file,file,file
between,file,file,file,file,file,file,file,file,file,file,builtin-err,file,file,file,file,file,file,file,file,file,file,file,file,file,file,file,file,builtin-err,builtin-err,file,file,file,file,file,file,file,file
bfscore,file,file,file,file,file,file,file,file,file,file,file,file,file,file,file,file,file,file,file,file,file,file,file,file,file,file,file,file,file,file,file,file,file,file,file,file,file
bicg,file,file,file,file,file,file,file,file,file,file,file,file,file,file,file,file,file,file,file,file,file,file,file,file,file,file,file,file,file,file,file,file,file,file,file,file,file
bicgstab,file,file,file,file,file,file,file,file,file,file,file,file,file,file,file,file,file,file,file,file,file,file,file,file,file,file,file,file,file,file,file,file,file,file,file,file,file
bicgstabl,file,file,file,file,file,file,file,file,file,file,file,file,file,file,file,file,file,file,file,file,file,file,file,file,file,file,file,file,file,file,file,file,file,file,file,file,file
bilinear,file,file,file,file,file,file,file,file,file,file,file,file,file,file,file,file,file,file,file,file,file,file,file,file,file,file,file,file,file,file,file,file,file,file,file,file,file
bin2dec,file,file,file,file,file,file,file,file,file,file,file,file,file,file,file,file,file,file,file,file,file,file,file,file,file,file,file,file,file,file,file,file,file,file,file,file,file
binocdf,file,file,file,file,file,file,file,file,file,file,file,file,file,file,file,file,file,file,file,file,file,file,file,file,file,file,file,file,file,file,file,file,file,file,file,file,file
binofit,file,file,file,file,file,file,file,file,file,file,file,file,file,file,file,file,file,file,file,file,file,file,file,file,file,file,file,file,file,file,file,file,file,file,file,file,file
binoinv,file,file,file,file,file,file,file,file,file,file,file,file,file,file,file,file,file,file,file,file,file,file,file,file,file,file,file,file,file,file,file,file,file,file,file,file,file
binopdf,file,file,file,file,file,file,file,file,file,file,file,file,file,file,file,file,file,file,file,file,file,file,file,file,file,file,file,file,file,file,file,file,file,file,file,file,file
binornd,file,file,file,file,file,file,file,file,file,file,file,file,file,file,file,file,file,file,file,file,file,file,file,file,file,file,file,file,file,file,file,file,file,file,file,file,file
binostat,file,file,file,file,file,file,file,file,file,file,file,file,file,file,file,file,file,file,file,file,file,file,file,file,file,file,file,file,file,file,file,file,file,file,file,file,file
binscatter,file,file,file,file,file,file,file,file,file,file,file,file,file,file,file,file,file,file,file,file,file,file,file,file,file,file,file,file,file,file,file,file,file,file,file,file,file
biplot,file,file,file,file,file,file,file,file,file,file,file,file,file,file,file,file,file,file,file,file,file,file,file,file,file,file,file,file,file,file,file,file,file,file,file,file,file
bitand,file,builtin-err,file,file,file,file,file,builtin-err,builtin-err,file,file,file,file,file,builtin-err,file,file,file,file,file,file,builtin-err,builtin-err,file,file,file,file,file,file,file,file,file,file,file,file,file,file
bitcmp,file,builtin-err,file,file,file,file,file,builtin-err,builtin,file,file,file,file,file,builtin-err,file,file,file,file,file,file,builtin-err,builtin-err,file,file,file,file,file,file,file,file,file,file,file,file,file,file
bitget,file,builtin-err,file,file,file,file,file,builtin-err,builtin-err,file,file,file,file,file,builtin-err,file,file,file,file,file,file,builtin-err,builtin-err,file,file,file,file,file,file,file,file,file,file,file,file,file,file
bitor,file,builtin-err,file,file,file,file,file,builtin-err,builtin-err,file,file,file,file,file,builtin-err,file,file,file,file,file,file,builtin-err,builtin-err,file,file,file,file,file,file,file,file,file,file,file,file,file,file
bitrevorder,file,file,file,file,file,file,file,file,file,file,file,file,file,file,file,file,file,file,file,file,file,file,file,file,file,file,file,file,file,file,file,file,file,file,file,file,file
bitset,file,builtin-err,file,file,file,file,file,builtin-err,builtin-err,file,file,file,file,file,builtin-err,file,file,file,file,file,file,builtin-err,builtin-err,file,file,file,file,file,file,file,file,file,file,file,file,file,file
bitshift,file,builtin-err,file,file,file,file,file,builtin-err,builtin-err,file,file,file,file,file,builtin-err,file,file,file,file,file,file,builtin-err,builtin-err,file,file,file,file,file,file,file,file,file,file,file,file,file,file
bitxor,file,builtin-err,file,file,file,file,file,builtin-err,builtin-err,file,file,file,file,file,builtin-err,file,file,file,file,file,file,builtin-err,builtin-err,file,file,file,file,file,file,file,file,file,file,file,file,file,file
blackman,file,file,file,file,file,file,file,file,file,file,file,file,file,file,file,file,file,file,file,file,file,file,file,file,file,file,file,file,file,file,file,file,file,file,file,file,file
blackmanharris,file,file,file,file,file,file,file,file,file,file,file,file,file,file,file,file,file,file,file,file,file,file,file,file,file,file,file,file,file,file,file,file,file,file,file,file,file
blanks,file,file,file,file,file,file,file,file,file,file,file,file,file,file,file,file,file,file,file,file,file,file,file,file,file,file,file,file,file,file,file,file,file,file,file,file,file
blkdiag,file,file,file,file,file,file,file,file,file,file,file,file,file,file,file,file,file,file,file,file,file,file,file,file,file,file,file,file,file,file,file,file,file,file,file,file,file
blockproc,file,file,file,file,file,file,file,file,file,file,file,file,file,file,file,file,file,file,file,file,file,file,file,file,file,file,file,file,file,file,file,file,file,file,file,file,file
bohmanwin,file,file,file,file,file,file,file,file,file,file,file,file,file,file,file,file,file,file,file,file,file,file,file,file,file,file,file,file,file,file,file,file,file,file,file,file,file
bootci,file,file,file,file,file,file,file,file,file,file,file,file,file,file,file,file,file,file,file,file,file,file,file,file,file,file,file,file,file,file,file,file,file,file,file,file,file
bootstrp,file,file,file,file,file,file,file,file,file,file,file,file,file,file,file,file,file,file,file,file,file,file,file,file,file,file,file,file,file,file,file,file,file,file,file,file,file
boundary,file,file,file,file,file,file,file,file,file,file,file,file,file,file,file,file,file,file,file,file,file,file,file,file,file,file,file,file,file,file,file,file,file,file,file,file,file
boundarymask,file,file,file,file,file,file,file,file,file,file,file,file,file,file,file,file,file,file,file,file,file,file,file,file,file,file,file,file,file,file,file,file,file,file,file,file,file
bounds,file,file,file,file,file,file,file,file,file,file,file,file,file,file,file,file,file,file,file,file,file,file,file,file,file,file,file,file,file,file,file,file,file,file,file,file,file
box,file,file,file,file,file,file,file,file,file,file,file,file,file,file,file,file,file,file,file,file,file,file,file,file,file,file,file,file,file,file,file,file,file,file,file,file,file
boxcar,file,file,file,file,file,file,file,file,file,file,file,file,file,file,file,file,file,file,file,file,file,file,file,file,file,file,file,file,file,file,file,file,file,file,file,file,file
boxchart,file,file,file,file,file,file,file,file,file,file,file,file,file,file,file,file,file,file,file,file,file,file,file,file,file,file,file,file,file,file,file,file,file,file,file,file,file
boxplot,file,file,file,file,file,file,file,file,file,file,file,file,file,file,file,file,file,file,file,file,file,file,file,file,file,file,file,file,file,file,file,file,file,file,file,file,file
brighten,file,file,file,file,file,file,file,file,file,file,file,file,file,file,file,file,file,file,file,file,file,file,file,file,file,file,file,file,file,file,file,file,file,file,file,file,file
bsxfun,file,builtin-err,file,file,file,file,builtin-err,builtin-err,builtin-err,file,file,file,file,file,builtin-err,file,file,file,file,file,file,builtin-err,builtin-err,builtin-err,file,file,file,file,file,file,file,file,file,file,file,file,file
bubblechart,file,file,file,file,file,file,file,file,file,file,file,file,file,file,file,file,file,file,file,file,file,file,file,file,file,file,file,file,file,file,file,file,file,file,file,file,file
bubblechart3,file,file,file,file,file,file,file,file,file,file,file,file,file,file,file,file,file,file,file,file,file,file,file,file,file,file,file,file,file,file,file,file,file,file,file,file,file
bubblelegend,file,file,file,file,file,file,file,file,file,file,file,file,file,file,file,file,file,file,file,file,file,file,file,file,file,file,file,file,file,file,file,file,file,file,file,file,file
bubblelim,file,file,file,file,file,file,file,file,file,file,file,file,file,file,file,file,file,file,file,file,file,file,file,file,file,file,file,file,file,file,file,file,file,file,file,file,file
bubblesize,file,file,file,file,file,file,file,file,file,file,file,file,file,file,file,file,file,file,file,file,file,file,file,file,file,file,file,file,file,file,file,file,file,file,file,file,file
buffer,file,file,file,file,file,file,file,file,file,file,file,file,file,file,file,file,file,file,file,file,file,file,file,file,file,file,file,file,file,file,file,file,file,file,file,file,file
buttap,file,file,file,file,file,file,file,file,file,file,file,file,file,file,file,file,file,file,file,file,file,file,file,file,file,file,file,file,file,file,file,file,file,file,file,file,file
butter,file,file,file,file,file,file,file,file,file,file,file,file,file,file,file,file,file,file,file,file,file,file,file,file,file,file,file,file,file,file,file,file,file,file,file,file,file
buttord,file,file,file,file,file,file,file,file,file,file,file,file,file,file,file,file,file,file,file,file,file,file,file,file,file,file,file,file,file,file,file,file,file,file,file,file,file
bvp4c,file,file,file,file,file,file,file,file,file,file,file,file,file,file,file,file,file,file,file,file,file,file,file,file,file,file,file,file,file,file,file,file,file,file,file,file,file
bvp5c,file,file,file,file,file,file,file,file,file,file,file,file,file,file,file,file,file,file,file,file,file,file,file,file,file,file,file,file,file,file,file,file,file,file,file,file,file
bvpget,file,file,file,file,file,file,file,file,file,file,file,file,file,file,file,file,file,file,file,file,file,file,file,file,file,file,file,file,file,file,file,file,file,file,file,file,file
bvpinit,file,file,file,file,file,file,file,file,file,file,file,file,file,file,file,file,file,file,file,file,file,file,file,file,file,file,file,file,file,file,file,file,file,file,file,file,file
bvpset,file,file,file,file,file,file,file,file,file,file,file,file,file,file,file,file,file,file,file,file,file,file,file,file,file,file,file,file,file,file,file,file,file,file,file,file,file
bvpxtend,file,file,file,file,file,file,file,file,file,file,file,file,file,file,file,file,file,file,file,file,file,file,file,file,file,file,file,file,file,file,file,file,file,file,file,file,file
bwarea,file,file,file,file,file,file,file,file,file,file,file,file,file,file,file,file,file,file,file,file,file,file,file,file,file,file,file,file,file,file,file,file,file,file,file,file,file
bwareafilt,file,file,file,file,file,file,file,file,file,file,file,file,file,file,file,file,file,file,file,file,file,file,file,file,file,file,file,file,file,file,file,file,file,file,file,file,file
bwareaopen,file,file,file,file,file,file,file,file,file,file,file,file,file,file,file,file,file,file,file,file,file,file,file,file,file,file,file,file,file,file,file,file,file,file,file,file,file
bwboundaries,file,file,file,file,file,file,file,file,file,file,file,file,file,file,file,file,file,file,file,file,file,file,file,file,file,file,file,file,file,file,file,file,file,file,file,file,file
bwconncomp,file,file,file,file,file,file,file,file,file,file,file,file,file,file,file,file,file,file,file,file,file,file,file,file,file,file,file,file,file,file,file,file,file,file,file,file,file
bwconvhull,file,file,file,file,file,file,file,file,file,file,file,file,file,file,file,file,file,file,file,file,file,file,file,file,file,file,file,file,file,file,file,file,file,file,file,file,file
bwdist,file,file,file,file,file,file,file,file,file,file,file,file,file,file,file,file,file,file,file,file,file,file,file,file,file,file,file,file,file,file,file,file,file,file,file,file,file
bwdistgeodesic,file,file,file,file,file,file,file,file,file,file,file,file,file,file,file,file,file,file,file,file,file,file,file,file,file,file,file,file,file,file,file,file,file,file,file,file,file
bweuler,file,file,file,file,file,file,file,file,file,file,file,file,file,file,file,file,file,file,file,file,file,file,file,file,file,file,file,file,file,file,file,file,file,file,file,file,file
bwferet,file,file,file,file,file,file,file,file,file,file,file,file,file,file,file,file,file,file,file,file,file,file,file,file,file,file,file,file,file,file,file,file,file,file,file,file,file
bwhitmiss,file,file,file,file,file,file,file,file,file,file,file,file,file,file,file,file,file,file,file,file,file,file,file,file,file,file,file,file,file,file,file,file,file,file,file,file,file
bwlabel,file,file,file,file,file,file,file,file,file,file,file,file,file,file,file,file,file,file,file,file,file,file,file,file,file,file,file,file,file,file,file,file,file,file,file,file,file
bwlabeln,file,file,file,file,file,file,file,file,file,file,file,file,file,file,file,file,file,file,file,file,file,file,file,file,file,file,file,file,file,file,file,file,file,file,file,file,file
bwlookup,file,file,file,file,file,file,file,file,file,file,file,file,file,file,file,file,file,file,file,file,file,file,file,file,file,file,file,file,file,file,file,file,file,file,file,file,file
bwmorph,file,file,file,file,file,file,file,file,file,file,file,file,file,file,file,file,file,file,file,file,file,file,file,file,file,file,file,file,file,file,file,file,file,file,file,file,file
bwmorph3,file,file,file,file,file,file,file,file,file,file,file,file,file,file,file,file,file,file,file,file,file,file,file,file,file,file,file,file,file,file,file,file,file,file,file,file,file
bwperim,file,file,file,file,file,file,file,file,file,file,file,file,file,file,file,file,file,file,file,file,file,file,file,file,file,file,file,file,file,file,file,file,file,file,file,file,file
bwpropfilt,file,file,file,file,file,file,file,file,file,file,file,file,file,file,file,file,file,file,file,file,file,file,file,file,file,file,file,file,file,file,file,file,file,file,file,file,file
bwselect,file,file,file,file,file,file,file,file,file,file,file,file,file,file,file,file,file,file,file,file,file,file,file,file,file,file,file,file,file,file,file,file,file,file,file,file,file
bwselect3,file,file,file,file,file,file,file,file,file,file,file,file,file,file,file,file,file,file,file,file,file,file,file,file,file,file,file,file,file,file,file,file,file,file,file,file,file
bwskel,file,file,file,file,file,file,file,file,file,file,file,file,file,file,file,file,file,file,file,file,file,file,file,file,file,file,file,file,file,file,file,file,file,file,file,file,file
bwtraceboundary,file,file,file,file,file,file,file,file,file,file,file,file,file,file,file,file,file,file,file,file,file,file,file,file,file,file,file,file,file,file,file,file,file,file,file,file,file
bwulterode,file,file,file,file,file,file,file,file,file,file,file,file,file,file,file,file,file,file,file,file,file,file,file,file,file,file,file,file,file,file,file,file,file,file,file,file,file
caldays,file,file,file,file,file,file,file,file,file,file,file,file,file,file,file,file,file,file,file,file,file,file,file,file,file,file,file,file,file,file,file,file,file,file,file,file,file
caldiff,file,file,file,file,file,file,file,file,file,file,builtin,file,file,file,file,file,file,file,file,file,file,file,file,file,file,file,file,builtin-err,builtin-err,file,file,file,file,file,file,file,file
calendar,file,file,file,file,file,file,file,file,file,file,file,file,file,file,file,file,file,file,file,file,file,file,file,file,file,file,file,file,file,file,file,file,file,file,file,file,file
calendarDuration,builtin,builtin-err,builtin-err,builtin-err,builtin-err,builtin-err,builtin-err,builtin-err,builtin-err,builtin-err,builtin-err,builtin-err,builtin-err,builtin-err,builtin-err,builtin-err,builtin-err,builtin-err,builtin-err,builtin-err,builtin-err,builtin-err,builtin-err,builtin-err,builtin-err,builtin-err,builtin-err,builtin-err,builtin-err,builtin-err,builtin-err,builtin-err,builtin-err,builtin-err,builtin-err,builtin-err,builtin-err
calmonths,file,file,file,file,file,file,file,file,file,file,file,file,file,file,file,file,file,file,file,file,file,file,file,file,file,file,file,file,file,file,file,file,file,file,file,file,file
calquarters,file,file,file,file,file,file,file,file,file,file,file,file,file,file,file,file,file,file,file,file,file,file,file,file,file,file,file,file,file,file,file,file,file,file,file,file,file
calweeks,file,file,file,file,file,file,file,file,file,file,file,file,file,file,file,file,file,file,file,file,file,file,file,file,file,file,file,file,file,file,file,file,file,file,file,file,file
calyears,file,file,file,file,file,file,file,file,file,file,file,file,file,file,file,file,file,file,file,file,file,file,file,file,file,file,file,file,file,file,file,file,file,file,file,file,file
camdolly,file,file,file,file,file,file,file,file,file,file,file,file,file,file,file,file,file,file,file,file,file,file,file,file,file,file,file,file,file,file,file,file,file,file,file,file,file
camlight,file,file,file,file,file,file,file,file,file,file,file,file,file,file,file,file,file,file,file,file,file,file,file,file,file,file,file,file,file,file,file,file,file,file,file,file,file
camlookat,file,file,file,file,file,file,file,file,file,file,file,file,file,file,file,file,file,file,file,file,file,file,file,file,file,file,file,file,file,file,file,file,file,file,file,file,file
camorbit,file,file,file,file,file,file,file,file,file,file,file,file,file,file,file,file,file,file,file,file,file,file,file,file,file,file,file,file,file,file,file,file,file,file,file,file,file
campan,file,file,file,file,file,file,file,file,file,file,file,file,file,file,file,file,file,file,file,file,file,file,file,file,file,file,file,file,file,file,file,file,file,file,file,file,file
campos,file,file,file,file,file,file,file,file,file,file,file,file,file,file,file,file,file,file,file,file,file,file,file,file,file,file,file,file,file,file,file,file,file,file,file,file,file
camproj,file,file,file,file,file,file,file,file,file,file,file,file,file,file,file,file,file,file,file,file,file,file,file,file,file,file,file,file,file,file,file,file,file,file,file,file,file
camroll,file,file,file,file,file,file,file,file,file,file,file,file,file,file,file,file,file,file,file,file,file,file,file,file,file,file,file,file,file,file,file,file,file,file,file,file,file
camtarget,file,file,file,file,file,file,file,file,file,file,file,file,file,file,file,file,file,file,file,file,file,file,file,file,file,file,file,file,file,file,file,file,file,file,file,file,file
camup,file,file,file,file,file,file,file,file,file,file,file,file,file,file,file,file,file,file,file,file,file,file,file,file,file,file,file,file,file,file,file,file,file,file,file,file,file
camva,file,file,file,file,file,file,file,file,file,file,file,file,file,file,file,file,file,file,file,file,file,file,file,file,file,file,file,file,file,file,file,file,file,file,file,file,file
camzoom,file,file,file,file,file,file,file,file,file,file,file,file,file,file,file,file,file,file,file,file,file,file,file,file,file,file,file,file,file,file,file,file,file,file,file,file,file
canoncorr,file,file,file,file,file,file,file,file,file,file,file,file,file,file,file,file,file,file,file,file,file,file,file,file,file,file,file,file,file,file,file,file,file,file,file,file,file
capability,file,file,file,file,file,file,file,file,file,file,file,file,file,file,file,file,file,file,file,file,file,file,file,file,file,file,file,file,file,file,file,file,file,file,file,file,file
capaplot,file,file,file,file,file,file,file,file,file,file,file,file,file,file,file,file,file,file,file,file,file,file,file,file,file,file,file,file,file,file,file,file,file,file,file,file,file
cart2pol,file,file,file,file,file,file,file,file,file,file,file,file,file,file,file,file,file,file,file,file,file,file,file,file,file,file,file,file,file,file,file,file,file,file,file,file,file
cart2sph,file,file,file,file,file,file,file,file,file,file,file,file,file,file,file,file,file,file,file,file,file,file,file,file,file,file,file,file,file,file,file,file,file,file,file,file,file
cascadesparams,file,file,file,file,file,file,file,file,file,file,file,file,file,file,file,file,file,file,file,file,file,file,file,file,file,file,file,file,file,file,file,file,file,file,file,file,file
caseread,file,file,file,file,file,file,file,file,file,file,file,file,file,file,file,file,file,file,file,file,file,file,file,file,file,file,file,file,file,file,file,file,file,file,file,file,file
casewrite,file,file,file,file,file,file,file,file,file,file,file,file,file,file,file,file,file,file,file,file,file,file,file,file,file,file,file,file,file,file,file,file,file,file,file,file,file
cast,file,file,file,file,file,file,file,file,file,file,file,file,file,file,file,file,file,file,file,file,file,file,file,file,file,file,file,file,file,file,file,file,file,file,file,file,file
cat,file,file,builtin-err,file,file,file,file,file,file,builtin-err,builtin-err,builtin-err,builtin-err,builtin-err,file,builtin-err,builtin-err,file,file,file,file,file,file,file,builtin-err,builtin-err,builtin-err,builtin,builtin-err,builtin,builtin,builtin,builtin-err,builtin-err,builtin-err,builtin-err,file
caxis,file,file,file,file,file,file,file,file,file,file,file,file,file,file,file,file,file,file,file,file,file,file,file,file,file,file,file,file,file,file,file,file,file,file,file,file,file
ccdesign,file,file,file,file,file,file,file,file,file,file,file,file,file,file,file,file,file,file,file,file,file,file,file,file,file,file,file,file,file,file,file,file,file,file,file,file,file
cceps,file,file,file,file,file,file,file,file,file,file,file,file,file,file,file,file,file,file,file,file,file,file,file,file,file,file,file,file,file,file,file,file,file,file,file,file,file
cconv,file,file,file,file,file,file,file,file,file,file,file,file,file,file,file,file,file,file,file,file,file,file,file,file,file,file,file,file,file,file,file,file,file,file,file,file,file
cdf,file,file,file,file,file,file,file,file,file,file,file,file,file,file,file,file,file,file,file,file,file,file,file,file,file,file,file,file,file,file,file,file,file,file,file,file,file
cdf2rdf,file,file,file,file,file,file,file,file,file,file,file,file,file,file,file,file,file,file,file,file,file,file,file,file,file,file,file,file,file,file,file,file,file,file,file,file,file
cdfplot,file,file,file,file,file,file,file,file,file,file,file,file,file,file,file,file,file,file,file,file,file,file,file,file,file,file,file,file,file,file,file,file,file,file,file,file,file
ceil,file,builtin,file,file,file,file,builtin,builtin,builtin,builtin,builtin-err,builtin,file,file,builtin-err,file,file,file,file,file,file,builtin-err,builtin-err,builtin-err,file,builtin-err,builtin-err,builtin-err,builtin-err,builtin-err,file,file,file,file,file,file,file
cell2mat,file,file,file,file,file,file,file,file,file,file,file,file,file,file,file,file,file,file,file,file,file,file,file,file,file,file,file,file,file,file,file,file,file,file,file,file,file
cell2sos,file,file,file,file,file,file,file,file,file,file,file,file,file,file,file,file,file,file,file,file,file,file,file,file,file,file,file,file,file,file,file,file,file,file,file,file,file
cell2struct,file,file,file,file,file,file,file,file,file,file,file,file,file,file,file,file,file,file,file,file,file,file,file,file,file,file,file,file,file,file,file,file,file,file,file,file,file
cellfun,file,file,file,file,file,file,file,file,file,file,file,file,file,file,file,file,file,file,file,file,file,file,file,file,file,file,file,file,file,file,file,file,file,file,file,file,file
cellstr,file,file,builtin,file,file,file,file,file,file,file,builtin,builtin,builtin,file,file,file,builtin-err,file,file,file,file,file,file,file,builtin-err,file,file,builtin-err,builtin-err,builtin-err,builtin-err,file,file,builtin-err,file,file,file
cgs,file,file,file,file,file,file,file,file,file,file,file,file,file,file,file,file,file,file,file,file,file,file,file,file,file,file,file,file,file,file,file,file,file,file,file,file,file
char,file,file,builtin,file,file,file,file,file,file,file,file,file,file,file,file,file,builtin-err,file,file,file,file,file,file,file,builtin-err,file,file,builtin-err,builtin-err,builtin-err,builtin-err,file,file,builtin-err,file,file,file
cheb1ap,file,file,file,file,file,file,file,file,file,file,file,file,file,file,file,file,file,file,file,file,file,file,file,file,file,file,file,file,file,file,file,file,file,file,file,file,file
cheb1ord,file,file,file,file,file,file,file,file,file,file,file,file,file,file,file,file,file,file,file,file,file,file,file,file,file,file,file,file,file,file,file,file,file,file,file,file,file
cheb2ap,file,file,file,file,file,file,file,file,file,file,file,file,file,file,file,file,file,file,file,file,file,file,file,file,file,file,file,file,file,file,file,file,file,file,file,file,file
cheb2ord,file,file,file,file,file,file,file,file,file,file,file,file,file,file,file,file,file,file,file,file,file,file,file,file,file,file,file,file,file,file,file,file,file,file,file,file,file
chebwin,file,file,file,file,file,file,file,file,file,file,file,file,file,file,file,file,file,file,file,file,file,file,file,file,file,file,file,file,file,file,file,file,file,file,file,file,file
cheby1,file,file,file,file,file,file,file,file,file,file,file,file,file,file,file,file,file,file,file,file,file,file,file,file,file,file,file,file,file,file,file,file,file,file,file,file,file
cheby2,file,file,file,file,file,file,file,file,file,file,file,file,file,file,file,file,file,file,file,file,file,file,file,file,file,file,file,file,file,file,file,file,file,file,file,file,file
checkerboard,file,file,file,file,file,file,file,file,file,file,file,file,file,file,file,file,file,file,file,file,file,file,file,file,file,file,file,file,file,file,file,file,file,file,file,file,file
chi2cdf,file,file,file,file,file,file,file,file,file,file,file,file,file,file,file,file,file,file,file,file,file,file,file,file,file,file,file,file,file,file,file,file,file,file,file,file,file
chi2gof,file,file,file,file,file,file,file,file,file,file,file,file,file,file,file,file,file,file,file,file,file,file,file,file,file,file,file,file,file,file,file,file,file,file,file,file,file
chi2inv,file,file,file,file,file,file,file,file,file,file,file,file,file,file,file,file,file,file,file,file,file,file,file,file,file,file,file,file,file,file,file,file,file,file,file,file,file
chi2pdf,file,file,file,file,file,file,file,file,file,file,file,file,file,file,file,file,file,file,file,file,file,file,file,file,file,file,file,file,file,file,file,file,file,file,file,file,file
chi2rnd,file,file,file,file,file,file,file,file,file,file,file,file,file,file,file,file,file,file,file,file,file,file,file,file,file,file,file,file,file,file,file,file,file,file,file,file,file
chi2stat,file,file,file,file,file,file,file,file,file,file,file,file,file,file,file,file,file,file,file,file,file,file,file,file,file,file,file,file,file,file,file,file,file,file,file,file,file
chirp,file,file,file,file,file,file,file,file,file,file,file,file,file,file,file,file,file,file,file,file,file,file,file,file,file,file,file,file,file,file,file,file,file,file,file,file,file
chol,file,builtin,file,file,file,file,file,file,file,file,file,file,file,file,builtin-err,file,file,file,file,file,file,file,builtin-err,file,file,file,file,file,file,file,file,file,file,file,file,file,file
cholcov,file,file,file,file,file,file,file,file,file,file,file,file,file,file,file,file,file,file,file,file,file,file,file,file,file,file,file,file,file,file,file,file,file,file,file,file,file
cholupdate,file,builtin-err,file,file,file,file,file,file,file,file,file,file,file,file,builtin,file,file,file,file,file,file,file,builtin-err,file,file,file,file,file,file,file,file,file,file,file,file,file,file
chromadapt,file,file,file,file,file,file,file,file,file,file,file,file,file,file,file,file,file,file,file,file,file,file,file,file,file,file,file,file,file,file,file,file,file,file,file,file,file
circshift,file,builtin-err,file,file,file,file,builtin-err,builtin-err,builtin-err,file,file,file,file,file,builtin-err,file,file,file,file,file,file,builtin-err,builtin-err,builtin-err,file,file,file,file,file,file,file,file,file,file,file,file,file
cla,file,file,file,file,file,file,file,file,file,file,file,file,file,file,file,file,file,file,file,file,file,file,file,file,file,file,file,file,file,file,file,file,file,file,file,file,file
clabel,file,file,file,file,file,file,file,file,file,file,file,file,file,file,file,file,file,file,file,file,file,file,file,file,file,file,file,file,file,file,file,file,file,file,file,file,file
clc,file,file,file,file,file,file,file,file,file,file,file,file,file,file,file,file,file,file,file,file,file,file,file,file,file,file,file,file,file,file,file,file,file,file,file,file,file
clear,file,file,file,file,file,file,file,file,file,file,file,file,file,file,file,file,file,file,file,file,file,file,file,file,file,file,file,file,file,file,file,file,file,file,file,file,file
clearpoints,file,file,file,file,file,file,file,file,file,file,file,file,file,file,file,file,file,file,file,file,file,file,file,file,file,file,file,file,file,file,file,file,file,file,file,file,file
clearvars,file,file,file,file,file,file,file,file,file,file,file,file,file,file,file,file,file,file,file,file,file,file,file,file,file,file,file,file,file,file,file,file,file,file,file,file,file
clf,file,file,file,file,file,file,file,file,file,file,file,file,file,file,file,file,file,file,file,file,file,file,file,file,file,file,file,file,file,file,file,file,file,file,file,file,file
clim,file,file,file,file,file,file,file,file,file,file,file,file,file,file,file,file,file,file,file,file,file,file,file,file,file,file,file,file,file,file,file,file,file,file,file,file,file
clip,file,file,file,file,file,file,file,file,file,file,file,file,file,file,file,file,file,file,file,file,file,file,file,file,file,file,file,file,file,file,file,file,file,file,file,file,file
clock,file,file,file,file,file,file,file,file,file,file,file,file,file,file,file,file,file,file,file,file,file,file,file,file,file,file,file,file,file,file,file,file,file,file,file,file,file
close,file,file,file,file,file,file,file,file,file,file,file,file,file,file,file,file,file,file,file,file,file,file,file,file,file,file,file,file,file,file,file,file,file,file,file,file,file
closereq,file,file,file,file,file,file,file,file,file,file,file,file,file,file,file,file,file,file,file,file,file,file,file,file,file,file,file,file,file,file,file,file,file,file,file,file,file
cluster,file,file,file,file,file,file,file,file,file,file,file,file,file,file,file,file,file,file,file,file,file,file,file,file,file,file,file,file,file,file,file,file,file,file,file,file,file
clusterdata,file,file,file,file,file,file,file,file,file,file,file,file,file,file,file,file,file,file,file,file,file,file,file,file,file,file,file,file,file,file,file,file,file,file,file,file,file
cmap2gray,file,file,file,file,file,file,file,file,file,file,file,file,file,file,file,file,file,file,file,file,file,file,file,file,file,file,file,file,file,file,file,file,file,file,file,file,file
cmdscale,file,file,file,file,file,file,file,file,file,file,file,file,file,file,file,file,file,file,file,file,file,file,file,file,file,file,file,file,file,file,file,file,file,file,file,file,file
cmpermute,file,file,file,file,file,file,file,file,file,file,file,file,file,file,file,file,file,file,file,file,file,file,file,file,file,file,file,file,file,file,file,file,file,file,file,file,file
cmunique,file,file,file,file,file,file,file,file,file,file,file,file,file,file,file,file,file,file,file,file,file,file,file,file,file,file,file,file,file,file,file,file,file,file,file,file,file
cohere,file,file,file,file,file,file,file,file,file,file,file,file,file,file,file,file,file,file,file,file,file,file,file,file,file,file,file,file,file,file,file,file,file,file,file,file,file
col2im,file,file,file,file,file,file,file,file,file,file,file,file,file,file,file,file,file,file,file,file,file,file,file,file,file,file,file,file,file,file,file,file,file,file,file,file,file
colfilt,file,file,file,file,file,file,file,file,file,file,file,file,file,file,file,file,file,file,file,file,file,file,file,file,file,file,file,file,file,file,file,file,file,file,file,file,file
colnames,file,file,file,file,file,file,file,file,file,file,file,file,file,file,file,file,file,file,file,file,file,file,file,file,file,file,file,file,file,file,file,file,file,file,file,file,file
colon,file,builtin-err,file,file,file,file,builtin-err,file,builtin-err,file,builtin-err,builtin-err,file,file,builtin,file,file,file,file,file,file,builtin-err,builtin-err,builtin-err,file,file,file,builtin-err,builtin-err,builtin,file,file,file,file,file,file,file
colorangle,file,file,file,file,file,file,file,file,file,file,file,file,file,file,file,file,file,file,file,file,file,file,file,file,file,file,file,file,file,file,file,file,file,file,file,file,file
colorbar,file,file,file,file,file,file,file,file,file,file,file,file,file,file,file,file,file,file,file,file,file,file,file,file,file,file,file,file,file,file,file,file,file,file,file,file,file
colorcube,file,file,file,file,file,file,file,file,file,file,file,file,file,file,file,file,file,file,file,file,file,file,file,file,file,file,file,file,file,file,file,file,file,file,file,file,file
colordef,file,file,file,file,file,file,file,file,file,file,file,file,file,file,file,file,file,file,file,file,file,file,file,file,file,file,file,file,file,file,file,file,file,file,file,file,file
colororder,file,file,file,file,file,file,file,file,file,file,file,file,file,file,file,file,file,file,file,file,file,file,file,file,file,file,file,file,file,file,file,file,file,file,file,file,file
colperm,file,file,file,file,file,file,file,file,file,file,file,file,file,file,file,file,file,file,file,file,file,file,file,file,file,file,file,file,file,file,file,file,file,file,file,file,file
column,file,file,file,file,file,file,file,file,file,file,file,file,file,file,file,file,file,file,file,file,file,file,file,file,file,file,file,file,file,file,file,file,file,file,file,file,file
combnk,file,file,file,file,file,file,file,file,file,file,file,file,file,file,file,file,file,file,file,file,file,file,file,file,file,file,file,file,file,file,file,file,file,file,file,file,file
comet,file,file,file,file,file,file,file,file,file,file,file,file,file,file,file,file,file,file,file,file,file,file,file,file,file,file,file,file,file,file,file,file,file,file,file,file,file
comet3,file,file,file,file,file,file,file,file,file,file,file,file,file,file,file,file,file,file,file,file,file,file,file,file,file,file,file,file,file,file,file,file,file,file,file,file,file
compan,file,file,file,file,file,file,file,file,file,file,file,file,file,file,file,file,file,file,file,file,file,file,file,file,file,file,file,file,file,file,file,file,file,file,file,file,file
compass,file,file,file,file,file,file,file,file,file,file,file,file,file,file,file,file,file,file,file,file,file,file,file,file,file,file,file,file,file,file,file,file,file,file,file,file,file
complex,file,builtin,file,file,file,file,file,builtin,builtin,file,file,file,file,file,builtin,file,file,file,file,file,file,builtin,builtin,file,file,file,file,file,file,file,file,file,file,file,file,file,file
compose,file,file,builtin,file,file,file,file,file,file,file,file,file,file,file,file,file,builtin-err,file,file,file,file,file,file,file,builtin-err,file,file,file,file,file,file,file,file,builtin-err,file,file,file
computer,file,file,file,file,file,file,file,file,file,file,file,file,file,file,file,file,file,file,file,file,file,file,file,file,file,file,file,file,file,file,file,file,file,file,file,file,file
concat,file,file,file,file,file,file,file,file,file,file,file,file,file,file,file,file,file,file,file,file,file,file,file,file,file,file,file,file,file,file,file,file,file,file,file,file,file
cond,file,file,file,file,file,file,file,file,file,file,file,file,file,file,file,file,file,file,file,file,file,file,file,file,file,file,file,file,file,file,file,file,file,file,file,file,file
condeig,file,file,file,file,file,file,file,file,file,file,file,file,file,file,file,file,file,file,file,file,file,file,file,file,file,file,file,file,file,file,file,file,file,file,file,file,file
condest,file,file,file,file,file,file,file,file,file,file,file,file,file,file,file,file,file,file,file,file,file,file,file,file,file,file,file,file,file,file,file,file,file,file,file,file,file
coneplot,file,file,file,file,file,file,file,file,file,file,file,file,file,file,file,file,file,file,file,file,file,file,file,file,file,file,file,file,file,file,file,file,file,file,file,file,file
confusionmat,file,file,file,file,file,file,file,file,file,file,file,file,file,file,file,file,file,file,file,file,file,file,file,file,file,file,file,file,file,file,file,file,file,file,file,file,file
conj,file,builtin,file,file,file,file,builtin,builtin,builtin,file,file,file,file,file,builtin-err,file,file,file,file,file,file,builtin-err,builtin-err,builtin-err,file,file,file,file,file,file,file,file,file,file,file,file,file
conndef,file,file,file,file,file,file,file,file,file,file,file,file,file,file,file,file,file,file,file,file,file,file,file,file,file,file,file,file,file,file,file,file,file,file,file,file,file
containers,file,file,file,file,file,file,file,file,file,file,file,file,file,file,file,file,file,file,file,file,file,file,file,file,file,file,file,file,file,file,file,file,file,file,file,file,file
contains,file,file,builtin-err,file,file,file,file,file,file,file,file,file,file,file,file,builtin-err,builtin-err,file,file,file,file,file,file,file,builtin,file,file,file,file,file,file,file,file,builtin-err,builtin-err,builtin-err,file
contour,file,file,file,file,file,file,file,file,file,file,file,file,file,file,file,file,file,file,file,file,file,file,file,file,file,file,file,file,file,file,file,file,file,file,file,file,file
contour3,file,file,file,file,file,file,file,file,file,file,file,file,file,file,file,file,file,file,file,file,file,file,file,file,file,file,file,file,file,file,file,file,file,file,file,file,file
contourc,file,file,file,file,file,file,file,file,file,file,file,file,file,file,file,file,file,file,file,file,file,file,file,file,file,file,file,file,file,file,file,file,file,file,file,file,file
contourf,file,file,file,file,file,file,file,file,file,file,file,file,file,file,file,file,file,file,file,file,file,file,file,file,file,file,file,file,file,file,file,file,file,file,file,file,file
contourslice,file,file,file,file,file,file,file,file,file,file,file,file,file,file,file,file,file,file,file,file,file,file,file,file,file,file,file,file,file,file,file,file,file,file,file,file,file
contrast,file,file,file,file,file,file,file,file,file,file,file,file,file,file,file,file,file,file,file,file,file,file,file,file,file,file,file,file,file,file,file,file,file,file,file,file,file
conv,file,file,file,file,file,file,file,file,file,file,file,file,file,file,file,file,file,file,file,file,file,file,file,file,file,file,file,file,file,file,file,file,file,file,file,file,file
conv2,file,builtin-err,file,file,file,file,file,builtin-err,builtin-err,file,file,file,file,file,builtin,file,file,file,file,file,file,builtin,builtin-err,file,file,file,file,file,file,file,file,file,file,file,file,file,file
convertCharsToStrings,file,file,file,file,file,file,file,file,file,file,file,file,file,file,file,file,file,file,file,file,file,file,file,file,file,file,file,file,file,file,file,file,file,file,file,file,file
convertContainedStringsToChars,file,file,file,file,file,file,file,file,file,file,file,file,file,file,file,file,file,file,file,file,file,file,file,file,file,file,file,file,file,file,file,file,file,file,file,file,file
convertStringsToChars,file,file,builtin,file,file,file,file,file,file,file,file,file,file,file,file,builtin-err,builtin-err,file,file,file,file,file,file,file,builtin-err,file,file,file,file,file,file,file,file,builtin-err,builtin-err,builtin-err,file
convhull,file,file,file,file,file,file,file,file,file,file,file,file,file,file,file,file,file,file,file,file,file,file,file,file,file,file,file,file,file,file,file,file,file,file,file,file,file
convhulln,file,file,file,file,file,file,file,file,file,file,file,file,file,file,file,file,file,file,file,file,file,file,file,file,file,file,file,file,file,file,file,file,file,file,file,file,file
convmtx,file,file,file,file,file,file,file,file,file,file,file,file,file,file,file,file,file,file,file,file,file,file,file,file,file,file,file,file,file,file,file,file,file,file,file,file,file
convmtx2,file,file,file,file,file,file,file,file,file,file,file,file,file,file,file,file,file,file,file,file,file,file,file,file,file,file,file,file,file,file,file,file,file,file,file,file,file
convn,file,file,file,file,file,file,file,file,file,file,file,file,file,file,file,file,file,file,file,file,file,file,file,file,file,file,file,file,file,file,file,file,file,file,file,file,file
cophenet,file,file,file,file,file,file,file,file,file,file,file,file,file,file,file,file,file,file,file,file,file,file,file,file,file,file,file,file,file,file,file,file,file,file,file,file,file
copulacdf,file,file,file,file,file,file,file,file,file,file,file,file,file,file,file,file,file,file,file,file,file,file,file,file,file,file,file,file,file,file,file,file,file,file,file,file,file
copulafit,file,file,file,file,file,file,file,file,file,file,file,file,file,file,file,file,file,file,file,file,file,file,file,file,file,file,file,file,file,file,file,file,file,file,file,file,file
copulaparam,file,file,file,file,file,file,file,file,file,file,file,file,file,file,file,file,file,file,file,file,file,file,file,file,file,file,file,file,file,file,file,file,file,file,file,file,file
copulapdf,file,file,file,file,file,file,file,file,file,file,file,file,file,file,file,file,file,file,file,file,file,file,file,file,file,file,file,file,file,file,file,file,file,file,file,file,file
copularnd,file,file,file,file,file,file,file,file,file,file,file,file,file,file,file,file,file,file,file,file,file,file,file,file,file,file,file,file,file,file,file,file,file,file,file,file,file
copulastat,file,file,file,file,file,file,file,file,file,file,file,file,file,file,file,file,file,file,file,file,file,file,file,file,file,file,file,file,file,file,file,file,file,file,file,file,file
copyfile,file,file,file,file,file,file,file,file,file,file,file,file,file,file,file,file,file,file,file,file,file,file,file,file,file,file,file,file,file,file,file,file,file,file,file,file,file
copygraphics,file,file,file,file,file,file,file,file,file,file,file,file,file,file,file,file,file,file,file,file,file,file,file,file,file,file,file,file,file,file,file,file,file,file,file,file,file
copyobj,file,file,file,file,file,file,file,file,file,file,file,file,file,file,file,file,file,file,file,file,file,file,file,file,file,file,file,file,file,file,file,file,file,file,file,file,file
corr,file,file,file,file,file,file,file,file,file,file,file,file,file,file,file,file,file,file,file,file,file,file,file,file,file,file,file,file,file,file,file,file,file,file,file,file,file
corr2,file,file,file,file,file,file,file,file,file,file,file,file,file,file,file,file,file,file,file,file,file,file,file,file,file,file,file,file,file,file,file,file,file,file,file,file,file
corrcoef,file,file,file,file,file,file,file,file,file,file,file,file,file,file,file,file,file,file,file,file,file,file,file,file,file,file,file,file,file,file,file,file,file,file,file,file,file
corrcov,file,file,file,file,file,file,file,file,file,file,file,file,file,file,file,file,file,file,file,file,file,file,file,file,file,file,file,file,file,file,file,file,file,file,file,file,file
corrmtx,file,file,file,file,file,file,file,file,file,file,file,file,file,file,file,file,file,file,file,file,file,file,file,file,file,file,file,file,file,file,file,file,file,file,file,file,file
cos,file,builtin,file,file,file,file,file,file,file,builtin,file,file,file,file,builtin-err,file,file,file,file,file,file,file,builtin-err,file,file,builtin-err,builtin-err,file,file,file,file,file,file,file,file,file,file
cosd,file,builtin,file,file,file,file,file,file,file,builtin,file,file,file,file,builtin-err,file,file,file,file,file,file,file,builtin-err,file,file,builtin-err,builtin-err,file,file,file,file,file,file,file,file,file,file
cosh,file,builtin,file,file,file,file,file,file,file,builtin,file,file,file,file,builtin-err,file,file,file,file,file,file,file,builtin-err,file,file,builtin-err,builtin-err,file,file,file,file,file,file,file,file,file,file
cot,file,file,file,file,file,file,file,file,file,builtin-err,file,file,file,file,file,file,file,file,file,file,file,file,file,file,file,builtin-err,builtin-err,file,file,file,file,file,file,file,file,file,file
cotd,file,file,file,file,file,file,file,file,file,builtin-err,file,file,file,file,file,file,file,file,file,file,file,file,file,file,file,builtin-err,builtin-err,file,file,file,file,file,file,file,file,file,file
coth,file,file,file,file,file,file,file,file,file,builtin-err,file,file,file,file,file,file,file,file,file,file,file,file,file,file,file,builtin-err,builtin-err,file,file,file,file,file,file,file,file,file,file
count,file,file,builtin-err,file,file,file,file,file,file,file,file,file,file,file,file,builtin-err,builtin-err,file,file,file,file,file,file,file,builtin,file,file,file,file,file,file,file,file,builtin-err,builtin-err,builtin-err,file
cov,file,file,file,file,file,file,file,file,file,file,file,file,file,file,file,file,file,file,file,file,file,file,file,file,file,file,file,file,file,file,file,file,file,file,file,file,file
coxphfit,file,file,file,file,file,file,file,file,file,file,file,file,file,file,file,file,file,file,file,file,file,file,file,file,file,file,file,file,file,file,file,file,file,file,file,file,file
cplxpair,file,file,file,file,file,file,file,file,file,file,file,file,file,file,file,file,file,file,file,file,file,file,file,file,file,file,file,file,file,file,file,file,file,file,file,file,file
cpsd,file,file,file,file,file,file,file,file,file,file,file,file,file,file,file,file,file,file,file,file,file,file,file,file,file,file,file,file,file,file,file,file,file,file,file,file,file
cputime,file,file,file,file,file,file,file,file,file,file,file,file,file,file,file,file,file,file,file,file,file,file,file,file,file,file,file,file,file,file,file,file,file,file,file,file,file
createns,file,file,file,file,file,file,file,file,file,file,file,file,file,file,file,file,file,file,file,file,file,file,file,file,file,file,file,file,file,file,file,file,file,file,file,file,file
cross,file,file,file,file,file,file,file,file,file,file,file,file,file,file,file,file,file,file,file,file,file,file,file,file,file,file,file,file,file,file,file,file,file,file,file,file,file
crosstab,file,file,file,file,file,file,file,file,file,file,file,file,file,file,file,file,file,file,file,file,file,file,file,file,file,file,file,file,file,file,file,file,file,file,file,file,file
csc,file,file,file,file,file,file,file,file,file,builtin-err,file,file,file,file,file,file,file,file,file,file,file,file,file,file,file,builtin-err,builtin-err,file,file,file,file,file,file,file,file,file,file
cscd,file,file,file,file,file,file,file,file,file,builtin-err,file,file,file,file,file,file,file,file,file,file,file,file,file,file,file,builtin-err,builtin-err,file,file,file,file,file,file,file,file,file,file
csch,file,file,file,file,file,file,file,file,file,builtin-err,file,file,file,file,file,file,file,file,file,file,file,file,file,file,file,builtin-err,builtin-err,file,file,file,file,file,file,file,file,file,file
csd,file,file,file,file,file,file,file,file,file,file,file,file,file,file,file,file,file,file,file,file,file,file,file,file,file,file,file,file,file,file,file,file,file,file,file,file,file
csvwrite,file,file,file,file,file,file,file,file,file,file,file,file,file,file,file,file,file,file,file,file,file,file,file,file,file,file,file,file,file,file,file,file,file,file,file,file,file
ctranspose,file,builtin,builtin,builtin,builtin,file,builtin,builtin,builtin,builtin-err,builtin,builtin,builtin,builtin,builtin-err,file,builtin-err,builtin-err,builtin-err,builtin-err,file,builtin-err,builtin-err,builtin-err,builtin-err,builtin-err,builtin-err,builtin-err,builtin-err,builtin-err,builtin-err,builtin-err,builtin-err,builtin-err,file,file,builtin-err
cummax,file,builtin,file,file,file,file,file,builtin,builtin,builtin,file,builtin,file,file,builtin-err,file,file,file,file,file,file,builtin-err,builtin-err,file,file,builtin-err,builtin-err,file,file,builtin-err,file,file,file,file,file,file,file
cummin,file,builtin,file,file,file,file,file,builtin,builtin,builtin,file,builtin,file,file,builtin-err,file,file,file,file,file,file,builtin-err,builtin-err,file,file,builtin-err,builtin-err,file,file,builtin-err,file,file,file,file,file,file,file
cumprod,file,builtin,file,file,file,file,file,builtin,builtin,builtin,file,file,file,file,builtin-err,file,file,file,file,file,file,builtin-err,builtin-err,file,file,builtin-err,builtin-err,file,file,file,file,file,file,file,file,file,file
cumsum,file,builtin,file,file,file,file,file,builtin,builtin,builtin,file,builtin,file,file,builtin-err,file,file,file,file,file,file,builtin-err,builtin-err,file,file,builtin-err,builtin-err,file,file,builtin-err,file,file,file,file,file,file,file
cumtrapz,file,file,file,file,file,file,file,file,file,file,file,file,file,file,file,file,file,file,file,file,file,file,file,file,file,file,file,file,file,file,file,file,file,file,file,file,file
curl,file,file,file,file,file,file,file,file,file,file,file,file,file,file,file,file,file,file,file,file,file,file,file,file,file,file,file,file,file,file,file,file,file,file,file,file,file
cusum,file,file,file,file,file,file,file,file,file,file,file,file,file,file,file,file,file,file,file,file,file,file,file,file,file,file,file,file,file,file,file,file,file,file,file,file,file
cylinder,file,file,file,file,file,file,file,file,file,file,file,file,file,file,file,file,file,file,file,file,file,file,file,file,file,file,file,file,file,file,file,file,file,file,file,file,file
czt,file,file,file,file,file,file,file,file,file,file,file,file,file,file,file,file,file,file,file,file,file,file,file,file,file,file,file,file,file,file,file,file,file,file,file,file,file
daspect,file,file,file,file,file,file,file,file,file,file,file,file,file,file,file,file,file,file,file,file,file,file,file,file,file,file,file,file,file,file,file,file,file,file,file,file,file
dataTipInteraction,file,file,file,file,file,file,file,file,file,file,file,file,file,file,file,file,file,file,file,file,file,file,file,file,file,file,file,file,file,file,file,file,file,file,file,file,file
datacursormode,file,file,file,file,file,file,file,file,file,file,file,file,file,file,file,file,file,file,file,file,file,file,file,file,file,file,file,file,file,file,file,file,file,file,file,file,file
datasample,file,file,file,file,file,file,file,file,file,file,file,file,file,file,file,file,file,file,file,file,file,file,file,file,file,file,file,file,file,file,file,file,file,file,file,file,file
datawrap,file,file,file,file,file,file,file,file,file,file,file,file,file,file,file,file,file,file,file,file,file,file,file,file,file,file,file,file,file,file,file,file,file,file,file,file,file
date,file,file,file,file,file,file,file,file,file,file,file,file,file,file,file,file,file,file,file,file,file,file,file,file,file,file,file,file,file,file,file,file,file,file,file,file,file
datenum,file,file,file,file,file,file,file,file,file,file,builtin,builtin,file,file,file,file,file,file,file,file,file,file,file,file,file,file,file,builtin-err,builtin-err,builtin-err,file,file,file,file,file,file,file
dateshift,file,file,file,file,file,file,file,file,file,file,builtin-err,file,file,file,file,file,file,file,file,file,file,file,file,file,file,file,file,builtin-err,builtin-err,file,file,file,file,file,file,file,file
datestr,file,file,file,file,file,file,file,file,file,file,file,file,file,file,file,file,file,file,file,file,file,file,file,file,file,file,file,builtin-err,file,file,file,file,file,file,file,file,file
datevec,file,file,file,file,file,file,file,file,file,file,builtin,builtin,file,file,file,file,file,file,file,file,file,file,file,file,file,file,file,builtin-err,builtin-err,builtin-err,file,file,file,file,file,file,file
day,file,file,file,file,file,file,file,file,file,file,builtin,file,file,file,file,file,file,file,file,file,file,file,file,file,file,file,file,builtin-err,builtin-err,file,file,file,file,file,file,file,file
days,file,file,file,file,file,file,file,file,file,file,file,builtin,file,file,file,file,file,file,file,file,file,file,file,file,file,file,file,file,file,builtin-err,file,file,file,file,file,file,file
db,file,file,file,file,file,file,file,file,file,file,file,file,file,file,file,file,file,file,file,file,file,file,file,file,file,file,file,file,file,file,file,file,file,file,file,file,file
db2mag,file,file,file,file,file,file,file,file,file,file,file,file,file,file,file,file,file,file,file,file,file,file,file,file,file,file,file,file,file,file,file,file,file,file,file,file,file
db2pow,file,file,file,file,file,file,file,file,file,file,file,file,file,file,file,file,file,file,file,file,file,file,file,file,file,file,file,file,file,file,file,file,file,file,file,file,file
dblquad,file,file,file,file,file,file,file,file,file,file,file,file,file,file,file,file,file,file,file,file,file,file,file,file,file,file,file,file,file,file,file,file,file,file,file,file,file
dbscan,file,file,file,file,file,file,file,file,file,file,file,file,file,file,file,file,file,file,file,file,file,file,file,file,file,file,file,file,file,file,file,file,file,file,file,file,file
dct,file,file,file,file,file,file,file,file,file,file,file,file,file,file,file,file,file,file,file,file,file,file,file,file,file,file,file,file,file,file,file,file,file,file,file,file,file
dct2,file,file,file,file,file,file,file,file,file,file,file,file,file,file,file,file,file,file,file,file,file,file,file,file,file,file,file,file,file,file,file,file,file,file,file,file,file
dctmtx,file,file,file,file,file,file,file,file,file,file,file,file,file,file,file,file,file,file,file,file,file,file,file,file,file,file,file,file,file,file,file,file,file,file,file,file,file
dde23,file,file,file,file,file,file,file,file,file,file,file,file,file,file,file,file,file,file,file,file,file,file,file,file,file,file,file,file,file,file,file,file,file,file,file,file,file
ddeget,file,file,file,file,file,file,file,file,file,file,file,file,file,file,file,file,file,file,file,file,file,file,file,file,file,file,file,file,file,file,file,file,file,file,file,file,file
ddensd,file,file,file,file,file,file,file,file,file,file,file,file,file,file,file,file,file,file,file,file,file,file,file,file,file,file,file,file,file,file,file,file,file,file,file,file,file
ddesd,file,file,file,file,file,file,file,file,file,file,file,file,file,file,file,file,file,file,file,file,file,file,file,file,file,file,file,file,file,file,file,file,file,file,file,file,file
ddeset,file,file,file,file,file,file,file,file,file,file,file,file,file,file,file,file,file,file,file,file,file,file,file,file,file,file,file,file,file,file,file,file,file,file,file,file,file
deal,file,file,file,file,file,file,file,file,file,file,file,file,file,file,file,file,file,file,file,file,file,file,file,file,file,file,file,file,file,file,file,file,file,file,file,file,file
deblank,file,file,file,file,file,file,file,file,file,file,file,file,file,file,file,file,file,file,file,file,file,file,file,file,file,file,file,file,file,file,file,file,file,file,file,file,file
dec2base,file,file,file,file,file,file,file,file,file,file,file,file,file,file,file,file,file,file,file,file,file,file,file,file,file,file,file,file,file,file,file,file,file,file,file,file,file
dec2bin,file,file,file,file,file,file,file,file,file,file,file,file,file,file,file,file,file,file,file,file,file,file,file,file,file,file,file,file,file,file,file,file,file,file,file,file,file
dec2hex,file,file,file,file,file,file,file,file,file,file,file,file,file,file,file,file,file,file,file,file,file,file,file,file,file,file,file,file,file,file,file,file,file,file,file,file,file
decic,file,file,file,file,file,file,file,file,file,file,file,file,file,file,file,file,file,file,file,file,file,file,file,file,file,file,file,file,file,file,file,file,file,file,file,file,file
decimate,file,file,file,file,file,file,file,file,file,file,file,file,file,file,file,file,file,file,file,file,file,file,file,file,file,file,file,file,file,file,file,file,file,file,file,file,file
decomposition,file,file,file,file,file,file,file,file,file,file,file,file,file,file,file,file,file,file,file,file,file,file,file,file,file,file,file,file,file,file,file,file,file,file,file,file,file
deconv,file,file,file,file,file,file,file,file,file,file,file,file,file,file,file,file,file,file,file,file,file,file,file,file,file,file,file,file,file,file,file,file,file,file,file,file,file
deconvblind,file,file,file,file,file,file,file,file,file,file,file,file,file,file,file,file,file,file,file,file,file,file,file,file,file,file,file,file,file,file,file,file,file,file,file,file,file
deconvlucy,file,file,file,file,file,file,file,file,file,file,file,file,file,file,file,file,file,file,file,file,file,file,file,file,file,file,file,file,file,file,file,file,file,file,file,file,file
deconvreg,file,file,file,file,file,file,file,file,file,file,file,file,file,file,file,file,file,file,file,file,file,file,file,file,file,file,file,file,file,file,file,file,file,file,file,file,file
deconvwnr,file,file,file,file,file,file,file,file,file,file,file,file,file,file,file,file,file,file,file,file,file,file,file,file,file,file,file,file,file,file,file,file,file,file,file,file,file
decorrstretch,file,file,file,file,file,file,file,file,file,file,file,file,file,file,file,file,file,file,file,file,file,file,file,file,file,file,file,file,file,file,file,file,file,file,file,file,file
deg2rad,file,file,file,file,file,file,file,file,file,file,file,file,file,file,file,file,file,file,file,file,file,file,file,file,file,file,file,file,file,file,file,file,file,file,file,file,file
del2,file,file,file,file,file,file,file,file,file,file,file,file,file,file,file,file,file,file,file,file,file,file,file,file,file,file,file,file,file,file,file,file,file,file,file,file,file
delaunay,file,file,file,file,file,file,file,file,file,file,file,file,file,file,file,file,file,file,file,file,file,file,file,file,file,file,file,file,file,file,file,file,file,file,file,file,file
delaunayn,file,file,file,file,file,file,file,file,file,file,file,file,file,file,file,file,file,file,file,file,file,file,file,file,file,file,file,file,file,file,file,file,file,file,file,file,file
deltaE,file,file,file,file,file,file,file,file,file,file,file,file,file,file,file,file,file,file,file,file,file,file,file,file,file,file,file,file,file,file,file,file,file,file,file,file,file
demod,file,file,file,file,file,file,file,file,file,file,file,file,file,file,file,file,file,file,file,file,file,file,file,file,file,file,file,file,file,file,file,file,file,file,file,file,file
demosaic,file,file,file,file,file,file,file,file,file,file,file,file,file,file,file,file,file,file,file,file,file,file,file,file,file,file,file,file,file,file,file,file,file,file,file,file,file
dendrogram,file,file,file,file,file,file,file,file,file,file,file,file,file,file,file,file,file,file,file,file,file,file,file,file,file,file,file,file,file,file,file,file,file,file,file,file,file
designfilt,file,file,file,file,file,file,file,file,file,file,file,file,file,file,file,file,file,file,file,file,file,file,file,file,file,file,file,file,file,file,file,file,file,file,file,file,file
det,file,builtin,file,file,file,file,file,file,file,file,file,file,file,file,builtin-err,file,file,file,file,file,file,file,builtin-err,file,file,file,file,file,file,file,file,file,file,file,file,file,file
detrend,file,file,file,file,file,file,file,file,file,file,file,file,file,file,file,file,file,file,file,file,file,file,file,file,file,file,file,file,file,file,file,file,file,file,file,file,file
deval,file,file,file,file,file,file,file,file,file,file,file,file,file,file,file,file,file,file,file,file,file,file,file,file,file,file,file,file,file,file,file,file,file,file,file,file,file
dftmtx,file,file,file,file,file,file,file,file,file,file,file,file,file,file,file,file,file,file,file,file,file,file,file,file,file,file,file,file,file,file,file,file,file,file,file,file,file
diag,file,builtin,file,file,file,file,builtin,builtin,builtin,file,file,file,file,file,builtin-err,file,file,file,file,file,file,builtin-err,builtin,builtin-err,file,file,file,file,file,file,file,file,file,file,file,file,file
diary,file,file,file,file,file,file,file,file,file,file,file,file,file,file,file,file,file,file,file,file,file,file,file,file,file,file,file,file,file,file,file,file,file,file,file,file,file
dice,file,file,file,file,file,file,file,file,file,file,file,file,file,file,file,file,file,file,file,file,file,file,file,file,file,file,file,file,file,file,file,file,file,file,file,file,file
dictionary,builtin,builtin-err,builtin-err,builtin-err,builtin-err,builtin-err,builtin-err,builtin-err,builtin-err,builtin-err,builtin-err,builtin-err,builtin-err,builtin-err,builtin,builtin,builtin,builtin,builtin,builtin,builtin,builtin,builtin,builtin,builtin,builtin-err,builtin-err,builtin,builtin,builtin,builtin,builtin,builtin,builtin,builtin,builtin-err,builtin-err
diffuse,file,file,file,file,file,file,file,file,file,file,file,file,file,file,file,file,file,file,file,file,file,file,file,file,file,file,file,file,file,file,file,file,file,file,file,file,file
digitalFilter,file,file,file,file,file,file,file,file,file,file,file,file,file,file,file,file,file,file,file,file,file,file,file,file,file,file,file,file,file,file,file,file,file,file,file,file,file
digitrevorder,file,file,file,file,file,file,file,file,file,file,file,file,file,file,file,file,file,file,file,file,file,file,file,file,file,file,file,file,file,file,file,file,file,file,file,file,file
dir,file,file,file,file,file,file,file,file,file,file,file,file,file,file,file,file,file,file,file,file,file,file,file,file,file,file,file,file,file,file,file,file,file,file,file,file,file
diric,file,file,file,file,file,file,file,file,file,file,file,file,file,file,file,file,file,file,file,file,file,file,file,file,file,file,file,file,file,file,file,file,file,file,file,file,file
disableDefaultInteractivity,file,file,file,file,file,file,file,file,file,file,file,file,file,file,file,file,file,file,file,file,file,file,file,file,file,file,file,file,file,file,file,file,file,file,file,file,file
discretize,file,file,file,file,file,file,file,file,file,file,builtin-err,builtin-err,file,file,file,file,file,file,file,file,file,file,file,file,file,file,file,builtin-err,builtin-err,builtin-err,file,file,file,file,file,file,file
display,file,builtin-err,builtin-err,builtin-err,builtin-err,builtin-err,builtin-err,builtin-err,builtin-err,builtin-err,builtin-err,builtin-err,builtin-err,builtin-err,builtin-err,file,builtin-err,builtin-err,builtin-err,builtin-err,builtin-err,builtin-err,builtin-err,builtin-err,builtin-err,builtin-err,builtin-err,file,builtin-err,file,file,builtin-err,builtin-err,builtin-err,file,file,builtin-err
dissect,file,file,file,file,file,file,file,file,file,file,file,file,file,file,file,file,file,file,file,file,file,file,file,file,file,file,file,file,file,file,file,file,file,file,file,file,file
dither,file,file,file,file,file,file,file,file,file,file,file,file,file,file,file,file,file,file,file,file,file,file,file,file,file,file,file,file,file,file,file,file,file,file,file,file,file
divergence,file,file,file,file,file,file,file,file,file,file,file,file,file,file,file,file,file,file,file,file,file,file,file,file,file,file,file,file,file,file,file,file,file,file,file,file,file
dlmwrite,file,file,file,file,file,file,file,file,file,file,file,file,file,file,file,file,file,file,file,file,file,file,file,file,file,file,file,file,file,file,file,file,file,file,file,file,file
dmperm,file,builtin,file,file,file,file,file,builtin,file,file,file,file,file,file,builtin-err,file,file,file,file,file,file,file,builtin-err,file,file,file,file,file,file,file,file,file,file,file,file,file,file
dot,file,file,file,file,file,file,file,file,file,file,file,file,file,file,file,file,file,file,file,file,file,file,file,file,file,file,file,file,file,file,file,file,file,file,file,file,file
downsample,file,file,file,file,file,file,file,file,file,file,file,file,file,file,file,file,file,file,file,file,file,file,file,file,file,file,file,file,file,file,file,file,file,file,file,file,file
dpss,file,file,file,file,file,file,file,file,file,file,file,file,file,file,file,file,file,file,file,file,file,file,file,file,file,file,file,file,file,file,file,file,file,file,file,file,file
drawnow,file,file,file,file,file,file,file,file,file,file,file,file,file,file,file,file,file,file,file,file,file,file,file,file,file,file,file,file,file,file,file,file,file,file,file,file,file
dsearchn,file,file,file,file,file,file,file,file,file,file,file,file,file,file,file,file,file,file,file,file,file,file,file,file,file,file,file,file,file,file,file,file,file,file,file,file,file
dtw,file,file,file,file,file,file,file,file,file,file,file,file,file,file,file,file,file,file,file,file,file,file,file,file,file,file,file,file,file,file,file,file,file,file,file,file,file
dummyvar,file,file,file,file,file,file,file,file,file,file,file,file,file,file,file,file,file,file,file,file,file,file,file,file,file,file,file,file,file,file,file,file,file,file,file,file,file
dutycycle,file,file,file,file,file,file,file,file,file,file,file,file,file,file,file,file,file,file,file,file,file,file,file,file,file,file,file,file,file,file,file,file,file,file,file,file,file
dwtest,file,file,file,file,file,file,file,file,file,file,file,file,file,file,file,file,file,file,file,file,file,file,file,file,file,file,file,file,file,file,file,file,file,file,file,file,file
ecdf,file,file,file,file,file,file,file,file,file,file,file,file,file,file,file,file,file,file,file,file,file,file,file,file,file,file,file,file,file,file,file,file,file,file,file,file,file
ecdfhist,file,file,file,file,file,file,file,file,file,file,file,file,file,file,file,file,file,file,file,file,file,file,file,file,file,file,file,file,file,file,file,file,file,file,file,file,file
echo,file,file,file,file,file,file,file,file,file,file,file,file,file,file,file,file,file,file,file,file,file,file,file,file,file,file,file,file,file,file,file,file,file,file,file,file,file
edge,file,file,file,file,file,file,file,file,file,file,file,file,file,file,file,file,file,file,file,file,file,file,file,file,file,file,file,file,file,file,file,file,file,file,file,file,file
edge3,file,file,file,file,file,file,file,file,file,file,file,file,file,file,file,file,file,file,file,file,file,file,file,file,file,file,file,file,file,file,file,file,file,file,file,file,file
edgetaper,file,file,file,file,file,file,file,file,file,file,file,file,file,file,file,file,file,file,file,file,file,file,file,file,file,file,file,file,file,file,file,file,file,file,file,file,file
edr,file,file,file,file,file,file,file,file,file,file,file,file,file,file,file,file,file,file,file,file,file,file,file,file,file,file,file,file,file,file,file,file,file,file,file,file,file
eig,file,builtin,file,file,file,file,file,file,file,file,file,file,file,file,builtin,file,file,file,file,file,file,file,builtin-err,file,file,file,file,file,file,file,file,file,file,file,file,file,file
eigs,file,file,file,file,file,file,file,file,file,file,file,file,file,file,file,file,file,file,file,file,file,file,file,file,file,file,file,file,file,file,file,file,file,file,file,file,file
ellip,file,file,file,file,file,file,file,file,file,file,file,file,file,file,file,file,file,file,file,file,file,file,file,file,file,file,file,file,file,file,file,file,file,file,file,file,file
ellipap,file,file,file,file,file,file,file,file,file,file,file,file,file,file,file,file,file,file,file,file,file,file,file,file,file,file,file,file,file,file,file,file,file,file,file,file,file
ellipj,file,file,file,file,file,file,file,file,file,file,file,file,file,file,file,file,file,file,file,file,file,file,file,file,file,file,file,file,file,file,file,file,file,file,file,file,file
ellipke,file,file,file,file,file,file,file,file,file,file,file,file,file,file,file,file,file,file,file,file,file,file,file,file,file,file,file,file,file,file,file,file,file,file,file,file,file
ellipord,file,file,file,file,file,file,file,file,file,file,file,file,file,file,file,file,file,file,file,file,file,file,file,file,file,file,file,file,file,file,file,file,file,file,file,file,file
ellipsoid,file,file,file,file,file,file,file,file,file,file,file,file,file,file,file,file,file,file,file,file,file,file,file,file,file,file,file,file,file,file,file,file,file,file,file,file,file
enableDefaultInteractivity,file,file,file,file,file,file,file,file,file,file,file,file,file,file,file,file,file,file,file,file,file,file,file,file,file,file,file,file,file,file,file,file,file,file,file,file,file
enableLegacyExplorationModes,file,file,file,file,file,file,file,file,file,file,file,file,file,file,file,file,file,file,file,file,file,file,file,file,file,file,file,file,file,file,file,file,file,file,file,file,file
enbw,file,file,file,file,file,file,file,file,file,file,file,file,file,file,file,file,file,file,file,file,file,file,file,file,file,file,file,file,file,file,file,file,file,file,file,file,file
endsWith,file,file,builtin-err,file,file,file,file,file,file,file,file,file,file,file,file,builtin-err,builtin-err,file,file,file,file,file,file,file,builtin,file,file,file,file,file,file,file,file,builtin-err,builtin-err,builtin-err,file
entries,file,file,file,file,file,file,file,file,file,file,file,file,file,file,file,file,file,file,file,file,file,file,file,file,file,file,file,file,file,file,file,file,file,file,file,file,file
entropy,file,file,file,file,file,file,file,file,file,file,file,file,file,file,file,file,file,file,file,file,file,file,file,file,file,file,file,file,file,file,file,file,file,file,file,file,file
entropyfilt,file,file,file,file,file,file,file,file,file,file,file,file,file,file,file,file,file,file,file,file,file,file,file,file,file,file,file,file,file,file,file,file,file,file,file,file,file
envelope,file,file,file,file,file,file,file,file,file,file,file,file,file,file,file,file,file,file,file,file,file,file,file,file,file,file,file,file,file,file,file,file,file,file,file,file,file
envspectrum,file,file,file,file,file,file,file,file,file,file,file,file,file,file,file,file,file,file,file,file,file,file,file,file,file,file,file,file,file,file,file,file,file,file,file,file,file
eomday,file,file,file,file,file,file,file,file,file,file,file,file,file,file,file,file,file,file,file,file,file,file,file,file,file,file,file,file,file,file,file,file,file,file,file,file,file
eps,file,builtin,file,file,file,file,file,file,file,file,file,builtin,file,file,builtin-err,file,file,file,file,file,file,file,builtin-err,file,file,file,file,file,file,builtin-err,file,file,file,file,file,file,file
eq,file,builtin-err,builtin-err,file,file,file,builtin-err,builtin-err,builtin-err,builtin-err,builtin-err,builtin-err,builtin-err,builtin-err,builtin,builtin-err,builtin-err,file,file,file,file,builtin,builtin,builtin,builtin,builtin,builtin,builtin-err,builtin-err,builtin,builtin-err,builtin,builtin,builtin-err,builtin-err,builtin-err,file
eqtflength,file,file,file,file,file,file,file,file,file,file,file,file,file,file,file,file,file,file,file,file,file,file,file,file,file,file,file,file,file,file,file,file,file,file,file,file,file
erase,file,file,builtin-err,file,file,file,file,file,file,file,file,file,file,file,file,file,builtin-err,file,file,file,file,file,file,file,builtin,file,file,file,file,file,file,file,file,builtin-err,file,file,file
eraseBetween,file,file,builtin-err,file,file,file,file,file,file,file,file,file,file,file,file,file,builtin-err,file,file,file,file,file,file,file,builtin-err,file,file,file,file,file,file,file,file,builtin-err,file,file,file
erf,file,builtin,file,file,file,file,file,file,file,file,file,file,file,file,builtin-err,file,file,file,file,file,file,file,builtin-err,file,file,file,file,file,file,file,file,file,file,file,file,file,file
erfc,file,builtin,file,file,file,file,file,file,file,file,file,file,file,file,builtin-err,file,file,file,file,file,file,file,builtin-err,file,file,file,file,file,file,file,file,file,file,file,file,file,file
erfcinv,file,builtin,file,file,file,file,file,file,file,file,file,file,file,file,builtin-err,file,file,file,file,file,file,file,builtin-err,file,file,file,file,file,file,file,file,file,file,file,file,file,file
erfcx,file,builtin,file,file,file,file,file,file,file,file,file,file,file,file,builtin-err,file,file,file,file,file,file,file,builtin-err,file,file,file,file,file,file,file,file,file,file,file,file,file,file
erfinv,file,builtin,file,file,file,file,file,file,file,file,file,file,file,file,builtin-err,file,file,file,file,file,file,file,builtin-err,file,file,file,file,file,file,file,file,file,file,file,file,file,file
errorbar,file,file,file,file,file,file,file,file,file,file,file,file,file,file,file,file,file,file,file,file,file,file,file,file,file,file,file,file,file,file,file,file,file,file,file,file,file
etime,file,file,file,file,file,file,file,file,file,file,file,file,file,file,file,file,file,file,file,file,file,file,file,file,file,file,file,file,file,file,file,file,file,file,file,file,file
etree,file,file,file,file,file,file,file,file,file,file,file,file,file,file,file,file,file,file,file,file,file,file,file,file,file,file,file,file,file,file,file,file,file,file,file,file,file
etreeplot,file,file,file,file,file,file,file,file,file,file,file,file,file,file,file,file,file,file,file,file,file,file,file,file,file,file,file,file,file,file,file,file,file,file,file,file,file
eval,file,file,file,file,file,file,file,file,file,file,file,file,file,file,file,file,file,file,file,file,file,file,file,file,file,file,file,file,file,file,file,file,file,file,file,file,file
evalc,file,file,file,file,file,file,file,file,file,file,file,file,file,file,file,file,file,file,file,file,file,file,file,file,file,file,file,file,file,file,file,file,file,file,file,file,file
evalin,file,file,file,file,file,file,file,file,file,file,file,file,file,file,file,file,file,file,file,file,file,file,file,file,file,file,file,file,file,file,file,file,file,file,file,file,file
evcdf,file,file,file,file,file,file,file,file,file,file,file,file,file,file,file,file,file,file,file,file,file,file,file,file,file,file,file,file,file,file,file,file,file,file,file,file,file
evfit,file,file,file,file,file,file,file,file,file,file,file,file,file,file,file,file,file,file,file,file,file,file,file,file,file,file,file,file,file,file,file,file,file,file,file,file,file
evinv,file,file,file,file,file,file,file,file,file,file,file,file,file,file,file,file,file,file,file,file,file,file,file,file,file,file,file,file,file,file,file,file,file,file,file,file,file
evlike,file,file,file,file,file,file,file,file,file,file,file,file,file,file,file,file,file,file,file,file,file,file,file,file,file,file,file,file,file,file,file,file,file,file,file,file,file
evpdf,file,file,file,file,file,file,file,file,file,file,file,file,file,file,file,file,file,file,file,file,file,file,file,file,file,file,file,file,file,file,file,file,file,file,file,file,file
evrnd,file,file,file,file,file,file,file,file,file,file,file,file,file,file,file,file,file,file,file,file,file,file,file,file,file,file,file,file,file,file,file,file,file,file,file,file,file
evstat,file,file,file,file,file,file,file,file,file,file,file,file,file,file,file,file,file,file,file,file,file,file,file,file,file,file,file,file,file,file,file,file,file,file,file,file,file
exceltime,file,file,file,file,file,file,file,file,file,file,builtin,file,file,file,file,file,file,file,file,file,file,file,file,file,file,file,file,builtin-err,builtin-err,file,file,file,file,file,file,file,file
exist,file,file,file,file,file,file,file,file,file,file,file,file,file,file,file,file,file,file,file,file,file,file,file,file,file,file,file,file,file,file,file,file,file,file,file,file,file
exit,file,file,file,file,file,file,file,file,file,file,file,file,file,file,file,file,file,file,file,file,file,file,file,file,file,file,file,file,file,file,file,file,file,file,file,file,file
exp,file,builtin,file,file,file,file,file,file,file,builtin,file,file,file,file,builtin-err,file,file,file,file,file,file,file,builtin-err,file,file,builtin-err,builtin-err,file,file,file,file,file,file,file,file,file,file
expcdf,file,file,file,file,file,file,file,file,file,file,file,file,file,file,file,file,file,file,file,file,file,file,file,file,file,file,file,file,file,file,file,file,file,file,file,file,file
expfit,file,file,file,file,file,file,file,file,file,file,file,file,file,file,file,file,file,file,file,file,file,file,file,file,file,file,file,file,file,file,file,file,file,file,file,file,file
expint,file,file,file,file,file,file,file,file,file,file,file,file,file,file,file,file,file,file,file,file,file,file,file,file,file,file,file,file,file,file,file,file,file,file,file,file,file
expinv,file,file,file,file,file,file,file,file,file,file,file,file,file,file,file,file,file,file,file,file,file,file,file,file,file,file,file,file,file,file,file,file,file,file,file,file,file
explike,file,file,file,file,file,file,file,file,file,file,file,file,file,file,file,file,file,file,file,file,file,file,file,file,file,file,file,file,file,file,file,file,file,file,file,file,file
expm,file,file,file,file,file,file,file,file,file,file,file,file,file,file,file,file,file,file,file,file,file,file,file,file,file,file,file,file,file,file,file,file,file,file,file,file,file
expm1,file,builtin,file,file,file,file,file,file,file,builtin,file,file,file,file,builtin-err,file,file,file,file,file,file,file,builtin-err,file,file,builtin-err,builtin-err,file,file,file,file,file,file,file,file,file,file
exportapp,file,file,file,file,file,file,file,file,file,file,file,file,file,file,file,file,file,file,file,file,file,file,file,file,file,file,file,file,file,file,file,file,file,file,file,file,file
exportfigure,file,file,file,file,file,file,file,file,file,file,file,file,file,file,file,file,file,file,file,file,file,file,file,file,file,file,file,file,file,file,file,file,file,file,file,file,file
exportgraphics,file,file,file,file,file,file,file,file,file,file,file,file,file,file,file,file,file,file,file,file,file,file,file,file,file,file,file,file,file,file,file,file,file,file,file,file,file
exportsetupdlg,file,file,file,file,file,file,file,file,file,file,file,file,file,file,file,file,file,file,file,file,file,file,file,file,file,file,file,file,file,file,file,file,file,file,file,file,file
exppdf,file,file,file,file,file,file,file,file,file,file,file,file,file,file,file,file,file,file,file,file,file,file,file,file,file,file,file,file,file,file,file,file,file,file,file,file,file
exprnd,file,file,file,file,file,file,file,file,file,file,file,file,file,file,file,file,file,file,file,file,file,file,file,file,file,file,file,file,file,file,file,file,file,file,file,file,file
expstat,file,file,file,file,file,file,file,file,file,file,file,file,file,file,file,file,file,file,file,file,file,file,file,file,file,file,file,file,file,file,file,file,file,file,file,file,file
extract,file,file,builtin-err,file,file,file,file,file,file,file,file,file,file,file,file,file,builtin-err,file,file,file,file,file,file,file,builtin,file,file,file,file,file,file,file,file,builtin-err,file,file,file
extractAfter,file,file,builtin-err,file,file,file,file,file,file,file,file,file,file,file,file,file,builtin-err,file,file,file,file,file,file,file,builtin,file,file,file,file,file,file,file,file,builtin-err,file,file,file
extractBefore,file,file,builtin-err,file,file,file,file,file,file,file,file,file,file,file,file,file,builtin-err,file,file,file,file,file,file,file,builtin,file,file,file,file,file,file,file,file,builtin-err,file,file,file
extractBetween,file,file,builtin-err,file,file,file,file,file,file,file,file,file,file,file,file,file,builtin-err,file,file,file,file,file,file,file,builtin-err,file,file,file,file,file,file,file,file,builtin-err,file,file,file
eye,file,file,file,file,file,file,file,file,file,file,file,file,file,file,file,file,file,file,file,file,file,file,file,file,file,file,file,file,file,file,file,file,file,file,file,file,file
ezcontour,file,file,file,file,file,file,file,file,file,file,file,file,file,file,file,file,file,file,file,file,file,file,file,file,file,file,file,file,file,file,file,file,file,file,file,file,file
ezcontourf,file,file,file,file,file,file,file,file,file,file,file,file,file,file,file,file,file,file,file,file,file,file,file,file,file,file,file,file,file,file,file,file,file,file,file,file,file
ezmesh,file,file,file,file,file,file,file,file,file,file,file,file,file,file,file,file,file,file,file,file,file,file,file,file,file,file,file,file,file,file,file,file,file,file,file,file,file
ezmeshc,file,file,file,file,file,file,file,file,file,file,file,file,file,file,file,file,file,file,file,file,file,file,file,file,file,file,file,file,file,file,file,file,file,file,file,file,file
ezplot,file,file,file,file,file,file,file,file,file,file,file,file,file,file,file,file,file,file,file,file,file,file,file,file,file,file,file,file,file,file,file,file,file,file,file,file,file
ezplot3,file,file,file,file,file,file,file,file,file,file,file,file,file,file,file,file,file,file,file,file,file,file,file,file,file,file,file,file,file,file,file,file,file,file,file,file,file
ezpolar,file,file,file,file,file,file,file,file,file,file,file,file,file,file,file,file,file,file,file,file,file,file,file,file,file,file,file,file,file,file,file,file,file,file,file,file,file
ezsurf,file,file,file,file,file,file,file,file,file,file,file,file,file,file,file,file,file,file,file,file,file,file,file,file,file,file,file,file,file,file,file,file,file,file,file,file,file
ezsurfc,file,file,file,file,file,file,file,file,file,file,file,file,file,file,file,file,file,file,file,file,file,file,file,file,file,file,file,file,file,file,file,file,file,file,file,file,file
factor,file,file,file,file,file,file,file,file,file,file,file,file,file,file,file,file,file,file,file,file,file,file,file,file,file,file,file,file,file,file,file,file,file,file,file,file,file
factorial,file,file,file,file,file,file,file,file,file,file,file,file,file,file,file,file,file,file,file,file,file,file,file,file,file,file,file,file,file,file,file,file,file,file,file,file,file
falltime,file,file,file,file,file,file,file,file,file,file,file,file,file,file,file,file,file,file,file,file,file,file,file,file,file,file,file,file,file,file,file,file,file,file,file,file,file
fan2para,file,file,file,file,file,file,file,file,file,file,file,file,file,file,file,file,file,file,file,file,file,file,file,file,file,file,file,file,file,file,file,file,file,file,file,file,file
fanbeam,file,file,file,file,file,file,file,file,file,file,file,file,file,file,file,file,file,file,file,file,file,file,file,file,file,file,file,file,file,file,file,file,file,file,file,file,file
fcdf,file,file,file,file,file,file,file,file,file,file,file,file,file,file,file,file,file,file,file,file,file,file,file,file,file,file,file,file,file,file,file,file,file,file,file,file,file
fcnchk,file,file,file,file,file,file,file,file,file,file,file,file,file,file,file,file,file,file,file,file,file,file,file,file,file,file,file,file,file,file,file,file,file,file,file,file,file
fcontour,file,file,file,file,file,file,file,file,file,file,file,file,file,file,file,file,file,file,file,file,file,file,file,file,file,file,file,file,file,file,file,file,file,file,file,file,file
feather,file,file,file,file,file,file,file,file,file,file,file,file,file,file,file,file,file,file,file,file,file,file,file,file,file,file,file,file,file,file,file,file,file,file,file,file,file
feof,file,file,file,file,file,file,file,file,file,file,file,file,file,file,file,file,file,file,file,file,file,file,file,file,file,file,file,file,file,file,file,file,file,file,file,file,file
ferror,file,file,file,file,file,file,file,file,file,file,file,file,file,file,file,file,file,file,file,file,file,file,file,file,file,file,file,file,file,file,file,file,file,file,file,file,file
ff2n,file,file,file,file,file,file,file,file,file,file,file,file,file,file,file,file,file,file,file,file,file,file,file,file,file,file,file,file,file,file,file,file,file,file,file,file,file
fft,file,builtin,file,file,file,file,file,builtin,builtin,file,file,file,file,file,builtin-err,file,file,file,file,file,file,builtin-err,builtin-err,file,file,file,file,file,file,file,file,file,file,file,file,file,file
fft2,file,file,file,file,file,file,file,file,file,file,file,file,file,file,file,file,file,file,file,file,file,file,file,file,file,file,file,file,file,file,file,file,file,file,file,file,file
fftfilt,file,file,file,file,file,file,file,file,file,file,file,file,file,file,file,file,file,file,file,file,file,file,file,file,file,file,file,file,file,file,file,file,file,file,file,file,file
fftn,file,builtin,file,file,file,file,file,builtin,builtin,file,file,file,file,file,builtin-err,file,file,file,file,file,file,builtin-err,builtin-err,file,file,file,file,file,file,file,file,file,file,file,file,file,file
fftshift,file,file,file,file,file,file,file,file,file,file,file,file,file,file,file,file,file,file,file,file,file,file,file,file,file,file,file,file,file,file,file,file,file,file,file,file,file
fftw,file,file,file,file,file,file,file,file,file,file,file,file,file,file,file,file,file,file,file,file,file,file,file,file,file,file,file,file,file,file,file,file,file,file,file,file,file
fgets,file,file,file,file,file,file,file,file,file,file,file,file,file,file,file,file,file,file,file,file,file,file,file,file,file,file,file,file,file,file,file,file,file,file,file,file,file
fibermetric,file,file,file,file,file,file,file,file,file,file,file,file,file,file,file,file,file,file,file,file,file,file,file,file,file,file,file,file,file,file,file,file,file,file,file,file,file
fieldnames,file,file,file,file,file,file,file,file,file,builtin,file,file,builtin-err,file,file,file,file,file,file,file,file,file,file,file,file,builtin-err,builtin-err,file,file,file,builtin-err,file,file,file,file,file,file
figure,file,file,file,file,file,file,file,file,file,file,file,file,file,file,file,file,file,file,file,file,file,file,file,file,file,file,file,file,file,file,file,file,file,file,file,file,file
fileattrib,file,file,file,file,file,file,file,file,file,file,file,file,file,file,file,file,file,file,file,file,file,file,file,file,file,file,file,file,file,file,file,file,file,file,file,file,file
filemarker,file,file,file,file,file,file,file,file,file,file,file,file,file,file,file,file,file,file,file,file,file,file,file,file,file,file,file,file,file,file,file,file,file,file,file,file,file
filesep,file,file,file,file,file,file,file,file,file,file,file,file,file,file,file,file,file,file,file,file,file,file,file,file,file,file,file,file,file,file,file,file,file,file,file,file,file
fill,file,file,file,file,file,file,file,file,file,file,file,file,file,file,file,file,file,file,file,file,file,file,file,file,file,file,file,file,file,file,file,file,file,file,file,file,file
fill3,file,file,file,file,file,file,file,file,file,file,file,file,file,file,file,file,file,file,file,file,file,file,file,file,file,file,file,file,file,file,file,file,file,file,file,file,file
fillgaps,file,file,file,file,file,file,file,file,file,file,file,file,file,file,file,file,file,file,file,file,file,file,file,file,file,file,file,file,file,file,file,file,file,file,file,file,file
fillmissing,file,file,file,file,file,file,file,file,file,file,file,file,file,file,file,file,file,file,file,file,file,file,file,file,file,file,file,file,file,file,file,file,file,file,file,file,file
filloutliers,file,file,file,file,file,file,file,file,file,file,file,file,file,file,file,file,file,file,file,file,file,file,file,file,file,file,file,file,file,file,file,file,file,file,file,file,file
filter,file,builtin-err,file,file,file,file,file,builtin-err,builtin-err,file,file,file,file,file,builtin-err,file,file,file,file,file,file,builtin-err,builtin-err,file,file,file,file,file,file,file,file,file,file,file,file,file,file
filter2,file,file,file,file,file,file,file,file,file,file,file,file,file,file,file,file,file,file,file,file,file,file,file,file,file,file,file,file,file,file,file,file,file,file,file,file,file
filternorm,file,file,file,file,file,file,file,file,file,file,file,file,file,file,file,file,file,file,file,file,file,file,file,file,file,file,file,file,file,file,file,file,file,file,file,file,file
filtfilt,file,file,file,file,file,file,file,file,file,file,file,file,file,file,file,file,file,file,file,file,file,file,file,file,file,file,file,file,file,file,file,file,file,file,file,file,file
filtic,file,file,file,file,file,file,file,file,file,file,file,file,file,file,file,file,file,file,file,file,file,file,file,file,file,file,file,file,file,file,file,file,file,file,file,file,file
filtord,file,file,file,file,file,file,file,file,file,file,file,file,file,file,file,file,file,file,file,file,file,file,file,file,file,file,file,file,file,file,file,file,file,file,file,file,file
filtstates,file,file,file,file,file,file,file,file,file,file,file,file,file,file,file,file,file,file,file,file,file,file,file,file,file,file,file,file,file,file,file,file,file,file,file,file,file
fimplicit,file,file,file,file,file,file,file,file,file,file,file,file,file,file,file,file,file,file,file,file,file,file,file,file,file,file,file,file,file,file,file,file,file,file,file,file,file
fimplicit3,file,file,file,file,file,file,file,file,file,file,file,file,file,file,file,file,file,file,file,file,file,file,file,file,file,file,file,file,file,file,file,file,file,file,file,file,file
find,file,builtin,file,file,file,file,builtin,builtin,builtin,file,file,file,file,file,builtin-err,file,file,file,file,file,file,builtin-err,builtin-err,builtin-err,file,file,file,file,file,file,file,file,file,file,file,file,file
findall,file,file,file,file,file,file,file,file,file,file,file,file,file,file,file,file,file,file,file,file,file,file,file,file,file,file,file,file,file,file,file,file,file,file,file,file,file
findchangepts,file,file,file,file,file,file,file,file,file,file,file,file,file,file,file,file,file,file,file,file,file,file,file,file,file,file,file,file,file,file,file,file,file,file,file,file,file
finddelay,file,file,file,file,file,file,file,file,file,file,file,file,file,file,file,file,file,file,file,file,file,file,file,file,file,file,file,file,file,file,file,file,file,file,file,file,file
findgroups,file,file,file,file,file,file,file,file,file,file,file,file,file,file,file,file,file,file,file,file,file,file,file,file,file,file,file,file,file,file,file,file,file,file,file,file,file
findobj,file,file,file,file,file,file,file,file,file,file,file,file,file,builtin,file,file,file,file,file,file,file,file,file,file,file,file,file,file,file,file,file,file,builtin-err,file,file,file,file
findpeaks,file,file,file,file,file,file,file,file,file,file,file,file,file,file,file,file,file,file,file,file,file,file,file,file,file,file,file,file,file,file,file,file,file,file,file,file,file
findsignal,file,file,file,file,file,file,file,file,file,file,file,file,file,file,file,file,file,file,file,file,file,file,file,file,file,file,file,file,file,file,file,file,file,file,file,file,file
findstr,file,file,file,file,file,file,file,file,file,file,file,file,file,file,file,file,file,file,file,file,file,file,file,file,file,file,file,file,file,file,file,file,file,file,file,file,file
finv,file,file,file,file,file,file,file,file,file,file,file,file,file,file,file,file,file,file,file,file,file,file,file,file,file,file,file,file,file,file,file,file,file,file,file,file,file
fir1,file,file,file,file,file,file,file,file,file,file,file,file,file,file,file,file,file,file,file,file,file,file,file,file,file,file,file,file,file,file,file,file,file,file,file,file,file
fir2,file,file,file,file,file,file,file,file,file,file,file,file,file,file,file,file,file,file,file,file,file,file,file,file,file,file,file,file,file,file,file,file,file,file,file,file,file
fircls,file,file,file,file,file,file,file,file,file,file,file,file,file,file,file,file,file,file,file,file,file,file,file,file,file,file,file,file,file,file,file,file,file,file,file,file,file
fircls1,file,file,file,file,file,file,file,file,file,file,file,file,file,file,file,file,file,file,file,file,file,file,file,file,file,file,file,file,file,file,file,file,file,file,file,file,file
firgauss,file,file,file,file,file,file,file,file,file,file,file,file,file,file,file,file,file,file,file,file,file,file,file,file,file,file,file,file,file,file,file,file,file,file,file,file,file
firls,file,file,file,file,file,file,file,file,file,file,file,file,file,file,file,file,file,file,file,file,file,file,file,file,file,file,file,file,file,file,file,file,file,file,file,file,file
firpm,file,file,file,file,file,file,file,file,file,file,file,file,file,file,file,file,file,file,file,file,file,file,file,file,file,file,file,file,file,file,file,file,file,file,file,file,file
firpmord,file,file,file,file,file,file,file,file,file,file,file,file,file,file,file,file,file,file,file,file,file,file,file,file,file,file,file,file,file,file,file,file,file,file,file,file,file
firrcos,file,file,file,file,file,file,file,file,file,file,file,file,file,file,file,file,file,file,file,file,file,file,file,file,file,file,file,file,file,file,file,file,file,file,file,file,file
firtype,file,file,file,file,file,file,file,file,file,file,file,file,file,file,file,file,file,file,file,file,file,file,file,file,file,file,file,file,file,file,file,file,file,file,file,file,file
fishertest,file,file,file,file,file,file,file,file,file,file,file,file,file,file,file,file,file,file,file,file,file,file,file,file,file,file,file,file,file,file,file,file,file,file,file,file,file
fitdist,file,file,file,file,file,file,file,file,file,file,file,file,file,file,file,file,file,file,file,file,file,file,file,file,file,file,file,file,file,file,file,file,file,file,file,file,file
fitgeotrans,file,file,file,file,file,file,file,file,file,file,file,file,file,file,file,file,file,file,file,file,file,file,file,file,file,file,file,file,file,file,file,file,file,file,file,file,file
fix,file,builtin,file,file,file,file,builtin,builtin,builtin,builtin,file,file,file,file,builtin-err,file,file,file,file,file,file,builtin-err,builtin-err,builtin-err,file,builtin-err,builtin-err,file,file,file,file,file,file,file,file,file,file
flattopwin,file,file,file,file,file,file,file,file,file,file,file,file,file,file,file,file,file,file,file,file,file,file,file,file,file,file,file,file,file,file,file,file,file,file,file,file,file
flintmax,file,file,file,file,file,file,file,file,file,file,file,file,file,file,file,file,file,file,file,file,file,file,file,file,file,file,file,file,file,file,file,file,file,file,file,file,file
flip,file,builtin,file,file,file,file,builtin,builtin,builtin,file,file,file,file,file,builtin-err,file,file,file,file,file,file,builtin-err,builtin-err,builtin-err,file,file,file,file,file,file,file,file,file,file,file,file,file
flipdim,file,file,file,file,file,file,file,file,file,file,file,file,file,file,file,file,file,file,file,file,file,file,file,file,file,file,file,file,file,file,file,file,file,file,file,file,file
fliplr,file,file,file,file,file,file,file,file,file,file,file,file,file,file,file,file,file,file,file,file,file,file,file,file,file,file,file,file,file,file,file,file,file,file,file,file,file
flipud,file,file,file,file,file,file,file,file,file,file,file,file,file,file,file,file,file,file,file,file,file,file,file,file,file,file,file,file,file,file,file,file,file,file,file,file,file
floor,file,builtin,file,file,file,file,builtin,builtin,builtin,builtin,builtin-err,builtin,file,file,builtin-err,file,file,file,file,file,file,builtin-err,builtin-err,builtin-err,file,builtin-err,builtin-err,builtin-err,builtin-err,builtin-err,file,file,file,file,file,file,file
fmesh,file,file,file,file,file,file,file,file,file,file,file,file,file,file,file,file,file,file,file,file,file,file,file,file,file,file,file,file,file,file,file,file,file,file,file,file,file
fminbnd,file,file,file,file,file,file,file,file,file,file,file,file,file,file,file,file,file,file,file,file,file,file,file,file,file,file,file,file,file,file,file,file,file,file,file,file,file
fminsearch,file,file,file,file,file,file,file,file,file,file,file,file,file,file,file,file,file,file,file,file,file,file,file,file,file,file,file,file,file,file,file,file,file,file,file,file,file
format,file,file,file,file,file,file,file,file,file,file,builtin-err,file,file,file,file,file,file,file,file,file,file,file,file,file,file,file,file,builtin-err,builtin-err,file,file,file,file,file,file,file,file
formula,file,file,file,file,file,file,file,file,file,file,file,file,file,file,file,file,file,file,file,file,file,file,file,file,file,file,file,file,file,file,file,file,file,file,file,file,file
fpdf,file,file,file,file,file,file,file,file,file,file,file,file,file,file,file,file,file,file,file,file,file,file,file,file,file,file,file,file,file,file,file,file,file,file,file,file,file
fplot,file,file,file,file,file,file,file,file,file,file,file,file,file,file,file,file,file,file,file,file,file,file,file,file,file,file,file,file,file,file,file,file,file,file,file,file,file
fplot3,file,file,file,file,file,file,file,file,file,file,file,file,file,file,file,file,file,file,file,file,file,file,file,file,file,file,file,file,file,file,file,file,file,file,file,file,file
fracfact,file,file,file,file,file,file,file,file,file,file,file,file,file,file,file,file,file,file,file,file,file,file,file,file,file,file,file,file,file,file,file,file,file,file,file,file,file
fracfactgen,file,file,file,file,file,file,file,file,file,file,file,file,file,file,file,file,file,file,file,file,file,file,file,file,file,file,file,file,file,file,file,file,file,file,file,file,file
frame2im,file,file,file,file,file,file,file,file,file,file,file,file,file,file,file,file,file,file,file,file,file,file,file,file,file,file,file,file,file,file,file,file,file,file,file,file,file
framesig,file,file,file,file,file,file,file,file,file,file,file,file,file,file,file,file,file,file,file,file,file,file,file,file,file,file,file,file,file,file,file,file,file,file,file,file,file
fread,file,file,file,file,file,file,file,file,file,file,file,file,file,file,file,file,file,file,file,file,file,file,file,file,file,file,file,file,file,file,file,file,file,file,file,file,file
freqs,file,file,file,file,file,file,file,file,file,file,file,file,file,file,file,file,file,file,file,file,file,file,file,file,file,file,file,file,file,file,file,file,file,file,file,file,file
freqspace,file,file,file,file,file,file,file,file,file,file,file,file,file,file,file,file,file,file,file,file,file,file,file,file,file,file,file,file,file,file,file,file,file,file,file,file,file
freqz,file,file,file,file,file,file,file,file,file,file,file,file,file,file,file,file,file,file,file,file,file,file,file,file,file,file,file,file,file,file,file,file,file,file,file,file,file
freqz2,file,file,file,file,file,file,file,file,file,file,file,file,file,file,file,file,file,file,file,file,file,file,file,file,file,file,file,file,file,file,file,file,file,file,file,file,file
frewind,file,file,file,file,file,file,file,file,file,file,file,file,file,file,file,file,file,file,file,file,file,file,file,file,file,file,file,file,file,file,file,file,file,file,file,file,file
friedman,file,file,file,file,file,file,file,file,file,file,file,file,file,file,file,file,file,file,file,file,file,file,file,file,file,file,file,file,file,file,file,file,file,file,file,file,file
frnd,file,file,file,file,file,file,file,file,file,file,file,file,file,file,file,file,file,file,file,file,file,file,file,file,file,file,file,file,file,file,file,file,file,file,file,file,file
fsamp2,file,file,file,file,file,file,file,file,file,file,file,file,file,file,file,file,file,file,file,file,file,file,file,file,file,file,file,file,file,file,file,file,file,file,file,file,file
fscanf,file,file,file,file,file,file,file,file,file,file,file,file,file,file,file,file,file,file,file,file,file,file,file,file,file,file,file,file,file,file,file,file,file,file,file,file,file
fseek,file,file,file,file,file,file,file,file,file,file,file,file,file,file,file,file,file,file,file,file,file,file,file,file,file,file,file,file,file,file,file,file,file,file,file,file,file
fspecial,file,file,file,file,file,file,file,file,file,file,file,file,file,file,file,file,file,file,file,file,file,file,file,file,file,file,file,file,file,file,file,file,file,file,file,file,file
fspecial3,file,file,file,file,file,file,file,file,file,file,file,file,file,file,file,file,file,file,file,file,file,file,file,file,file,file,file,file,file,file,file,file,file,file,file,file,file
fsst,file,file,file,file,file,file,file,file,file,file,file,file,file,file,file,file,file,file,file,file,file,file,file,file,file,file,file,file,file,file,file,file,file,file,file,file,file
fstat,file,file,file,file,file,file,file,file,file,file,file,file,file,file,file,file,file,file,file,file,file,file,file,file,file,file,file,file,file,file,file,file,file,file,file,file,file
fsurf,file,file,file,file,file,file,file,file,file,file,file,file,file,file,file,file,file,file,file,file,file,file,file,file,file,file,file,file,file,file,file,file,file,file,file,file,file
ftell,file,file,file,file,file,file,file,file,file,file,file,file,file,file,file,file,file,file,file,file,file,file,file,file,file,file,file,file,file,file,file,file,file,file,file,file,file
ftrans2,file,file,file,file,file,file,file,file,file,file,file,file,file,file,file,file,file,file,file,file,file,file,file,file,file,file,file,file,file,file,file,file,file,file,file,file,file
full,file,builtin,file,file,file,file,file,builtin,builtin,file,file,file,file,file,builtin-err,file,file,file,file,file,file,builtin-err,builtin-err,file,file,file,file,file,file,file,file,file,file,file,file,file,file
fullfact,file,file,file,file,file,file,file,file,file,file,file,file,file,file,file,file,file,file,file,file,file,file,file,file,file,file,file,file,file,file,file,file,file,file,file,file,file
func2str,file,file,file,file,file,builtin,file,file,file,file,file,file,file,file,file,file,file,file,file,file,builtin-err,file,file,file,file,file,file,file,file,file,file,file,file,file,file,file,file
functions,file,file,file,file,file,builtin,file,file,file,file,file,file,file,file,file,file,file,file,file,file,builtin-err,file,file,file,file,file,file,file,file,file,file,file,file,file,file,file,file
funm,file,file,file,file,file,file,file,file,file,file,file,file,file,file,file,file,file,file,file,file,file,file,file,file,file,file,file,file,file,file,file,file,file,file,file,file,file
fwht,file,file,file,file,file,file,file,file,file,file,file,file,file,file,file,file,file,file,file,file,file,file,file,file,file,file,file,file,file,file,file,file,file,file,file,file,file
fwind1,file,file,file,file,file,file,file,file,file,file,file,file,file,file,file,file,file,file,file,file,file,file,file,file,file,file,file,file,file,file,file,file,file,file,file,file,file
fwind2,file,file,file,file,file,file,file,file,file,file,file,file,file,file,file,file,file,file,file,file,file,file,file,file,file,file,file,file,file,file,file,file,file,file,file,file,file
fwrite,file,file,file,file,file,file,file,file,file,file,file,file,file,file,file,file,file,file,file,file,file,file,file,file,file,file,file,file,file,file,file,file,file,file,file,file,file
fzero,file,file,file,file,file,file,file,file,file,file,file,file,file,file,file,file,file,file,file,file,file,file,file,file,file,file,file,file,file,file,file,file,file,file,file,file,file
gabor,file,file,file,file,file,file,file,file,file,file,file,file,file,file,file,file,file,file,file,file,file,file,file,file,file,file,file,file,file,file,file,file,file,file,file,file,file
gagerr,file,file,file,file,file,file,file,file,file,file,file,file,file,file,file,file,file,file,file,file,file,file,file,file,file,file,file,file,file,file,file,file,file,file,file,file,file
gallery,file,file,file,file,file,file,file,file,file,file,file,file,file,file,file,file,file,file,file,file,file,file,file,file,file,file,file,file,file,file,file,file,file,file,file,file,file
gamcdf,file,file,file,file,file,file,file,file,file,file,file,file,file,file,file,file,file,file,file,file,file,file,file,file,file,file,file,file,file,file,file,file,file,file,file,file,file
gamfit,file,file,file,file,file,file,file,file,file,file,file,file,file,file,file,file,file,file,file,file,file,file,file,file,file,file,file,file,file,file,file,file,file,file,file,file,file
gaminv,file,file,file,file,file,file,file,file,file,file,file,file,file,file,file,file,file,file,file,file,file,file,file,file,file,file,file,file,file,file,file,file,file,file,file,file,file
gamlike,file,file,file,file,file,file,file,file,file,file,file,file,file,file,file,file,file,file,file,file,file,file,file,file,file,file,file,file,file,file,file,file,file,file,file,file,file
gamma,file,builtin,file,file,file,file,file,file,file,file,file,file,file,file,builtin-err,file,file,file,file,file,file,file,builtin-err,file,file,file,file,file,file,file,file,file,file,file,file,file,file
gammain,file,file,file,file,file,file,file,file,file,file,file,file,file,file,file,file,file,file,file,file,file,file,file,file,file,file,file,file,file,file,file,file,file,file,file,file,file
gammainc,file,builtin-err,file,file,file,file,file,file,file,file,file,file,file,file,builtin,file,file,file,file,file,file,file,builtin-err,file,file,file,file,file,file,file,file,file,file,file,file,file,file
gammaincinv,file,builtin-err,file,file,file,file,file,file,file,file,file,file,file,file,builtin-err,file,file,file,file,file,file,file,builtin-err,file,file,file,file,file,file,file,file,file,file,file,file,file,file
gammaln,file,builtin,file,file,file,file,file,file,file,file,file,file,file,file,builtin-err,file,file,file,file,file,file,file,builtin-err,file,file,file,file,file,file,file,file,file,file,file,file,file,file
gammaout,file,file,file,file,file,file,file,file,file,file,file,file,file,file,file,file,file,file,file,file,file,file,file,file,file,file,file,file,file,file,file,file,file,file,file,file,file
gampdf,file,file,file,file,file,file,file,file,file,file,file,file,file,file,file,file,file,file,file,file,file,file,file,file,file,file,file,file,file,file,file,file,file,file,file,file,file
gamrnd,file,file,file,file,file,file,file,file,file,file,file,file,file,file,file,file,file,file,file,file,file,file,file,file,file,file,file,file,file,file,file,file,file,file,file,file,file
gamstat,file,file,file,file,file,file,file,file,file,file,file,file,file,file,file,file,file,file,file,file,file,file,file,file,file,file,file,file,file,file,file,file,file,file,file,file,file
gauspuls,file,file,file,file,file,file,file,file,file,file,file,file,file,file,file,file,file,file,file,file,file,file,file,file,file,file,file,file,file,file,file,file,file,file,file,file,file
gaussdesign,file,file,file,file,file,file,file,file,file,file,file,file,file,file,file,file,file,file,file,file,file,file,file,file,file,file,file,file,file,file,file,file,file,file,file,file,file
gaussfir,file,file,file,file,file,file,file,file,file,file,file,file,file,file,file,file,file,file,file,file,file,file,file,file,file,file,file,file,file,file,file,file,file,file,file,file,file
gausswin,file,file,file,file,file,file,file,file,file,file,file,file,file,file,file,file,file,file,file,file,file,file,file,file,file,file,file,file,file,file,file,file,file,file,file,file,file
gca,file,file,file,file,file,file,file,file,file,file,file,file,file,file,file,file,file,file,file,file,file,file,file,file,file,file,file,file,file,file,file,file,file,file,file,file,file
gcbf,file,file,file,file,file,file,file,file,file,file,file,file,file,file,file,file,file,file,file,file,file,file,file,file,file,file,file,file,file,file,file,file,file,file,file,file,file
gcbo,file,file,file,file,file,file,file,file,file,file,file,file,file,file,file,file,file,file,file,file,file,file,file,file,file,file,file,file,file,file,file,file,file,file,file,file,file
gcd,file,file,file,file,file,file,file,file,file,file,file,file,file,file,file,file,file,file,file,file,file,file,file,file,file,file,file,file,file,file,file,file,file,file,file,file,file
gcf,file,file,file,file,file,file,file,file,file,file,file,file,file,file,file,file,file,file,file,file,file,file,file,file,file,file,file,file,file,file,file,file,file,file,file,file,file
gco,file,file,file,file,file,file,file,file,file,file,file,file,file,file,file,file,file,file,file,file,file,file,file,file,file,file,file,file,file,file,file,file,file,file,file,file,file
ge,file,builtin-err,builtin-err,file,file,file,builtin-err,builtin-err,builtin-err,builtin-err,builtin-err,builtin-err,builtin-err,builtin-err,builtin,builtin-err,builtin-err,file,file,file,file,builtin,builtin,builtin,builtin,builtin,builtin,builtin-err,builtin-err,builtin,builtin-err,builtin,builtin,builtin-err,builtin-err,builtin-err,file
genpath,file,file,file,file,file,file,file,file,file,file,file,file,file,file,file,file,file,file,file,file,file,file,file,file,file,file,file,file,file,file,file,file,file,file,file,file,file
geocdf,file,file,file,file,file,file,file,file,file,file,file,file,file,file,file,file,file,file,file,file,file,file,file,file,file,file,file,file,file,file,file,file,file,file,file,file,file
geoinv,file,file,file,file,file,file,file,file,file,file,file,file,file,file,file,file,file,file,file,file,file,file,file,file,file,file,file,file,file,file,file,file,file,file,file,file,file
geomean,file,file,file,file,file,file,file,file,file,file,file,file,file,file,file,file,file,file,file,file,file,file,file,file,file,file,file,file,file,file,file,file,file,file,file,file,file
geopdf,file,file,file,file,file,file,file,file,file,file,file,file,file,file,file,file,file,file,file,file,file,file,file,file,file,file,file,file,file,file,file,file,file,file,file,file,file
geornd,file,file,file,file,file,file,file,file,file,file,file,file,file,file,file,file,file,file,file,file,file,file,file,file,file,file,file,file,file,file,file,file,file,file,file,file,file
geostat,file,file,file,file,file,file,file,file,file,file,file,file,file,file,file,file,file,file,file,file,file,file,file,file,file,file,file,file,file,file,file,file,file,file,file,file,file
get,file,file,file,file,file,file,file,file,file,file,file,file,file,file,file,file,file,file,file,file,file,file,file,file,file,file,file,file,file,file,file,file,file,file,file,file,file
getappdata,file,file,file,file,file,file,file,file,file,file,file,file,file,file,file,file,file,file,file,file,file,file,file,file,file,file,file,file,file,file,file,file,file,file,file,file,file
getenv,file,file,file,file,file,file,file,file,file,file,file,file,file,file,file,file,file,file,file,file,file,file,file,file,file,file,file,file,file,file,file,file,file,file,file,file,file
getfield,file,file,file,file,file,file,file,file,file,file,file,file,file,file,file,file,file,file,file,file,file,file,file,file,file,file,file,file,file,file,file,file,file,file,file,file,file
getframe,file,file,file,file,file,file,file,file,file,file,file,file,file,file,file,file,file,file,file,file,file,file,file,file,file,file,file,file,file,file,file,file,file,file,file,file,file
getpoints,file,file,file,file,file,file,file,file,file,file,file,file,file,file,file,file,file,file,file,file,file,file,file,file,file,file,file,file,file,file,file,file,file,file,file,file,file
gevcdf,file,file,file,file,file,file,file,file,file,file,file,file,file,file,file,file,file,file,file,file,file,file,file,file,file,file,file,file,file,file,file,file,file,file,file,file,file
gevfit,file,file,file,file,file,file,file,file,file,file,file,file,file,file,file,file,file,file,file,file,file,file,file,file,file,file,file,file,file,file,file,file,file,file,file,file,file
gevinv,file,file,file,file,file,file,file,file,file,file,file,file,file,file,file,file,file,file,file,file,file,file,file,file,file,file,file,file,file,file,file,file,file,file,file,file,file
gevlike,file,file,file,file,file,file,file,file,file,file,file,file,file,file,file,file,file,file,file,file,file,file,file,file,file,file,file,file,file,file,file,file,file,file,file,file,file
gevpdf,file,file,file,file,file,file,file,file,file,file,file,file,file,file,file,file,file,file,file,file,file,file,file,file,file,file,file,file,file,file,file,file,file,file,file,file,file
gevrnd,file,file,file,file,file,file,file,file,file,file,file,file,file,file,file,file,file,file,file,file,file,file,file,file,file,file,file,file,file,file,file,file,file,file,file,file,file
gevstat,file,file,file,file,file,file,file,file,file,file,file,file,file,file,file,file,file,file,file,file,file,file,file,file,file,file,file,file,file,file,file,file,file,file,file,file,file
ginput,file,file,file,file,file,file,file,file,file,file,file,file,file,file,file,file,file,file,file,file,file,file,file,file,file,file,file,file,file,file,file,file,file,file,file,file,file
glmfit,file,file,file,file,file,file,file,file,file,file,file,file,file,file,file,file,file,file,file,file,file,file,file,file,file,file,file,file,file,file,file,file,file,file,file,file,file
glmval,file,file,file,file,file,file,file,file,file,file,file,file,file,file,file,file,file,file,file,file,file,file,file,file,file,file,file,file,file,file,file,file,file,file,file,file,file
glyphplot,file,file,file,file,file,file,file,file,file,file,file,file,file,file,file,file,file,file,file,file,file,file,file,file,file,file,file,file,file,file,file,file,file,file,file,file,file
gmonopuls,file,file,file,file,file,file,file,file,file,file,file,file,file,file,file,file,file,file,file,file,file,file,file,file,file,file,file,file,file,file,file,file,file,file,file,file,file
gmres,file,file,file,file,file,file,file,file,file,file,file,file,file,file,file,file,file,file,file,file,file,file,file,file,file,file,file,file,file,file,file,file,file,file,file,file,file
gobjects,file,file,file,file,file,file,file,file,file,file,file,file,file,file,file,file,file,file,file,file,file,file,file,file,file,file,file,file,file,file,file,file,file,file,file,file,file
goertzel,file,file,file,file,file,file,file,file,file,file,file,file,file,file,file,file,file,file,file,file,file,file,file,file,file,file,file,file,file,file,file,file,file,file,file,file,file
gpcdf,file,file,file,file,file,file,file,file,file,file,file,file,file,file,file,file,file,file,file,file,file,file,file,file,file,file,file,file,file,file,file,file,file,file,file,file,file
gpfit,file,file,file,file,file,file,file,file,file,file,file,file,file,file,file,file,file,file,file,file,file,file,file,file,file,file,file,file,file,file,file,file,file,file,file,file,file
gpinv,file,file,file,file,file,file,file,file,file,file,file,file,file,file,file,file,file,file,file,file,file,file,file,file,file,file,file,file,file,file,file,file,file,file,file,file,file
gplike,file,file,file,file,file,file,file,file,file,file,file,file,file,file,file,file,file,file,file,file,file,file,file,file,file,file,file,file,file,file,file,file,file,file,file,file,file
gplot,file,file,file,file,file,file,file,file,file,file,file,file,file,file,file,file,file,file,file,file,file,file,file,file,file,file,file,file,file,file,file,file,file,file,file,file,file
gplotmatrix,file,file,file,file,file,file,file,file,file,file,file,file,file,file,file,file,file,file,file,file,file,file,file,file,file,file,file,file,file,file,file,file,file,file,file,file,file
gppdf,file,file,file,file,file,file,file,file,file,file,file,file,file,file,file,file,file,file,file,file,file,file,file,file,file,file,file,file,file,file,file,file,file,file,file,file,file
gprnd,file,file,file,file,file,file,file,file,file,file,file,file,file,file,file,file,file,file,file,file,file,file,file,file,file,file,file,file,file,file,file,file,file,file,file,file,file
gpstat,file,file,file,file,file,file,file,file,file,file,file,file,file,file,file,file,file,file,file,file,file,file,file,file,file,file,file,file,file,file,file,file,file,file,file,file,file
gradient,file,file,file,file,file,file,file,file,file,file,file,file,file,file,file,file,file,file,file,file,file,file,file,file,file,file,file,file,file,file,file,file,file,file,file,file,file
gradientweight,file,file,file,file,file,file,file,file,file,file,file,file,file,file,file,file,file,file,file,file,file,file,file,file,file,file,file,file,file,file,file,file,file,file,file,file,file
gray2ind,file,file,file,file,file,file,file,file,file,file,file,file,file,file,file,file,file,file,file,file,file,file,file,file,file,file,file,file,file,file,file,file,file,file,file,file,file
graycomatrix,file,file,file,file,file,file,file,file,file,file,file,file,file,file,file,file,file,file,file,file,file,file,file,file,file,file,file,file,file,file,file,file,file,file,file,file,file
grayconnected,file,file,file,file,file,file,file,file,file,file,file,file,file,file,file,file,file,file,file,file,file,file,file,file,file,file,file,file,file,file,file,file,file,file,file,file,file
graycoprops,file,file,file,file,file,file,file,file,file,file,file,file,file,file,file,file,file,file,file,file,file,file,file,file,file,file,file,file,file,file,file,file,file,file,file,file,file
graydiffweight,file,file,file,file,file,file,file,file,file,file,file,file,file,file,file,file,file,file,file,file,file,file,file,file,file,file,file,file,file,file,file,file,file,file,file,file,file
graydist,file,file,file,file,file,file,file,file,file,file,file,file,file,file,file,file,file,file,file,file,file,file,file,file,file,file,file,file,file,file,file,file,file,file,file,file,file
grayslice,file,file,file,file,file,file,file,file,file,file,file,file,file,file,file,file,file,file,file,file,file,file,file,file,file,file,file,file,file,file,file,file,file,file,file,file,file
graythresh,file,file,file,file,file,file,file,file,file,file,file,file,file,file,file,file,file,file,file,file,file,file,file,file,file,file,file,file,file,file,file,file,file,file,file,file,file
grid,file,file,file,file,file,file,file,file,file,file,file,file,file,file,file,file,file,file,file,file,file,file,file,file,file,file,file,file,file,file,file,file,file,file,file,file,file
griddata,file,file,file,file,file,file,file,file,file,file,file,file,file,file,file,file,file,file,file,file,file,file,file,file,file,file,file,file,file,file,file,file,file,file,file,file,file
griddatan,file,file,file,file,file,file,file,file,file,file,file,file,file,file,file,file,file,file,file,file,file,file,file,file,file,file,file,file,file,file,file,file,file,file,file,file,file
griddedInterpolant,builtin,builtin-err,builtin-err,builtin-err,builtin-err,builtin-err,builtin-err,builtin-err,builtin-err,builtin-err,builtin-err,builtin-err,builtin-err,builtin-err,builtin-err,builtin-err,builtin-err,builtin-err,builtin-err,builtin-err,builtin-err,builtin-err,builtin-err,builtin-err,builtin-err,builtin-err,builtin-err,builtin-err,builtin-err,builtin-err,builtin-err,builtin-err,builtin-err,builtin-err,builtin-err,builtin-err,builtin-err
groot,file,file,file,file,file,file,file,file,file,file,file,file,file,file,file,file,file,file,file,file,file,file,file,file,file,file,file,file,file,file,file,file,file,file,file,file,file
groupcounts,file,file,file,file,file,file,file,file,file,file,file,file,file,file,file,file,file,file,file,file,file,file,file,file,file,file,file,file,file,file,file,file,file,file,file,file,file
groupfilter,file,file,file,file,file,file,file,file,file,file,file,file,file,file,file,file,file,file,file,file,file,file,file,file,file,file,file,file,file,file,file,file,file,file,file,file,file
groupsummary,file,file,file,file,file,file,file,file,file,file,file,file,file,file,file,file,file,file,file,file,file,file,file,file,file,file,file,file,file,file,file,file,file,file,file,file,file
grouptransform,file,file,file,file,file,file,file,file,file,file,file,file,file,file,file,file,file,file,file,file,file,file,file,file,file,file,file,file,file,file,file,file,file,file,file,file,file
grp2idx,file,file,file,file,file,file,file,file,file,file,file,file,file,file,file,file,file,file,file,file,file,file,file,file,file,file,file,file,file,file,file,file,file,file,file,file,file
grpdelay,file,file,file,file,file,file,file,file,file,file,file,file,file,file,file,file,file,file,file,file,file,file,file,file,file,file,file,file,file,file,file,file,file,file,file,file,file
grpstats,file,file,file,file,file,file,file,file,file,file,file,file,file,file,file,file,file,file,file,file,file,file,file,file,file,file,file,file,file,file,file,file,file,file,file,file,file
gscatter,file,file,file,file,file,file,file,file,file,file,file,file,file,file,file,file,file,file,file,file,file,file,file,file,file,file,file,file,file,file,file,file,file,file,file,file,file
gsvd,file,file,file,file,file,file,file,file,file,file,file,file,file,file,file,file,file,file,file,file,file,file,file,file,file,file,file,file,file,file,file,file,file,file,file,file,file
gt,file,builtin-err,builtin-err,file,file,file,builtin-err,builtin-err,builtin-err,builtin-err,builtin-err,builtin-err,builtin-err,builtin-err,builtin,builtin-err,builtin-err,file,file,file,file,builtin,builtin,builtin,builtin,builtin,builtin,builtin-err,builtin-err,builtin,builtin-err,builtin,builtin,builtin-err,builtin-err,builtin-err,file
gtext,file,file,file,file,file,file,file,file,file,file,file,file,file,file,file,file,file,file,file,file,file,file,file,file,file,file,file,file,file,file,file,file,file,file,file,file,file
hadamard,file,file,file,file,file,file,file,file,file,file,file,file,file,file,file,file,file,file,file,file,file,file,file,file,file,file,file,file,file,file,file,file,file,file,file,file,file
hamming,file,file,file,file,file,file,file,file,file,file,file,file,file,file,file,file,file,file,file,file,file,file,file,file,file,file,file,file,file,file,file,file,file,file,file,file,file
hampel,file,file,file,file,file,file,file,file,file,file,file,file,file,file,file,file,file,file,file,file,file,file,file,file,file,file,file,file,file,file,file,file,file,file,file,file,file
hankel,file,file,file,file,file,file,file,file,file,file,file,file,file,file,file,file,file,file,file,file,file,file,file,file,file,file,file,file,file,file,file,file,file,file,file,file,file
hann,file,file,file,file,file,file,file,file,file,file,file,file,file,file,file,file,file,file,file,file,file,file,file,file,file,file,file,file,file,file,file,file,file,file,file,file,file
hanning,file,file,file,file,file,file,file,file,file,file,file,file,file,file,file,file,file,file,file,file,file,file,file,file,file,file,file,file,file,file,file,file,file,file,file,file,file
harmmean,file,file,file,file,file,file,file,file,file,file,file,file,file,file,file,file,file,file,file,file,file,file,file,file,file,file,file,file,file,file,file,file,file,file,file,file,file
head,file,file,file,file,file,file,file,file,file,file,file,file,file,file,file,file,file,file,file,file,file,file,file,file,file,file,file,file,file,file,file,file,file,file,file,file,file
heatmap,file,file,file,file,file,file,file,file,file,file,file,file,file,file,file,file,file,file,file,file,file,file,file,file,file,file,file,file,file,file,file,file,file,file,file,file,file
height,file,file,file,file,file,file,file,file,file,file,file,file,file,file,file,file,file,file,file,file,file,file,file,file,file,file,file,file,file,file,file,file,file,file,file,file,file
help,file,file,file,file,file,file,file,file,file,file,file,file,file,file,file,file,file,file,file,file,file,file,file,file,file,file,file,file,file,file,file,file,file,file,file,file,file
hess,file,builtin,file,file,file,file,file,file,file,file,file,file,file,file,builtin,file,file,file,file,file,file,file,builtin-err,file,file,file,file,file,file,file,file,file,file,file,file,file,file
hex2dec,file,file,file,file,file,file,file,file,file,file,file,file,file,file,file,file,file,file,file,file,file,file,file,file,file,file,file,file,file,file,file,file,file,file,file,file,file
hex2num,file,file,file,file,file,file,file,file,file,file,file,file,file,file,file,file,file,file,file,file,file,file,file,file,file,file,file,file,file,file,file,file,file,file,file,file,file
hgexport,file,file,file,file,file,file,file,file,file,file,file,file,file,file,file,file,file,file,file,file,file,file,file,file,file,file,file,file,file,file,file,file,file,file,file,file,file
hggroup,file,file,file,file,file,file,file,file,file,file,file,file,file,file,file,file,file,file,file,file,file,file,file,file,file,file,file,file,file,file,file,file,file,file,file,file,file
hgload,file,file,file,file,file,file,file,file,file,file,file,file,file,file,file,file,file,file,file,file,file,file,file,file,file,file,file,file,file,file,file,file,file,file,file,file,file
hgsave,file,file,file,file,file,file,file,file,file,file,file,file,file,file,file,file,file,file,file,file,file,file,file,file,file,file,file,file,file,file,file,file,file,file,file,file,file
hgtransform,file,file,file,file,file,file,file,file,file,file,file,file,file,file,file,file,file,file,file,file,file,file,file,file,file,file,file,file,file,file,file,file,file,file,file,file,file
hidden,file,file,file,file,file,file,file,file,file,file,file,file,file,file,file,file,file,file,file,file,file,file,file,file,file,file,file,file,file,file,file,file,file,file,file,file,file
highpass,file,file,file,file,file,file,file,file,file,file,file,file,file,file,file,file,file,file,file,file,file,file,file,file,file,file,file,file,file,file,file,file,file,file,file,file,file
hilb,file,file,file,file,file,file,file,file,file,file,file,file,file,file,file,file,file,file,file,file,file,file,file,file,file,file,file,file,file,file,file,file,file,file,file,file,file
hilbert,file,file,file,file,file,file,file,file,file,file,file,file,file,file,file,file,file,file,file,file,file,file,file,file,file,file,file,file,file,file,file,file,file,file,file,file,file
hist3,file,file,file,file,file,file,file,file,file,file,file,file,file,file,file,file,file,file,file,file,file,file,file,file,file,file,file,file,file,file,file,file,file,file,file,file,file
histc,file,file,file,file,file,file,file,file,file,file,file,file,file,file,file,file,file,file,file,file,file,file,file,file,file,file,file,file,file,file,file,file,file,file,file,file,file
histcounts,file,file,file,file,file,file,file,file,file,file,builtin,builtin,file,file,file,file,file,file,file,file,file,file,file,file,file,file,file,builtin-err,builtin-err,builtin-err,builtin-err,file,file,file,file,file,file
histcounts2,file,file,file,file,file,file,file,file,file,file,file,file,file,file,file,file,file,file,file,file,file,file,file,file,file,file,file,file,file,file,file,file,file,file,file,file,file
histeq,file,file,file,file,file,file,file,file,file,file,file,file,file,file,file,file,file,file,file,file,file,file,file,file,file,file,file,file,file,file,file,file,file,file,file,file,file
histfit,file,file,file,file,file,file,file,file,file,file,file,file,file,file,file,file,file,file,file,file,file,file,file,file,file,file,file,file,file,file,file,file,file,file,file,file,file
histogram,file,file,file,file,file,file,file,file,file,file,file,file,file,file,file,file,file,file,file,file,file,file,file,file,file,file,file,file,file,file,file,file,file,file,file,file,file
histogram2,file,file,file,file,file,file,file,file,file,file,file,file,file,file,file,file,file,file,file,file,file,file,file,file,file,file,file,file,file,file,file,file,file,file,file,file,file
hmmdecode,file,file,file,file,file,file,file,file,file,file,file,file,file,file,file,file,file,file,file,file,file,file,file,file,file,file,file,file,file,file,file,file,file,file,file,file,file
hmmestimate,file,file,file,file,file,file,file,file,file,file,file,file,file,file,file,file,file,file,file,file,file,file,file,file,file,file,file,file,file,file,file,file,file,file,file,file,file
hmmgenerate,file,file,file,file,file,file,file,file,file,file,file,file,file,file,file,file,file,file,file,file,file,file,file,file,file,file,file,file,file,file,file,file,file,file,file,file,file
hmmtrain,file,file,file,file,file,file,file,file,file,file,file,file,file,file,file,file,file,file,file,file,file,file,file,file,file,file,file,file,file,file,file,file,file,file,file,file,file
hmmviterbi,file,file,file,file,file,file,file,file,file,file,file,file,file,file,file,file,file,file,file,file,file,file,file,file,file,file,file,file,file,file,file,file,file,file,file,file,file
hms,file,file,file,file,file,file,file,file,file,file,builtin,builtin,file,file,file,file,file,file,file,file,file,file,file,file,file,file,file,builtin-err,builtin-err,builtin-err,file,file,file,file,file,file,file
hold,file,file,file,file,file,file,file,file,file,file,file,file,file,file,file,file,file,file,file,file,file,file,file,file,file,file,file,file,file,file,file,file,file,file,file,file,file
home,file,file,file,file,file,file,file,file,file,file,file,file,file,file,file,file,file,file,file,file,file,file,file,file,file,file,file,file,file,file,file,file,file,file,file,file,file
horzcat,file,file,builtin,file,file,file,file,file,file,builtin-err,builtin,builtin,builtin,builtin,file,builtin,builtin,file,file,file,file,file,file,file,builtin,builtin-err,builtin-err,builtin-err,builtin-err,builtin,builtin-err,file,builtin-err,builtin,builtin,builtin,file
hougen,file,file,file,file,file,file,file,file,file,file,file,file,file,file,file,file,file,file,file,file,file,file,file,file,file,file,file,file,file,file,file,file,file,file,file,file,file
hough,file,file,file,file,file,file,file,file,file,file,file,file,file,file,file,file,file,file,file,file,file,file,file,file,file,file,file,file,file,file,file,file,file,file,file,file,file
houghlines,file,file,file,file,file,file,file,file,file,file,file,file,file,file,file,file,file,file,file,file,file,file,file,file,file,file,file,file,file,file,file,file,file,file,file,file,file
houghpeaks,file,file,file,file,file,file,file,file,file,file,file,file,file,file,file,file,file,file,file,file,file,file,file,file,file,file,file,file,file,file,file,file,file,file,file,file,file
hour,file,file,file,file,file,file,file,file,file,file,builtin,file,file,file,file,file,file,file,file,file,file,file,file,file,file,file,file,builtin-err,builtin-err,file,file,file,file,file,file,file,file
hours,file,file,file,file,file,file,file,file,file,file,file,builtin,file,file,file,file,file,file,file,file,file,file,file,file,file,file,file,file,file,builtin-err,file,file,file,file,file,file,file
hsv2rgb,file,file,file,file,file,file,file,file,file,file,file,file,file,file,file,file,file,file,file,file,file,file,file,file,file,file,file,file,file,file,file,file,file,file,file,file,file
hygecdf,file,file,file,file,file,file,file,file,file,file,file,file,file,file,file,file,file,file,file,file,file,file,file,file,file,file,file,file,file,file,file,file,file,file,file,file,file
hygeinv,file,file,file,file,file,file,file,file,file,file,file,file,file,file,file,file,file,file,file,file,file,file,file,file,file,file,file,file,file,file,file,file,file,file,file,file,file
hygepdf,file,file,file,file,file,file,file,file,file,file,file,file,file,file,file,file,file,file,file,file,file,file,file,file,file,file,file,file,file,file,file,file,file,file,file,file,file
hygernd,file,file,file,file,file,file,file,file,file,file,file,file,file,file,file,file,file,file,file,file,file,file,file,file,file,file,file,file,file,file,file,file,file,file,file,file,file
hygestat,file,file,file,file,file,file,file,file,file,file,file,file,file,file,file,file,file,file,file,file,file,file,file,file,file,file,file,file,file,file,file,file,file,file,file,file,file
hypot,file,builtin-err,file,file,file,file,file,file,file,file,file,file,file,file,builtin,file,file,file,file,file,file,file,builtin-err,file,file,file,file,file,file,file,file,file,file,file,file,file,file
icceps,file,file,file,file,file,file,file,file,file,file,file,file,file,file,file,file,file,file,file,file,file,file,file,file,file,file,file,file,file,file,file,file,file,file,file,file,file
icdf,file,file,file,file,file,file,file,file,file,file,file,file,file,file,file,file,file,file,file,file,file,file,file,file,file,file,file,file,file,file,file,file,file,file,file,file,file
ichol,file,builtin-err,file,file,file,file,file,file,file,file,file,file,file,file,builtin-err,file,file,file,file,file,file,file,builtin-err,file,file,file,file,file,file,file,file,file,file,file,file,file,file
idct,file,file,file,file,file,file,file,file,file,file,file,file,file,file,file,file,file,file,file,file,file,file,file,file,file,file,file,file,file,file,file,file,file,file,file,file,file
idct2,file,file,file,file,file,file,file,file,file,file,file,file,file,file,file,file,file,file,file,file,file,file,file,file,file,file,file,file,file,file,file,file,file,file,file,file,file
idivide,file,file,file,file,file,file,file,file,file,file,file,file,file,file,file,file,file,file,file,file,file,file,file,file,file,file,file,file,file,file,file,file,file,file,file,file,file
ifanbeam,file,file,file,file,file,file,file,file,file,file,file,file,file,file,file,file,file,file,file,file,file,file,file,file,file,file,file,file,file,file,file,file,file,file,file,file,file
ifft,file,builtin,file,file,file,file,file,builtin,builtin,file,file,file,file,file,builtin-err,file,file,file,file,file,file,builtin-err,builtin-err,file,file,file,file,file,file,file,file,file,file,file,file,file,file
ifft2,file,file,file,file,file,file,file,file,file,file,file,file,file,file,file,file,file,file,file,file,file,file,file,file,file,file,file,file,file,file,file,file,file,file,file,file,file
ifftn,file,builtin,file,file,file,file,file,builtin,builtin,file,file,file,file,file,builtin-err,file,file,file,file,file,file,builtin-err,builtin-err,file,file,file,file,file,file,file,file,file,file,file,file,file,file
ifftshift,file,file,file,file,file,file,file,file,file,file,file,file,file,file,file,file,file,file,file,file,file,file,file,file,file,file,file,file,file,file,file,file,file,file,file,file,file
ifsst,file,file,file,file,file,file,file,file,file,file,file,file,file,file,file,file,file,file,file,file,file,file,file,file,file,file,file,file,file,file,file,file,file,file,file,file,file
ifwht,file,file,file,file,file,file,file,file,file,file,file,file,file,file,file,file,file,file,file,file,file,file,file,file,file,file,file,file,file,file,file,file,file,file,file,file,file
illumgray,file,file,file,file,file,file,file,file,file,file,file,file,file,file,file,file,file,file,file,file,file,file,file,file,file,file,file,file,file,file,file,file,file,file,file,file,file
illumpca,file,file,file,file,file,file,file,file,file,file,file,file,file,file,file,file,file,file,file,file,file,file,file,file,file,file,file,file,file,file,file,file,file,file,file,file,file
illumwhite,file,file,file,file,file,file,file,file,file,file,file,file,file,file,file,file,file,file,file,file,file,file,file,file,file,file,file,file,file,file,file,file,file,file,file,file,file
ilu,file,builtin-err,file,file,file,file,file,file,file,file,file,file,file,file,builtin-err,file,file,file,file,file,file,file,builtin-err,file,file,file,file,file,file,file,file,file,file,file,file,file,file
im2col,file,file,file,file,file,file,file,file,file,file,file,file,file,file,file,file,file,file,file,file,file,file,file,file,file,file,file,file,file,file,file,file,file,file,file,file,file
im2double,file,file,file,file,file,file,file,file,file,file,file,file,file,file,file,file,file,file,file,file,file,file,file,file,file,file,file,file,file,file,file,file,file,file,file,file,file
im2frame,file,file,file,file,file,file,file,file,file,file,file,file,file,file,file,file,file,file,file,file,file,file,file,file,file,file,file,file,file,file,file,file,file,file,file,file,file
im2gray,file,file,file,file,file,file,file,file,file,file,file,file,file,file,file,file,file,file,file,file,file,file,file,file,file,file,file,file,file,file,file,file,file,file,file,file,file
im2int16,file,file,file,file,file,file,file,file,file,file,file,file,file,file,file,file,file,file,file,file,file,file,file,file,file,file,file,file,file,file,file,file,file,file,file,file,file
im2mat,file,file,file,file,file,file,file,file,file,file,file,file,file,file,file,file,file,file,file,file,file,file,file,file,file,file,file,file,file,file,file,file,file,file,file,file,file
im2single,file,file,file,file,file,file,file,file,file,file,file,file,file,file,file,file,file,file,file,file,file,file,file,file,file,file,file,file,file,file,file,file,file,file,file,file,file
im2uint16,file,file,file,file,file,file,file,file,file,file,file,file,file,file,file,file,file,file,file,file,file,file,file,file,file,file,file,file,file,file,file,file,file,file,file,file,file
im2uint8,file,file,file,file,file,file,file,file,file,file,file,file,file,file,file,file,file,file,file,file,file,file,file,file,file,file,file,file,file,file,file,file,file,file,file,file,file
imabsdiff,file,file,file,file,file,file,file,file,file,file,file,file,file,file,file,file,file,file,file,file,file,file,file,file,file,file,file,file,file,file,file,file,file,file,file,file,file
imadd,file,file,file,file,file,file,file,file,file,file,file,file,file,file,file,file,file,file,file,file,file,file,file,file,file,file,file,file,file,file,file,file,file,file,file,file,file
imadjust,file,file,file,file,file,file,file,file,file,file,file,file,file,file,file,file,file,file,file,file,file,file,file,file,file,file,file,file,file,file,file,file,file,file,file,file,file
imadjustn,file,file,file,file,file,file,file,file,file,file,file,file,file,file,file,file,file,file,file,file,file,file,file,file,file,file,file,file,file,file,file,file,file,file,file,file,file
imag,file,builtin,file,file,file,file,builtin,builtin,builtin,file,file,file,file,file,builtin-err,file,file,file,file,file,file,builtin-err,builtin-err,builtin-err,file,file,file,file,file,file,file,file,file,file,file,file,file
image,file,file,file,file,file,file,file,file,file,file,file,file,file,file,file,file,file,file,file,file,file,file,file,file,file,file,file,file,file,file,file,file,file,file,file,file,file
imagesc,file,file,file,file,file,file,file,file,file,file,file,file,file,file,file,file,file,file,file,file,file,file,file,file,file,file,file,file,file,file,file,file,file,file,file,file,file
imapplymatrix,file,file,file,file,file,file,file,file,file,file,file,file,file,file,file,file,file,file,file,file,file,file,file,file,file,file,file,file,file,file,file,file,file,file,file,file,file
imapprox,file,file,file,file,file,file,file,file,file,file,file,file,file,file,file,file,file,file,file,file,file,file,file,file,file,file,file,file,file,file,file,file,file,file,file,file,file
imbilatfilt,file,file,file,file,file,file,file,file,file,file,file,file,file,file,file,file,file,file,file,file,file,file,file,file,file,file,file,file,file,file,file,file,file,file,file,file,file
imbinarize,file,file,file,file,file,file,file,file,file,file,file,file,file,file,file,file,file,file,file,file,file,file,file,file,file,file,file,file,file,file,file,file,file,file,file,file,file
imbothat,file,file,file,file,file,file,file,file,file,file,file,file,file,file,file,file,file,file,file,file,file,file,file,file,file,file,file,file,file,file,file,file,file,file,file,file,file
imboxfilt,file,file,file,file,file,file,file,file,file,file,file,file,file,file,file,file,file,file,file,file,file,file,file,file,file,file,file,file,file,file,file,file,file,file,file,file,file
imboxfilt3,file,file,file,file,file,file,file,file,file,file,file,file,file,file,file,file,file,file,file,file,file,file,file,file,file,file,file,file,file,file,file,file,file,file,file,file,file
imcentroid,file,file,file,file,file,file,file,file,file,file,file,file,file,file,file,file,file,file,file,file,file,file,file,file,file,file,file,file,file,file,file,file,file,file,file,file,file
imclearborder,file,file,file,file,file,file,file,file,file,file,file,file,file,file,file,file,file,file,file,file,file,file,file,file,file,file,file,file,file,file,file,file,file,file,file,file,file
imclose,file,file,file,file,file,file,file,file,file,file,file,file,file,file,file,file,file,file,file,file,file,file,file,file,file,file,file,file,file,file,file,file,file,file,file,file,file
imcolordiff,file,file,file,file,file,file,file,file,file,file,file,file,file,file,file,file,file,file,file,file,file,file,file,file,file,file,file,file,file,file,file,file,file,file,file,file,file
imcomplement,file,file,file,file,file,file,file,file,file,file,file,file,file,file,file,file,file,file,file,file,file,file,file,file,file,file,file,file,file,file,file,file,file,file,file,file,file
imcontour,file,file,file,file,file,file,file,file,file,file,file,file,file,file,file,file,file,file,file,file,file,file,file,file,file,file,file,file,file,file,file,file,file,file,file,file,file
imcrop,file,file,file,file,file,file,file,file,file,file,file,file,file,file,file,file,file,file,file,file,file,file,file,file,file,file,file,file,file,file,file,file,file,file,file,file,file
imcrop3,file,file,file,file,file,file,file,file,file,file,file,file,file,file,file,file,file,file,file,file,file,file,file,file,file,file,file,file,file,file,file,file,file,file,file,file,file
imdiffuseest,file,file,file,file,file,file,file,file,file,file,file,file,file,file,file,file,file,file,file,file,file,file,file,file,file,file,file,file,file,file,file,file,file,file,file,file,file
imdiffusefilt,file,file,file,file,file,file,file,file,file,file,file,file,file,file,file,file,file,file,file,file,file,file,file,file,file,file,file,file,file,file,file,file,file,file,file,file,file
imdilate,file,file,file,file,file,file,file,file,file,file,file,file,file,file,file,file,file,file,file,file,file,file,file,file,file,file,file,file,file,file,file,file,file,file,file,file,file
imdivide,file,file,file,file,file,file,file,file,file,file,file,file,file,file,file,file,file,file,file,file,file,file,file,file,file,file,file,file,file,file,file,file,file,file,file,file,file
imerode,file,file,file,file,file,file,file,file,file,file,file,file,file,file,file,file,file,file,file,file,file,file,file,file,file,file,file,file,file,file,file,file,file,file,file,file,file
imextendedmax,file,file,file,file,file,file,file,file,file,file,file,file,file,file,file,file,file,file,file,file,file,file,file,file,file,file,file,file,file,file,file,file,file,file,file,file,file
imextendedmin,file,file,file,file,file,file,file,file,file,file,file,file,file,file,file,file,file,file,file,file,file,file,file,file,file,file,file,file,file,file,file,file,file,file,file,file,file
imfill,file,file,file,file,file,file,file,file,file,file,file,file,file,file,file,file,file,file,file,file,file,file,file,file,file,file,file,file,file,file,file,file,file,file,file,file,file
imfilter,file,file,file,file,file,file,file,file,file,file,file,file,file,file,file,file,file,file,file,file,file,file,file,file,file,file,file,file,file,file,file,file,file,file,file,file,file
imfindcircles,file,file,file,file,file,file,file,file,file,file,file,file,file,file,file,file,file,file,file,file,file,file,file,file,file,file,file,file,file,file,file,file,file,file,file,file,file
imfinfo,file,file,file,file,file,file,file,file,file,file,file,file,file,file,file,file,file,file,file,file,file,file,file,file,file,file,file,file,file,file,file,file,file,file,file,file,file
imflatfield,file,file,file,file,file,file,file,file,file,file,file,file,file,file,file,file,file,file,file,file,file,file,file,file,file,file,file,file,file,file,file,file,file,file,file,file,file
imfuse,file,file,file,file,file,file,file,file,file,file,file,file,file,file,file,file,file,file,file,file,file,file,file,file,file,file,file,file,file,file,file,file,file,file,file,file,file
imgaborfilt,file,file,file,file,file,file,file,file,file,file,file,file,file,file,file,file,file,file,file,file,file,file,file,file,file,file,file,file,file,file,file,file,file,file,file,file,file
imgaussfilt,file,file,file,file,file,file,file,file,file,file,file,file,file,file,file,file,file,file,file,file,file,file,file,file,file,file,file,file,file,file,file,file,file,file,file,file,file
imgaussfilt3,file,file,file,file,file,file,file,file,file,file,file,file,file,file,file,file,file,file,file,file,file,file,file,file,file,file,file,file,file,file,file,file,file,file,file,file,file
imgradient,file,file,file,file,file,file,file,file,file,file,file,file,file,file,file,file,file,file,file,file,file,file,file,file,file,file,file,file,file,file,file,file,file,file,file,file,file
imgradient3,file,file,file,file,file,file,file,file,file,file,file,file,file,file,file,file,file,file,file,file,file,file,file,file,file,file,file,file,file,file,file,file,file,file,file,file,file
imgradientxy,file,file,file,file,file,file,file,file,file,file,file,file,file,file,file,file,file,file,file,file,file,file,file,file,file,file,file,file,file,file,file,file,file,file,file,file,file
imgradientxyz,file,file,file,file,file,file,file,file,file,file,file,file,file,file,file,file,file,file,file,file,file,file,file,file,file,file,file,file,file,file,file,file,file,file,file,file,file
imguidedfilter,file,file,file,file,file,file,file,file,file,file,file,file,file,file,file,file,file,file,file,file,file,file,file,file,file,file,file,file,file,file,file,file,file,file,file,file,file
imhist,file,file,file,file,file,file,file,file,file,file,file,file,file,file,file,file,file,file,file,file,file,file,file,file,file,file,file,file,file,file,file,file,file,file,file,file,file
imhistmatch,file,file,file,file,file,file,file,file,file,file,file,file,file,file,file,file,file,file,file,file,file,file,file,file,file,file,file,file,file,file,file,file,file,file,file,file,file
imhistmatchn,file,file,file,file,file,file,file,file,file,file,file,file,file,file,file,file,file,file,file,file,file,file,file,file,file,file,file,file,file,file,file,file,file,file,file,file,file
imhmax,file,file,file,file,file,file,file,file,file,file,file,file,file,file,file,file,file,file,file,file,file,file,file,file,file,file,file,file,file,file,file,file,file,file,file,file,file
imhmin,file,file,file,file,file,file,file,file,file,file,file,file,file,file,file,file,file,file,file,file,file,file,file,file,file,file,file,file,file,file,file,file,file,file,file,file,file
imimposemin,file,file,file,file,file,file,file,file,file,file,file,file,file,file,file,file,file,file,file,file,file,file,file,file,file,file,file,file,file,file,file,file,file,file,file,file,file
imlincomb,file,file,file,file,file,file,file,file,file,file,file,file,file,file,file,file,file,file,file,file,file,file,file,file,file,file,file,file,file,file,file,file,file,file,file,file,file
imlocalbrighten,file,file,file,file,file,file,file,file,file,file,file,file,file,file,file,file,file,file,file,file,file,file,file,file,file,file,file,file,file,file,file,file,file,file,file,file,file
immse,file,file,file,file,file,file,file,file,file,file,file,file,file,file,file,file,file,file,file,file,file,file,file,file,file,file,file,file,file,file,file,file,file,file,file,file,file
immultiply,file,file,file,file,file,file,file,file,file,file,file,file,file,file,file,file,file,file,file,file,file,file,file,file,file,file,file,file,file,file,file,file,file,file,file,file,file
imnlmfilt,file,file,file,file,file,file,file,file,file,file,file,file,file,file,file,file,file,file,file,file,file,file,file,file,file,file,file,file,file,file,file,file,file,file,file,file,file
imnoise,file,file,file,file,file,file,file,file,file,file,file,file,file,file,file,file,file,file,file,file,file,file,file,file,file,file,file,file,file,file,file,file,file,file,file,file,file
imopen,file,file,file,file,file,file,file,file,file,file,file,file,file,file,file,file,file,file,file,file,file,file,file,file,file,file,file,file,file,file,file,file,file,file,file,file,file
imoverlay,file,file,file,file,file,file,file,file,file,file,file,file,file,file,file,file,file,file,file,file,file,file,file,file,file,file,file,file,file,file,file,file,file,file,file,file,file
impinvar,file,file,file,file,file,file,file,file,file,file,file,file,file,file,file,file,file,file,file,file,file,file,file,file,file,file,file,file,file,file,file,file,file,file,file,file,file
impixel,file,file,file,file,file,file,file,file,file,file,file,file,file,file,file,file,file,file,file,file,file,file,file,file,file,file,file,file,file,file,file,file,file,file,file,file,file
improfile,file,file,file,file,file,file,file,file,file,file,file,file,file,file,file,file,file,file,file,file,file,file,file,file,file,file,file,file,file,file,file,file,file,file,file,file,file
impyramid,file,file,file,file,file,file,file,file,file,file,file,file,file,file,file,file,file,file,file,file,file,file,file,file,file,file,file,file,file,file,file,file,file,file,file,file,file
impz,file,file,file,file,file,file,file,file,file,file,file,file,file,file,file,file,file,file,file,file,file,file,file,file,file,file,file,file,file,file,file,file,file,file,file,file,file
impzlength,file,file,file,file,file,file,file,file,file,file,file,file,file,file,file,file,file,file,file,file,file,file,file,file,file,file,file,file,file,file,file,file,file,file,file,file,file
imquantize,file,file,file,file,file,file,file,file,file,file,file,file,file,file,file,file,file,file,file,file,file,file,file,file,file,file,file,file,file,file,file,file,file,file,file,file,file
imread,file,file,file,file,file,file,file,file,file,file,file,file,file,file,file,file,file,file,file,file,file,file,file,file,file,file,file,file,file,file,file,file,file,file,file,file,file
imreconstruct,file,file,file,file,file,file,file,file,file,file,file,file,file,file,file,file,file,file,file,file,file,file,file,file,file,file,file,file,file,file,file,file,file,file,file,file,file
imreducehaze,file,file,file,file,file,file,file,file,file,file,file,file,file,file,file,file,file,file,file,file,file,file,file,file,file,file,file,file,file,file,file,file,file,file,file,file,file
imref2d,file,file,file,file,file,file,file,file,file,file,file,file,file,file,file,file,file,file,file,file,file,file,file,file,file,file,file,file,file,file,file,file,file,file,file,file,file
imregcorr,file,file,file,file,file,file,file,file,file,file,file,file,file,file,file,file,file,file,file,file,file,file,file,file,file,file,file,file,file,file,file,file,file,file,file,file,file
imregionalmax,file,file,file,file,file,file,file,file,file,file,file,file,file,file,file,file,file,file,file,file,file,file,file,file,file,file,file,file,file,file,file,file,file,file,file,file,file
imregionalmin,file,file,file,file,file,file,file,file,file,file,file,file,file,file,file,file,file,file,file,file,file,file,file,file,file,file,file,file,file,file,file,file,file,file,file,file,file
imresize,file,file,file,file,file,file,file,file,file,file,file,file,file,file,file,file,file,file,file,file,file,file,file,file,file,file,file,file,file,file,file,file,file,file,file,file,file
imresize3,file,file,file,file,file,file,file,file,file,file,file,file,file,file,file,file,file,file,file,file,file,file,file,file,file,file,file,file,file,file,file,file,file,file,file,file,file
imrotate,file,file,file,file,file,file,file,file,file,file,file,file,file,file,file,file,file,file,file,file,file,file,file,file,file,file,file,file,file,file,file,file,file,file,file,file,file
imrotate3,file,file,file,file,file,file,file,file,file,file,file,file,file,file,file,file,file,file,file,file,file,file,file,file,file,file,file,file,file,file,file,file,file,file,file,file,file
imsegfmm,file,file,file,file,file,file,file,file,file,file,file,file,file,file,file,file,file,file,file,file,file,file,file,file,file,file,file,file,file,file,file,file,file,file,file,file,file
imsegkmeans,file,file,file,file,file,file,file,file,file,file,file,file,file,file,file,file,file,file,file,file,file,file,file,file,file,file,file,file,file,file,file,file,file,file,file,file,file
imsegkmeans3,file,file,file,file,file,file,file,file,file,file,file,file,file,file,file,file,file,file,file,file,file,file,file,file,file,file,file,file,file,file,file,file,file,file,file,file,file
imsharpen,file,file,file,file,file,file,file,file,file,file,file,file,file,file,file,file,file,file,file,file,file,file,file,file,file,file,file,file,file,file,file,file,file,file,file,file,file
imshow,file,file,file,file,file,file,file,file,file,file,file,file,file,file,file,file,file,file,file,file,file,file,file,file,file,file,file,file,file,file,file,file,file,file,file,file,file
imshowpair,file,file,file,file,file,file,file,file,file,file,file,file,file,file,file,file,file,file,file,file,file,file,file,file,file,file,file,file,file,file,file,file,file,file,file,file,file
imsplit,file,file,file,file,file,file,file,file,file,file,file,file,file,file,file,file,file,file,file,file,file,file,file,file,file,file,file,file,file,file,file,file,file,file,file,file,file
imsubtract,file,file,file,file,file,file,file,file,file,file,file,file,file,file,file,file,file,file,file,file,file,file,file,file,file,file,file,file,file,file,file,file,file,file,file,file,file
imtile,file,file,file,file,file,file,file,file,file,file,file,file,file,file,file,file,file,file,file,file,file,file,file,file,file,file,file,file,file,file,file,file,file,file,file,file,file
imtophat,file,file,file,file,file,file,file,file,file,file,file,file,file,file,file,file,file,file,file,file,file,file,file,file,file,file,file,file,file,file,file,file,file,file,file,file,file
imtranslate,file,file,file,file,file,file,file,file,file,file,file,file,file,file,file,file,file,file,file,file,file,file,file,file,file,file,file,file,file,file,file,file,file,file,file,file,file
imwarp,file,file,file,file,file,file,file,file,file,file,file,file,file,file,file,file,file,file,file,file,file,file,file,file,file,file,file,file,file,file,file,file,file,file,file,file,file
imwrite,file,file,file,file,file,file,file,file,file,file,file,file,file,file,file,file,file,file,file,file,file,file,file,file,file,file,file,file,file,file,file,file,file,file,file,file,file
inconsistent,file,file,file,file,file,file,file,file,file,file,file,file,file,file,file,file,file,file,file,file,file,file,file,file,file,file,file,file,file,file,file,file,file,file,file,file,file
ind2gray,file,file,file,file,file,file,file,file,file,file,file,file,file,file,file,file,file,file,file,file,file,file,file,file,file,file,file,file,file,file,file,file,file,file,file,file,file
ind2rgb,file,file,file,file,file,file,file,file,file,file,file,file,file,file,file,file,file,file,file,file,file,file,file,file,file,file,file,file,file,file,file,file,file,file,file,file,file
ind2sub,file,file,file,file,file,file,file,file,file,file,file,file,file,file,file,file,file,file,file,file,file,file,file,file,file,file,file,file,file,file,file,file,file,file,file,file,file
indexof,file,file,file,file,file,file,file,file,file,file,file,file,file,file,file,file,file,file,file,file,file,file,file,file,file,file,file,file,file,file,file,file,file,file,file,file,file
info,file,file,file,file,file,file,file,file,file,file,file,file,file,file,file,file,file,file,file,file,file,file,file,file,file,file,file,file,file,file,file,file,file,file,file,file,file
inline,builtin,builtin-err,builtin,builtin-err,builtin-err,builtin-err,builtin,builtin-err,builtin-err,builtin-err,builtin-err,builtin-err,builtin-err,builtin-err,builtin-err,builtin-err,builtin,builtin-err,builtin-err,builtin-err,builtin-err,builtin-err,builtin-err,builtin,builtin,builtin-err,builtin-err,builtin-err,builtin-err,builtin-err,builtin-err,builtin-err,builtin-err,builtin-err,builtin-err,builtin-err,builtin-err
inlineeval,file,file,file,file,file,file,file,file,file,file,file,file,file,file,file,file,file,file,file,file,file,file,file,file,file,file,file,file,file,file,file,file,file,file,file,file,file
inpolygon,file,file,file,file,file,file,file,file,file,file,file,file,file,file,file,file,file,file,file,file,file,file,file,file,file,file,file,file,file,file,file,file,file,file,file,file,file
input,file,file,file,file,file,file,file,file,file,file,file,file,file,file,file,file,file,file,file,file,file,file,file,file,file,file,file,file,file,file,file,file,file,file,file,file,file
inputname,file,file,file,file,file,file,file,file,file,file,file,file,file,file,file,file,file,file,file,file,file,file,file,file,file,file,file,file,file,file,file,file,file,file,file,file,file
insert,file,file,file,file,file,file,file,file,file,file,file,file,file,file,file,file,file,file,file,file,file,file,file,file,file,file,file,file,file,file,file,file,file,file,file,file,file
insertAfter,file,file,builtin-err,file,file,file,file,file,file,file,file,file,file,file,file,file,builtin-err,file,file,file,file,file,file,file,builtin-err,file,file,file,file,file,file,file,file,builtin-err,file,file,file
insertBefore,file,file,builtin-err,file,file,file,file,file,file,file,file,file,file,file,file,file,builtin-err,file,file,file,file,file,file,file,builtin-err,file,file,file,file,file,file,file,file,builtin-err,file,file,file
int2str,file,file,file,file,file,file,file,file,file,file,file,file,file,file,file,file,file,file,file,file,file,file,file,file,file,file,file,file,file,file,file,file,file,file,file,file,file
integral,file,file,file,file,file,file,file,file,file,file,file,file,file,file,file,file,file,file,file,file,file,file,file,file,file,file,file,file,file,file,file,file,file,file,file,file,file
integral2,file,file,file,file,file,file,file,file,file,file,file,file,file,file,file,file,file,file,file,file,file,file,file,file,file,file,file,file,file,file,file,file,file,file,file,file,file
integral3,file,file,file,file,file,file,file,file,file,file,file,file,file,file,file,file,file,file,file,file,file,file,file,file,file,file,file,file,file,file,file,file,file,file,file,file,file
integralBoxFilter,file,file,file,file,file,file,file,file,file,file,file,file,file,file,file,file,file,file,file,file,file,file,file,file,file,file,file,file,file,file,file,file,file,file,file,file,file
integralBoxFilter3,file,file,file,file,file,file,file,file,file,file,file,file,file,file,file,file,file,file,file,file,file,file,file,file,file,file,file,file,file,file,file,file,file,file,file,file,file
integralImage,file,file,file,file,file,file,file,file,file,file,file,file,file,file,file,file,file,file,file,file,file,file,file,file,file,file,file,file,file,file,file,file,file,file,file,file,file
integralImage3,file,file,file,file,file,file,file,file,file,file,file,file,file,file,file,file,file,file,file,file,file,file,file,file,file,file,file,file,file,file,file,file,file,file,file,file,file
interactionplot,file,file,file,file,file,file,file,file,file,file,file,file,file,file,file,file,file,file,file,file,file,file,file,file,file,file,file,file,file,file,file,file,file,file,file,file,file
interp,file,file,file,file,file,file,file,file,file,file,file,file,file,file,file,file,file,file,file,file,file,file,file,file,file,file,file,file,file,file,file,file,file,file,file,file,file
interp1,file,file,file,file,file,file,file,file,file,file,builtin-err,builtin-err,file,file,file,file,file,file,file,file,file,file,file,file,file,file,file,builtin-err,builtin-err,builtin-err,file,file,file,file,file,file,file
interp1q,file,file,file,file,file,file,file,file,file,file,file,file,file,file,file,file,file,file,file,file,file,file,file,file,file,file,file,file,file,file,file,file,file,file,file,file,file
interp2,file,file,file,file,file,file,file,file,file,file,file,file,file,file,file,file,file,file,file,file,file,file,file,file,file,file,file,file,file,file,file,file,file,file,file,file,file
interp3,file,file,file,file,file,file,file,file,file,file,file,file,file,file,file,file,file,file,file,file,file,file,file,file,file,file,file,file,file,file,file,file,file,file,file,file,file
interpft,file,file,file,file,file,file,file,file,file,file,file,file,file,file,file,file,file,file,file,file,file,file,file,file,file,file,file,file,file,file,file,file,file,file,file,file,file
interpn,file,file,file,file,file,file,file,file,file,file,file,file,file,file,file,file,file,file,file,file,file,file,file,file,file,file,file,file,file,file,file,file,file,file,file,file,file
interpstreamspeed,file,file,file,file,file,file,file,file,file,file,file,file,file,file,file,file,file,file,file,file,file,file,file,file,file,file,file,file,file,file,file,file,file,file,file,file,file
intersect,file,file,file,builtin-err,file,file,file,file,file,builtin-err,builtin-err,builtin-err,builtin-err,file,file,file,file,builtin-err,builtin-err,file,file,file,file,file,file,builtin-err,builtin-err,builtin-err,builtin-err,builtin,builtin-err,file,file,file,file,file,builtin-err
intfilt,file,file,file,file,file,file,file,file,file,file,file,file,file,file,file,file,file,file,file,file,file,file,file,file,file,file,file,file,file,file,file,file,file,file,file,file,file
intlut,file,file,file,file,file,file,file,file,file,file,file,file,file,file,file,file,file,file,file,file,file,file,file,file,file,file,file,file,file,file,file,file,file,file,file,file,file
intmax,file,file,file,file,file,file,file,file,file,file,file,file,file,file,file,file,file,file,file,file,file,file,file,file,file,file,file,file,file,file,file,file,file,file,file,file,file
intmin,file,file,file,file,file,file,file,file,file,file,file,file,file,file,file,file,file,file,file,file,file,file,file,file,file,file,file,file,file,file,file,file,file,file,file,file,file
inv,file,builtin,file,file,file,file,file,file,file,file,file,file,file,file,builtin-err,file,file,file,file,file,file,file,builtin-err,file,file,file,file,file,file,file,file,file,file,file,file,file,file
invfreqs,file,file,file,file,file,file,file,file,file,file,file,file,file,file,file,file,file,file,file,file,file,file,file,file,file,file,file,file,file,file,file,file,file,file,file,file,file
invfreqz,file,file,file,file,file,file,file,file,file,file,file,file,file,file,file,file,file,file,file,file,file,file,file,file,file,file,file,file,file,file,file,file,file,file,file,file,file
invhilb,file,file,file,file,file,file,file,file,file,file,file,file,file,file,file,file,file,file,file,file,file,file,file,file,file,file,file,file,file,file,file,file,file,file,file,file,file
invpred,file,file,file,file,file,file,file,file,file,file,file,file,file,file,file,file,file,file,file,file,file,file,file,file,file,file,file,file,file,file,file,file,file,file,file,file,file
ipermute,file,file,file,file,file,file,file,file,file,file,file,file,file,file,file,file,file,file,file,file,file,file,file,file,file,file,file,file,file,file,file,file,file,file,file,file,file
iptcheckconn,file,file,file,file,file,file,file,file,file,file,file,file,file,file,file,file,file,file,file,file,file,file,file,file,file,file,file,file,file,file,file,file,file,file,file,file,file
iptgetpref,file,file,file,file,file,file,file,file,file,file,file,file,file,file,file,file,file,file,file,file,file,file,file,file,file,file,file,file,file,file,file,file,file,file,file,file,file
iptsetpref,file,file,file,file,file,file,file,file,file,file,file,file,file,file,file,file,file,file,file,file,file,file,file,file,file,file,file,file,file,file,file,file,file,file,file,file,file
iqr,file,file,file,file,file,file,file,file,file,file,file,file,file,file,file,file,file,file,file,file,file,file,file,file,file,file,file,file,file,file,file,file,file,file,file,file,file
iradon,file,file,file,file,file,file,file,file,file,file,file,file,file,file,file,file,file,file,file,file,file,file,file,file,file,file,file,file,file,file,file,file,file,file,file,file,file
is2rc,file,file,file,file,file,file,file,file,file,file,file,file,file,file,file,file,file,file,file,file,file,file,file,file,file,file,file,file,file,file,file,file,file,file,file,file,file
isConfigured,file,file,file,file,file,file,file,file,file,file,file,file,file,file,file,file,file,file,file,file,file,file,file,file,file,file,file,file,file,file,file,file,file,file,file,file,file
isIllConditioned,file,file,file,file,file,file,file,file,file,file,file,file,file,file,file,file,file,file,file,file,file,file,file,file,file,file,file,file,file,file,file,file,file,file,file,file,file
isKey,file,file,file,file,file,file,file,file,file,file,file,file,file,builtin-err,file,file,file,file,file,file,file,file,file,file,file,file,file,file,file,file,file,file,builtin,file,file,file,file
isStringScalar,file,file,file,file,file,file,file,file,file,file,file,file,file,file,file,file,file,file,file,file,file,file,file,file,file,file,file,file,file,file,file,file,file,file,file,file,file
isallpass,file,file,file,file,file,file,file,file,file,file,file,file,file,file,file,file,file,file,file,file,file,file,file,file,file,file,file,file,file,file,file,file,file,file,file,file,file
isappdata,file,file,file,file,file,file,file,file,file,file,file,file,file,file,file,file,file,file,file,file,file,file,file,file,file,file,file,file,file,file,file,file,file,file,file,file,file
isbanded,file,file,file,file,file,file,file,file,file,file,file,file,file,file,file,file,file,file,file,file,file,file,file,file,file,file,file,file,file,file,file,file,file,file,file,file,file
isbetween,file,file,file,file,file,file,file,file,file,file,builtin-err,builtin-err,file,file,file,file,file,file,file,file,file,file,file,file,file,file,file,builtin-err,builtin-err,builtin-err,file,file,file,file,file,file,file
iscalendarduration,file,file,file,file,file,file,file,file,file,file,file,file,file,file,file,file,file,file,file,file,file,file,file,file,file,file,file,file,file,file,file,file,file,file,file,file,file
iscell,file,file,file,file,file,file,file,file,file,file,file,file,file,file,file,file,file,file,file,file,file,file,file,file,file,file,file,file,file,file,file,file,file,file,file,file,file
iscellstr,file,file,builtin,file,file,file,file,file,file,file,file,file,file,file,file,file,builtin-err,file,file,file,file,file,file,file,builtin-err,file,file,file,file,file,file,file,file,builtin-err,file,file,file
ischange,file,file,file,file,file,file,file,file,file,file,file,file,file,file,file,file,file,file,file,file,file,file,file,file,file,file,file,file,file,file,file,file,file,file,file,file,file
iscola,file,file,file,file,file,file,file,file,file,file,file,file,file,file,file,file,file,file,file,file,file,file,file,file,file,file,file,file,file,file,file,file,file,file,file,file,file
iscolumn,file,builtin,builtin,builtin,builtin,file,builtin,builtin,builtin,file,builtin,builtin,builtin,file,builtin-err,file,builtin-err,builtin-err,builtin-err,builtin-err,file,builtin-err,builtin-err,builtin-err,builtin-err,file,file,builtin-err,builtin-err,builtin-err,builtin-err,file,file,builtin-err,file,file,builtin-err
isdatetime,file,file,file,file,file,file,file,file,file,file,file,file,file,file,file,file,file,file,file,file,file,file,file,file,file,file,file,file,file,file,file,file,file,file,file,file,file
isdiag,file,builtin,file,file,file,file,file,builtin,file,file,file,file,file,file,builtin-err,file,file,file,file,file,file,file,builtin-err,file,file,file,file,file,file,file,file,file,file,file,file,file,file
isdouble,file,file,file,file,file,file,file,file,file,file,file,file,file,file,file,file,file,file,file,file,file,file,file,file,file,file,file,file,file,file,file,file,file,file,file,file,file
isdst,file,file,file,file,file,file,file,file,file,file,builtin,file,file,file,file,file,file,file,file,file,file,file,file,file,file,file,file,builtin-err,builtin-err,file,file,file,file,file,file,file,file
isduration,file,file,file,file,file,file,file,file,file,file,file,file,file,file,file,file,file,file,file,file,file,file,file,file,file,file,file,file,file,file,file,file,file,file,file,file,file
isequaln,file,builtin-err,builtin-err,file,file,file,builtin-err,builtin-err,builtin-err,file,builtin-err,builtin-err,builtin-err,file,builtin,builtin,builtin,file,file,file,file,builtin,builtin,builtin,builtin,file,file,builtin,builtin,builtin,builtin,file,file,builtin,builtin,builtin,file
isequalwithequalnans,file,file,builtin-err,file,file,file,file,file,file,file,builtin-err,builtin-err,builtin-err,file,file,builtin,builtin,file,file,file,file,file,file,file,builtin,file,file,builtin,builtin,builtin,builtin,file,file,builtin,builtin,builtin,file
isfield,file,file,file,file,file,file,file,file,file,file,file,file,file,file,file,file,file,file,file,file,file,file,file,file,file,file,file,file,file,file,file,file,file,file,file,file,file
isfile,file,file,file,file,file,file,file,file,file,file,file,file,file,file,file,file,file,file,file,file,file,file,file,file,file,file,file,file,file,file,file,file,file,file,file,file,file
isfinite,file,builtin,file,file,file,file,builtin,builtin,builtin,file,builtin,builtin,file,file,builtin-err,file,file,file,file,file,file,builtin-err,builtin-err,builtin-err,file,file,file,builtin-err,builtin-err,builtin-err,file,file,file,file,file,file,file
isfir,file,file,file,file,file,file,file,file,file,file,file,file,file,file,file,file,file,file,file,file,file,file,file,file,file,file,file,file,file,file,file,file,file,file,file,file,file
isfloat,file,builtin,file,file,file,file,file,builtin,builtin,file,file,file,file,file,builtin-err,file,file,file,file,file,file,builtin-err,builtin-err,file,file,file,file,file,file,file,file,file,file,file,file,file,file
isgraphics,file,file,file,file,file,file,file,file,file,file,file,file,file,file,file,file,file,file,file,file,file,file,file,file,file,file,file,file,file,file,file,file,file,file,file,file,file
ishandle,file,file,file,file,file,file,file,file,file,file,file,file,file,file,file,file,file,file,file,file,file,file,file,file,file,file,file,file,file,file,file,file,file,file,file,file,file
ishermitian,file,file,file,file,file,file,file,file,file,file,file,file,file,file,file,file,file,file,file,file,file,file,file,file,file,file,file,file,file,file,file,file,file,file,file,file,file
ishghandle,file,file,file,file,file,file,file,file,file,file,file,file,file,file,file,file,file,file,file,file,file,file,file,file,file,file,file,file,file,file,file,file,file,file,file,file,file
ishold,file,file,file,file,file,file,file,file,file,file,file,file,file,file,file,file,file,file,file,file,file,file,file,file,file,file,file,file,file,file,file,file,file,file,file,file,file
isinf,file,builtin,file,file,file,file,builtin,builtin,builtin,file,builtin,builtin,file,file,builtin-err,file,file,file,file,file,file,builtin-err,builtin-err,builtin-err,file,file,file,builtin-err,builtin-err,builtin-err,file,file,file,file,file,file,file
isinteger,file,builtin,file,file,file,file,file,builtin,builtin,file,file,file,file,file,builtin-err,file,file,file,file,file,file,builtin-err,builtin-err,file,file,file,file,file,file,file,file,file,file,file,file,file,file
isletter,file,file,file,file,file,file,file,file,file,file,file,file,file,file,file,file,file,file,file,file,file,file,file,file,file,file,file,file,file,file,file,file,file,file,file,file,file
islinphase,file,file,file,file,file,file,file,file,file,file,file,file,file,file,file,file,file,file,file,file,file,file,file,file,file,file,file,file,file,file,file,file,file,file,file,file,file
islocalmax,file,file,file,file,file,file,file,file,file,file,file,file,file,file,file,file,file,file,file,file,file,file,file,file,file,file,file,file,file,file,file,file,file,file,file,file,file
islocalmin,file,file,file,file,file,file,file,file,file,file,file,file,file,file,file,file,file,file,file,file,file,file,file,file,file,file,file,file,file,file,file,file,file,file,file,file,file
islogical,file,builtin,file,file,file,file,file,builtin,builtin,file,file,file,file,file,builtin-err,file,file,file,file,file,file,builtin-err,builtin-err,file,file,file,file,file,file,file,file,file,file,file,file,file,file
ismac,file,file,file,file,file,file,file,file,file,file,file,file,file,file,file,file,file,file,file,file,file,file,file,file,file,file,file,file,file,file,file,file,file,file,file,file,file
ismatrix,file,builtin,builtin,builtin,builtin,file,builtin,builtin,builtin,file,builtin,builtin,builtin,file,builtin-err,file,builtin-err,builtin-err,builtin-err,builtin-err,file,builtin-err,builtin-err,builtin-err,builtin-err,file,file,builtin-err,builtin-err,builtin-err,builtin-err,file,file,builtin-err,file,file,builtin-err
ismaxphase,file,file,file,file,file,file,file,file,file,file,file,file,file,file,file,file,file,file,file,file,file,file,file,file,file,file,file,file,file,file,file,file,file,file,file,file,file
ismember,file,file,file,builtin-err,file,file,file,file,file,builtin-err,builtin-err,builtin-err,builtin-err,file,file,file,file,builtin-err,builtin-err,file,file,file,file,file,file,builtin-err,builtin-err,builtin-err,builtin-err,file,builtin-err,file,file,file,file,file,builtin-err
ismembertol,file,file,file,file,file,file,file,file,file,file,file,file,file,file,file,file,file,file,file,file,file,file,file,file,file,file,file,file,file,file,file,file,file,file,file,file,file
isminphase,file,file,file,file,file,file,file,file,file,file,file,file,file,file,file,file,file,file,file,file,file,file,file,file,file,file,file,file,file,file,file,file,file,file,file,file,file
ismissing,file,file,builtin,file,file,file,file,file,file,file,file,file,file,file,file,file,builtin-err,file,file,file,file,file,file,file,builtin,file,file,file,file,file,file,file,file,builtin-err,file,file,file
isnan,file,builtin,file,file,file,file,builtin,builtin,builtin,file,file,builtin,file,file,builtin-err,file,file,file,file,file,file,builtin-err,builtin-err,builtin-err,file,file,file,file,file,builtin-err,file,file,file,file,file,file,file
isnat,file,file,file,file,file,file,file,file,file,file,builtin,file,file,file,file,file,file,file,file,file,file,file,file,file,file,file,file,builtin-err,builtin-err,file,file,file,file,file,file,file,file
isnumeric,file,builtin,file,file,file,file,file,builtin,builtin,file,file,file,file,file,builtin-err,file,file,file,file,file,file,builtin-err,builtin-err,file,file,file,file,file,file,file,file,file,file,file,file,file,file
isobject,file,file,file,file,file,file,file,file,file,file,file,file,file,file,file,file,file,file,file,file,file,file,file,file,file,file,file,file,file,file,file,file,file,file,file,file,file
isocaps,file,file,file,file,file,file,file,file,file,file,file,file,file,file,file,file,file,file,file,file,file,file,file,file,file,file,file,file,file,file,file,file,file,file,file,file,file
isocolors,file,file,file,file,file,file,file,file,file,file,file,file,file,file,file,file,file,file,file,file,file,file,file,file,file,file,file,file,file,file,file,file,file,file,file,file,file
isonormals,file,file,file,file,file,file,file,file,file,file,file,file,file,file,file,file,file,file,file,file,file,file,file,file,file,file,file,file,file,file,file,file,file,file,file,file,file
isosurface,file,file,file,file,file,file,file,file,file,file,file,file,file,file,file,file,file,file,file,file,file,file,file,file,file,file,file,file,file,file,file,file,file,file,file,file,file
isoutlier,file,file,file,file,file,file,file,file,file,file,file,file,file,file,file,file,file,file,file,file,file,file,file,file,file,file,file,file,file,file,file,file,file,file,file,file,file
ispc,file,file,file,file,file,file,file,file,file,file,file,file,file,file,file,file,file,file,file,file,file,file,file,file,file,file,file,file,file,file,file,file,file,file,file,file,file
isprime,file,file,file,file,file,file,file,file,file,file,file,file,file,file,file,file,file,file,file,file,file,file,file,file,file,file,file,file,file,file,file,file,file,file,file,file,file
isreal,file,builtin,file,file,file,file,file,builtin,builtin,file,file,builtin,file,file,builtin-err,file,file,file,file,file,file,builtin-err,builtin-err,file,file,file,file,file,file,builtin-err,file,file,file,file,file,file,file
isrow,file,builtin,builtin,builtin,builtin,file,builtin,builtin,builtin,file,builtin,builtin,builtin,file,builtin-err,file,builtin-err,builtin-err,builtin-err,builtin-err,file,builtin-err,builtin-err,builtin-err,builtin-err,file,file,builtin-err,builtin-err,builtin-err,builtin-err,file,file,builtin-err,file,file,builtin-err
isscalar,file,builtin,builtin,builtin,builtin,file,builtin,builtin,builtin,file,builtin,builtin,builtin,file,builtin-err,file,builtin-err,builtin-err,builtin-err,builtin-err,file,builtin-err,builtin-err,builtin-err,builtin-err,file,file,builtin-err,builtin-err,builtin-err,builtin-err,file,file,builtin-err,file,file,builtin-err
issingle,file,file,file,file,file,file,file,file,file,file,file,file,file,file,file,file,file,file,file,file,file,file,file,file,file,file,file,file,file,file,file,file,file,file,file,file,file
issorted,file,builtin,builtin,builtin-err,file,file,builtin,builtin,builtin,file,builtin,builtin,builtin,file,builtin-err,file,builtin-err,builtin-err,builtin-err,file,file,builtin-err,builtin-err,builtin-err,builtin-err,file,file,builtin-err,builtin-err,builtin-err,builtin-err,file,file,builtin-err,file,file,builtin-err
issortedrows,file,builtin,builtin,file,file,file,builtin,builtin,builtin,file,builtin,builtin,builtin,file,builtin-err,builtin-err,builtin-err,file,file,file,file,builtin-err,builtin-err,builtin-err,builtin-err,builtin-err,builtin-err,builtin-err,builtin-err,builtin-err,builtin-err,file,file,builtin-err,file,builtin-err,file
isspace,file,file,file,file,file,file,file,file,file,file,file,file,file,file,file,file,file,file,file,file,file,file,file,file,file,file,file,file,file,file,file,file,file,file,file,file,file
issparse,file,builtin,file,file,file,file,file,builtin,builtin,file,file,file,file,file,builtin-err,file,file,file,file,file,file,builtin-err,builtin-err,file,file,file,file,file,file,file,file,file,file,file,file,file,file
isstable,file,file,file,file,file,file,file,file,file,file,file,file,file,file,file,file,file,file,file,file,file,file,file,file,file,file,file,file,file,file,file,file,file,file,file,file,file
isstr,file,file,file,file,file,file,file,file,file,file,file,file,file,file,file,file,file,file,file,file,file,file,file,file,file,file,file,file,file,file,file,file,file,file,file,file,file
isstring,file,file,file,file,file,file,file,file,file,file,file,file,file,file,file,file,file,file,file,file,file,file,file,file,file,file,file,file,file,file,file,file,file,file,file,file,file
isstrprop,file,file,file,file,file,file,file,file,file,file,file,file,file,file,file,file,file,file,file,file,file,file,file,file,file,file,file,file,file,file,file,file,file,file,file,file,file
isstruct,file,file,file,file,file,file,file,file,file,file,file,file,file,file,file,file,file,file,file,file,file,file,file,file,file,file,file,file,file,file,file,file,file,file,file,file,file
isstudent,file,file,file,file,file,file,file,file,file,file,file,file,file,file,file,file,file,file,file,file,file,file,file,file,file,file,file,file,file,file,file,file,file,file,file,file,file
issymmetric,file,file,file,file,file,file,file,file,file,file,file,file,file,file,file,file,file,file,file,file,file,file,file,file,file,file,file,file,file,file,file,file,file,file,file,file,file
istft,file,file,file,file,file,file,file,file,file,file,file,file,file,file,file,file,file,file,file,file,file,file,file,file,file,file,file,file,file,file,file,file,file,file,file,file,file
istimetable,file,file,file,file,file,file,file,file,file,file,file,file,file,file,file,file,file,file,file,file,file,file,file,file,file,file,file,file,file,file,file,file,file,file,file,file,file
istril,file,builtin,file,file,file,file,file,builtin,file,file,file,file,file,file,builtin-err,file,file,file,file,file,file,file,builtin-err,file,file,file,file,file,file,file,file,file,file,file,file,file,file
istriu,file,builtin,file,file,file,file,file,builtin,file,file,file,file,file,file,builtin-err,file,file,file,file,file,file,file,builtin-err,file,file,file,file,file,file,file,file,file,file,file,file,file,file
isuniform,file,builtin,file,file,file,file,file,file,file,file,builtin-err,builtin-err,file,file,builtin-err,file,file,file,file,file,file,file,builtin-err,file,file,file,file,builtin-err,builtin-err,builtin-err,file,file,file,file,file,file,file
isunix,file,file,file,file,file,file,file,file,file,file,file,file,file,file,file,file,file,file,file,file,file,file,file,file,file,file,file,file,file,file,file,file,file,file,file,file,file
isvarname,file,file,file,file,file,file,file,file,file,file,file,file,file,file,file,file,file,file,file,file,file,file,file,file,file,file,file,file,file,file,file,file,file,file,file,file,file
isvector,file,builtin,builtin,builtin,builtin,file,builtin,builtin,builtin,file,builtin,builtin,builtin,file,builtin-err,file,builtin-err,builtin-err,builtin-err,builtin-err,file,builtin-err,builtin-err,builtin-err,builtin-err,file,file,builtin-err,builtin-err,builtin-err,builtin-err,file,file,builtin-err,file,file,builtin-err
iwishrnd,file,file,file,file,file,file,file,file,file,file,file,file,file,file,file,file,file,file,file,file,file,file,file,file,file,file,file,file,file,file,file,file,file,file,file,file,file
jaccard,file,file,file,file,file,file,file,file,file,file,file,file,file,file,file,file,file,file,file,file,file,file,file,file,file,file,file,file,file,file,file,file,file,file,file,file,file
jackknife,file,file,file,file,file,file,file,file,file,file,file,file,file,file,file,file,file,file,file,file,file,file,file,file,file,file,file,file,file,file,file,file,file,file,file,file,file
jbtest,file,file,file,file,file,file,file,file,file,file,file,file,file,file,file,file,file,file,file,file,file,file,file,file,file,file,file,file,file,file,file,file,file,file,file,file,file
johnsrnd,file,file,file,file,file,file,file,file,file,file,file,file,file,file,file,file,file,file,file,file,file,file,file,file,file,file,file,file,file,file,file,file,file,file,file,file,file
join,file,file,builtin,file,file,file,file,file,file,builtin-err,file,file,file,file,file,file,builtin-err,file,file,file,file,file,file,file,builtin,builtin-err,builtin-err,file,file,file,file,file,file,builtin-err,file,file,file
jsondecode,file,file,file,file,file,file,file,file,file,file,file,file,file,file,file,file,file,file,file,file,file,file,file,file,file,file,file,file,file,file,file,file,file,file,file,file,file
jsonencode,file,file,file,file,file,file,file,file,file,file,file,file,file,file,file,file,file,file,file,file,file,file,file,file,file,file,file,file,file,file,file,file,file,file,file,file,file
juliandate,file,file,file,file,file,file,file,file,file,file,builtin,file,file,file,file,file,file,file,file,file,file,file,file,file,file,file,file,builtin-err,builtin-err,file,file,file,file,file,file,file,file
kaiser,file,file,file,file,file,file,file,file,file,file,file,file,file,file,file,file,file,file,file,file,file,file,file,file,file,file,file,file,file,file,file,file,file,file,file,file,file
kaiserord,file,file,file,file,file,file,file,file,file,file,file,file,file,file,file,file,file,file,file,file,file,file,file,file,file,file,file,file,file,file,file,file,file,file,file,file,file
keys,file,file,file,file,file,file,file,file,file,file,file,file,file,builtin,file,file,file,file,file,file,file,file,file,file,file,file,file,file,file,file,file,file,builtin-err,file,file,file,file
kmeans,file,file,file,file,file,file,file,file,file,file,file,file,file,file,file,file,file,file,file,file,file,file,file,file,file,file,file,file,file,file,file,file,file,file,file,file,file
kmedoids,file,file,file,file,file,file,file,file,file,file,file,file,file,file,file,file,file,file,file,file,file,file,file,file,file,file,file,file,file,file,file,file,file,file,file,file,file
knnsearch,file,file,file,file,file,file,file,file,file,file,file,file,file,file,file,file,file,file,file,file,file,file,file,file,file,file,file,file,file,file,file,file,file,file,file,file,file
kron,file,file,file,file,file,file,file,file,file,file,file,file,file,file,file,file,file,file,file,file,file,file,file,file,file,file,file,file,file,file,file,file,file,file,file,file,file
kruskalwallis,file,file,file,file,file,file,file,file,file,file,file,file,file,file,file,file,file,file,file,file,file,file,file,file,file,file,file,file,file,file,file,file,file,file,file,file,file
ksdensity,file,file,file,file,file,file,file,file,file,file,file,file,file,file,file,file,file,file,file,file,file,file,file,file,file,file,file,file,file,file,file,file,file,file,file,file,file
kstest,file,file,file,file,file,file,file,file,file,file,file,file,file,file,file,file,file,file,file,file,file,file,file,file,file,file,file,file,file,file,file,file,file,file,file,file,file
kstest2,file,file,file,file,file,file,file,file,file,file,file,file,file,file,file,file,file,file,file,file,file,file,file,file,file,file,file,file,file,file,file,file,file,file,file,file,file
kurtogram,file,file,file,file,file,file,file,file,file,file,file,file,file,file,file,file,file,file,file,file,file,file,file,file,file,file,file,file,file,file,file,file,file,file,file,file,file
kurtosis,file,file,file,file,file,file,file,file,file,file,file,file,file,file,file,file,file,file,file,file,file,file,file,file,file,file,file,file,file,file,file,file,file,file,file,file,file
lab2double,file,file,file,file,file,file,file,file,file,file,file,file,file,file,file,file,file,file,file,file,file,file,file,file,file,file,file,file,file,file,file,file,file,file,file,file,file
lab2rgb,file,file,file,file,file,file,file,file,file,file,file,file,file,file,file,file,file,file,file,file,file,file,file,file,file,file,file,file,file,file,file,file,file,file,file,file,file
lab2uint16,file,file,file,file,file,file,file,file,file,file,file,file,file,file,file,file,file,file,file,file,file,file,file,file,file,file,file,file,file,file,file,file,file,file,file,file,file
lab2uint8,file,file,file,file,file,file,file,file,file,file,file,file,file,file,file,file,file,file,file,file,file,file,file,file,file,file,file,file,file,file,file,file,file,file,file,file,file
lab2xyz,file,file,file,file,file,file,file,file,file,file,file,file,file,file,file,file,file,file,file,file,file,file,file,file,file,file,file,file,file,file,file,file,file,file,file,file,file
label2idx,file,file,file,file,file,file,file,file,file,file,file,file,file,file,file,file,file,file,file,file,file,file,file,file,file,file,file,file,file,file,file,file,file,file,file,file,file
label2rgb,file,file,file,file,file,file,file,file,file,file,file,file,file,file,file,file,file,file,file,file,file,file,file,file,file,file,file,file,file,file,file,file,file,file,file,file,file
labelmatrix,file,file,file,file,file,file,file,file,file,file,file,file,file,file,file,file,file,file,file,file,file,file,file,file,file,file,file,file,file,file,file,file,file,file,file,file,file
labeloverlay,file,file,file,file,file,file,file,file,file,file,file,file,file,file,file,file,file,file,file,file,file,file,file,file,file,file,file,file,file,file,file,file,file,file,file,file,file
lar2rc,file,file,file,file,file,file,file,file,file,file,file,file,file,file,file,file,file,file,file,file,file,file,file,file,file,file,file,file,file,file,file,file,file,file,file,file,file
lasso,file,file,file,file,file,file,file,file,file,file,file,file,file,file,file,file,file,file,file,file,file,file,file,file,file,file,file,file,file,file,file,file,file,file,file,file,file
lassoPlot,file,file,file,file,file,file,file,file,file,file,file,file,file,file,file,file,file,file,file,file,file,file,file,file,file,file,file,file,file,file,file,file,file,file,file,file,file
lassoglm,file,file,file,file,file,file,file,file,file,file,file,file,file,file,file,file,file,file,file,file,file,file,file,file,file,file,file,file,file,file,file,file,file,file,file,file,file
lasterr,file,file,file,file,file,file,file,file,file,file,file,file,file,file,file,file,file,file,file,file,file,file,file,file,file,file,file,file,file,file,file,file,file,file,file,file,file
lasterror,file,file,file,file,file,file,file,file,file,file,file,file,file,file,file,file,file,file,file,file,file,file,file,file,file,file,file,file,file,file,file,file,file,file,file,file,file
lastwarn,file,file,file,file,file,file,file,file,file,file,file,file,file,file,file,file,file,file,file,file,file,file,file,file,file,file,file,file,file,file,file,file,file,file,file,file,file
latc2tf,file,file,file,file,file,file,file,file,file,file,file,file,file,file,file,file,file,file,file,file,file,file,file,file,file,file,file,file,file,file,file,file,file,file,file,file,file
latcfilt,file,file,file,file,file,file,file,file,file,file,file,file,file,file,file,file,file,file,file,file,file,file,file,file,file,file,file,file,file,file,file,file,file,file,file,file,file
lcm,file,file,file,file,file,file,file,file,file,file,file,file,file,file,file,file,file,file,file,file,file,file,file,file,file,file,file,file,file,file,file,file,file,file,file,file,file
ldivide,file,builtin-err,file,file,file,file,builtin-err,builtin-err,builtin-err,builtin-err,file,builtin-err,file,file,builtin,file,file,file,file,file,file,builtin,builtin,builtin,file,builtin,builtin,file,file,builtin,file,file,file,file,file,file,file
ldl,file,builtin,file,file,file,file,file,file,file,file,file,file,file,file,builtin-err,file,file,file,file,file,file,file,builtin-err,file,file,file,file,file,file,file,file,file,file,file,file,file,file
le,file,builtin-err,builtin-err,file,file,file,builtin-err,builtin-err,builtin-err,builtin-err,builtin-err,builtin-err,builtin-err,builtin-err,builtin,builtin-err,builtin-err,file,file,file,file,builtin,builtin,builtin,builtin,builtin,builtin,builtin-err,builtin-err,builtin,builtin-err,builtin,builtin,builtin-err,builtin-err,builtin-err,file
legend,file,file,file,file,file,file,file,file,file,file,file,file,file,file,file,file,file,file,file,file,file,file,file,file,file,file,file,file,file,file,file,file,file,file,file,file,file
legendre,file,file,file,file,file,file,file,file,file,file,file,file,file,file,file,file,file,file,file,file,file,file,file,file,file,file,file,file,file,file,file,file,file,file,file,file,file
length,file,builtin,builtin,file,file,file,file,builtin,builtin,builtin-err,builtin,builtin,builtin,builtin,builtin-err,file,builtin-err,file,file,file,file,builtin-err,builtin-err,file,builtin-err,builtin-err,builtin-err,builtin-err,builtin-err,builtin-err,builtin-err,file,builtin-err,builtin-err,file,file,file
leverage,file,file,file,file,file,file,file,file,file,file,file,file,file,file,file,file,file,file,file,file,file,file,file,file,file,file,file,file,file,file,file,file,file,file,file,file,file
levinson,file,file,file,file,file,file,file,file,file,file,file,file,file,file,file,file,file,file,file,file,file,file,file,file,file,file,file,file,file,file,file,file,file,file,file,file,file
lhsdesign,file,file,file,file,file,file,file,file,file,file,file,file,file,file,file,file,file,file,file,file,file,file,file,file,file,file,file,file,file,file,file,file,file,file,file,file,file
lhsnorm,file,file,file,file,file,file,file,file,file,file,file,file,file,file,file,file,file,file,file,file,file,file,file,file,file,file,file,file,file,file,file,file,file,file,file,file,file
license,file,file,file,file,file,file,file,file,file,file,file,file,file,file,file,file,file,file,file,file,file,file,file,file,file,file,file,file,file,file,file,file,file,file,file,file,file
light,file,file,file,file,file,file,file,file,file,file,file,file,file,file,file,file,file,file,file,file,file,file,file,file,file,file,file,file,file,file,file,file,file,file,file,file,file
lightangle,file,file,file,file,file,file,file,file,file,file,file,file,file,file,file,file,file,file,file,file,file,file,file,file,file,file,file,file,file,file,file,file,file,file,file,file,file
lighting,file,file,file,file,file,file,file,file,file,file,file,file,file,file,file,file,file,file,file,file,file,file,file,file,file,file,file,file,file,file,file,file,file,file,file,file,file
lillietest,file,file,file,file,file,file,file,file,file,file,file,file,file,file,file,file,file,file,file,file,file,file,file,file,file,file,file,file,file,file,file,file,file,file,file,file,file
lin2rgb,file,file,file,file,file,file,file,file,file,file,file,file,file,file,file,file,file,file,file,file,file,file,file,file,file,file,file,file,file,file,file,file,file,file,file,file,file
line,file,file,file,file,file,file,file,file,file,file,file,file,file,file,file,file,file,file,file,file,file,file,file,file,file,file,file,file,file,file,file,file,file,file,file,file,file
linhyptest,file,file,file,file,file,file,file,file,file,file,file,file,file,file,file,file,file,file,file,file,file,file,file,file,file,file,file,file,file,file,file,file,file,file,file,file,file
linkage,file,file,file,file,file,file,file,file,file,file,file,file,file,file,file,file,file,file,file,file,file,file,file,file,file,file,file,file,file,file,file,file,file,file,file,file,file
linkaxes,file,file,file,file,file,file,file,file,file,file,file,file,file,file,file,file,file,file,file,file,file,file,file,file,file,file,file,file,file,file,file,file,file,file,file,file,file
linkprop,file,file,file,file,file,file,file,file,file,file,file,file,file,file,file,file,file,file,file,file,file,file,file,file,file,file,file,file,file,file,file,file,file,file,file,file,file
linsolve,file,builtin-err,file,file,file,file,builtin-err,builtin-err,builtin-err,file,file,file,file,file,builtin,file,file,file,file,file,file,builtin-err,builtin-err,builtin-err,file,file,file,file,file,file,file,file,file,file,file,file,file
linspace,file,file,file,file,file,file,file,file,file,file,builtin-err,builtin-err,file,file,file,file,file,file,file,file,file,file,file,file,file,file,file,builtin-err,builtin-err,builtin,file,file,file,file,file,file,file
load,file,file,file,file,file,file,file,file,file,file,file,file,file,file,file,file,file,file,file,file,file,file,file,file,file,file,file,file,file,file,file,file,file,file,file,file,file
loadfigure,file,file,file,file,file,file,file,file,file,file,file,file,file,file,file,file,file,file,file,file,file,file,file,file,file,file,file,file,file,file,file,file,file,file,file,file,file
log,file,builtin,file,file,file,file,file,file,file,builtin,file,file,file,file,builtin-err,file,file,file,file,file,file,file,builtin-err,file,file,builtin-err,builtin-err,file,file,file,file,file,file,file,file,file,file
log10,file,builtin,file,file,file,file,file,file,file,builtin,file,file,file,file,builtin-err,file,file,file,file,file,file,file,builtin-err,file,file,builtin-err,builtin-err,file,file,file,file,file,file,file,file,file,file
log1p,file,builtin,file,file,file,file,file,file,file,builtin,file,file,file,file,builtin-err,file,file,file,file,file,file,file,builtin-err,file,file,builtin-err,builtin-err,file,file,file,file,file,file,file,file,file,file
log2,file,builtin,file,file,file,file,file,file,file,builtin,file,file,file,file,builtin-err,file,file,file,file,file,file,file,builtin-err,file,file,builtin-err,builtin-err,file,file,file,file,file,file,file,file,file,file
logical,file,builtin,file,file,file,file,builtin,builtin,builtin,file,file,file,file,file,builtin-err,file,file,file,file,file,file,builtin-err,builtin-err,builtin-err,file,file,file,file,file,file,file,file,file,file,file,file,file
loglog,file,file,file,file,file,file,file,file,file,file,file,file,file,file,file,file,file,file,file,file,file,file,file,file,file,file,file,file,file,file,file,file,file,file,file,file,file
logm,file,file,file,file,file,file,file,file,file,file,file,file,file,file,file,file,file,file,file,file,file,file,file,file,file,file,file,file,file,file,file,file,file,file,file,file,file
logncdf,file,file,file,file,file,file,file,file,file,file,file,file,file,file,file,file,file,file,file,file,file,file,file,file,file,file,file,file,file,file,file,file,file,file,file,file,file
lognfit,file,file,file,file,file,file,file,file,file,file,file,file,file,file,file,file,file,file,file,file,file,file,file,file,file,file,file,file,file,file,file,file,file,file,file,file,file
logninv,file,file,file,file,file,file,file,file,file,file,file,file,file,file,file,file,file,file,file,file,file,file,file,file,file,file,file,file,file,file,file,file,file,file,file,file,file
lognlike,file,file,file,file,file,file,file,file,file,file,file,file,file,file,file,file,file,file,file,file,file,file,file,file,file,file,file,file,file,file,file,file,file,file,file,file,file
lognpdf,file,file,file,file,file,file,file,file,file,file,file,file,file,file,file,file,file,file,file,file,file,file,file,file,file,file,file,file,file,file,file,file,file,file,file,file,file
lognrnd,file,file,file,file,file,file,file,file,file,file,file,file,file,file,file,file,file,file,file,file,file,file,file,file,file,file,file,file,file,file,file,file,file,file,file,file,file
lognstat,file,file,file,file,file,file,file,file,file,file,file,file,file,file,file,file,file,file,file,file,file,file,file,file,file,file,file,file,file,file,file,file,file,file,file,file,file
logspace,file,file,file,file,file,file,file,file,file,file,file,file,file,file,file,file,file,file,file,file,file,file,file,file,file,file,file,file,file,file,file,file,file,file,file,file,file
lookfor,file,file,file,file,file,file,file,file,file,file,file,file,file,file,file,file,file,file,file,file,file,file,file,file,file,file,file,file,file,file,file,file,file,file,file,file,file
lookup,file,file,file,file,file,file,file,file,file,file,file,file,file,file,file,file,file,file,file,file,file,file,file,file,file,file,file,file,file,file,file,file,file,file,file,file,file
lower,file,file,builtin,file,file,file,file,file,file,file,file,file,file,file,file,file,builtin-err,file,file,file,file,file,file,file,builtin-err,file,file,file,file,file,file,file,file,builtin-err,file,file,file
lowpass,file,file,file,file,file,file,file,file,file,file,file,file,file,file,file,file,file,file,file,file,file,file,file,file,file,file,file,file,file,file,file,file,file,file,file,file,file
lp2bp,file,file,file,file,file,file,file,file,file,file,file,file,file,file,file,file,file,file,file,file,file,file,file,file,file,file,file,file,file,file,file,file,file,file,file,file,file
lp2bs,file,file,file,file,file,file,file,file,file,file,file,file,file,file,file,file,file,file,file,file,file,file,file,file,file,file,file,file,file,file,file,file,file,file,file,file,file
lp2hp,file,file,file,file,file,file,file,file,file,file,file,file,file,file,file,file,file,file,file,file,file,file,file,file,file,file,file,file,file,file,file,file,file,file,file,file,file
lp2lp,file,file,file,file,file,file,file,file,file,file,file,file,file,file,file,file,file,file,file,file,file,file,file,file,file,file,file,file,file,file,file,file,file,file,file,file,file
lpc,file,file,file,file,file,file,file,file,file,file,file,file,file,file,file,file,file,file,file,file,file,file,file,file,file,file,file,file,file,file,file,file,file,file,file,file,file
ls,file,file,file,file,file,file,file,file,file,file,file,file,file,file,file,file,file,file,file,file,file,file,file,file,file,file,file,file,file,file,file,file,file,file,file,file,file
lscov,file,file,file,file,file,file,file,file,file,file,file,file,file,file,file,file,file,file,file,file,file,file,file,file,file,file,file,file,file,file,file,file,file,file,file,file,file
lsf2poly,file,file,file,file,file,file,file,file,file,file,file,file,file,file,file,file,file,file,file,file,file,file,file,file,file,file,file,file,file,file,file,file,file,file,file,file,file
lsline,file,file,file,file,file,file,file,file,file,file,file,file,file,file,file,file,file,file,file,file,file,file,file,file,file,file,file,file,file,file,file,file,file,file,file,file,file
lsqminnorm,file,file,file,file,file,file,file,file,file,file,file,file,file,file,file,file,file,file,file,file,file,file,file,file,file,file,file,file,file,file,file,file,file,file,file,file,file
lsqnonneg,file,file,file,file,file,file,file,file,file,file,file,file,file,file,file,file,file,file,file,file,file,file,file,file,file,file,file,file,file,file,file,file,file,file,file,file,file
lsqr,file,file,file,file,file,file,file,file,file,file,file,file,file,file,file,file,file,file,file,file,file,file,file,file,file,file,file,file,file,file,file,file,file,file,file,file,file
lt,file,builtin-err,builtin-err,file,file,file,builtin-err,builtin-err,builtin-err,builtin-err,builtin-err,builtin-err,builtin-err,builtin-err,builtin,builtin-err,builtin-err,file,file,file,file,builtin,builtin,builtin,builtin,builtin,builtin,builtin-err,builtin-err,builtin,builtin-err,builtin,builtin,builtin-err,builtin-err,builtin-err,file
lu,file,builtin,file,file,file,file,file,file,file,file,file,file,file,file,builtin-err,file,file,file,file,file,file,file,builtin-err,file,file,file,file,file,file,file,file,file,file,file,file,file,file
mad,file,file,file,file,file,file,file,file,file,file,file,file,file,file,file,file,file,file,file,file,file,file,file,file,file,file,file,file,file,file,file,file,file,file,file,file,file
mag2db,file,file,file,file,file,file,file,file,file,file,file,file,file,file,file,file,file,file,file,file,file,file,file,file,file,file,file,file,file,file,file,file,file,file,file,file,file
magic,file,file,file,file,file,file,file,file,file,file,file,file,file,file,file,file,file,file,file,file,file,file,file,file,file,file,file,file,file,file,file,file,file,file,file,file,file
mahal,file,file,file,file,file,file,file,file,file,file,file,file,file,file,file,file,file,file,file,file,file,file,file,file,file,file,file,file,file,file,file,file,file,file,file,file,file
maineffectsplot,file,file,file,file,file,file,file,file,file,file,file,file,file,file,file,file,file,file,file,file,file,file,file,file,file,file,file,file,file,file,file,file,file,file,file,file,file
makedist,file,file,file,file,file,file,file,file,file,file,file,file,file,file,file,file,file,file,file,file,file,file,file,file,file,file,file,file,file,file,file,file,file,file,file,file,file
makehgtform,file,file,file,file,file,file,file,file,file,file,file,file,file,file,file,file,file,file,file,file,file,file,file,file,file,file,file,file,file,file,file,file,file,file,file,file,file
makelut,file,file,file,file,file,file,file,file,file,file,file,file,file,file,file,file,file,file,file,file,file,file,file,file,file,file,file,file,file,file,file,file,file,file,file,file,file
makima,file,file,file,file,file,file,file,file,file,file,file,file,file,file,file,file,file,file,file,file,file,file,file,file,file,file,file,file,file,file,file,file,file,file,file,file,file
manova1,file,file,file,file,file,file,file,file,file,file,file,file,file,file,file,file,file,file,file,file,file,file,file,file,file,file,file,file,file,file,file,file,file,file,file,file,file
manovacluster,file,file,file,file,file,file,file,file,file,file,file,file,file,file,file,file,file,file,file,file,file,file,file,file,file,file,file,file,file,file,file,file,file,file,file,file,file
mape,file,file,file,file,file,file,file,file,file,file,file,file,file,file,file,file,file,file,file,file,file,file,file,file,file,file,file,file,file,file,file,file,file,file,file,file,file
marcumq,file,file,file,file,file,file,file,file,file,file,file,file,file,file,file,file,file,file,file,file,file,file,file,file,file,file,file,file,file,file,file,file,file,file,file,file,file
mat2gray,file,file,file,file,file,file,file,file,file,file,file,file,file,file,file,file,file,file,file,file,file,file,file,file,file,file,file,file,file,file,file,file,file,file,file,file,file
mat2im,file,file,file,file,file,file,file,file,file,file,file,file,file,file,file,file,file,file,file,file,file,file,file,file,file,file,file,file,file,file,file,file,file,file,file,file,file
mat2str,file,file,file,file,file,file,file,file,file,file,file,file,file,file,file,file,file,file,file,file,file,file,file,file,file,file,file,file,file,file,file,file,file,file,file,file,file
matches,file,file,builtin-err,file,file,file,file,file,file,file,file,file,file,file,file,builtin-err,builtin-err,file,file,file,file,file,file,file,builtin,file,file,file,file,file,file,file,file,builtin-err,builtin-err,builtin-err,file
matchpairs,file,file,file,file,file,file,file,file,file,file,file,file,file,file,file,file,file,file,file,file,file,file,file,file,file,file,file,file,file,file,file,file,file,file,file,file,file
material,file,file,file,file,file,file,file,file,file,file,file,file,file,file,file,file,file,file,file,file,file,file,file,file,file,file,file,file,file,file,file,file,file,file,file,file,file
matlabdrive,file,file,file,file,file,file,file,file,file,file,file,file,file,file,file,file,file,file,file,file,file,file,file,file,file,file,file,file,file,file,file,file,file,file,file,file,file
matlabroot,file,file,file,file,file,file,file,file,file,file,file,file,file,file,file,file,file,file,file,file,file,file,file,file,file,file,file,file,file,file,file,file,file,file,file,file,file
max,file,builtin,file,file,file,file,file,builtin,builtin,builtin,builtin,builtin,builtin-err,file,builtin,file,file,file,file,file,file,builtin,builtin-err,file,file,builtin,builtin,builtin-err,builtin-err,builtin,builtin-err,file,file,file,file,file,file
maxNumCompThreads,file,file,file,file,file,file,file,file,file,file,file,file,file,file,file,file,file,file,file,file,file,file,file,file,file,file,file,file,file,file,file,file,file,file,file,file,file
maxflat,file,file,file,file,file,file,file,file,file,file,file,file,file,file,file,file,file,file,file,file,file,file,file,file,file,file,file,file,file,file,file,file,file,file,file,file,file
maxhessiannorm,file,file,file,file,file,file,file,file,file,file,file,file,file,file,file,file,file,file,file,file,file,file,file,file,file,file,file,file,file,file,file,file,file,file,file,file,file
maxk,file,builtin-err,file,builtin-err,file,file,builtin-err,builtin-err,builtin-err,file,builtin-err,builtin-err,builtin-err,file,builtin-err,file,file,builtin-err,builtin-err,file,file,builtin-err,builtin-err,builtin-err,file,file,file,builtin-err,builtin-err,builtin-err,builtin-err,file,file,file,file,file,builtin-err
mean,file,file,file,file,file,file,file,file,file,builtin,builtin,builtin,file,file,file,file,file,file,file,file,file,file,file,file,file,builtin-err,builtin-err,builtin-err,builtin-err,file,file,file,file,file,file,file,file
mean2,file,file,file,file,file,file,file,file,file,file,file,file,file,file,file,file,file,file,file,file,file,file,file,file,file,file,file,file,file,file,file,file,file,file,file,file,file
meanfreq,file,file,file,file,file,file,file,file,file,file,file,file,file,file,file,file,file,file,file,file,file,file,file,file,file,file,file,file,file,file,file,file,file,file,file,file,file
medfilt1,file,file,file,file,file,file,file,file,file,file,file,file,file,file,file,file,file,file,file,file,file,file,file,file,file,file,file,file,file,file,file,file,file,file,file,file,file
medfilt2,file,file,file,file,file,file,file,file,file,file,file,file,file,file,file,file,file,file,file,file,file,file,file,file,file,file,file,file,file,file,file,file,file,file,file,file,file
medfilt3,file,file,file,file,file,file,file,file,file,file,file,file,file,file,file,file,file,file,file,file,file,file,file,file,file,file,file,file,file,file,file,file,file,file,file,file,file
medfreq,file,file,file,file,file,file,file,file,file,file,file,file,file,file,file,file,file,file,file,file,file,file,file,file,file,file,file,file,file,file,file,file,file,file,file,file,file
median,file,file,file,file,file,file,file,file,file,builtin,builtin,builtin,builtin-err,file,file,file,file,file,file,file,file,file,file,file,file,builtin-err,builtin-err,file,builtin-err,file,builtin-err,file,file,file,file,file,file
membrane,file,file,file,file,file,file,file,file,file,file,file,file,file,file,file,file,file,file,file,file,file,file,file,file,file,file,file,file,file,file,file,file,file,file,file,file,file
memory,file,file,file,file,file,file,file,file,file,file,file,file,file,file,file,file,file,file,file,file,file,file,file,file,file,file,file,file,file,file,file,file,file,file,file,file,file
mesh,file,file,file,file,file,file,file,file,file,file,file,file,file,file,file,file,file,file,file,file,file,file,file,file,file,file,file,file,file,file,file,file,file,file,file,file,file
meshc,file,file,file,file,file,file,file,file,file,file,file,file,file,file,file,file,file,file,file,file,file,file,file,file,file,file,file,file,file,file,file,file,file,file,file,file,file
meshgrid,file,file,file,file,file,file,file,file,file,file,file,file,file,file,file,file,file,file,file,file,file,file,file,file,file,file,file,file,file,file,file,file,file,file,file,file,file
meshz,file,file,file,file,file,file,file,file,file,file,file,file,file,file,file,file,file,file,file,file,file,file,file,file,file,file,file,file,file,file,file,file,file,file,file,file,file
metaclass,file,file,file,file,file,file,file,file,file,file,file,file,file,file,file,file,file,file,file,file,file,file,file,file,file,file,file,file,file,file,file,file,file,file,file,file,file
methods,file,file,file,file,file,file,file,file,file,file,file,file,file,file,file,file,file,file,file,file,file,file,file,file,file,file,file,file,file,file,file,file,file,file,file,file,file
mhsample,file,file,file,file,file,file,file,file,file,file,file,file,file,file,file,file,file,file,file,file,file,file,file,file,file,file,file,file,file,file,file,file,file,file,file,file,file
microseconds,file,file,file,file,file,file,file,file,file,file,file,file,file,file,file,file,file,file,file,file,file,file,file,file,file,file,file,file,file,file,file,file,file,file,file,file,file
microstrip,file,file,file,file,file,file,file,file,file,file,file,file,file,file,file,file,file,file,file,file,file,file,file,file,file,file,file,file,file,file,file,file,file,file,file,file,file
microstripw,file,file,file,file,file,file,file,file,file,file,file,file,file,file,file,file,file,file,file,file,file,file,file,file,file,file,file,file,file,file,file,file,file,file,file,file,file
midcross,file,file,file,file,file,file,file,file,file,file,file,file,file,file,file,file,file,file,file,file,file,file,file,file,file,file,file,file,file,file,file,file,file,file,file,file,file
milliseconds,file,file,file,file,file,file,file,file,file,file,file,builtin,file,file,file,file,file,file,file,file,file,file,file,file,file,file,file,file,file,builtin-err,file,file,file,file,file,file,file
min,file,builtin,file,file,file,file,file,builtin,builtin,builtin,builtin,builtin,builtin-err,file,builtin,file,file,file,file,file,file,builtin,builtin-err,file,file,builtin,builtin,builtin-err,builtin-err,builtin,builtin-err,file,file,file,file,file,file
mink,file,builtin-err,file,builtin-err,file,file,builtin-err,builtin-err,builtin-err,file,builtin-err,builtin-err,builtin-err,file,builtin-err,file,file,builtin-err,builtin-err,file,file,builtin-err,builtin-err,builtin-err,file,file,file,builtin-err,builtin-err,builtin-err,builtin-err,file,file,file,file,file,builtin-err
minres,file,file,file,file,file,file,file,file,file,file,file,file,file,file,file,file,file,file,file,file,file,file,file,file,file,file,file,file,file,file,file,file,file,file,file,file,file
minus,file,builtin-err,file,file,file,file,builtin-err,builtin-err,builtin-err,builtin-err,builtin-err,builtin-err,file,file,builtin,file,file,file,file,file,file,builtin,builtin,builtin,file,builtin,builtin,builtin-err,builtin,builtin,file,file,file,file,file,file,file
minute,file,file,file,file,file,file,file,file,file,file,builtin,file,file,file,file,file,file,file,file,file,file,file,file,file,file,file,file,builtin-err,builtin-err,file,file,file,file,file,file,file,file
minutes,file,file,file,file,file,file,file,file,file,file,file,builtin,file,file,file,file,file,file,file,file,file,file,file,file,file,file,file,file,file,builtin-err,file,file,file,file,file,file,file
missing,file,file,file,file,file,file,file,file,file,file,file,file,file,file,file,file,file,file,file,file,file,file,file,file,file,file,file,file,file,file,file,file,file,file,file,file,file
mkpp,file,file,file,file,file,file,file,file,file,file,file,file,file,file,file,file,file,file,file,file,file,file,file,file,file,file,file,file,file,file,file,file,file,file,file,file,file
mldivide,file,builtin-err,file,file,file,file,file,builtin-err,builtin-err,file,file,builtin-err,file,file,builtin,file,file,file,file,file,file,builtin,builtin,file,file,file,file,file,file,builtin,file,file,file,file,file,file,file
mle,file,file,file,file,file,file,file,file,file,file,file,file,file,file,file,file,file,file,file,file,file,file,file,file,file,file,file,file,file,file,file,file,file,file,file,file,file
mlecov,file,file,file,file,file,file,file,file,file,file,file,file,file,file,file,file,file,file,file,file,file,file,file,file,file,file,file,file,file,file,file,file,file,file,file,file,file
mnpdf,file,file,file,file,file,file,file,file,file,file,file,file,file,file,file,file,file,file,file,file,file,file,file,file,file,file,file,file,file,file,file,file,file,file,file,file,file
mnrfit,file,file,file,file,file,file,file,file,file,file,file,file,file,file,file,file,file,file,file,file,file,file,file,file,file,file,file,file,file,file,file,file,file,file,file,file,file
mnrnd,file,file,file,file,file,file,file,file,file,file,file,file,file,file,file,file,file,file,file,file,file,file,file,file,file,file,file,file,file,file,file,file,file,file,file,file,file
mnrval,file,file,file,file,file,file,file,file,file,file,file,file,file,file,file,file,file,file,file,file,file,file,file,file,file,file,file,file,file,file,file,file,file,file,file,file,file
mod,file,builtin-err,file,file,file,file,builtin-err,builtin-err,builtin-err,builtin-err,file,builtin-err,file,file,builtin,file,file,file,file,file,file,builtin,builtin,builtin,file,builtin,builtin,file,file,builtin,file,file,file,file,file,file,file
modalfit,file,file,file,file,file,file,file,file,file,file,file,file,file,file,file,file,file,file,file,file,file,file,file,file,file,file,file,file,file,file,file,file,file,file,file,file,file
modalfrf,file,file,file,file,file,file,file,file,file,file,file,file,file,file,file,file,file,file,file,file,file,file,file,file,file,file,file,file,file,file,file,file,file,file,file,file,file
modalsd,file,file,file,file,file,file,file,file,file,file,file,file,file,file,file,file,file,file,file,file,file,file,file,file,file,file,file,file,file,file,file,file,file,file,file,file,file
mode,file,file,file,file,file,file,file,file,file,builtin,builtin-err,builtin-err,builtin,file,file,file,file,file,file,file,file,file,file,file,file,builtin-err,builtin-err,builtin-err,builtin-err,builtin-err,builtin-err,file,file,file,file,file,file
modefilt,file,file,file,file,file,file,file,file,file,file,file,file,file,file,file,file,file,file,file,file,file,file,file,file,file,file,file,file,file,file,file,file,file,file,file,file,file
modulate,file,file,file,file,file,file,file,file,file,file,file,file,file,file,file,file,file,file,file,file,file,file,file,file,file,file,file,file,file,file,file,file,file,file,file,file,file
moment,file,file,file,file,file,file,file,file,file,file,file,file,file,file,file,file,file,file,file,file,file,file,file,file,file,file,file,file,file,file,file,file,file,file,file,file,file
montage,file,file,file,file,file,file,file,file,file,file,file,file,file,file,file,file,file,file,file,file,file,file,file,file,file,file,file,file,file,file,file,file,file,file,file,file,file
month,file,file,file,file,file,file,file,file,file,file,builtin,builtin-err,file,file,file,file,file,file,file,file,file,file,file,file,file,file,file,builtin-err,builtin-err,builtin-err,file,file,file,file,file,file,file
more,file,file,file,file,file,file,file,file,file,file,file,file,file,file,file,file,file,file,file,file,file,file,file,file,file,file,file,file,file,file,file,file,file,file,file,file,file
movefile,file,file,file,file,file,file,file,file,file,file,file,file,file,file,file,file,file,file,file,file,file,file,file,file,file,file,file,file,file,file,file,file,file,file,file,file,file
movie,file,file,file,file,file,file,file,file,file,file,file,file,file,file,file,file,file,file,file,file,file,file,file,file,file,file,file,file,file,file,file,file,file,file,file,file,file
movmad,file,builtin-err,file,file,file,file,file,file,builtin-err,file,file,file,file,file,builtin,file,file,file,file,file,file,builtin,builtin-err,file,file,file,file,file,file,file,file,file,file,file,file,file,file
movmax,file,builtin-err,file,file,file,file,file,file,builtin-err,file,file,file,file,file,builtin,file,file,file,file,file,file,builtin,builtin-err,file,file,file,file,file,file,file,file,file,file,file,file,file,file
movmean,file,builtin-err,file,file,file,file,file,file,builtin-err,file,file,file,file,file,builtin,file,file,file,file,file,file,builtin,builtin-err,file,file,file,file,file,file,file,file,file,file,file,file,file,file
movmedian,file,builtin-err,file,file,file,file,file,file,builtin-err,file,file,file,file,file,builtin,file,file,file,file,file,file,builtin,builtin-err,file,file,file,file,file,file,file,file,file,file,file,file,file,file
movmin,file,builtin-err,file,file,file,file,file,file,builtin-err,file,file,file,file,file,builtin,file,file,file,file,file,file,builtin,builtin-err,file,file,file,file,file,file,file,file,file,file,file,file,file,file
movprod,file,builtin-err,file,file,file,file,file,file,builtin-err,file,file,file,file,file,builtin,file,file,file,file,file,file,builtin,builtin-err,file,file,file,file,file,file,file,file,file,file,file,file,file,file
movstd,file,builtin-err,file,file,file,file,file,file,builtin-err,file,file,file,file,file,builtin,file,file,file,file,file,file,builtin-err,builtin-err,file,file,file,file,file,file,file,file,file,file,file,file,file,file
movsum,file,builtin-err,file,file,file,file,file,file,builtin-err,file,file,file,file,file,builtin,file,file,file,file,file,file,builtin,builtin-err,file,file,file,file,file,file,file,file,file,file,file,file,file,file
movvar,file,builtin-err,file,file,file,file,file,file,builtin-err,file,file,file,file,file,builtin,file,file,file,file,file,file,builtin-err,builtin-err,file,file,file,file,file,file,file,file,file,file,file,file,file,file
mpower,file,file,file,file,file,file,file,file,file,file,file,file,file,file,file,file,file,file,file,file,file,file,file,file,file,file,file,file,file,file,file,file,file,file,file,file,file
mrdivide,file,builtin-err,file,file,file,file,file,builtin-err,builtin-err,file,file,builtin-err,file,file,builtin,file,file,file,file,file,file,builtin,builtin,file,file,file,file,file,file,builtin-err,file,file,file,file,file,file,file
mscohere,file,file,file,file,file,file,file,file,file,file,file,file,file,file,file,file,file,file,file,file,file,file,file,file,file,file,file,file,file,file,file,file,file,file,file,file,file
mtimes,file,builtin-err,file,file,file,file,builtin-err,builtin-err,builtin-err,file,file,builtin-err,file,file,builtin,file,file,file,file,file,file,builtin,builtin,builtin,file,file,file,file,file,builtin,file,file,file,file,file,file,file
multcompare,file,file,file,file,file,file,file,file,file,file,file,file,file,file,file,file,file,file,file,file,file,file,file,file,file,file,file,file,file,file,file,file,file,file,file,file,file
multissim,file,file,file,file,file,file,file,file,file,file,file,file,file,file,file,file,file,file,file,file,file,file,file,file,file,file,file,file,file,file,file,file,file,file,file,file,file
multissim3,file,file,file,file,file,file,file,file,file,file,file,file,file,file,file,file,file,file,file,file,file,file,file,file,file,file,file,file,file,file,file,file,file,file,file,file,file
multithresh,file,file,file,file,file,file,file,file,file,file,file,file,file,file,file,file,file,file,file,file,file,file,file,file,file,file,file,file,file,file,file,file,file,file,file,file,file
multivarichart,file,file,file,file,file,file,file,file,file,file,file,file,file,file,file,file,file,file,file,file,file,file,file,file,file,file,file,file,file,file,file,file,file,file,file,file,file
mustBeA,file,file,file,file,file,file,file,file,file,file,file,file,file,file,file,file,file,file,file,file,file,file,file,file,file,file,file,file,file,file,file,file,file,file,file,file,file
mustBeFile,file,file,file,file,file,file,file,file,file,file,file,file,file,file,file,file,file,file,file,file,file,file,file,file,file,file,file,file,file,file,file,file,file,file,file,file,file
mustBeFinite,file,file,file,file,file,file,file,file,file,file,file,file,file,file,file,file,file,file,file,file,file,file,file,file,file,file,file,file,file,file,file,file,file,file,file,file,file
mustBeFloat,file,file,file,file,file,file,file,file,file,file,file,file,file,file,file,file,file,file,file,file,file,file,file,file,file,file,file,file,file,file,file,file,file,file,file,file,file
mustBeFolder,file,file,file,file,file,file,file,file,file,file,file,file,file,file,file,file,file,file,file,file,file,file,file,file,file,file,file,file,file,file,file,file,file,file,file,file,file
mustBeGreaterThan,file,file,file,file,file,file,file,file,file,file,file,file,file,file,file,file,file,file,file,file,file,file,file,file,file,file,file,file,file,file,file,file,file,file,file,file,file
mustBeGreaterThanOrEqual,file,file,file,file,file,file,file,file,file,file,file,file,file,file,file,file,file,file,file,file,file,file,file,file,file,file,file,file,file,file,file,file,file,file,file,file,file
mustBeInRange,file,file,file,file,file,file,file,file,file,file,file,file,file,file,file,file,file,file,file,file,file,file,file,file,file,file,file,file,file,file,file,file,file,file,file,file,file
mustBeInteger,file,file,file,file,file,file,file,file,file,file,file,file,file,file,file,file,file,file,file,file,file,file,file,file,file,file,file,file,file,file,file,file,file,file,file,file,file
mustBeLessThan,file,file,file,file,file,file,file,file,file,file,file,file,file,file,file,file,file,file,file,file,file,file,file,file,file,file,file,file,file,file,file,file,file,file,file,file,file
mustBeLessThanOrEqual,file,file,file,file,file,file,file,file,file,file,file,file,file,file,file,file,file,file,file,file,file,file,file,file,file,file,file,file,file,file,file,file,file,file,file,file,file
mustBeMember,file,file,file,file,file,file,file,file,file,file,file,file,file,file,file,file,file,file,file,file,file,file,file,file,file,file,file,file,file,file,file,file,file,file,file,file,file
mustBeNegative,file,file,file,file,file,file,file,file,file,file,file,file,file,file,file,file,file,file,file,file,file,file,file,file,file,file,file,file,file,file,file,file,file,file,file,file,file
mustBeNonNan,file,file,file,file,file,file,file,file,file,file,file,file,file,file,file,file,file,file,file,file,file,file,file,file,file,file,file,file,file,file,file,file,file,file,file,file,file
mustBeNonempty,file,file,file,file,file,file,file,file,file,file,file,file,file,file,file,file,file,file,file,file,file,file,file,file,file,file,file,file,file,file,file,file,file,file,file,file,file
mustBeNonnegative,file,file,file,file,file,file,file,file,file,file,file,file,file,file,file,file,file,file,file,file,file,file,file,file,file,file,file,file,file,file,file,file,file,file,file,file,file
mustBeNonpositive,file,file,file,file,file,file,file,file,file,file,file,file,file,file,file,file,file,file,file,file,file,file,file,file,file,file,file,file,file,file,file,file,file,file,file,file,file
mustBeNonsparse,file,file,file,file,file,file,file,file,file,file,file,file,file,file,file,file,file,file,file,file,file,file,file,file,file,file,file,file,file,file,file,file,file,file,file,file,file
mustBeNonzero,file,file,file,file,file,file,file,file,file,file,file,file,file,file,file,file,file,file,file,file,file,file,file,file,file,file,file,file,file,file,file,file,file,file,file,file,file
mustBeNumeric,file,file,file,file,file,file,file,file,file,file,file,file,file,file,file,file,file,file,file,file,file,file,file,file,file,file,file,file,file,file,file,file,file,file,file,file,file
mustBeNumericOrLogical,file,file,file,file,file,file,file,file,file,file,file,file,file,file,file,file,file,file,file,file,file,file,file,file,file,file,file,file,file,file,file,file,file,file,file,file,file
mustBePositive,file,file,file,file,file,file,file,file,file,file,file,file,file,file,file,file,file,file,file,file,file,file,file,file,file,file,file,file,file,file,file,file,file,file,file,file,file
mustBeReal,file,file,file,file,file,file,file,file,file,file,file,file,file,file,file,file,file,file,file,file,file,file,file,file,file,file,file,file,file,file,file,file,file,file,file,file,file
mustBeScalarOrEmpty,file,file,file,file,file,file,file,file,file,file,file,file,file,file,file,file,file,file,file,file,file,file,file,file,file,file,file,file,file,file,file,file,file,file,file,file,file
mustBeText,file,file,file,file,file,file,file,file,file,file,file,file,file,file,file,file,file,file,file,file,file,file,file,file,file,file,file,file,file,file,file,file,file,file,file,file,file
mustBeTextScalar,file,file,file,file,file,file,file,file,file,file,file,file,file,file,file,file,file,file,file,file,file,file,file,file,file,file,file,file,file,file,file,file,file,file,file,file,file
mustBeValidVariableName,file,file,file,file,file,file,file,file,file,file,file,file,file,file,file,file,file,file,file,file,file,file,file,file,file,file,file,file,file,file,file,file,file,file,file,file,file
mustBeVector,file,file,file,file,file,file,file,file,file,file,file,file,file,file,file,file,file,file,file,file,file,file,file,file,file,file,file,file,file,file,file,file,file,file,file,file,file
mvksdensity,file,file,file,file,file,file,file,file,file,file,file,file,file,file,file,file,file,file,file,file,file,file,file,file,file,file,file,file,file,file,file,file,file,file,file,file,file
mvncdf,file,file,file,file,file,file,file,file,file,file,file,file,file,file,file,file,file,file,file,file,file,file,file,file,file,file,file,file,file,file,file,file,file,file,file,file,file
mvnpdf,file,file,file,file,file,file,file,file,file,file,file,file,file,file,file,file,file,file,file,file,file,file,file,file,file,file,file,file,file,file,file,file,file,file,file,file,file
mvnrnd,file,file,file,file,file,file,file,file,file,file,file,file,file,file,file,file,file,file,file,file,file,file,file,file,file,file,file,file,file,file,file,file,file,file,file,file,file
mvregress,file,file,file,file,file,file,file,file,file,file,file,file,file,file,file,file,file,file,file,file,file,file,file,file,file,file,file,file,file,file,file,file,file,file,file,file,file
mvregresslike,file,file,file,file,file,file,file,file,file,file,file,file,file,file,file,file,file,file,file,file,file,file,file,file,file,file,file,file,file,file,file,file,file,file,file,file,file
mvtcdf,file,file,file,file,file,file,file,file,file,file,file,file,file,file,file,file,file,file,file,file,file,file,file,file,file,file,file,file,file,file,file,file,file,file,file,file,file
mvtpdf,file,file,file,file,file,file,file,file,file,file,file,file,file,file,file,file,file,file,file,file,file,file,file,file,file,file,file,file,file,file,file,file,file,file,file,file,file
mvtrnd,file,file,file,file,file,file,file,file,file,file,file,file,file,file,file,file,file,file,file,file,file,file,file,file,file,file,file,file,file,file,file,file,file,file,file,file,file
namelengthmax,file,file,file,file,file,file,file,file,file,file,file,file,file,file,file,file,file,file,file,file,file,file,file,file,file,file,file,file,file,file,file,file,file,file,file,file,file
nancov,file,file,file,file,file,file,file,file,file,file,file,file,file,file,file,file,file,file,file,file,file,file,file,file,file,file,file,file,file,file,file,file,file,file,file,file,file
nanmax,file,file,file,file,file,file,file,file,file,file,file,file,file,file,file,file,file,file,file,file,file,file,file,file,file,file,file,file,file,file,file,file,file,file,file,file,file
nanmean,file,file,file,file,file,file,file,file,file,file,file,file,file,file,file,file,file,file,file,file,file,file,file,file,file,file,file,file,file,file,file,file,file,file,file,file,file
nanmedian,file,file,file,file,file,file,file,file,file,file,file,file,file,file,file,file,file,file,file,file,file,file,file,file,file,file,file,file,file,file,file,file,file,file,file,file,file
nanmin,file,file,file,file,file,file,file,file,file,file,file,file,file,file,file,file,file,file,file,file,file,file,file,file,file,file,file,file,file,file,file,file,file,file,file,file,file
nanoseconds,file,file,file,file,file,file,file,file,file,file,file,file,file,file,file,file,file,file,file,file,file,file,file,file,file,file,file,file,file,file,file,file,file,file,file,file,file
nanstd,file,file,file,file,file,file,file,file,file,file,file,file,file,file,file,file,file,file,file,file,file,file,file,file,file,file,file,file,file,file,file,file,file,file,file,file,file
nansum,file,file,file,file,file,file,file,file,file,file,file,file,file,file,file,file,file,file,file,file,file,file,file,file,file,file,file,file,file,file,file,file,file,file,file,file,file
nanvar,file,file,file,file,file,file,file,file,file,file,file,file,file,file,file,file,file,file,file,file,file,file,file,file,file,file,file,file,file,file,file,file,file,file,file,file,file
nargchk,file,file,file,file,file,file,file,file,file,file,file,file,file,file,file,file,file,file,file,file,file,file,file,file,file,file,file,file,file,file,file,file,file,file,file,file,file
nargin,file,file,file,file,file,builtin,file,file,file,file,file,file,file,file,file,file,file,file,file,file,builtin-err,file,file,file,file,file,file,file,file,file,file,file,file,file,file,file,file
narginchk,file,file,file,file,file,file,file,file,file,file,file,file,file,file,file,file,file,file,file,file,file,file,file,file,file,file,file,file,file,file,file,file,file,file,file,file,file
nargout,file,file,file,file,file,builtin,file,file,file,file,file,file,file,file,file,file,file,file,file,file,builtin-err,file,file,file,file,file,file,file,file,file,file,file,file,file,file,file,file
nargoutchk,file,file,file,file,file,file,file,file,file,file,file,file,file,file,file,file,file,file,file,file,file,file,file,file,file,file,file,file,file,file,file,file,file,file,file,file,file
native2unicode,file,file,file,file,file,file,file,file,file,file,file,file,file,file,file,file,file,file,file,file,file,file,file,file,file,file,file,file,file,file,file,file,file,file,file,file,file
nbincdf,file,file,file,file,file,file,file,file,file,file,file,file,file,file,file,file,file,file,file,file,file,file,file,file,file,file,file,file,file,file,file,file,file,file,file,file,file
nbinfit,file,file,file,file,file,file,file,file,file,file,file,file,file,file,file,file,file,file,file,file,file,file,file,file,file,file,file,file,file,file,file,file,file,file,file,file,file
nbininv,file,file,file,file,file,file,file,file,file,file,file,file,file,file,file,file,file,file,file,file,file,file,file,file,file,file,file,file,file,file,file,file,file,file,file,file,file
nbinpdf,file,file,file,file,file,file,file,file,file,file,file,file,file,file,file,file,file,file,file,file,file,file,file,file,file,file,file,file,file,file,file,file,file,file,file,file,file
nbinrnd,file,file,file,file,file,file,file,file,file,file,file,file,file,file,file,file,file,file,file,file,file,file,file,file,file,file,file,file,file,file,file,file,file,file,file,file,file
nbinstat,file,file,file,file,file,file,file,file,file,file,file,file,file,file,file,file,file,file,file,file,file,file,file,file,file,file,file,file,file,file,file,file,file,file,file,file,file
ncfcdf,file,file,file,file,file,file,file,file,file,file,file,file,file,file,file,file,file,file,file,file,file,file,file,file,file,file,file,file,file,file,file,file,file,file,file,file,file
ncfinv,file,file,file,file,file,file,file,file,file,file,file,file,file,file,file,file,file,file,file,file,file,file,file,file,file,file,file,file,file,file,file,file,file,file,file,file,file
ncfpdf,file,file,file,file,file,file,file,file,file,file,file,file,file,file,file,file,file,file,file,file,file,file,file,file,file,file,file,file,file,file,file,file,file,file,file,file,file
ncfrnd,file,file,file,file,file,file,file,file,file,file,file,file,file,file,file,file,file,file,file,file,file,file,file,file,file,file,file,file,file,file,file,file,file,file,file,file,file
ncfstat,file,file,file,file,file,file,file,file,file,file,file,file,file,file,file,file,file,file,file,file,file,file,file,file,file,file,file,file,file,file,file,file,file,file,file,file,file
nchoosek,file,file,file,file,file,file,file,file,file,file,file,file,file,file,file,file,file,file,file,file,file,file,file,file,file,file,file,file,file,file,file,file,file,file,file,file,file
nctcdf,file,file,file,file,file,file,file,file,file,file,file,file,file,file,file,file,file,file,file,file,file,file,file,file,file,file,file,file,file,file,file,file,file,file,file,file,file
nctinv,file,file,file,file,file,file,file,file,file,file,file,file,file,file,file,file,file,file,file,file,file,file,file,file,file,file,file,file,file,file,file,file,file,file,file,file,file
nctpdf,file,file,file,file,file,file,file,file,file,file,file,file,file,file,file,file,file,file,file,file,file,file,file,file,file,file,file,file,file,file,file,file,file,file,file,file,file
nctrnd,file,file,file,file,file,file,file,file,file,file,file,file,file,file,file,file,file,file,file,file,file,file,file,file,file,file,file,file,file,file,file,file,file,file,file,file,file
nctstat,file,file,file,file,file,file,file,file,file,file,file,file,file,file,file,file,file,file,file,file,file,file,file,file,file,file,file,file,file,file,file,file,file,file,file,file,file
ncx2cdf,file,file,file,file,file,file,file,file,file,file,file,file,file,file,file,file,file,file,file,file,file,file,file,file,file,file,file,file,file,file,file,file,file,file,file,file,file
ncx2inv,file,file,file,file,file,file,file,file,file,file,file,file,file,file,file,file,file,file,file,file,file,file,file,file,file,file,file,file,file,file,file,file,file,file,file,file,file
ncx2pdf,file,file,file,file,file,file,file,file,file,file,file,file,file,file,file,file,file,file,file,file,file,file,file,file,file,file,file,file,file,file,file,file,file,file,file,file,file
ncx2rnd,file,file,file,file,file,file,file,file,file,file,file,file,file,file,file,file,file,file,file,file,file,file,file,file,file,file,file,file,file,file,file,file,file,file,file,file,file
ncx2stat,file,file,file,file,file,file,file,file,file,file,file,file,file,file,file,file,file,file,file,file,file,file,file,file,file,file,file,file,file,file,file,file,file,file,file,file,file
ndgrid,file,file,file,file,file,file,file,file,file,file,file,file,file,file,file,file,file,file,file,file,file,file,file,file,file,file,file,file,file,file,file,file,file,file,file,file,file
ndims,file,builtin,builtin,file,file,file,file,builtin,builtin,builtin,builtin,builtin,builtin,file,builtin-err,file,builtin-err,file,file,file,file,builtin-err,builtin-err,file,builtin-err,builtin-err,builtin-err,builtin-err,builtin-err,builtin-err,builtin-err,file,file,builtin-err,file,file,file
ne,file,builtin-err,builtin-err,file,file,file,builtin-err,builtin-err,builtin-err,builtin-err,builtin-err,builtin-err,builtin-err,builtin-err,builtin,builtin-err,builtin-err,file,file,file,file,builtin,builtin,builtin,builtin,builtin,builtin,builtin-err,builtin-err,builtin,builtin-err,builtin,builtin,builtin-err,builtin-err,builtin-err,file
nearcorr,file,file,file,file,file,file,file,file,file,file,file,file,file,file,file,file,file,file,file,file,file,file,file,file,file,file,file,file,file,file,file,file,file,file,file,file,file
negloglik,file,file,file,file,file,file,file,file,file,file,file,file,file,file,file,file,file,file,file,file,file,file,file,file,file,file,file,file,file,file,file,file,file,file,file,file,file
newplot,file,file,file,file,file,file,file,file,file,file,file,file,file,file,file,file,file,file,file,file,file,file,file,file,file,file,file,file,file,file,file,file,file,file,file,file,file
nextpow2,file,file,file,file,file,file,file,file,file,builtin-err,file,file,file,file,file,file,file,file,file,file,file,file,file,file,file,builtin-err,builtin-err,file,file,file,file,file,file,file,file,file,file
nexttile,file,file,file,file,file,file,file,file,file,file,file,file,file,file,file,file,file,file,file,file,file,file,file,file,file,file,file,file,file,file,file,file,file,file,file,file,file
nlfilter,file,file,file,file,file,file,file,file,file,file,file,file,file,file,file,file,file,file,file,file,file,file,file,file,file,file,file,file,file,file,file,file,file,file,file,file,file
nlinfit,file,file,file,file,file,file,file,file,file,file,file,file,file,file,file,file,file,file,file,file,file,file,file,file,file,file,file,file,file,file,file,file,file,file,file,file,file
nlparci,file,file,file,file,file,file,file,file,file,file,file,file,file,file,file,file,file,file,file,file,file,file,file,file,file,file,file,file,file,file,file,file,file,file,file,file,file
nlpredci,file,file,file,file,file,file,file,file,file,file,file,file,file,file,file,file,file,file,file,file,file,file,file,file,file,file,file,file,file,file,file,file,file,file,file,file,file
nnmf,file,file,file,file,file,file,file,file,file,file,file,file,file,file,file,file,file,file,file,file,file,file,file,file,file,file,file,file,file,file,file,file,file,file,file,file,file
nnz,file,builtin,file,file,file,file,builtin,builtin,builtin,file,file,builtin,file,file,builtin-err,file,file,file,file,file,file,builtin-err,builtin-err,builtin-err,file,file,file,file,file,builtin-err,file,file,file,file,file,file,file
nonzeros,file,builtin,file,file,file,file,builtin,builtin,builtin,file,file,file,file,file,builtin-err,file,file,file,file,file,file,builtin-err,builtin-err,builtin-err,file,file,file,file,file,file,file,file,file,file,file,file,file
norm,file,builtin,file,file,file,file,file,builtin-err,builtin-err,file,file,file,file,file,builtin,file,file,file,file,file,file,builtin-err,builtin-err,file,file,file,file,file,file,file,file,file,file,file,file,file,file
normalize,file,file,file,file,file,file,file,file,file,file,file,file,file,file,file,file,file,file,file,file,file,file,file,file,file,file,file,file,file,file,file,file,file,file,file,file,file
normcdf,file,file,file,file,file,file,file,file,file,file,file,file,file,file,file,file,file,file,file,file,file,file,file,file,file,file,file,file,file,file,file,file,file,file,file,file,file
normest,file,file,file,file,file,file,file,file,file,file,file,file,file,file,file,file,file,file,file,file,file,file,file,file,file,file,file,file,file,file,file,file,file,file,file,file,file
normest1,file,file,file,file,file,file,file,file,file,file,file,file,file,file,file,file,file,file,file,file,file,file,file,file,file,file,file,file,file,file,file,file,file,file,file,file,file
normfit,file,file,file,file,file,file,file,file,file,file,file,file,file,file,file,file,file,file,file,file,file,file,file,file,file,file,file,file,file,file,file,file,file,file,file,file,file
norminv,file,file,file,file,file,file,file,file,file,file,file,file,file,file,file,file,file,file,file,file,file,file,file,file,file,file,file,file,file,file,file,file,file,file,file,file,file
normlike,file,file,file,file,file,file,file,file,file,file,file,file,file,file,file,file,file,file,file,file,file,file,file,file,file,file,file,file,file,file,file,file,file,file,file,file,file
normpdf,file,file,file,file,file,file,file,file,file,file,file,file,file,file,file,file,file,file,file,file,file,file,file,file,file,file,file,file,file,file,file,file,file,file,file,file,file
normplot,file,file,file,file,file,file,file,file,file,file,file,file,file,file,file,file,file,file,file,file,file,file,file,file,file,file,file,file,file,file,file,file,file,file,file,file,file
normrnd,file,file,file,file,file,file,file,file,file,file,file,file,file,file,file,file,file,file,file,file,file,file,file,file,file,file,file,file,file,file,file,file,file,file,file,file,file
normspec,file,file,file,file,file,file,file,file,file,file,file,file,file,file,file,file,file,file,file,file,file,file,file,file,file,file,file,file,file,file,file,file,file,file,file,file,file
normstat,file,file,file,file,file,file,file,file,file,file,file,file,file,file,file,file,file,file,file,file,file,file,file,file,file,file,file,file,file,file,file,file,file,file,file,file,file
normxcorr2,file,file,file,file,file,file,file,file,file,file,file,file,file,file,file,file,file,file,file,file,file,file,file,file,file,file,file,file,file,file,file,file,file,file,file,file,file
not,file,builtin,file,file,file,file,builtin,builtin,builtin,builtin,file,file,file,file,builtin-err,file,file,file,file,file,file,builtin-err,builtin-err,builtin-err,file,builtin-err,builtin-err,file,file,file,file,file,file,file,file,file,file
now,file,file,file,file,file,file,file,file,file,file,file,file,file,file,file,file,file,file,file,file,file,file,file,file,file,file,file,file,file,file,file,file,file,file,file,file,file
nthroot,file,file,file,file,file,file,file,file,file,builtin-err,file,file,file,file,file,file,file,file,file,file,file,file,file,file,file,builtin-err,builtin-err,file,file,file,file,file,file,file,file,file,file
ntsc2rgb,file,file,file,file,file,file,file,file,file,file,file,file,file,file,file,file,file,file,file,file,file,file,file,file,file,file,file,file,file,file,file,file,file,file,file,file,file
null,file,file,file,file,file,file,file,file,file,file,file,file,file,file,file,file,file,file,file,file,file,file,file,file,file,file,file,file,file,file,file,file,file,file,file,file,file
num,file,file,file,file,file,file,file,file,file,file,file,file,file,file,file,file,file,file,file,file,file,file,file,file,file,file,file,file,file,file,file,file,file,file,file,file,file
num2cell,file,file,file,file,file,file,file,file,file,file,file,file,file,file,file,file,file,file,file,file,file,file,file,file,file,file,file,file,file,file,file,file,file,file,file,file,file
num2hex,file,file,file,file,file,file,file,file,file,file,file,file,file,file,file,file,file,file,file,file,file,file,file,file,file,file,file,file,file,file,file,file,file,file,file,file,file
num2ruler,file,file,file,file,file,file,file,file,file,file,file,file,file,file,file,file,file,file,file,file,file,file,file,file,file,file,file,file,file,file,file,file,file,file,file,file,file
num2str,file,file,file,file,file,file,file,file,file,file,file,file,file,file,file,file,file,file,file,file,file,file,file,file,file,file,file,file,file,file,file,file,file,file,file,file,file
numEntries,file,file,file,file,file,file,file,file,file,file,file,file,file,file,file,file,file,file,file,file,file,file,file,file,file,file,file,file,file,file,file,file,file,file,file,file,file
nuttallwin,file,file,file,file,file,file,file,file,file,file,file,file,file,file,file,file,file,file,file,file,file,file,file,file,file,file,file,file,file,file,file,file,file,file,file,file,file
nzmax,file,builtin,file,file,file,file,builtin,builtin,builtin,file,file,file,file,file,builtin-err,file,file,file,file,file,file,builtin-err,builtin-err,builtin-err,file,file,file,file,file,file,file,file,file,file,file,file,file
obliqueslice,file,file,file,file,file,file,file,file,file,file,file,file,file,file,file,file,file,file,file,file,file,file,file,file,file,file,file,file,file,file,file,file,file,file,file,file,file
obw,file,file,file,file,file,file,file,file,file,file,file,file,file,file,file,file,file,file,file,file,file,file,file,file,file,file,file,file,file,file,file,file,file,file,file,file,file
ode113,file,file,file,file,file,file,file,file,file,file,file,file,file,file,file,file,file,file,file,file,file,file,file,file,file,file,file,file,file,file,file,file,file,file,file,file,file
ode15i,file,file,file,file,file,file,file,file,file,file,file,file,file,file,file,file,file,file,file,file,file,file,file,file,file,file,file,file,file,file,file,file,file,file,file,file,file
ode15s,file,file,file,file,file,file,file,file,file,file,file,file,file,file,file,file,file,file,file,file,file,file,file,file,file,file,file,file,file,file,file,file,file,file,file,file,file
ode23,file,file,file,file,file,file,file,file,file,file,file,file,file,file,file,file,file,file,file,file,file,file,file,file,file,file,file,file,file,file,file,file,file,file,file,file,file
ode23s,file,file,file,file,file,file,file,file,file,file,file,file,file,file,file,file,file,file,file,file,file,file,file,file,file,file,file,file,file,file,file,file,file,file,file,file,file
ode23t,file,file,file,file,file,file,file,file,file,file,file,file,file,file,file,file,file,file,file,file,file,file,file,file,file,file,file,file,file,file,file,file,file,file,file,file,file
ode23tb,file,file,file,file,file,file,file,file,file,file,file,file,file,file,file,file,file,file,file,file,file,file,file,file,file,file,file,file,file,file,file,file,file,file,file,file,file
ode45,file,file,file,file,file,file,file,file,file,file,file,file,file,file,file,file,file,file,file,file,file,file,file,file,file,file,file,file,file,file,file,file,file,file,file,file,file
ode78,file,file,file,file,file,file,file,file,file,file,file,file,file,file,file,file,file,file,file,file,file,file,file,file,file,file,file,file,file,file,file,file,file,file,file,file,file
ode89,file,file,file,file,file,file,file,file,file,file,file,file,file,file,file,file,file,file,file,file,file,file,file,file,file,file,file,file,file,file,file,file,file,file,file,file,file
odeget,file,file,file,file,file,file,file,file,file,file,file,file,file,file,file,file,file,file,file,file,file,file,file,file,file,file,file,file,file,file,file,file,file,file,file,file,file
odephas2,file,file,file,file,file,file,file,file,file,file,file,file,file,file,file,file,file,file,file,file,file,file,file,file,file,file,file,file,file,file,file,file,file,file,file,file,file
odephas3,file,file,file,file,file,file,file,file,file,file,file,file,file,file,file,file,file,file,file,file,file,file,file,file,file,file,file,file,file,file,file,file,file,file,file,file,file
odeplot,file,file,file,file,file,file,file,file,file,file,file,file,file,file,file,file,file,file,file,file,file,file,file,file,file,file,file,file,file,file,file,file,file,file,file,file,file
odeprint,file,file,file,file,file,file,file,file,file,file,file,file,file,file,file,file,file,file,file,file,file,file,file,file,file,file,file,file,file,file,file,file,file,file,file,file,file
odeset,file,file,file,file,file,file,file,file,file,file,file,file,file,file,file,file,file,file,file,file,file,file,file,file,file,file,file,file,file,file,file,file,file,file,file,file,file
odextend,file,file,file,file,file,file,file,file,file,file,file,file,file,file,file,file,file,file,file,file,file,file,file,file,file,file,file,file,file,file,file,file,file,file,file,file,file
offsetstrel,file,file,file,file,file,file,file,file,file,file,file,file,file,file,file,file,file,file,file,file,file,file,file,file,file,file,file,file,file,file,file,file,file,file,file,file,file
onehotdecode,file,file,file,file,file,file,file,file,file,file,file,file,file,file,file,file,file,file,file,file,file,file,file,file,file,file,file,file,file,file,file,file,file,file,file,file,file
onehotencode,file,file,file,file,file,file,file,file,file,file,file,file,file,file,file,file,file,file,file,file,file,file,file,file,file,file,file,file,file,file,file,file,file,file,file,file,file
ones,file,file,file,file,file,file,file,file,file,file,file,file,file,file,file,file,file,file,file,file,file,file,file,file,file,file,file,file,file,file,file,file,file,file,file,file,file
open,file,file,file,file,file,builtin-err,file,file,file,file,file,file,file,file,file,file,file,file,file,file,builtin-err,file,file,file,file,file,file,file,file,file,file,file,file,file,file,file,file
openfig,file,file,file,file,file,file,file,file,file,file,file,file,file,file,file,file,file,file,file,file,file,file,file,file,file,file,file,file,file,file,file,file,file,file,file,file,file
opengl,file,file,file,file,file,file,file,file,file,file,file,file,file,file,file,file,file,file,file,file,file,file,file,file,file,file,file,file,file,file,file,file,file,file,file,file,file
optimalleaforder,file,file,file,file,file,file,file,file,file,file,file,file,file,file,file,file,file,file,file,file,file,file,file,file,file,file,file,file,file,file,file,file,file,file,file,file,file
optimget,file,file,file,file,file,file,file,file,file,file,file,file,file,file,file,file,file,file,file,file,file,file,file,file,file,file,file,file,file,file,file,file,file,file,file,file,file
optimplotfunccount,file,file,file,file,file,file,file,file,file,file,file,file,file,file,file,file,file,file,file,file,file,file,file,file,file,file,file,file,file,file,file,file,file,file,file,file,file
optimplotfval,file,file,file,file,file,file,file,file,file,file,file,file,file,file,file,file,file,file,file,file,file,file,file,file,file,file,file,file,file,file,file,file,file,file,file,file,file
optimplotx,file,file,file,file,file,file,file,file,file,file,file,file,file,file,file,file,file,file,file,file,file,file,file,file,file,file,file,file,file,file,file,file,file,file,file,file,file
optimset,file,file,file,file,file,file,file,file,file,file,file,file,file,file,file,file,file,file,file,file,file,file,file,file,file,file,file,file,file,file,file,file,file,file,file,file,file
or,file,builtin-err,builtin-err,file,file,file,builtin-err,builtin-err,builtin-err,builtin-err,file,file,file,file,builtin,builtin-err,builtin-err,file,file,file,file,builtin,builtin,builtin,builtin,builtin,builtin,file,file,file,file,file,file,builtin-err,builtin-err,builtin-err,file
ordeig,file,builtin,file,file,file,file,file,file,file,file,file,file,file,file,builtin,file,file,file,file,file,file,file,builtin-err,file,file,file,file,file,file,file,file,file,file,file,file,file,file
orderfields,file,file,file,file,file,file,file,file,file,file,file,file,file,file,file,file,file,file,file,file,file,file,file,file,file,file,file,file,file,file,file,file,file,file,file,file,file
orderspectrum,file,file,file,file,file,file,file,file,file,file,file,file,file,file,file,file,file,file,file,file,file,file,file,file,file,file,file,file,file,file,file,file,file,file,file,file,file
ordertrack,file,file,file,file,file,file,file,file,file,file,file,file,file,file,file,file,file,file,file,file,file,file,file,file,file,file,file,file,file,file,file,file,file,file,file,file,file
orderwaveform,file,file,file,file,file,file,file,file,file,file,file,file,file,file,file,file,file,file,file,file,file,file,file,file,file,file,file,file,file,file,file,file,file,file,file,file,file
ordfilt2,file,file,file,file,file,file,file,file,file,file,file,file,file,file,file,file,file,file,file,file,file,file,file,file,file,file,file,file,file,file,file,file,file,file,file,file,file
ordqz,file,builtin-err,file,file,file,file,file,file,file,file,file,file,file,file,builtin-err,file,file,file,file,file,file,file,builtin-err,file,file,file,file,file,file,file,file,file,file,file,file,file,file
ordschur,file,builtin-err,file,file,file,file,file,file,file,file,file,file,file,file,builtin-err,file,file,file,file,file,file,file,builtin-err,file,file,file,file,file,file,file,file,file,file,file,file,file,file
orient,file,file,file,file,file,file,file,file,file,file,file,file,file,file,file,file,file,file,file,file,file,file,file,file,file,file,file,file,file,file,file,file,file,file,file,file,file
orth,file,file,file,file,file,file,file,file,file,file,file,file,file,file,file,file,file,file,file,file,file,file,file,file,file,file,file,file,file,file,file,file,file,file,file,file,file
otf2psf,file,file,file,file,file,file,file,file,file,file,file,file,file,file,file,file,file,file,file,file,file,file,file,file,file,file,file,file,file,file,file,file,file,file,file,file,file
otsuthresh,file,file,file,file,file,file,file,file,file,file,file,file,file,file,file,file,file,file,file,file,file,file,file,file,file,file,file,file,file,file,file,file,file,file,file,file,file
overshoot,file,file,file,file,file,file,file,file,file,file,file,file,file,file,file,file,file,file,file,file,file,file,file,file,file,file,file,file,file,file,file,file,file,file,file,file,file
pack,file,file,file,file,file,file,file,file,file,file,file,file,file,file,file,file,file,file,file,file,file,file,file,file,file,file,file,file,file,file,file,file,file,file,file,file,file
pad,file,file,builtin,file,file,file,file,file,file,file,file,file,file,file,file,file,builtin-err,file,file,file,file,file,file,file,builtin,file,file,file,file,file,file,file,file,builtin-err,file,file,file
padarray,file,file,file,file,file,file,file,file,file,file,file,file,file,file,file,file,file,file,file,file,file,file,file,file,file,file,file,file,file,file,file,file,file,file,file,file,file
pagesetupdlg,file,file,file,file,file,file,file,file,file,file,file,file,file,file,file,file,file,file,file,file,file,file,file,file,file,file,file,file,file,file,file,file,file,file,file,file,file
pan,file,file,file,file,file,file,file,file,file,file,file,file,file,file,file,file,file,file,file,file,file,file,file,file,file,file,file,file,file,file,file,file,file,file,file,file,file
panInteraction,file,file,file,file,file,file,file,file,file,file,file,file,file,file,file,file,file,file,file,file,file,file,file,file,file,file,file,file,file,file,file,file,file,file,file,file,file
para2fan,file,file,file,file,file,file,file,file,file,file,file,file,file,file,file,file,file,file,file,file,file,file,file,file,file,file,file,file,file,file,file,file,file,file,file,file,file
parallelcoords,file,file,file,file,file,file,file,file,file,file,file,file,file,file,file,file,file,file,file,file,file,file,file,file,file,file,file,file,file,file,file,file,file,file,file,file,file
paramci,file,file,file,file,file,file,file,file,file,file,file,file,file,file,file,file,file,file,file,file,file,file,file,file,file,file,file,file,file,file,file,file,file,file,file,file,file
pareto,file,file,file,file,file,file,file,file,file,file,file,file,file,file,file,file,file,file,file,file,file,file,file,file,file,file,file,file,file,file,file,file,file,file,file,file,file
paretotails,file,file,file,file,file,file,file,file,file,file,file,file,file,file,file,file,file,file,file,file,file,file,file,file,file,file,file,file,file,file,file,file,file,file,file,file,file
partialcorr,file,file,file,file,file,file,file,file,file,file,file,file,file,file,file,file,file,file,file,file,file,file,file,file,file,file,file,file,file,file,file,file,file,file,file,file,file
partialcorri,file,file,file,file,file,file,file,file,file,file,file,file,file,file,file,file,file,file,file,file,file,file,file,file,file,file,file,file,file,file,file,file,file,file,file,file,file
parzenwin,file,file,file,file,file,file,file,file,file,file,file,file,file,file,file,file,file,file,file,file,file,file,file,file,file,file,file,file,file,file,file,file,file,file,file,file,file
pascal,file,file,file,file,file,file,file,file,file,file,file,file,file,file,file,file,file,file,file,file,file,file,file,file,file,file,file,file,file,file,file,file,file,file,file,file,file
patch,file,file,file,file,file,file,file,file,file,file,file,file,file,file,file,file,file,file,file,file,file,file,file,file,file,file,file,file,file,file,file,file,file,file,file,file,file
path,file,file,file,file,file,file,file,file,file,file,file,file,file,file,file,file,file,file,file,file,file,file,file,file,file,file,file,file,file,file,file,file,file,file,file,file,file
pathsep,file,file,file,file,file,file,file,file,file,file,file,file,file,file,file,file,file,file,file,file,file,file,file,file,file,file,file,file,file,file,file,file,file,file,file,file,file
pause,file,file,file,file,file,file,file,file,file,file,file,file,file,file,file,file,file,file,file,file,file,file,file,file,file,file,file,file,file,file,file,file,file,file,file,file,file
pbaspect,file,file,file,file,file,file,file,file,file,file,file,file,file,file,file,file,file,file,file,file,file,file,file,file,file,file,file,file,file,file,file,file,file,file,file,file,file
pburg,file,file,file,file,file,file,file,file,file,file,file,file,file,file,file,file,file,file,file,file,file,file,file,file,file,file,file,file,file,file,file,file,file,file,file,file,file
pca,file,file,file,file,file,file,file,file,file,file,file,file,file,file,file,file,file,file,file,file,file,file,file,file,file,file,file,file,file,file,file,file,file,file,file,file,file
pcacov,file,file,file,file,file,file,file,file,file,file,file,file,file,file,file,file,file,file,file,file,file,file,file,file,file,file,file,file,file,file,file,file,file,file,file,file,file
pcares,file,file,file,file,file,file,file,file,file,file,file,file,file,file,file,file,file,file,file,file,file,file,file,file,file,file,file,file,file,file,file,file,file,file,file,file,file
pcg,file,file,file,file,file,file,file,file,file,file,file,file,file,file,file,file,file,file,file,file,file,file,file,file,file,file,file,file,file,file,file,file,file,file,file,file,file
pchip,file,file,file,file,file,file,file,file,file,file,file,file,file,file,file,file,file,file,file,file,file,file,file,file,file,file,file,file,file,file,file,file,file,file,file,file,file
pcolor,file,file,file,file,file,file,file,file,file,file,file,file,file,file,file,file,file,file,file,file,file,file,file,file,file,file,file,file,file,file,file,file,file,file,file,file,file
pcov,file,file,file,file,file,file,file,file,file,file,file,file,file,file,file,file,file,file,file,file,file,file,file,file,file,file,file,file,file,file,file,file,file,file,file,file,file
pdepe,file,file,file,file,file,file,file,file,file,file,file,file,file,file,file,file,file,file,file,file,file,file,file,file,file,file,file,file,file,file,file,file,file,file,file,file,file
pdeval,file,file,file,file,file,file,file,file,file,file,file,file,file,file,file,file,file,file,file,file,file,file,file,file,file,file,file,file,file,file,file,file,file,file,file,file,file
pdf,file,file,file,file,file,file,file,file,file,file,file,file,file,file,file,file,file,file,file,file,file,file,file,file,file,file,file,file,file,file,file,file,file,file,file,file,file
pdist,file,file,file,file,file,file,file,file,file,file,file,file,file,file,file,file,file,file,file,file,file,file,file,file,file,file,file,file,file,file,file,file,file,file,file,file,file
pdist2,file,file,file,file,file,file,file,file,file,file,file,file,file,file,file,file,file,file,file,file,file,file,file,file,file,file,file,file,file,file,file,file,file,file,file,file,file
peak2peak,file,file,file,file,file,file,file,file,file,file,file,file,file,file,file,file,file,file,file,file,file,file,file,file,file,file,file,file,file,file,file,file,file,file,file,file,file
peak2rms,file,file,file,file,file,file,file,file,file,file,file,file,file,file,file,file,file,file,file,file,file,file,file,file,file,file,file,file,file,file,file,file,file,file,file,file,file
peaks,file,file,file,file,file,file,file,file,file,file,file,file,file,file,file,file,file,file,file,file,file,file,file,file,file,file,file,file,file,file,file,file,file,file,file,file,file
pearsrnd,file,file,file,file,file,file,file,file,file,file,file,file,file,file,file,file,file,file,file,file,file,file,file,file,file,file,file,file,file,file,file,file,file,file,file,file,file
peig,file,file,file,file,file,file,file,file,file,file,file,file,file,file,file,file,file,file,file,file,file,file,file,file,file,file,file,file,file,file,file,file,file,file,file,file,file
percentile,file,file,file,file,file,file,file,file,file,file,file,file,file,file,file,file,file,file,file,file,file,file,file,file,file,file,file,file,file,file,file,file,file,file,file,file,file
perfcurve,file,file,file,file,file,file,file,file,file,file,file,file,file,file,file,file,file,file,file,file,file,file,file,file,file,file,file,file,file,file,file,file,file,file,file,file,file
periodogram,file,file,file,file,file,file,file,file,file,file,file,file,file,file,file,file,file,file,file,file,file,file,file,file,file,file,file,file,file,file,file,file,file,file,file,file,file
perms,file,file,file,file,file,file,file,file,file,file,file,file,file,file,file,file,file,file,file,file,file,file,file,file,file,file,file,file,file,file,file,file,file,file,file,file,file
permute,file,builtin-err,builtin-err,builtin-err,builtin-err,file,builtin-err,builtin-err,builtin-err,builtin-err,builtin-err,builtin-err,builtin-err,builtin-err,builtin-err,file,builtin-err,builtin-err,builtin-err,builtin-err,file,builtin-err,builtin-err,builtin-err,builtin-err,builtin-err,builtin-err,builtin-err,builtin-err,builtin-err,builtin-err,builtin-err,builtin-err,builtin-err,file,file,builtin-err
phantom,file,file,file,file,file,file,file,file,file,file,file,file,file,file,file,file,file,file,file,file,file,file,file,file,file,file,file,file,file,file,file,file,file,file,file,file,file
phasedelay,file,file,file,file,file,file,file,file,file,file,file,file,file,file,file,file,file,file,file,file,file,file,file,file,file,file,file,file,file,file,file,file,file,file,file,file,file
phasez,file,file,file,file,file,file,file,file,file,file,file,file,file,file,file,file,file,file,file,file,file,file,file,file,file,file,file,file,file,file,file,file,file,file,file,file,file
pie,file,file,file,file,file,file,file,file,file,file,file,file,file,file,file,file,file,file,file,file,file,file,file,file,file,file,file,file,file,file,file,file,file,file,file,file,file
pie3,file,file,file,file,file,file,file,file,file,file,file,file,file,file,file,file,file,file,file,file,file,file,file,file,file,file,file,file,file,file,file,file,file,file,file,file,file
pinv,file,file,file,file,file,file,file,file,file,file,file,file,file,file,file,file,file,file,file,file,file,file,file,file,file,file,file,file,file,file,file,file,file,file,file,file,file
planerot,file,file,file,file,file,file,file,file,file,file,file,file,file,file,file,file,file,file,file,file,file,file,file,file,file,file,file,file,file,file,file,file,file,file,file,file,file
plomb,file,file,file,file,file,file,file,file,file,file,file,file,file,file,file,file,file,file,file,file,file,file,file,file,file,file,file,file,file,file,file,file,file,file,file,file,file
plot,file,file,file,file,file,file,file,file,file,file,file,file,file,file,file,file,file,file,file,file,file,file,file,file,file,file,file,file,file,file,file,file,file,file,file,file,file
plot3,file,file,file,file,file,file,file,file,file,file,file,file,file,file,file,file,file,file,file,file,file,file,file,file,file,file,file,file,file,file,file,file,file,file,file,file,file
plotmatrix,file,file,file,file,file,file,file,file,file,file,file,file,file,file,file,file,file,file,file,file,file,file,file,file,file,file,file,file,file,file,file,file,file,file,file,file,file
plotyy,file,file,file,file,file,file,file,file,file,file,file,file,file,file,file,file,file,file,file,file,file,file,file,file,file,file,file,file,file,file,file,file,file,file,file,file,file
plsregress,file,file,file,file,file,file,file,file,file,file,file,file,file,file,file,file,file,file,file,file,file,file,file,file,file,file,file,file,file,file,file,file,file,file,file,file,file
plus,file,builtin-err,builtin-err,file,file,file,builtin-err,builtin-err,builtin-err,builtin-err,builtin-err,builtin-err,file,file,builtin,builtin,builtin,file,file,file,file,builtin,builtin,builtin,builtin,builtin,builtin,builtin,builtin,builtin,file,file,file,builtin,builtin,builtin-err,file
pmcov,file,file,file,file,file,file,file,file,file,file,file,file,file,file,file,file,file,file,file,file,file,file,file,file,file,file,file,file,file,file,file,file,file,file,file,file,file
pmem,file,file,file,file,file,file,file,file,file,file,file,file,file,file,file,file,file,file,file,file,file,file,file,file,file,file,file,file,file,file,file,file,file,file,file,file,file
pmtm,file,file,file,file,file,file,file,file,file,file,file,file,file,file,file,file,file,file,file,file,file,file,file,file,file,file,file,file,file,file,file,file,file,file,file,file,file
pmusic,file,file,file,file,file,file,file,file,file,file,file,file,file,file,file,file,file,file,file,file,file,file,file,file,file,file,file,file,file,file,file,file,file,file,file,file,file
poisscdf,file,file,file,file,file,file,file,file,file,file,file,file,file,file,file,file,file,file,file,file,file,file,file,file,file,file,file,file,file,file,file,file,file,file,file,file,file
poissfit,file,file,file,file,file,file,file,file,file,file,file,file,file,file,file,file,file,file,file,file,file,file,file,file,file,file,file,file,file,file,file,file,file,file,file,file,file
poissinv,file,file,file,file,file,file,file,file,file,file,file,file,file,file,file,file,file,file,file,file,file,file,file,file,file,file,file,file,file,file,file,file,file,file,file,file,file
poisspdf,file,file,file,file,file,file,file,file,file,file,file,file,file,file,file,file,file,file,file,file,file,file,file,file,file,file,file,file,file,file,file,file,file,file,file,file,file
poissrnd,file,file,file,file,file,file,file,file,file,file,file,file,file,file,file,file,file,file,file,file,file,file,file,file,file,file,file,file,file,file,file,file,file,file,file,file,file
poisstat,file,file,file,file,file,file,file,file,file,file,file,file,file,file,file,file,file,file,file,file,file,file,file,file,file,file,file,file,file,file,file,file,file,file,file,file,file
pol2cart,file,file,file,file,file,file,file,file,file,file,file,file,file,file,file,file,file,file,file,file,file,file,file,file,file,file,file,file,file,file,file,file,file,file,file,file,file
polar,file,file,file,file,file,file,file,file,file,file,file,file,file,file,file,file,file,file,file,file,file,file,file,file,file,file,file,file,file,file,file,file,file,file,file,file,file
polaraxes,file,file,file,file,file,file,file,file,file,file,file,file,file,file,file,file,file,file,file,file,file,file,file,file,file,file,file,file,file,file,file,file,file,file,file,file,file
polarbubblechart,file,file,file,file,file,file,file,file,file,file,file,file,file,file,file,file,file,file,file,file,file,file,file,file,file,file,file,file,file,file,file,file,file,file,file,file,file
polarhistogram,file,file,file,file,file,file,file,file,file,file,file,file,file,file,file,file,file,file,file,file,file,file,file,file,file,file,file,file,file,file,file,file,file,file,file,file,file
polarplot,file,file,file,file,file,file,file,file,file,file,file,file,file,file,file,file,file,file,file,file,file,file,file,file,file,file,file,file,file,file,file,file,file,file,file,file,file
polarscatter,file,file,file,file,file,file,file,file,file,file,file,file,file,file,file,file,file,file,file,file,file,file,file,file,file,file,file,file,file,file,file,file,file,file,file,file,file
poly,file,file,file,file,file,file,file,file,file,file,file,file,file,file,file,file,file,file,file,file,file,file,file,file,file,file,file,file,file,file,file,file,file,file,file,file,file
poly2ac,file,file,file,file,file,file,file,file,file,file,file,file,file,file,file,file,file,file,file,file,file,file,file,file,file,file,file,file,file,file,file,file,file,file,file,file,file
poly2label,file,file,file,file,file,file,file,file,file,file,file,file,file,file,file,file,file,file,file,file,file,file,file,file,file,file,file,file,file,file,file,file,file,file,file,file,file
poly2lsf,file,file,file,file,file,file,file,file,file,file,file,file,file,file,file,file,file,file,file,file,file,file,file,file,file,file,file,file,file,file,file,file,file,file,file,file,file
poly2mask,file,file,file,file,file,file,file,file,file,file,file,file,file,file,file,file,file,file,file,file,file,file,file,file,file,file,file,file,file,file,file,file,file,file,file,file,file
poly2rc,file,file,file,file,file,file,file,file,file,file,file,file,file,file,file,file,file,file,file,file,file,file,file,file,file,file,file,file,file,file,file,file,file,file,file,file,file
polyarea,file,file,file,file,file,file,file,file,file,file,file,file,file,file,file,file,file,file,file,file,file,file,file,file,file,file,file,file,file,file,file,file,file,file,file,file,file
polyconf,file,file,file,file,file,file,file,file,file,file,file,file,file,file,file,file,file,file,file,file,file,file,file,file,file,file,file,file,file,file,file,file,file,file,file,file,file
polyder,file,file,file,file,file,file,file,file,file,file,file,file,file,file,file,file,file,file,file,file,file,file,file,file,file,file,file,file,file,file,file,file,file,file,file,file,file
polyeig,file,file,file,file,file,file,file,file,file,file,file,file,file,file,file,file,file,file,file,file,file,file,file,file,file,file,file,file,file,file,file,file,file,file,file,file,file
polyfit,file,file,file,file,file,file,file,file,file,file,file,file,file,file,file,file,file,file,file,file,file,file,file,file,file,file,file,file,file,file,file,file,file,file,file,file,file
polyint,file,file,file,file,file,file,file,file,file,file,file,file,file,file,file,file,file,file,file,file,file,file,file,file,file,file,file,file,file,file,file,file,file,file,file,file,file
polyscale,file,file,file,file,file,file,file,file,file,file,file,file,file,file,file,file,file,file,file,file,file,file,file,file,file,file,file,file,file,file,file,file,file,file,file,file,file
polystab,file,file,file,file,file,file,file,file,file,file,file,file,file,file,file,file,file,file,file,file,file,file,file,file,file,file,file,file,file,file,file,file,file,file,file,file,file
polyval,file,file,file,file,file,file,file,file,file,file,file,file,file,file,file,file,file,file,file,file,file,file,file,file,file,file,file,file,file,file,file,file,file,file,file,file,file
polyvalm,file,file,file,file,file,file,file,file,file,file,file,file,file,file,file,file,file,file,file,file,file,file,file,file,file,file,file,file,file,file,file,file,file,file,file,file,file
posixtime,file,file,file,file,file,file,file,file,file,file,builtin,file,file,file,file,file,file,file,file,file,file,file,file,file,file,file,file,builtin-err,builtin-err,file,file,file,file,file,file,file,file
pow,file,file,file,file,file,file,file,file,file,file,file,file,file,file,file,file,file,file,file,file,file,file,file,file,file,file,file,file,file,file,file,file,file,file,file,file,file
pow2,file,builtin,file,file,file,file,file,file,file,builtin,file,file,file,file,builtin,file,file,file,file,file,file,file,builtin-err,file,file,builtin,builtin,file,file,file,file,file,file,file,file,file,file
pow2db,file,file,file,file,file,file,file,file,file,file,file,file,file,file,file,file,file,file,file,file,file,file,file,file,file,file,file,file,file,file,file,file,file,file,file,file,file
power,file,builtin-err,file,file,file,file,builtin-err,builtin-err,builtin-err,builtin-err,file,file,file,file,builtin,file,file,file,file,file,file,builtin-err,builtin,builtin,file,builtin,builtin,file,file,file,file,file,file,file,file,file,file
powerbw,file,file,file,file,file,file,file,file,file,file,file,file,file,file,file,file,file,file,file,file,file,file,file,file,file,file,file,file,file,file,file,file,file,file,file,file,file
ppca,file,file,file,file,file,file,file,file,file,file,file,file,file,file,file,file,file,file,file,file,file,file,file,file,file,file,file,file,file,file,file,file,file,file,file,file,file
ppval,file,file,file,file,file,file,file,file,file,file,file,file,file,file,file,file,file,file,file,file,file,file,file,file,file,file,file,file,file,file,file,file,file,file,file,file,file
prctile,file,file,file,file,file,file,file,file,file,file,file,file,file,file,file,file,file,file,file,file,file,file,file,file,file,file,file,file,file,file,file,file,file,file,file,file,file
primes,file,file,file,file,file,file,file,file,file,file,file,file,file,file,file,file,file,file,file,file,file,file,file,file,file,file,file,file,file,file,file,file,file,file,file,file,file
print,file,file,file,file,file,file,file,file,file,file,file,file,file,file,file,file,file,file,file,file,file,file,file,file,file,file,file,file,file,file,file,file,file,file,file,file,file
printdlg,file,file,file,file,file,file,file,file,file,file,file,file,file,file,file,file,file,file,file,file,file,file,file,file,file,file,file,file,file,file,file,file,file,file,file,file,file
printpreview,file,file,file,file,file,file,file,file,file,file,file,file,file,file,file,file,file,file,file,file,file,file,file,file,file,file,file,file,file,file,file,file,file,file,file,file,file
probplot,file,file,file,file,file,file,file,file,file,file,file,file,file,file,file,file,file,file,file,file,file,file,file,file,file,file,file,file,file,file,file,file,file,file,file,file,file
procrustes,file,file,file,file,file,file,file,file,file,file,file,file,file,file,file,file,file,file,file,file,file,file,file,file,file,file,file,file,file,file,file,file,file,file,file,file,file
prod,file,builtin,file,file,file,file,file,builtin,builtin,builtin,file,file,file,file,builtin-err,file,file,file,file,file,file,builtin-err,builtin-err,file,file,builtin-err,builtin-err,file,file,file,file,file,file,file,file,file,file
proflik,file,file,file,file,file,file,file,file,file,file,file,file,file,file,file,file,file,file,file,file,file,file,file,file,file,file,file,file,file,file,file,file,file,file,file,file,file
projective2d,file,file,file,file,file,file,file,file,file,file,file,file,file,file,file,file,file,file,file,file,file,file,file,file,file,file,file,file,file,file,file,file,file,file,file,file,file
prony,file,file,file,file,file,file,file,file,file,file,file,file,file,file,file,file,file,file,file,file,file,file,file,file,file,file,file,file,file,file,file,file,file,file,file,file,file
properties,file,file,file,file,file,file,file,file,file,builtin,file,file,file,file,file,file,file,file,file,file,file,file,file,file,file,builtin-err,builtin-err,file,file,file,file,file,file,file,file,file,file
psd,file,file,file,file,file,file,file,file,file,file,file,file,file,file,file,file,file,file,file,file,file,file,file,file,file,file,file,file,file,file,file,file,file,file,file,file,file
psf2otf,file,file,file,file,file,file,file,file,file,file,file,file,file,file,file,file,file,file,file,file,file,file,file,file,file,file,file,file,file,file,file,file,file,file,file,file,file
psi,file,builtin,file,file,file,file,file,file,file,file,file,file,file,file,builtin-err,file,file,file,file,file,file,file,builtin-err,file,file,file,file,file,file,file,file,file,file,file,file,file,file
psnr,file,file,file,file,file,file,file,file,file,file,file,file,file,file,file,file,file,file,file,file,file,file,file,file,file,file,file,file,file,file,file,file,file,file,file,file,file
pulseperiod,file,file,file,file,file,file,file,file,file,file,file,file,file,file,file,file,file,file,file,file,file,file,file,file,file,file,file,file,file,file,file,file,file,file,file,file,file
pulsesep,file,file,file,file,file,file,file,file,file,file,file,file,file,file,file,file,file,file,file,file,file,file,file,file,file,file,file,file,file,file,file,file,file,file,file,file,file
pulsewidth,file,file,file,file,file,file,file,file,file,file,file,file,file,file,file,file,file,file,file,file,file,file,file,file,file,file,file,file,file,file,file,file,file,file,file,file,file
pulstran,file,file,file,file,file,file,file,file,file,file,file,file,file,file,file,file,file,file,file,file,file,file,file,file,file,file,file,file,file,file,file,file,file,file,file,file,file
pwd,file,file,file,file,file,file,file,file,file,file,file,file,file,file,file,file,file,file,file,file,file,file,file,file,file,file,file,file,file,file,file,file,file,file,file,file,file
pwelch,file,file,file,file,file,file,file,file,file,file,file,file,file,file,file,file,file,file,file,file,file,file,file,file,file,file,file,file,file,file,file,file,file,file,file,file,file
pyulear,file,file,file,file,file,file,file,file,file,file,file,file,file,file,file,file,file,file,file,file,file,file,file,file,file,file,file,file,file,file,file,file,file,file,file,file,file
qmr,file,file,file,file,file,file,file,file,file,file,file,file,file,file,file,file,file,file,file,file,file,file,file,file,file,file,file,file,file,file,file,file,file,file,file,file,file
qqplot,file,file,file,file,file,file,file,file,file,file,file,file,file,file,file,file,file,file,file,file,file,file,file,file,file,file,file,file,file,file,file,file,file,file,file,file,file
qr,file,builtin,file,file,file,file,file,file,file,file,file,file,file,file,builtin-err,file,file,file,file,file,file,file,builtin-err,file,file,file,file,file,file,file,file,file,file,file,file,file,file
qrdelete,file,file,file,file,file,file,file,file,file,file,file,file,file,file,file,file,file,file,file,file,file,file,file,file,file,file,file,file,file,file,file,file,file,file,file,file,file
qrinsert,file,file,file,file,file,file,file,file,file,file,file,file,file,file,file,file,file,file,file,file,file,file,file,file,file,file,file,file,file,file,file,file,file,file,file,file,file
qrupdate,file,builtin-err,file,file,file,file,file,file,file,file,file,file,file,file,builtin-err,file,file,file,file,file,file,file,builtin-err,file,file,file,file,file,file,file,file,file,file,file,file,file,file
qtdecomp,file,file,file,file,file,file,file,file,file,file,file,file,file,file,file,file,file,file,file,file,file,file,file,file,file,file,file,file,file,file,file,file,file,file,file,file,file
qtgetblk,file,file,file,file,file,file,file,file,file,file,file,file,file,file,file,file,file,file,file,file,file,file,file,file,file,file,file,file,file,file,file,file,file,file,file,file,file
qtsetblk,file,file,file,file,file,file,file,file,file,file,file,file,file,file,file,file,file,file,file,file,file,file,file,file,file,file,file,file,file,file,file,file,file,file,file,file,file
quad,file,file,file,file,file,file,file,file,file,file,file,file,file,file,file,file,file,file,file,file,file,file,file,file,file,file,file,file,file,file,file,file,file,file,file,file,file
quad2d,file,file,file,file,file,file,file,file,file,file,file,file,file,file,file,file,file,file,file,file,file,file,file,file,file,file,file,file,file,file,file,file,file,file,file,file,file
quadgk,file,file,file,file,file,file,file,file,file,file,file,file,file,file,file,file,file,file,file,file,file,file,file,file,file,file,file,file,file,file,file,file,file,file,file,file,file
quadl,file,file,file,file,file,file,file,file,file,file,file,file,file,file,file,file,file,file,file,file,file,file,file,file,file,file,file,file,file,file,file,file,file,file,file,file,file
quadv,file,file,file,file,file,file,file,file,file,file,file,file,file,file,file,file,file,file,file,file,file,file,file,file,file,file,file,file,file,file,file,file,file,file,file,file,file
quantile,file,file,file,file,file,file,file,file,file,file,file,file,file,file,file,file,file,file,file,file,file,file,file,file,file,file,file,file,file,file,file,file,file,file,file,file,file
quarter,file,file,file,file,file,file,file,file,file,file,builtin,file,file,file,file,file,file,file,file,file,file,file,file,file,file,file,file,builtin-err,builtin-err,file,file,file,file,file,file,file,file
quit,file,file,file,file,file,file,file,file,file,file,file,file,file,file,file,file,file,file,file,file,file,file,file,file,file,file,file,file,file,file,file,file,file,file,file,file,file
quiver,file,file,file,file,file,file,file,file,file,file,file,file,file,file,file,file,file,file,file,file,file,file,file,file,file,file,file,file,file,file,file,file,file,file,file,file,file
quiver3,file,file,file,file,file,file,file,file,file,file,file,file,file,file,file,file,file,file,file,file,file,file,file,file,file,file,file,file,file,file,file,file,file,file,file,file,file
qz,file,builtin-err,file,file,file,file,file,file,file,file,file,file,file,file,builtin,file,file,file,file,file,file,file,builtin-err,file,file,file,file,file,file,file,file,file,file,file,file,file,file
rad2deg,file,file,file,file,file,file,file,file,file,file,file,file,file,file,file,file,file,file,file,file,file,file,file,file,file,file,file,file,file,file,file,file,file,file,file,file,file
radon,file,file,file,file,file,file,file,file,file,file,file,file,file,file,file,file,file,file,file,file,file,file,file,file,file,file,file,file,file,file,file,file,file,file,file,file,file
rainflow,file,file,file,file,file,file,file,file,file,file,file,file,file,file,file,file,file,file,file,file,file,file,file,file,file,file,file,file,file,file,file,file,file,file,file,file,file
rand,file,file,file,file,file,file,file,file,file,file,file,file,file,file,file,file,file,file,file,file,file,file,file,file,file,file,file,file,file,file,file,file,file,file,file,file,file
randg,file,file,file,file,file,file,file,file,file,file,file,file,file,file,file,file,file,file,file,file,file,file,file,file,file,file,file,file,file,file,file,file,file,file,file,file,file
randi,file,file,file,file,file,file,file,file,file,file,file,file,file,file,file,file,file,file,file,file,file,file,file,file,file,file,file,file,file,file,file,file,file,file,file,file,file
randn,file,file,file,file,file,file,file,file,file,file,file,file,file,file,file,file,file,file,file,file,file,file,file,file,file,file,file,file,file,file,file,file,file,file,file,file,file
random,file,file,file,file,file,file,file,file,file,file,file,file,file,file,file,file,file,file,file,file,file,file,file,file,file,file,file,file,file,file,file,file,file,file,file,file,file
randperm,file,file,file,file,file,file,file,file,file,file,file,file,file,file,file,file,file,file,file,file,file,file,file,file,file,file,file,file,file,file,file,file,file,file,file,file,file
randsample,file,file,file,file,file,file,file,file,file,file,file,file,file,file,file,file,file,file,file,file,file,file,file,file,file,file,file,file,file,file,file,file,file,file,file,file,file
range,file,file,file,file,file,file,file,file,file,file,file,file,file,file,file,file,file,file,file,file,file,file,file,file,file,file,file,file,file,file,file,file,file,file,file,file,file
rangefilt,file,file,file,file,file,file,file,file,file,file,file,file,file,file,file,file,file,file,file,file,file,file,file,file,file,file,file,file,file,file,file,file,file,file,file,file,file
rangesearch,file,file,file,file,file,file,file,file,file,file,file,file,file,file,file,file,file,file,file,file,file,file,file,file,file,file,file,file,file,file,file,file,file,file,file,file,file
rank,file,file,file,file,file,file,file,file,file,file,file,file,file,file,file,file,file,file,file,file,file,file,file,file,file,file,file,file,file,file,file,file,file,file,file,file,file
ranksum,file,file,file,file,file,file,file,file,file,file,file,file,file,file,file,file,file,file,file,file,file,file,file,file,file,file,file,file,file,file,file,file,file,file,file,file,file
rat,file,file,file,file,file,file,file,file,file,file,file,file,file,file,file,file,file,file,file,file,file,file,file,file,file,file,file,file,file,file,file,file,file,file,file,file,file
rats,file,file,file,file,file,file,file,file,file,file,file,file,file,file,file,file,file,file,file,file,file,file,file,file,file,file,file,file,file,file,file,file,file,file,file,file,file
raylcdf,file,file,file,file,file,file,file,file,file,file,file,file,file,file,file,file,file,file,file,file,file,file,file,file,file,file,file,file,file,file,file,file,file,file,file,file,file
raylfit,file,file,file,file,file,file,file,file,file,file,file,file,file,file,file,file,file,file,file,file,file,file,file,file,file,file,file,file,file,file,file,file,file,file,file,file,file
raylinv,file,file,file,file,file,file,file,file,file,file,file,file,file,file,file,file,file,file,file,file,file,file,file,file,file,file,file,file,file,file,file,file,file,file,file,file,file
raylpdf,file,file,file,file,file,file,file,file,file,file,file,file,file,file,file,file,file,file,file,file,file,file,file,file,file,file,file,file,file,file,file,file,file,file,file,file,file
raylrnd,file,file,file,file,file,file,file,file,file,file,file,file,file,file,file,file,file,file,file,file,file,file,file,file,file,file,file,file,file,file,file,file,file,file,file,file,file
raylstat,file,file,file,file,file,file,file,file,file,file,file,file,file,file,file,file,file,file,file,file,file,file,file,file,file,file,file,file,file,file,file,file,file,file,file,file,file
rc2ac,file,file,file,file,file,file,file,file,file,file,file,file,file,file,file,file,file,file,file,file,file,file,file,file,file,file,file,file,file,file,file,file,file,file,file,file,file
rc2is,file,file,file,file,file,file,file,file,file,file,file,file,file,file,file,file,file,file,file,file,file,file,file,file,file,file,file,file,file,file,file,file,file,file,file,file,file
rc2lar,file,file,file,file,file,file,file,file,file,file,file,file,file,file,file,file,file,file,file,file,file,file,file,file,file,file,file,file,file,file,file,file,file,file,file,file,file
rc2poly,file,file,file,file,file,file,file,file,file,file,file,file,file,file,file,file,file,file,file,file,file,file,file,file,file,file,file,file,file,file,file,file,file,file,file,file,file
rceps,file,file,file,file,file,file,file,file,file,file,file,file,file,file,file,file,file,file,file,file,file,file,file,file,file,file,file,file,file,file,file,file,file,file,file,file,file
rcond,file,builtin,file,file,file,file,file,file,file,file,file,file,file,file,builtin-err,file,file,file,file,file,file,file,builtin-err,file,file,file,file,file,file,file,file,file,file,file,file,file,file
rcoplot,file,file,file,file,file,file,file,file,file,file,file,file,file,file,file,file,file,file,file,file,file,file,file,file,file,file,file,file,file,file,file,file,file,file,file,file,file
rcosdesign,file,file,file,file,file,file,file,file,file,file,file,file,file,file,file,file,file,file,file,file,file,file,file,file,file,file,file,file,file,file,file,file,file,file,file,file,file
rdivide,file,builtin-err,file,file,file,file,builtin-err,builtin-err,builtin-err,builtin-err,file,builtin-err,file,file,builtin,file,file,file,file,file,file,builtin,builtin,builtin,file,builtin,builtin,file,file,builtin-err,file,file,file,file,file,file,file
readcell,file,file,file,file,file,file,file,file,file,file,file,file,file,file,file,file,file,file,file,file,file,file,file,file,file,file,file,file,file,file,file,file,file,file,file,file,file
readcsv,file,file,file,file,file,file,file,file,file,file,file,file,file,file,file,file,file,file,file,file,file,file,file,file,file,file,file,file,file,file,file,file,file,file,file,file,file
readlines,file,file,file,file,file,file,file,file,file,file,file,file,file,file,file,file,file,file,file,file,file,file,file,file,file,file,file,file,file,file,file,file,file,file,file,file,file
readmatrix,file,file,file,file,file,file,file,file,file,file,file,file,file,file,file,file,file,file,file,file,file,file,file,file,file,file,file,file,file,file,file,file,file,file,file,file,file
readtable,file,file,file,file,file,file,file,file,file,file,file,file,file,file,file,file,file,file,file,file,file,file,file,file,file,file,file,file,file,file,file,file,file,file,file,file,file
readtimetable,file,file,file,file,file,file,file,file,file,file,file,file,file,file,file,file,file,file,file,file,file,file,file,file,file,file,file,file,file,file,file,file,file,file,file,file,file
readxlsx,file,file,file,file,file,file,file,file,file,file,file,file,file,file,file,file,file,file,file,file,file,file,file,file,file,file,file,file,file,file,file,file,file,file,file,file,file
real,file,builtin,file,file,file,file,builtin,builtin,builtin,file,file,file,file,file,builtin-err,file,file,file,file,file,file,builtin-err,builtin-err,builtin-err,file,file,file,file,file,file,file,file,file,file,file,file,file
reallog,file,file,file,file,file,file,file,file,file,builtin-err,file,file,file,file,file,file,file,file,file,file,file,file,file,file,file,builtin-err,builtin-err,file,file,file,file,file,file,file,file,file,file
realmax,file,file,file,file,file,file,file,file,file,file,file,file,file,file,file,file,file,file,file,file,file,file,file,file,file,file,file,file,file,file,file,file,file,file,file,file,file
realmin,file,file,file,file,file,file,file,file,file,file,file,file,file,file,file,file,file,file,file,file,file,file,file,file,file,file,file,file,file,file,file,file,file,file,file,file,file
realpow,file,file,file,file,file,file,file,file,file,builtin-err,file,file,file,file,file,file,file,file,file,file,file,file,file,file,file,builtin-err,builtin-err,file,file,file,file,file,file,file,file,file,file
realsqrt,file,file,file,file,file,file,file,file,file,builtin-err,file,file,file,file,file,file,file,file,file,file,file,file,file,file,file,builtin-err,builtin-err,file,file,file,file,file,file,file,file,file,file
rectangle,file,file,file,file,file,file,file,file,file,file,file,file,file,file,file,file,file,file,file,file,file,file,file,file,file,file,file,file,file,file,file,file,file,file,file,file,file
rectint,file,file,file,file,file,file,file,file,file,file,file,file,file,file,file,file,file,file,file,file,file,file,file,file,file,file,file,file,file,file,file,file,file,file,file,file,file
rectpuls,file,file,file,file,file,file,file,file,file,file,file,file,file,file,file,file,file,file,file,file,file,file,file,file,file,file,file,file,file,file,file,file,file,file,file,file,file
rectwin,file,file,file,file,file,file,file,file,file,file,file,file,file,file,file,file,file,file,file,file,file,file,file,file,file,file,file,file,file,file,file,file,file,file,file,file,file
recycle,file,file,file,file,file,file,file,file,file,file,file,file,file,file,file,file,file,file,file,file,file,file,file,file,file,file,file,file,file,file,file,file,file,file,file,file,file
reducepatch,file,file,file,file,file,file,file,file,file,file,file,file,file,file,file,file,file,file,file,file,file,file,file,file,file,file,file,file,file,file,file,file,file,file,file,file,file
reducepoly,file,file,file,file,file,file,file,file,file,file,file,file,file,file,file,file,file,file,file,file,file,file,file,file,file,file,file,file,file,file,file,file,file,file,file,file,file
reducevolume,file,file,file,file,file,file,file,file,file,file,file,file,file,file,file,file,file,file,file,file,file,file,file,file,file,file,file,file,file,file,file,file,file,file,file,file,file
refcurve,file,file,file,file,file,file,file,file,file,file,file,file,file,file,file,file,file,file,file,file,file,file,file,file,file,file,file,file,file,file,file,file,file,file,file,file,file
refline,file,file,file,file,file,file,file,file,file,file,file,file,file,file,file,file,file,file,file,file,file,file,file,file,file,file,file,file,file,file,file,file,file,file,file,file,file
refresh,file,file,file,file,file,file,file,file,file,file,file,file,file,file,file,file,file,file,file,file,file,file,file,file,file,file,file,file,file,file,file,file,file,file,file,file,file
refreshdata,file,file,file,file,file,file,file,file,file,file,file,file,file,file,file,file,file,file,file,file,file,file,file,file,file,file,file,file,file,file,file,file,file,file,file,file,file
regexpi,file,file,file,file,file,file,file,file,file,file,file,file,file,file,file,file,file,file,file,file,file,file,file,file,file,file,file,file,file,file,file,file,file,file,file,file,file
regexprep,file,file,file,file,file,file,file,file,file,file,file,file,file,file,file,file,file,file,file,file,file,file,file,file,file,file,file,file,file,file,file,file,file,file,file,file,file
regexptranslate,file,file,file,file,file,file,file,file,file,file,file,file,file,file,file,file,file,file,file,file,file,file,file,file,file,file,file,file,file,file,file,file,file,file,file,file,file
regionZoomInteraction,file,file,file,file,file,file,file,file,file,file,file,file,file,file,file,file,file,file,file,file,file,file,file,file,file,file,file,file,file,file,file,file,file,file,file,file,file
regionfill,file,file,file,file,file,file,file,file,file,file,file,file,file,file,file,file,file,file,file,file,file,file,file,file,file,file,file,file,file,file,file,file,file,file,file,file,file
regionprops,file,file,file,file,file,file,file,file,file,file,file,file,file,file,file,file,file,file,file,file,file,file,file,file,file,file,file,file,file,file,file,file,file,file,file,file,file
regionprops3,file,file,file,file,file,file,file,file,file,file,file,file,file,file,file,file,file,file,file,file,file,file,file,file,file,file,file,file,file,file,file,file,file,file,file,file,file
regress,file,file,file,file,file,file,file,file,file,file,file,file,file,file,file,file,file,file,file,file,file,file,file,file,file,file,file,file,file,file,file,file,file,file,file,file,file
regstats,file,file,file,file,file,file,file,file,file,file,file,file,file,file,file,file,file,file,file,file,file,file,file,file,file,file,file,file,file,file,file,file,file,file,file,file,file
rem,file,builtin-err,file,file,file,file,builtin-err,builtin-err,builtin-err,builtin-err,file,builtin-err,file,file,builtin,file,file,file,file,file,file,builtin,builtin,builtin,file,builtin,builtin,file,file,builtin,file,file,file,file,file,file,file
remez,file,file,file,file,file,file,file,file,file,file,file,file,file,file,file,file,file,file,file,file,file,file,file,file,file,file,file,file,file,file,file,file,file,file,file,file,file
remezord,file,file,file,file,file,file,file,file,file,file,file,file,file,file,file,file,file,file,file,file,file,file,file,file,file,file,file,file,file,file,file,file,file,file,file,file,file
remove,file,file,file,file,file,file,file,file,file,file,file,file,file,builtin-err,file,file,file,file,file,file,file,file,file,file,file,file,file,file,file,file,file,file,builtin,file,file,file,file
removeToolbarExplorationButtons,file,file,file,file,file,file,file,file,file,file,file,file,file,file,file,file,file,file,file,file,file,file,file,file,file,file,file,file,file,file,file,file,file,file,file,file,file
rendererinfo,file,file,file,file,file,file,file,file,file,file,file,file,file,file,file,file,file,file,file,file,file,file,file,file,file,file,file,file,file,file,file,file,file,file,file,file,file
repelem,file,builtin-err,file,file,file,file,builtin-err,builtin-err,builtin-err,builtin-err,file,file,file,file,builtin-err,file,file,file,file,file,file,builtin-err,builtin-err,builtin-err,file,builtin-err,builtin-err,file,file,file,file,file,file,file,file,file,file
replace,file,file,builtin-err,file,file,file,file,file,file,file,file,file,file,file,file,file,builtin-err,file,file,file,file,file,file,file,builtin-err,file,file,file,file,file,file,file,file,builtin-err,file,file,file
replaceBetween,file,file,builtin-err,file,file,file,file,file,file,file,file,file,file,file,file,file,builtin-err,file,file,file,file,file,file,file,builtin-err,file,file,file,file,file,file,file,file,builtin-err,file,file,file
repmat,file,builtin-err,file,file,file,file,builtin-err,builtin-err,builtin-err,file,file,file,file,file,builtin-err,file,file,file,file,file,file,builtin-err,builtin-err,builtin-err,file,file,file,file,file,file,file,file,file,file,file,file,file
resample,file,file,file,file,file,file,file,file,file,file,file,file,file,file,file,file,file,file,file,file,file,file,file,file,file,file,file,file,file,file,file,file,file,file,file,file,file
rescale,file,file,file,file,file,file,file,file,file,file,file,file,file,file,file,file,file,file,file,file,file,file,file,file,file,file,file,file,file,file,file,file,file,file,file,file,file
reset,file,file,file,file,file,file,file,file,file,file,file,file,file,file,file,file,file,file,file,file,file,file,file,file,file,file,file,file,file,file,file,file,file,file,file,file,file
reshape,file,builtin-err,builtin-err,builtin-err,builtin-err,file,builtin-err,builtin-err,builtin-err,builtin-err,builtin-err,builtin-err,builtin-err,builtin-err,builtin-err,file,builtin-err,builtin-err,builtin-err,builtin-err,file,builtin-err,builtin-err,builtin-err,builtin-err,builtin-err,builtin-err,builtin-err,builtin-err,builtin-err,builtin-err,builtin-err,builtin-err,builtin-err,file,file,builtin-err
residue,file,file,file,file,file,file,file,file,file,file,file,file,file,file,file,file,file,file,file,file,file,file,file,file,file,file,file,file,file,file,file,file,file,file,file,file,file
residuez,file,file,file,file,file,file,file,file,file,file,file,file,file,file,file,file,file,file,file,file,file,file,file,file,file,file,file,file,file,file,file,file,file,file,file,file,file
rethrow,file,file,file,file,file,file,file,file,file,file,file,file,file,file,file,file,file,file,file,file,file,file,file,file,file,file,file,file,file,file,file,file,file,file,file,file,file
reverse,file,file,builtin,file,file,file,file,file,file,file,file,file,file,file,file,file,builtin-err,file,file,file,file,file,file,file,builtin-err,file,file,file,file,file,file,file,file,builtin-err,file,file,file
rffreq,file,file,file,file,file,file,file,file,file,file,file,file,file,file,file,file,file,file,file,file,file,file,file,file,file,file,file,file,file,file,file,file,file,file,file,file,file
rfparam,file,file,file,file,file,file,file,file,file,file,file,file,file,file,file,file,file,file,file,file,file,file,file,file,file,file,file,file,file,file,file,file,file,file,file,file,file
rfplot,file,file,file,file,file,file,file,file,file,file,file,file,file,file,file,file,file,file,file,file,file,file,file,file,file,file,file,file,file,file,file,file,file,file,file,file,file
rgb2gray,file,file,file,file,file,file,file,file,file,file,file,file,file,file,file,file,file,file,file,file,file,file,file,file,file,file,file,file,file,file,file,file,file,file,file,file,file
rgb2hsv,file,file,file,file,file,file,file,file,file,file,file,file,file,file,file,file,file,file,file,file,file,file,file,file,file,file,file,file,file,file,file,file,file,file,file,file,file
rgb2ind,file,file,file,file,file,file,file,file,file,file,file,file,file,file,file,file,file,file,file,file,file,file,file,file,file,file,file,file,file,file,file,file,file,file,file,file,file
rgb2lab,file,file,file,file,file,file,file,file,file,file,file,file,file,file,file,file,file,file,file,file,file,file,file,file,file,file,file,file,file,file,file,file,file,file,file,file,file
rgb2lightness,file,file,file,file,file,file,file,file,file,file,file,file,file,file,file,file,file,file,file,file,file,file,file,file,file,file,file,file,file,file,file,file,file,file,file,file,file
rgb2lin,file,file,file,file,file,file,file,file,file,file,file,file,file,file,file,file,file,file,file,file,file,file,file,file,file,file,file,file,file,file,file,file,file,file,file,file,file
rgb2ntsc,file,file,file,file,file,file,file,file,file,file,file,file,file,file,file,file,file,file,file,file,file,file,file,file,file,file,file,file,file,file,file,file,file,file,file,file,file
rgb2xyz,file,file,file,file,file,file,file,file,file,file,file,file,file,file,file,file,file,file,file,file,file,file,file,file,file,file,file,file,file,file,file,file,file,file,file,file,file
rgb2ycbcr,file,file,file,file,file,file,file,file,file,file,file,file,file,file,file,file,file,file,file,file,file,file,file,file,file,file,file,file,file,file,file,file,file,file,file,file,file
rgbplot,file,file,file,file,file,file,file,file,file,file,file,file,file,file,file,file,file,file,file,file,file,file,file,file,file,file,file,file,file,file,file,file,file,file,file,file,file
ribbon,file,file,file,file,file,file,file,file,file,file,file,file,file,file,file,file,file,file,file,file,file,file,file,file,file,file,file,file,file,file,file,file,file,file,file,file,file
ridge,file,file,file,file,file,file,file,file,file,file,file,file,file,file,file,file,file,file,file,file,file,file,file,file,file,file,file,file,file,file,file,file,file,file,file,file,file
rigid2d,file,file,file,file,file,file,file,file,file,file,file,file,file,file,file,file,file,file,file,file,file,file,file,file,file,file,file,file,file,file,file,file,file,file,file,file,file
risetime,file,file,file,file,file,file,file,file,file,file,file,file,file,file,file,file,file,file,file,file,file,file,file,file,file,file,file,file,file,file,file,file,file,file,file,file,file
rlevinson,file,file,file,file,file,file,file,file,file,file,file,file,file,file,file,file,file,file,file,file,file,file,file,file,file,file,file,file,file,file,file,file,file,file,file,file,file
rlim,file,file,file,file,file,file,file,file,file,file,file,file,file,file,file,file,file,file,file,file,file,file,file,file,file,file,file,file,file,file,file,file,file,file,file,file,file
rmappdata,file,file,file,file,file,file,file,file,file,file,file,file,file,file,file,file,file,file,file,file,file,file,file,file,file,file,file,file,file,file,file,file,file,file,file,file,file
rmdir,file,file,file,file,file,file,file,file,file,file,file,file,file,file,file,file,file,file,file,file,file,file,file,file,file,file,file,file,file,file,file,file,file,file,file,file,file
rmfield,file,file,file,file,file,file,file,file,file,file,file,file,file,file,file,file,file,file,file,file,file,file,file,file,file,file,file,file,file,file,file,file,file,file,file,file,file
rmmissing,file,file,file,file,file,file,file,file,file,file,file,file,file,file,file,file,file,file,file,file,file,file,file,file,file,file,file,file,file,file,file,file,file,file,file,file,file
rmoutliers,file,file,file,file,file,file,file,file,file,file,file,file,file,file,file,file,file,file,file,file,file,file,file,file,file,file,file,file,file,file,file,file,file,file,file,file,file
rmpath,file,file,file,file,file,file,file,file,file,file,file,file,file,file,file,file,file,file,file,file,file,file,file,file,file,file,file,file,file,file,file,file,file,file,file,file,file
rms,file,file,file,file,file,file,file,file,file,file,file,file,file,file,file,file,file,file,file,file,file,file,file,file,file,file,file,file,file,file,file,file,file,file,file,file,file
rmse,file,file,file,file,file,file,file,file,file,file,file,file,file,file,file,file,file,file,file,file,file,file,file,file,file,file,file,file,file,file,file,file,file,file,file,file,file
rng,file,file,file,file,file,file,file,file,file,file,file,file,file,file,file,file,file,file,file,file,file,file,file,file,file,file,file,file,file,file,file,file,file,file,file,file,file
robustcov,file,file,file,file,file,file,file,file,file,file,file,file,file,file,file,file,file,file,file,file,file,file,file,file,file,file,file,file,file,file,file,file,file,file,file,file,file
robustfit,file,file,file,file,file,file,file,file,file,file,file,file,file,file,file,file,file,file,file,file,file,file,file,file,file,file,file,file,file,file,file,file,file,file,file,file,file
roicolor,file,file,file,file,file,file,file,file,file,file,file,file,file,file,file,file,file,file,file,file,file,file,file,file,file,file,file,file,file,file,file,file,file,file,file,file,file
roifilt2,file,file,file,file,file,file,file,file,file,file,file,file,file,file,file,file,file,file,file,file,file,file,file,file,file,file,file,file,file,file,file,file,file,file,file,file,file
roipoly,file,file,file,file,file,file,file,file,file,file,file,file,file,file,file,file,file,file,file,file,file,file,file,file,file,file,file,file,file,file,file,file,file,file,file,file,file
rooteig,file,file,file,file,file,file,file,file,file,file,file,file,file,file,file,file,file,file,file,file,file,file,file,file,file,file,file,file,file,file,file,file,file,file,file,file,file
rootmusic,file,file,file,file,file,file,file,file,file,file,file,file,file,file,file,file,file,file,file,file,file,file,file,file,file,file,file,file,file,file,file,file,file,file,file,file,file
roots,file,file,file,file,file,file,file,file,file,file,file,file,file,file,file,file,file,file,file,file,file,file,file,file,file,file,file,file,file,file,file,file,file,file,file,file,file
rose,file,file,file,file,file,file,file,file,file,file,file,file,file,file,file,file,file,file,file,file,file,file,file,file,file,file,file,file,file,file,file,file,file,file,file,file,file
rosser,file,file,file,file,file,file,file,file,file,file,file,file,file,file,file,file,file,file,file,file,file,file,file,file,file,file,file,file,file,file,file,file,file,file,file,file,file
rot90,file,file,file,file,file,file,file,file,file,file,file,file,file,file,file,file,file,file,file,file,file,file,file,file,file,file,file,file,file,file,file,file,file,file,file,file,file
rotate,file,file,file,file,file,file,file,file,file,file,file,file,file,file,file,file,file,file,file,file,file,file,file,file,file,file,file,file,file,file,file,file,file,file,file,file,file
rotate3d,file,file,file,file,file,file,file,file,file,file,file,file,file,file,file,file,file,file,file,file,file,file,file,file,file,file,file,file,file,file,file,file,file,file,file,file,file
rotateInteraction,file,file,file,file,file,file,file,file,file,file,file,file,file,file,file,file,file,file,file,file,file,file,file,file,file,file,file,file,file,file,file,file,file,file,file,file,file
rotatefactors,file,file,file,file,file,file,file,file,file,file,file,file,file,file,file,file,file,file,file,file,file,file,file,file,file,file,file,file,file,file,file,file,file,file,file,file,file
round,file,builtin,file,file,file,file,file,builtin,builtin,builtin,builtin-err,builtin,file,file,builtin-err,file,file,file,file,file,file,builtin-err,builtin-err,file,file,builtin-err,builtin-err,builtin-err,builtin-err,builtin-err,file,file,file,file,file,file,file
rowcount,file,file,file,file,file,file,file,file,file,file,file,file,file,file,file,file,file,file,file,file,file,file,file,file,file,file,file,file,file,file,file,file,file,file,file,file,file
rpmfreqmap,file,file,file,file,file,file,file,file,file,file,file,file,file,file,file,file,file,file,file,file,file,file,file,file,file,file,file,file,file,file,file,file,file,file,file,file,file
rpmordermap,file,file,file,file,file,file,file,file,file,file,file,file,file,file,file,file,file,file,file,file,file,file,file,file,file,file,file,file,file,file,file,file,file,file,file,file,file
rref,file,file,file,file,file,file,file,file,file,file,file,file,file,file,file,file,file,file,file,file,file,file,file,file,file,file,file,file,file,file,file,file,file,file,file,file,file
rsf2csf,file,file,file,file,file,file,file,file,file,file,file,file,file,file,file,file,file,file,file,file,file,file,file,file,file,file,file,file,file,file,file,file,file,file,file,file,file
rssq,file,file,file,file,file,file,file,file,file,file,file,file,file,file,file,file,file,file,file,file,file,file,file,file,file,file,file,file,file,file,file,file,file,file,file,file,file
rtickangle,file,file,file,file,file,file,file,file,file,file,file,file,file,file,file,file,file,file,file,file,file,file,file,file,file,file,file,file,file,file,file,file,file,file,file,file,file
rtickformat,file,file,file,file,file,file,file,file,file,file,file,file,file,file,file,file,file,file,file,file,file,file,file,file,file,file,file,file,file,file,file,file,file,file,file,file,file
rticklabels,file,file,file,file,file,file,file,file,file,file,file,file,file,file,file,file,file,file,file,file,file,file,file,file,file,file,file,file,file,file,file,file,file,file,file,file,file
rticks,file,file,file,file,file,file,file,file,file,file,file,file,file,file,file,file,file,file,file,file,file,file,file,file,file,file,file,file,file,file,file,file,file,file,file,file,file
ruler2num,file,file,file,file,file,file,file,file,file,file,file,file,file,file,file,file,file,file,file,file,file,file,file,file,file,file,file,file,file,file,file,file,file,file,file,file,file
rulerPanInteraction,file,file,file,file,file,file,file,file,file,file,file,file,file,file,file,file,file,file,file,file,file,file,file,file,file,file,file,file,file,file,file,file,file,file,file,file,file
run,file,file,file,file,file,file,file,file,file,file,file,file,file,file,file,file,file,file,file,file,file,file,file,file,file,file,file,file,file,file,file,file,file,file,file,file,file
runstest,file,file,file,file,file,file,file,file,file,file,file,file,file,file,file,file,file,file,file,file,file,file,file,file,file,file,file,file,file,file,file,file,file,file,file,file,file
s2abcd,file,file,file,file,file,file,file,file,file,file,file,file,file,file,file,file,file,file,file,file,file,file,file,file,file,file,file,file,file,file,file,file,file,file,file,file,file
s2y,file,file,file,file,file,file,file,file,file,file,file,file,file,file,file,file,file,file,file,file,file,file,file,file,file,file,file,file,file,file,file,file,file,file,file,file,file
s2z,file,file,file,file,file,file,file,file,file,file,file,file,file,file,file,file,file,file,file,file,file,file,file,file,file,file,file,file,file,file,file,file,file,file,file,file,file
sampsizepwr,file,file,file,file,file,file,file,file,file,file,file,file,file,file,file,file,file,file,file,file,file,file,file,file,file,file,file,file,file,file,file,file,file,file,file,file,file
save,file,file,file,file,file,file,file,file,file,file,file,file,file,file,file,file,file,file,file,file,file,file,file,file,file,file,file,file,file,file,file,file,file,file,file,file,file
saveas,file,file,file,file,file,file,file,file,file,file,file,file,file,file,file,file,file,file,file,file,file,file,file,file,file,file,file,file,file,file,file,file,file,file,file,file,file
savefig,file,file,file,file,file,file,file,file,file,file,file,file,file,file,file,file,file,file,file,file,file,file,file,file,file,file,file,file,file,file,file,file,file,file,file,file,file
savefigure,file,file,file,file,file,file,file,file,file,file,file,file,file,file,file,file,file,file,file,file,file,file,file,file,file,file,file,file,file,file,file,file,file,file,file,file,file
sawtooth,file,file,file,file,file,file,file,file,file,file,file,file,file,file,file,file,file,file,file,file,file,file,file,file,file,file,file,file,file,file,file,file,file,file,file,file,file
scaleFilterSections,file,file,file,file,file,file,file,file,file,file,file,file,file,file,file,file,file,file,file,file,file,file,file,file,file,file,file,file,file,file,file,file,file,file,file,file,file
scatter,file,file,file,file,file,file,file,file,file,file,file,file,file,file,file,file,file,file,file,file,file,file,file,file,file,file,file,file,file,file,file,file,file,file,file,file,file
scatter3,file,file,file,file,file,file,file,file,file,file,file,file,file,file,file,file,file,file,file,file,file,file,file,file,file,file,file,file,file,file,file,file,file,file,file,file,file
scatteredInterpolant,builtin,builtin-err,builtin-err,builtin-err,builtin-err,builtin-err,builtin-err,builtin-err,builtin-err,builtin-err,builtin-err,builtin-err,builtin-err,builtin-err,builtin-err,builtin-err,builtin-err,builtin-err,builtin-err,builtin-err,builtin-err,builtin-err,builtin-err,builtin-err,builtin-err,builtin-err,builtin-err,builtin-err,builtin-err,builtin-err,builtin-err,builtin-err,builtin-err,builtin-err,builtin-err,builtin-err,builtin-err
scatterhist,file,file,file,file,file,file,file,file,file,file,file,file,file,file,file,file,file,file,file,file,file,file,file,file,file,file,file,file,file,file,file,file,file,file,file,file,file
scatterhistogram,file,file,file,file,file,file,file,file,file,file,file,file,file,file,file,file,file,file,file,file,file,file,file,file,file,file,file,file,file,file,file,file,file,file,file,file,file
schur,file,file,file,file,file,file,file,file,file,file,file,file,file,file,file,file,file,file,file,file,file,file,file,file,file,file,file,file,file,file,file,file,file,file,file,file,file
schurrc,file,file,file,file,file,file,file,file,file,file,file,file,file,file,file,file,file,file,file,file,file,file,file,file,file,file,file,file,file,file,file,file,file,file,file,file,file
sec,file,file,file,file,file,file,file,file,file,builtin-err,file,file,file,file,file,file,file,file,file,file,file,file,file,file,file,builtin-err,builtin-err,file,file,file,file,file,file,file,file,file,file
secd,file,file,file,file,file,file,file,file,file,builtin-err,file,file,file,file,file,file,file,file,file,file,file,file,file,file,file,builtin-err,builtin-err,file,file,file,file,file,file,file,file,file,file
sech,file,file,file,file,file,file,file,file,file,builtin-err,file,file,file,file,file,file,file,file,file,file,file,file,file,file,file,builtin-err,builtin-err,file,file,file,file,file,file,file,file,file,file
second,file,file,file,file,file,file,file,file,file,file,builtin,file,file,file,file,file,file,file,file,file,file,file,file,file,file,file,file,builtin-err,builtin-err,file,file,file,file,file,file,file,file
semilogx,file,file,file,file,file,file,file,file,file,file,file,file,file,file,file,file,file,file,file,file,file,file,file,file,file,file,file,file,file,file,file,file,file,file,file,file,file
semilogy,file,file,file,file,file,file,file,file,file,file,file,file,file,file,file,file,file,file,file,file,file,file,file,file,file,file,file,file,file,file,file,file,file,file,file,file,file
seqperiod,file,file,file,file,file,file,file,file,file,file,file,file,file,file,file,file,file,file,file,file,file,file,file,file,file,file,file,file,file,file,file,file,file,file,file,file,file
set,file,file,file,file,file,file,file,file,file,file,file,file,file,file,file,file,file,file,file,file,file,file,file,file,file,file,file,file,file,file,file,file,file,file,file,file,file
setappdata,file,file,file,file,file,file,file,file,file,file,file,file,file,file,file,file,file,file,file,file,file,file,file,file,file,file,file,file,file,file,file,file,file,file,file,file,file
setdiff,file,file,file,builtin-err,file,file,file,file,file,builtin-err,builtin-err,builtin-err,builtin-err,file,file,file,file,builtin-err,builtin-err,file,file,file,file,file,file,builtin-err,builtin-err,builtin-err,builtin-err,builtin,builtin-err,file,file,file,file,file,builtin-err
setenv,file,file,file,file,file,file,file,file,file,file,file,file,file,file,file,file,file,file,file,file,file,file,file,file,file,file,file,file,file,file,file,file,file,file,file,file,file
setfield,file,file,file,file,file,file,file,file,file,file,file,file,file,file,file,file,file,file,file,file,file,file,file,file,file,file,file,file,file,file,file,file,file,file,file,file,file
setstr,file,file,file,file,file,file,file,file,file,file,file,file,file,file,file,file,file,file,file,file,file,file,file,file,file,file,file,file,file,file,file,file,file,file,file,file,file
settlingtime,file,file,file,file,file,file,file,file,file,file,file,file,file,file,file,file,file,file,file,file,file,file,file,file,file,file,file,file,file,file,file,file,file,file,file,file,file
setxor,file,file,file,builtin-err,file,file,file,file,file,builtin-err,builtin-err,builtin-err,builtin-err,file,file,file,file,builtin-err,builtin-err,file,file,file,file,file,file,builtin-err,builtin-err,builtin-err,builtin-err,builtin,builtin-err,file,file,file,file,file,builtin-err
sfdr,file,file,file,file,file,file,file,file,file,file,file,file,file,file,file,file,file,file,file,file,file,file,file,file,file,file,file,file,file,file,file,file,file,file,file,file,file
sgolay,file,file,file,file,file,file,file,file,file,file,file,file,file,file,file,file,file,file,file,file,file,file,file,file,file,file,file,file,file,file,file,file,file,file,file,file,file
sgolayfilt,file,file,file,file,file,file,file,file,file,file,file,file,file,file,file,file,file,file,file,file,file,file,file,file,file,file,file,file,file,file,file,file,file,file,file,file,file
sgtitle,file,file,file,file,file,file,file,file,file,file,file,file,file,file,file,file,file,file,file,file,file,file,file,file,file,file,file,file,file,file,file,file,file,file,file,file,file
shading,file,file,file,file,file,file,file,file,file,file,file,file,file,file,file,file,file,file,file,file,file,file,file,file,file,file,file,file,file,file,file,file,file,file,file,file,file
shg,file,file,file,file,file,file,file,file,file,file,file,file,file,file,file,file,file,file,file,file,file,file,file,file,file,file,file,file,file,file,file,file,file,file,file,file,file
shiftdata,file,file,file,file,file,file,file,file,file,file,file,file,file,file,file,file,file,file,file,file,file,file,file,file,file,file,file,file,file,file,file,file,file,file,file,file,file
shiftdim,file,file,file,file,file,file,file,file,file,file,file,file,file,file,file,file,file,file,file,file,file,file,file,file,file,file,file,file,file,file,file,file,file,file,file,file,file
show,file,file,file,file,file,file,file,file,file,file,file,file,file,file,file,file,file,file,file,file,file,file,file,file,file,file,file,file,file,file,file,file,file,file,file,file,file
shrinkfaces,file,file,file,file,file,file,file,file,file,file,file,file,file,file,file,file,file,file,file,file,file,file,file,file,file,file,file,file,file,file,file,file,file,file,file,file,file
sign,file,builtin,file,file,file,file,builtin,builtin,builtin,file,file,builtin,file,file,builtin-err,file,file,file,file,file,file,builtin-err,builtin-err,builtin-err,file,file,file,file,file,builtin-err,file,file,file,file,file,file,file
signrank,file,file,file,file,file,file,file,file,file,file,file,file,file,file,file,file,file,file,file,file,file,file,file,file,file,file,file,file,file,file,file,file,file,file,file,file,file
signtest,file,file,file,file,file,file,file,file,file,file,file,file,file,file,file,file,file,file,file,file,file,file,file,file,file,file,file,file,file,file,file,file,file,file,file,file,file
silhouette,file,file,file,file,file,file,file,file,file,file,file,file,file,file,file,file,file,file,file,file,file,file,file,file,file,file,file,file,file,file,file,file,file,file,file,file,file
sin,file,builtin,file,file,file,file,file,file,file,builtin,file,file,file,file,builtin-err,file,file,file,file,file,file,file,builtin-err,file,file,builtin-err,builtin-err,file,file,file,file,file,file,file,file,file,file
sinad,file,file,file,file,file,file,file,file,file,file,file,file,file,file,file,file,file,file,file,file,file,file,file,file,file,file,file,file,file,file,file,file,file,file,file,file,file
sinc,file,file,file,file,file,file,file,file,file,file,file,file,file,file,file,file,file,file,file,file,file,file,file,file,file,file,file,file,file,file,file,file,file,file,file,file,file
sind,file,builtin,file,file,file,file,file,file,file,builtin,file,file,file,file,builtin-err,file,file,file,file,file,file,file,builtin-err,file,file,builtin-err,builtin-err,file,file,file,file,file,file,file,file,file,file
single,file,builtin,file,file,file,file,builtin,builtin,builtin,builtin-err,builtin-err,builtin-err,builtin,file,builtin-err,file,file,file,file,file,file,builtin-err,builtin-err,builtin-err,file,builtin-err,builtin-err,builtin-err,builtin-err,builtin-err,builtin-err,file,file,file,file,file,file
sinh,file,builtin,file,file,file,file,file,file,file,builtin,file,file,file,file,builtin-err,file,file,file,file,file,file,file,builtin-err,file,file,builtin-err,builtin-err,file,file,file,file,file,file,file,file,file,file
skewness,file,file,file,file,file,file,file,file,file,file,file,file,file,file,file,file,file,file,file,file,file,file,file,file,file,file,file,file,file,file,file,file,file,file,file,file,file
slewrate,file,file,file,file,file,file,file,file,file,file,file,file,file,file,file,file,file,file,file,file,file,file,file,file,file,file,file,file,file,file,file,file,file,file,file,file,file
slice,file,file,file,file,file,file,file,file,file,file,file,file,file,file,file,file,file,file,file,file,file,file,file,file,file,file,file,file,file,file,file,file,file,file,file,file,file
slicesample,file,file,file,file,file,file,file,file,file,file,file,file,file,file,file,file,file,file,file,file,file,file,file,file,file,file,file,file,file,file,file,file,file,file,file,file,file
smithplot,file,file,file,file,file,file,file,file,file,file,file,file,file,file,file,file,file,file,file,file,file,file,file,file,file,file,file,file,file,file,file,file,file,file,file,file,file
smooth3,file,file,file,file,file,file,file,file,file,file,file,file,file,file,file,file,file,file,file,file,file,file,file,file,file,file,file,file,file,file,file,file,file,file,file,file,file
smoothdata,file,file,file,file,file,file,file,file,file,file,file,file,file,file,file,file,file,file,file,file,file,file,file,file,file,file,file,file,file,file,file,file,file,file,file,file,file
snr,file,file,file,file,file,file,file,file,file,file,file,file,file,file,file,file,file,file,file,file,file,file,file,file,file,file,file,file,file,file,file,file,file,file,file,file,file
sort,file,builtin,builtin,builtin-err,file,file,builtin,builtin,builtin,builtin-err,builtin,builtin,builtin,builtin,builtin-err,file,builtin-err,builtin-err,builtin-err,file,file,builtin-err,builtin-err,builtin-err,builtin-err,builtin-err,builtin-err,builtin-err,builtin-err,builtin-err,builtin-err,builtin-err,builtin-err,builtin-err,file,file,builtin-err
sortrows,file,file,file,file,file,file,file,file,file,builtin,builtin,builtin,builtin,file,file,file,file,file,file,file,file,file,file,file,file,builtin-err,builtin-err,builtin-err,builtin,builtin-err,builtin-err,file,file,file,file,file,file
sos2cell,file,file,file,file,file,file,file,file,file,file,file,file,file,file,file,file,file,file,file,file,file,file,file,file,file,file,file,file,file,file,file,file,file,file,file,file,file
sos2ctf,file,file,file,file,file,file,file,file,file,file,file,file,file,file,file,file,file,file,file,file,file,file,file,file,file,file,file,file,file,file,file,file,file,file,file,file,file
sos2ss,file,file,file,file,file,file,file,file,file,file,file,file,file,file,file,file,file,file,file,file,file,file,file,file,file,file,file,file,file,file,file,file,file,file,file,file,file
sos2tf,file,file,file,file,file,file,file,file,file,file,file,file,file,file,file,file,file,file,file,file,file,file,file,file,file,file,file,file,file,file,file,file,file,file,file,file,file
sos2zp,file,file,file,file,file,file,file,file,file,file,file,file,file,file,file,file,file,file,file,file,file,file,file,file,file,file,file,file,file,file,file,file,file,file,file,file,file
sosfilt,file,file,file,file,file,file,file,file,file,file,file,file,file,file,file,file,file,file,file,file,file,file,file,file,file,file,file,file,file,file,file,file,file,file,file,file,file
sound,file,file,file,file,file,file,file,file,file,file,file,file,file,file,file,file,file,file,file,file,file,file,file,file,file,file,file,file,file,file,file,file,file,file,file,file,file
spalloc,file,file,file,file,file,file,file,file,file,file,file,file,file,file,file,file,file,file,file,file,file,file,file,file,file,file,file,file,file,file,file,file,file,file,file,file,file
sparameters,builtin,builtin-err,builtin-err,builtin-err,builtin-err,builtin-err,builtin-err,builtin-err,builtin-err,builtin-err,builtin-err,builtin-err,builtin-err,builtin-err,builtin,builtin-err,builtin-err,builtin-err,builtin-err,builtin-err,builtin-err,builtin,builtin-err,builtin-err,builtin-err,builtin-err,builtin-err,builtin-err,builtin-err,builtin-err,builtin-err,builtin-err,builtin-err,builtin-err,builtin-err,builtin-err,builtin-err
sparse,file,file,file,file,file,file,file,file,file,file,file,file,file,file,file,file,file,file,file,file,file,file,file,file,file,file,file,file,file,file,file,file,file,file,file,file,file
spaugment,file,file,file,file,file,file,file,file,file,file,file,file,file,file,file,file,file,file,file,file,file,file,file,file,file,file,file,file,file,file,file,file,file,file,file,file,file
spconvert,file,file,file,file,file,file,file,file,file,file,file,file,file,file,file,file,file,file,file,file,file,file,file,file,file,file,file,file,file,file,file,file,file,file,file,file,file
spdiags,file,file,file,file,file,file,file,file,file,file,file,file,file,file,file,file,file,file,file,file,file,file,file,file,file,file,file,file,file,file,file,file,file,file,file,file,file
specgram,file,file,file,file,file,file,file,file,file,file,file,file,file,file,file,file,file,file,file,file,file,file,file,file,file,file,file,file,file,file,file,file,file,file,file,file,file
spectralCrest,file,file,file,file,file,file,file,file,file,file,file,file,file,file,file,file,file,file,file,file,file,file,file,file,file,file,file,file,file,file,file,file,file,file,file,file,file
spectralEntropy,file,file,file,file,file,file,file,file,file,file,file,file,file,file,file,file,file,file,file,file,file,file,file,file,file,file,file,file,file,file,file,file,file,file,file,file,file
spectralFlatness,file,file,file,file,file,file,file,file,file,file,file,file,file,file,file,file,file,file,file,file,file,file,file,file,file,file,file,file,file,file,file,file,file,file,file,file,file
spectralKurtosis,file,file,file,file,file,file,file,file,file,file,file,file,file,file,file,file,file,file,file,file,file,file,file,file,file,file,file,file,file,file,file,file,file,file,file,file,file
spectralSkewness,file,file,file,file,file,file,file,file,file,file,file,file,file,file,file,file,file,file,file,file,file,file,file,file,file,file,file,file,file,file,file,file,file,file,file,file,file
spectralcluster,file,file,file,file,file,file,file,file,file,file,file,file,file,file,file,file,file,file,file,file,file,file,file,file,file,file,file,file,file,file,file,file,file,file,file,file,file
spectrogram,file,file,file,file,file,file,file,file,file,file,file,file,file,file,file,file,file,file,file,file,file,file,file,file,file,file,file,file,file,file,file,file,file,file,file,file,file
spectrum,file,file,file,file,file,file,file,file,file,file,file,file,file,file,file,file,file,file,file,file,file,file,file,file,file,file,file,file,file,file,file,file,file,file,file,file,file
specular,file,file,file,file,file,file,file,file,file,file,file,file,file,file,file,file,file,file,file,file,file,file,file,file,file,file,file,file,file,file,file,file,file,file,file,file,file
speye,file,file,file,file,file,file,file,file,file,file,file,file,file,file,file,file,file,file,file,file,file,file,file,file,file,file,file,file,file,file,file,file,file,file,file,file,file
spfun,file,file,file,file,file,file,file,file,file,file,file,file,file,file,file,file,file,file,file,file,file,file,file,file,file,file,file,file,file,file,file,file,file,file,file,file,file
sph2cart,file,file,file,file,file,file,file,file,file,file,file,file,file,file,file,file,file,file,file,file,file,file,file,file,file,file,file,file,file,file,file,file,file,file,file,file,file
sphere,file,file,file,file,file,file,file,file,file,file,file,file,file,file,file,file,file,file,file,file,file,file,file,file,file,file,file,file,file,file,file,file,file,file,file,file,file
spline,file,file,file,file,file,file,file,file,file,file,file,file,file,file,file,file,file,file,file,file,file,file,file,file,file,file,file,file,file,file,file,file,file,file,file,file,file
split,file,file,builtin,file,file,file,file,file,file,file,file,file,file,file,file,file,builtin-err,file,file,file,file,file,file,file,builtin,file,file,file,file,file,file,file,file,builtin-err,file,file,file
splitapply,file,file,file,file,file,file,file,file,file,file,file,file,file,file,file,file,file,file,file,file,file,file,file,file,file,file,file,file,file,file,file,file,file,file,file,file,file
spones,file,file,file,file,file,file,file,file,file,file,file,file,file,file,file,file,file,file,file,file,file,file,file,file,file,file,file,file,file,file,file,file,file,file,file,file,file
sprand,file,file,file,file,file,file,file,file,file,file,file,file,file,file,file,file,file,file,file,file,file,file,file,file,file,file,file,file,file,file,file,file,file,file,file,file,file
sprandn,file,file,file,file,file,file,file,file,file,file,file,file,file,file,file,file,file,file,file,file,file,file,file,file,file,file,file,file,file,file,file,file,file,file,file,file,file
sprandsym,file,file,file,file,file,file,file,file,file,file,file,file,file,file,file,file,file,file,file,file,file,file,file,file,file,file,file,file,file,file,file,file,file,file,file,file,file
sprank,file,file,file,file,file,file,file,file,file,file,file,file,file,file,file,file,file,file,file,file,file,file,file,file,file,file,file,file,file,file,file,file,file,file,file,file,file
sprintf,file,file,file,file,file,file,file,file,file,file,file,file,file,file,file,file,file,file,file,file,file,file,file,file,file,file,file,file,file,file,file,file,file,file,file,file,file
spy,file,file,file,file,file,file,file,file,file,file,file,file,file,file,file,file,file,file,file,file,file,file,file,file,file,file,file,file,file,file,file,file,file,file,file,file,file
sqrt,file,builtin,file,file,file,file,file,file,file,builtin,file,file,file,file,builtin-err,file,file,file,file,file,file,file,builtin-err,file,file,builtin-err,builtin-err,file,file,file,file,file,file,file,file,file,file
sqrtm,file,file,file,file,file,file,file,file,file,file,file,file,file,file,file,file,file,file,file,file,file,file,file,file,file,file,file,file,file,file,file,file,file,file,file,file,file
square,file,file,file,file,file,file,file,file,file,file,file,file,file,file,file,file,file,file,file,file,file,file,file,file,file,file,file,file,file,file,file,file,file,file,file,file,file
squareform,file,file,file,file,file,file,file,file,file,file,file,file,file,file,file,file,file,file,file,file,file,file,file,file,file,file,file,file,file,file,file,file,file,file,file,file,file
squeeze,file,file,file,file,file,file,file,file,file,file,file,file,file,file,file,file,file,file,file,file,file,file,file,file,file,file,file,file,file,file,file,file,file,file,file,file,file
ss,builtin,builtin,builtin-err,builtin-err,builtin-err,builtin-err,builtin-err,builtin-err,builtin,builtin-err,builtin-err,builtin-err,builtin-err,builtin-err,builtin-err,builtin-err,builtin-err,builtin-err,builtin-err,builtin,builtin-err,builtin-err,builtin-err,builtin-err,builtin-err,builtin-err,builtin-err,builtin-err,builtin-err,builtin-err,builtin-err,builtin-err,builtin-err,builtin-err,builtin-err,builtin-err,builtin-err
ss2sos,file,file,file,file,file,file,file,file,file,file,file,file,file,file,file,file,file,file,file,file,file,file,file,file,file,file,file,file,file,file,file,file,file,file,file,file,file
ss2tf,file,file,file,file,file,file,file,file,file,file,file,file,file,file,file,file,file,file,file,file,file,file,file,file,file,file,file,file,file,file,file,file,file,file,file,file,file
ss2zp,file,file,file,file,file,file,file,file,file,file,file,file,file,file,file,file,file,file,file,file,file,file,file,file,file,file,file,file,file,file,file,file,file,file,file,file,file
sscanf,file,file,file,file,file,file,file,file,file,file,file,file,file,file,file,file,file,file,file,file,file,file,file,file,file,file,file,file,file,file,file,file,file,file,file,file,file
ssim,file,file,file,file,file,file,file,file,file,file,file,file,file,file,file,file,file,file,file,file,file,file,file,file,file,file,file,file,file,file,file,file,file,file,file,file,file
stackedplot,file,file,file,file,file,file,file,file,file,file,file,file,file,file,file,file,file,file,file,file,file,file,file,file,file,file,file,file,file,file,file,file,file,file,file,file,file
stairs,file,file,file,file,file,file,file,file,file,file,file,file,file,file,file,file,file,file,file,file,file,file,file,file,file,file,file,file,file,file,file,file,file,file,file,file,file
standardizeMissing,file,file,file,file,file,file,file,file,file,file,file,file,file,file,file,file,file,file,file,file,file,file,file,file,file,file,file,file,file,file,file,file,file,file,file,file,file
startsWith,file,file,builtin-err,file,file,file,file,file,file,file,file,file,file,file,file,builtin-err,builtin-err,file,file,file,file,file,file,file,builtin,file,file,file,file,file,file,file,file,builtin-err,builtin-err,builtin-err,file
statelevels,file,file,file,file,file,file,file,file,file,file,file,file,file,file,file,file,file,file,file,file,file,file,file,file,file,file,file,file,file,file,file,file,file,file,file,file,file
statget,file,file,file,file,file,file,file,file,file,file,file,file,file,file,file,file,file,file,file,file,file,file,file,file,file,file,file,file,file,file,file,file,file,file,file,file,file
statset,file,file,file,file,file,file,file,file,file,file,file,file,file,file,file,file,file,file,file,file,file,file,file,file,file,file,file,file,file,file,file,file,file,file,file,file,file
std,file,file,file,file,file,file,file,file,file,builtin,builtin-err,builtin-err,file,file,file,file,file,file,file,file,file,file,file,file,file,builtin-err,builtin,builtin-err,builtin-err,builtin-err,file,file,file,file,file,file,file
std2,file,file,file,file,file,file,file,file,file,file,file,file,file,file,file,file,file,file,file,file,file,file,file,file,file,file,file,file,file,file,file,file,file,file,file,file,file
stdfilt,file,file,file,file,file,file,file,file,file,file,file,file,file,file,file,file,file,file,file,file,file,file,file,file,file,file,file,file,file,file,file,file,file,file,file,file,file
stem,file,file,file,file,file,file,file,file,file,file,file,file,file,file,file,file,file,file,file,file,file,file,file,file,file,file,file,file,file,file,file,file,file,file,file,file,file
stem3,file,file,file,file,file,file,file,file,file,file,file,file,file,file,file,file,file,file,file,file,file,file,file,file,file,file,file,file,file,file,file,file,file,file,file,file,file
stepwisefit,file,file,file,file,file,file,file,file,file,file,file,file,file,file,file,file,file,file,file,file,file,file,file,file,file,file,file,file,file,file,file,file,file,file,file,file,file
stepz,file,file,file,file,file,file,file,file,file,file,file,file,file,file,file,file,file,file,file,file,file,file,file,file,file,file,file,file,file,file,file,file,file,file,file,file,file
stft,file,file,file,file,file,file,file,file,file,file,file,file,file,file,file,file,file,file,file,file,file,file,file,file,file,file,file,file,file,file,file,file,file,file,file,file,file
stftmag2sig,file,file,file,file,file,file,file,file,file,file,file,file,file,file,file,file,file,file,file,file,file,file,file,file,file,file,file,file,file,file,file,file,file,file,file,file,file
stlread,file,file,file,file,file,file,file,file,file,file,file,file,file,file,file,file,file,file,file,file,file,file,file,file,file,file,file,file,file,file,file,file,file,file,file,file,file
stlwrite,file,file,file,file,file,file,file,file,file,file,file,file,file,file,file,file,file,file,file,file,file,file,file,file,file,file,file,file,file,file,file,file,file,file,file,file,file
stmcb,file,file,file,file,file,file,file,file,file,file,file,file,file,file,file,file,file,file,file,file,file,file,file,file,file,file,file,file,file,file,file,file,file,file,file,file,file
str,file,file,file,file,file,file,file,file,file,file,file,file,file,file,file,file,file,file,file,file,file,file,file,file,file,file,file,file,file,file,file,file,file,file,file,file,file
str2double,file,file,file,file,file,file,file,file,file,file,file,file,file,file,file,file,file,file,file,file,file,file,file,file,file,file,file,file,file,file,file,file,file,file,file,file,file
str2func,file,file,file,file,file,file,file,file,file,file,file,file,file,file,file,file,file,file,file,file,file,file,file,file,file,file,file,file,file,file,file,file,file,file,file,file,file
str2mat,file,file,file,file,file,file,file,file,file,file,file,file,file,file,file,file,file,file,file,file,file,file,file,file,file,file,file,file,file,file,file,file,file,file,file,file,file
str2num,file,file,file,file,file,file,file,file,file,file,file,file,file,file,file,file,file,file,file,file,file,file,file,file,file,file,file,file,file,file,file,file,file,file,file,file,file
strcat,file,file,builtin,builtin,file,file,file,file,file,file,file,file,file,file,file,builtin-err,builtin-err,builtin-err,builtin-err,file,file,file,file,file,builtin,file,file,file,file,file,file,file,file,builtin,builtin,builtin-err,builtin-err
strcmpi,file,file,file,file,file,file,file,file,file,file,file,file,file,file,file,file,file,file,file,file,file,file,file,file,file,file,file,file,file,file,file,file,file,file,file,file,file
stream2,file,file,file,file,file,file,file,file,file,file,file,file,file,file,file,file,file,file,file,file,file,file,file,file,file,file,file,file,file,file,file,file,file,file,file,file,file
stream3,file,file,file,file,file,file,file,file,file,file,file,file,file,file,file,file,file,file,file,file,file,file,file,file,file,file,file,file,file,file,file,file,file,file,file,file,file
streamline,file,file,file,file,file,file,file,file,file,file,file,file,file,file,file,file,file,file,file,file,file,file,file,file,file,file,file,file,file,file,file,file,file,file,file,file,file
streamparticles,file,file,file,file,file,file,file,file,file,file,file,file,file,file,file,file,file,file,file,file,file,file,file,file,file,file,file,file,file,file,file,file,file,file,file,file,file
streamribbon,file,file,file,file,file,file,file,file,file,file,file,file,file,file,file,file,file,file,file,file,file,file,file,file,file,file,file,file,file,file,file,file,file,file,file,file,file
streamslice,file,file,file,file,file,file,file,file,file,file,file,file,file,file,file,file,file,file,file,file,file,file,file,file,file,file,file,file,file,file,file,file,file,file,file,file,file
streamtube,file,file,file,file,file,file,file,file,file,file,file,file,file,file,file,file,file,file,file,file,file,file,file,file,file,file,file,file,file,file,file,file,file,file,file,file,file
strel,file,file,file,file,file,file,file,file,file,file,file,file,file,file,file,file,file,file,file,file,file,file,file,file,file,file,file,file,file,file,file,file,file,file,file,file,file
stretchlim,file,file,file,file,file,file,file,file,file,file,file,file,file,file,file,file,file,file,file,file,file,file,file,file,file,file,file,file,file,file,file,file,file,file,file,file,file
strfind,file,file,file,file,file,file,file,file,file,file,file,file,file,file,file,file,file,file,file,file,file,file,file,file,file,file,file,file,file,file,file,file,file,file,file,file,file
strings,file,file,file,file,file,file,file,file,file,file,file,file,file,file,file,file,file,file,file,file,file,file,file,file,file,file,file,file,file,file,file,file,file,file,file,file,file
strip,file,file,builtin,file,file,file,file,file,file,file,file,file,file,file,file,file,builtin-err,file,file,file,file,file,file,file,builtin,file,file,file,file,file,file,file,file,builtin-err,file,file,file
stripline,file,file,file,file,file,file,file,file,file,file,file,file,file,file,file,file,file,file,file,file,file,file,file,file,file,file,file,file,file,file,file,file,file,file,file,file,file
striplinew,file,file,file,file,file,file,file,file,file,file,file,file,file,file,file,file,file,file,file,file,file,file,file,file,file,file,file,file,file,file,file,file,file,file,file,file,file
strips,file,file,file,file,file,file,file,file,file,file,file,file,file,file,file,file,file,file,file,file,file,file,file,file,file,file,file,file,file,file,file,file,file,file,file,file,file
strjust,file,file,file,file,file,file,file,file,file,file,file,file,file,file,file,file,file,file,file,file,file,file,file,file,file,file,file,file,file,file,file,file,file,file,file,file,file
strlength,file,file,builtin,file,file,file,file,file,file,file,file,file,file,file,file,file,builtin-err,file,file,file,file,file,file,file,builtin-err,file,file,file,file,file,file,file,file,builtin-err,file,file,file
strmatch,file,file,file,file,file,file,file,file,file,file,file,file,file,file,file,file,file,file,file,file,file,file,file,file,file,file,file,file,file,file,file,file,file,file,file,file,file
strncmp,file,file,file,file,file,file,file,file,file,file,file,file,file,file,file,file,file,file,file,file,file,file,file,file,file,file,file,file,file,file,file,file,file,file,file,file,file
strncmpi,file,file,file,file,file,file,file,file,file,file,file,file,file,file,file,file,file,file,file,file,file,file,file,file,file,file,file,file,file,file,file,file,file,file,file,file,file
strrep,file,file,file,file,file,file,file,file,file,file,file,file,file,file,file,file,file,file,file,file,file,file,file,file,file,file,file,file,file,file,file,file,file,file,file,file,file
strtok,file,file,file,file,file,file,file,file,file,file,file,file,file,file,file,file,file,file,file,file,file,file,file,file,file,file,file,file,file,file,file,file,file,file,file,file,file
struct2cell,file,file,file,file,builtin,file,file,file,file,file,file,file,file,file,file,file,file,file,file,builtin-err,file,file,file,file,file,file,file,file,file,file,file,file,file,file,file,file,file
struct2table,file,file,file,file,file,file,file,file,file,file,file,file,file,file,file,file,file,file,file,file,file,file,file,file,file,file,file,file,file,file,file,file,file,file,file,file,file
structfun,file,file,file,file,file,file,file,file,file,file,file,file,file,file,file,file,file,file,file,file,file,file,file,file,file,file,file,file,file,file,file,file,file,file,file,file,file
strvcat,file,file,file,file,file,file,file,file,file,file,file,file,file,file,file,file,file,file,file,file,file,file,file,file,file,file,file,file,file,file,file,file,file,file,file,file,file
sub2ind,file,file,file,file,file,file,file,file,file,file,file,file,file,file,file,file,file,file,file,file,file,file,file,file,file,file,file,file,file,file,file,file,file,file,file,file,file
subplot,file,file,file,file,file,file,file,file,file,file,file,file,file,file,file,file,file,file,file,file,file,file,file,file,file,file,file,file,file,file,file,file,file,file,file,file,file
subspace,file,file,file,file,file,file,file,file,file,file,file,file,file,file,file,file,file,file,file,file,file,file,file,file,file,file,file,file,file,file,file,file,file,file,file,file,file
subtitle,file,file,file,file,file,file,file,file,file,file,file,file,file,file,file,file,file,file,file,file,file,file,file,file,file,file,file,file,file,file,file,file,file,file,file,file,file
subvolume,file,file,file,file,file,file,file,file,file,file,file,file,file,file,file,file,file,file,file,file,file,file,file,file,file,file,file,file,file,file,file,file,file,file,file,file,file
sum,file,builtin,file,file,file,file,file,builtin,builtin,builtin,file,builtin,file,file,builtin-err,file,file,file,file,file,file,builtin-err,builtin-err,file,file,builtin-err,builtin-err,file,file,file,file,file,file,file,file,file,file
summary,file,file,file,file,file,file,file,file,file,builtin,file,file,builtin,file,file,file,file,file,file,file,file,file,file,file,file,builtin-err,builtin-err,file,file,file,builtin-err,file,file,file,file,file,file
superpixels,file,file,file,file,file,file,file,file,file,file,file,file,file,file,file,file,file,file,file,file,file,file,file,file,file,file,file,file,file,file,file,file,file,file,file,file,file
superpixels3,file,file,file,file,file,file,file,file,file,file,file,file,file,file,file,file,file,file,file,file,file,file,file,file,file,file,file,file,file,file,file,file,file,file,file,file,file
surf,file,file,file,file,file,file,file,file,file,file,file,file,file,file,file,file,file,file,file,file,file,file,file,file,file,file,file,file,file,file,file,file,file,file,file,file,file
surf2patch,file,file,file,file,file,file,file,file,file,file,file,file,file,file,file,file,file,file,file,file,file,file,file,file,file,file,file,file,file,file,file,file,file,file,file,file,file
surface,file,file,file,file,file,file,file,file,file,file,file,file,file,file,file,file,file,file,file,file,file,file,file,file,file,file,file,file,file,file,file,file,file,file,file,file,file
surfc,file,file,file,file,file,file,file,file,file,file,file,file,file,file,file,file,file,file,file,file,file,file,file,file,file,file,file,file,file,file,file,file,file,file,file,file,file
surfl,file,file,file,file,file,file,file,file,file,file,file,file,file,file,file,file,file,file,file,file,file,file,file,file,file,file,file,file,file,file,file,file,file,file,file,file,file
surfnorm,file,file,file,file,file,file,file,file,file,file,file,file,file,file,file,file,file,file,file,file,file,file,file,file,file,file,file,file,file,file,file,file,file,file,file,file,file
svd,file,builtin,file,file,file,file,file,file,file,file,file,file,file,file,builtin-err,file,file,file,file,file,file,file,builtin-err,file,file,file,file,file,file,file,file,file,file,file,file,file,file
svds,file,file,file,file,file,file,file,file,file,file,file,file,file,file,file,file,file,file,file,file,file,file,file,file,file,file,file,file,file,file,file,file,file,file,file,file,file
swarmchart,file,file,file,file,file,file,file,file,file,file,file,file,file,file,file,file,file,file,file,file,file,file,file,file,file,file,file,file,file,file,file,file,file,file,file,file,file
swarmchart3,file,file,file,file,file,file,file,file,file,file,file,file,file,file,file,file,file,file,file,file,file,file,file,file,file,file,file,file,file,file,file,file,file,file,file,file,file
sylvester,file,file,file,file,file,file,file,file,file,file,file,file,file,file,file,file,file,file,file,file,file,file,file,file,file,file,file,file,file,file,file,file,file,file,file,file,file
symamd,file,file,file,file,file,file,file,file,file,file,file,file,file,file,file,file,file,file,file,file,file,file,file,file,file,file,file,file,file,file,file,file,file,file,file,file,file
symbfact,file,file,file,file,file,file,file,file,file,file,file,file,file,file,file,file,file,file,file,file,file,file,file,file,file,file,file,file,file,file,file,file,file,file,file,file,file
symmlq,file,file,file,file,file,file,file,file,file,file,file,file,file,file,file,file,file,file,file,file,file,file,file,file,file,file,file,file,file,file,file,file,file,file,file,file,file
symrcm,file,builtin,file,file,file,file,file,builtin,file,file,file,file,file,file,builtin-err,file,file,file,file,file,file,file,builtin-err,file,file,file,file,file,file,file,file,file,file,file,file,file,file
symvar,file,file,file,file,file,file,file,file,file,file,file,file,file,file,file,file,file,file,file,file,file,file,file,file,file,file,file,file,file,file,file,file,file,file,file,file,file
tLocationScaleDistribution,file,file,file,file,file,file,file,file,file,file,file,file,file,file,file,file,file,file,file,file,file,file,file,file,file,file,file,file,file,file,file,file,file,file,file,file,file
table2struct,file,file,file,file,file,file,file,file,file,file,file,file,file,file,file,file,file,file,file,file,file,file,file,file,file,file,file,file,file,file,file,file,file,file,file,file,file
tabulate,file,file,file,file,file,file,file,file,file,file,file,file,file,file,file,file,file,file,file,file,file,file,file,file,file,file,file,file,file,file,file,file,file,file,file,file,file
tachorpm,file,file,file,file,file,file,file,file,file,file,file,file,file,file,file,file,file,file,file,file,file,file,file,file,file,file,file,file,file,file,file,file,file,file,file,file,file
tail,file,file,file,file,file,file,file,file,file,file,file,file,file,file,file,file,file,file,file,file,file,file,file,file,file,file,file,file,file,file,file,file,file,file,file,file,file
tan,file,builtin,file,file,file,file,file,file,file,builtin,file,file,file,file,builtin-err,file,file,file,file,file,file,file,builtin-err,file,file,builtin-err,builtin-err,file,file,file,file,file,file,file,file,file,file
tand,file,builtin,file,file,file,file,file,file,file,builtin,file,file,file,file,builtin-err,file,file,file,file,file,file,file,builtin-err,file,file,builtin-err,builtin-err,file,file,file,file,file,file,file,file,file,file
tanh,file,builtin,file,file,file,file,file,file,file,builtin,file,file,file,file,builtin-err,file,file,file,file,file,file,file,builtin-err,file,file,builtin-err,builtin-err,file,file,file,file,file,file,file,file,file,file
taylorwin,file,file,file,file,file,file,file,file,file,file,file,file,file,file,file,file,file,file,file,file,file,file,file,file,file,file,file,file,file,file,file,file,file,file,file,file,file
tblread,file,file,file,file,file,file,file,file,file,file,file,file,file,file,file,file,file,file,file,file,file,file,file,file,file,file,file,file,file,file,file,file,file,file,file,file,file
tblwrite,file,file,file,file,file,file,file,file,file,file,file,file,file,file,file,file,file,file,file,file,file,file,file,file,file,file,file,file,file,file,file,file,file,file,file,file,file
tcdf,file,file,file,file,file,file,file,file,file,file,file,file,file,file,file,file,file,file,file,file,file,file,file,file,file,file,file,file,file,file,file,file,file,file,file,file,file
tdfread,file,file,file,file,file,file,file,file,file,file,file,file,file,file,file,file,file,file,file,file,file,file,file,file,file,file,file,file,file,file,file,file,file,file,file,file,file
tempdir,file,file,file,file,file,file,file,file,file,file,file,file,file,file,file,file,file,file,file,file,file,file,file,file,file,file,file,file,file,file,file,file,file,file,file,file,file
tempname,file,file,file,file,file,file,file,file,file,file,file,file,file,file,file,file,file,file,file,file,file,file,file,file,file,file,file,file,file,file,file,file,file,file,file,file,file
tetramesh,file,file,file,file,file,file,file,file,file,file,file,file,file,file,file,file,file,file,file,file,file,file,file,file,file,file,file,file,file,file,file,file,file,file,file,file,file
texlabel,file,file,file,file,file,file,file,file,file,file,file,file,file,file,file,file,file,file,file,file,file,file,file,file,file,file,file,file,file,file,file,file,file,file,file,file,file
text,file,file,file,file,file,file,file,file,file,file,file,file,file,file,file,file,file,file,file,file,file,file,file,file,file,file,file,file,file,file,file,file,file,file,file,file,file
textcolumn,file,file,file,file,file,file,file,file,file,file,file,file,file,file,file,file,file,file,file,file,file,file,file,file,file,file,file,file,file,file,file,file,file,file,file,file,file
textscan,file,file,file,file,file,file,file,file,file,file,file,file,file,file,file,file,file,file,file,file,file,file,file,file,file,file,file,file,file,file,file,file,file,file,file,file,file
tf,builtin,builtin,builtin-err,builtin-err,builtin-err,builtin-err,builtin-err,builtin-err,builtin,builtin-err,builtin-err,builtin-err,builtin-err,builtin-err,builtin,builtin-err,builtin-err,builtin,builtin,builtin-err,builtin-err,builtin,builtin-err,builtin-err,builtin-err,builtin-err,builtin-err,builtin-err,builtin-err,builtin-err,builtin-err,builtin-err,builtin-err,builtin-err,builtin-err,builtin-err,builtin-err
tf2latc,file,file,file,file,file,file,file,file,file,file,file,file,file,file,file,file,file,file,file,file,file,file,file,file,file,file,file,file,file,file,file,file,file,file,file,file,file
tf2sos,file,file,file,file,file,file,file,file,file,file,file,file,file,file,file,file,file,file,file,file,file,file,file,file,file,file,file,file,file,file,file,file,file,file,file,file,file
tf2ss,file,file,file,file,file,file,file,file,file,file,file,file,file,file,file,file,file,file,file,file,file,file,file,file,file,file,file,file,file,file,file,file,file,file,file,file,file
tf2zp,file,file,file,file,file,file,file,file,file,file,file,file,file,file,file,file,file,file,file,file,file,file,file,file,file,file,file,file,file,file,file,file,file,file,file,file,file
tf2zpk,file,file,file,file,file,file,file,file,file,file,file,file,file,file,file,file,file,file,file,file,file,file,file,file,file,file,file,file,file,file,file,file,file,file,file,file,file
tfe,file,file,file,file,file,file,file,file,file,file,file,file,file,file,file,file,file,file,file,file,file,file,file,file,file,file,file,file,file,file,file,file,file,file,file,file,file
tfestimate,file,file,file,file,file,file,file,file,file,file,file,file,file,file,file,file,file,file,file,file,file,file,file,file,file,file,file,file,file,file,file,file,file,file,file,file,file
tfqmr,file,file,file,file,file,file,file,file,file,file,file,file,file,file,file,file,file,file,file,file,file,file,file,file,file,file,file,file,file,file,file,file,file,file,file,file,file
tfridge,file,file,file,file,file,file,file,file,file,file,file,file,file,file,file,file,file,file,file,file,file,file,file,file,file,file,file,file,file,file,file,file,file,file,file,file,file
thd,file,file,file,file,file,file,file,file,file,file,file,file,file,file,file,file,file,file,file,file,file,file,file,file,file,file,file,file,file,file,file,file,file,file,file,file,file
thetalim,file,file,file,file,file,file,file,file,file,file,file,file,file,file,file,file,file,file,file,file,file,file,file,file,file,file,file,file,file,file,file,file,file,file,file,file,file
thetatickformat,file,file,file,file,file,file,file,file,file,file,file,file,file,file,file,file,file,file,file,file,file,file,file,file,file,file,file,file,file,file,file,file,file,file,file,file,file
thetaticklabels,file,file,file,file,file,file,file,file,file,file,file,file,file,file,file,file,file,file,file,file,file,file,file,file,file,file,file,file,file,file,file,file,file,file,file,file,file
thetaticks,file,file,file,file,file,file,file,file,file,file,file,file,file,file,file,file,file,file,file,file,file,file,file,file,file,file,file,file,file,file,file,file,file,file,file,file,file
throw,file,file,file,file,file,file,file,file,file,file,file,file,file,file,file,file,file,file,file,file,file,file,file,file,file,file,file,file,file,file,file,file,file,file,file,file,file
throwAsCaller,file,file,file,file,file,file,file,file,file,file,file,file,file,file,file,file,file,file,file,file,file,file,file,file,file,file,file,file,file,file,file,file,file,file,file,file,file
tic,file,file,file,file,file,file,file,file,file,file,file,file,file,file,file,file,file,file,file,file,file,file,file,file,file,file,file,file,file,file,file,file,file,file,file,file,file
tiedrank,file,file,file,file,file,file,file,file,file,file,file,file,file,file,file,file,file,file,file,file,file,file,file,file,file,file,file,file,file,file,file,file,file,file,file,file,file
tiledlayout,file,file,file,file,file,file,file,file,file,file,file,file,file,file,file,file,file,file,file,file,file,file,file,file,file,file,file,file,file,file,file,file,file,file,file,file,file
time,file,file,file,file,file,file,file,file,file,file,file,file,file,file,file,file,file,file,file,file,file,file,file,file,file,file,file,file,file,file,file,file,file,file,file,file,file
timeofday,file,file,file,file,file,file,file,file,file,file,builtin,file,file,file,file,file,file,file,file,file,file,file,file,file,file,file,file,builtin-err,builtin-err,file,file,file,file,file,file,file,file
times,file,builtin-err,file,file,file,file,builtin-err,builtin-err,builtin-err,builtin-err,file,builtin-err,builtin-err,file,builtin,file,file,file,file,file,file,builtin,builtin,builtin,file,builtin,builtin,file,file,builtin,builtin-err,file,file,file,file,file,file
timetable,builtin,builtin-err,builtin-err,builtin-err,builtin-err,builtin-err,builtin-err,builtin-err,builtin-err,builtin-err,builtin,builtin,builtin-err,builtin-err,builtin-err,builtin-err,builtin-err,builtin-err,builtin-err,builtin-err,builtin-err,builtin-err,builtin-err,builtin-err,builtin-err,builtin-err,builtin-err,builtin-err,builtin,builtin-err,builtin-err,builtin-err,builtin-err,builtin-err,builtin-err,builtin-err,builtin-err
timezones,file,file,file,file,file,file,file,file,file,file,file,file,file,file,file,file,file,file,file,file,file,file,file,file,file,file,file,file,file,file,file,file,file,file,file,file,file
tinv,file,file,file,file,file,file,file,file,file,file,file,file,file,file,file,file,file,file,file,file,file,file,file,file,file,file,file,file,file,file,file,file,file,file,file,file,file
title,file,file,file,file,file,file,file,file,file,file,file,file,file,file,file,file,file,file,file,file,file,file,file,file,file,file,file,file,file,file,file,file,file,file,file,file,file
toc,file,file,file,file,file,file,file,file,file,file,file,file,file,file,file,file,file,file,file,file,file,file,file,file,file,file,file,file,file,file,file,file,file,file,file,file,file
toeplitz,file,file,file,file,file,file,file,file,file,file,file,file,file,file,file,file,file,file,file,file,file,file,file,file,file,file,file,file,file,file,file,file,file,file,file,file,file
toi,file,file,file,file,file,file,file,file,file,file,file,file,file,file,file,file,file,file,file,file,file,file,file,file,file,file,file,file,file,file,file,file,file,file,file,file,file
topkrows,file,file,file,file,file,file,file,file,file,builtin-err,builtin-err,builtin-err,builtin-err,file,file,file,file,file,file,file,file,file,file,file,file,builtin-err,builtin-err,builtin-err,builtin,builtin-err,builtin-err,file,file,file,file,file,file
tpdf,file,file,file,file,file,file,file,file,file,file,file,file,file,file,file,file,file,file,file,file,file,file,file,file,file,file,file,file,file,file,file,file,file,file,file,file,file
trace,file,file,file,file,file,file,file,file,file,file,file,file,file,file,file,file,file,file,file,file,file,file,file,file,file,file,file,file,file,file,file,file,file,file,file,file,file
transformPointsForward,file,file,file,file,file,file,file,file,file,file,file,file,file,file,file,file,file,file,file,file,file,file,file,file,file,file,file,file,file,file,file,file,file,file,file,file,file
transformPointsInverse,file,file,file,file,file,file,file,file,file,file,file,file,file,file,file,file,file,file,file,file,file,file,file,file,file,file,file,file,file,file,file,file,file,file,file,file,file
transpose,file,builtin,builtin,builtin,builtin,file,builtin,builtin,builtin,builtin-err,builtin,builtin,builtin,builtin,builtin-err,file,builtin-err,builtin-err,builtin-err,builtin-err,file,builtin-err,builtin-err,builtin-err,builtin-err,builtin-err,builtin-err,builtin-err,builtin-err,builtin-err,builtin-err,builtin-err,builtin-err,builtin-err,file,file,builtin-err
trapz,file,file,file,file,file,file,file,file,file,file,file,file,file,file,file,file,file,file,file,file,file,file,file,file,file,file,file,file,file,file,file,file,file,file,file,file,file
treelayout,file,file,file,file,file,file,file,file,file,file,file,file,file,file,file,file,file,file,file,file,file,file,file,file,file,file,file,file,file,file,file,file,file,file,file,file,file
treeplot,file,file,file,file,file,file,file,file,file,file,file,file,file,file,file,file,file,file,file,file,file,file,file,file,file,file,file,file,file,file,file,file,file,file,file,file,file
triang,file,file,file,file,file,file,file,file,file,file,file,file,file,file,file,file,file,file,file,file,file,file,file,file,file,file,file,file,file,file,file,file,file,file,file,file,file
tril,file,builtin,file,file,file,file,builtin,builtin,builtin,file,file,file,file,file,builtin-err,file,file,file,file,file,file,builtin-err,builtin,builtin-err,file,file,file,file,file,file,file,file,file,file,file,file,file
trim,file,file,file,file,file,file,file,file,file,file,file,file,file,file,file,file,file,file,file,file,file,file,file,file,file,file,file,file,file,file,file,file,file,file,file,file,file
trimesh,file,file,file,file,file,file,file,file,file,file,file,file,file,file,file,file,file,file,file,file,file,file,file,file,file,file,file,file,file,file,file,file,file,file,file,file,file
trimmean,file,file,file,file,file,file,file,file,file,file,file,file,file,file,file,file,file,file,file,file,file,file,file,file,file,file,file,file,file,file,file,file,file,file,file,file,file
triplequad,file,file,file,file,file,file,file,file,file,file,file,file,file,file,file,file,file,file,file,file,file,file,file,file,file,file,file,file,file,file,file,file,file,file,file,file,file
triplot,file,file,file,file,file,file,file,file,file,file,file,file,file,file,file,file,file,file,file,file,file,file,file,file,file,file,file,file,file,file,file,file,file,file,file,file,file
tripuls,file,file,file,file,file,file,file,file,file,file,file,file,file,file,file,file,file,file,file,file,file,file,file,file,file,file,file,file,file,file,file,file,file,file,file,file,file
trisurf,file,file,file,file,file,file,file,file,file,file,file,file,file,file,file,file,file,file,file,file,file,file,file,file,file,file,file,file,file,file,file,file,file,file,file,file,file
triu,file,builtin,file,file,file,file,builtin,builtin,builtin,file,file,file,file,file,builtin-err,file,file,file,file,file,file,builtin-err,builtin,builtin-err,file,file,file,file,file,file,file,file,file,file,file,file,file
trnd,file,file,file,file,file,file,file,file,file,file,file,file,file,file,file,file,file,file,file,file,file,file,file,file,file,file,file,file,file,file,file,file,file,file,file,file,file
truncate,file,file,file,file,file,file,file,file,file,file,file,file,file,file,file,file,file,file,file,file,file,file,file,file,file,file,file,file,file,file,file,file,file,file,file,file,file
tsa,file,file,file,file,file,file,file,file,file,file,file,file,file,file,file,file,file,file,file,file,file,file,file,file,file,file,file,file,file,file,file,file,file,file,file,file,file
tsearchn,file,file,file,file,file,file,file,file,file,file,file,file,file,file,file,file,file,file,file,file,file,file,file,file,file,file,file,file,file,file,file,file,file,file,file,file,file
tsne,file,file,file,file,file,file,file,file,file,file,file,file,file,file,file,file,file,file,file,file,file,file,file,file,file,file,file,file,file,file,file,file,file,file,file,file,file
tstat,file,file,file,file,file,file,file,file,file,file,file,file,file,file,file,file,file,file,file,file,file,file,file,file,file,file,file,file,file,file,file,file,file,file,file,file,file
ttest,file,file,file,file,file,file,file,file,file,file,file,file,file,file,file,file,file,file,file,file,file,file,file,file,file,file,file,file,file,file,file,file,file,file,file,file,file
ttest2,file,file,file,file,file,file,file,file,file,file,file,file,file,file,file,file,file,file,file,file,file,file,file,file,file,file,file,file,file,file,file,file,file,file,file,file,file
tukeywin,file,file,file,file,file,file,file,file,file,file,file,file,file,file,file,file,file,file,file,file,file,file,file,file,file,file,file,file,file,file,file,file,file,file,file,file,file
type,file,file,file,file,file,file,file,file,file,file,file,file,file,file,file,file,file,file,file,file,file,file,file,file,file,file,file,file,file,file,file,file,file,file,file,file,file
typecast,file,file,file,file,file,file,file,file,file,file,file,file,file,file,file,file,file,file,file,file,file,file,file,file,file,file,file,file,file,file,file,file,file,file,file,file,file
tzoffset,file,file,file,file,file,file,file,file,file,file,builtin,file,file,file,file,file,file,file,file,file,file,file,file,file,file,file,file,builtin-err,builtin-err,file,file,file,file,file,file,file,file
udecode,file,file,file,file,file,file,file,file,file,file,file,file,file,file,file,file,file,file,file,file,file,file,file,file,file,file,file,file,file,file,file,file,file,file,file,file,file
uencode,file,file,file,file,file,file,file,file,file,file,file,file,file,file,file,file,file,file,file,file,file,file,file,file,file,file,file,file,file,file,file,file,file,file,file,file,file
uiaxes,file,file,file,file,file,file,file,file,file,file,file,file,file,file,file,file,file,file,file,file,file,file,file,file,file,file,file,file,file,file,file,file,file,file,file,file,file
uicontextmenu,file,file,file,file,file,file,file,file,file,file,file,file,file,file,file,file,file,file,file,file,file,file,file,file,file,file,file,file,file,file,file,file,file,file,file,file,file
uimenu,file,file,file,file,file,file,file,file,file,file,file,file,file,file,file,file,file,file,file,file,file,file,file,file,file,file,file,file,file,file,file,file,file,file,file,file,file
uminus,file,builtin,file,file,file,file,builtin,builtin,builtin,file,file,builtin,file,file,builtin-err,file,file,file,file,file,file,builtin-err,builtin-err,builtin-err,file,file,file,file,file,builtin-err,file,file,file,file,file,file,file
undershoot,file,file,file,file,file,file,file,file,file,file,file,file,file,file,file,file,file,file,file,file,file,file,file,file,file,file,file,file,file,file,file,file,file,file,file,file,file
unicode2native,file,file,file,file,file,file,file,file,file,file,file,file,file,file,file,file,file,file,file,file,file,file,file,file,file,file,file,file,file,file,file,file,file,file,file,file,file
unidcdf,file,file,file,file,file,file,file,file,file,file,file,file,file,file,file,file,file,file,file,file,file,file,file,file,file,file,file,file,file,file,file,file,file,file,file,file,file
unidinv,file,file,file,file,file,file,file,file,file,file,file,file,file,file,file,file,file,file,file,file,file,file,file,file,file,file,file,file,file,file,file,file,file,file,file,file,file
unidpdf,file,file,file,file,file,file,file,file,file,file,file,file,file,file,file,file,file,file,file,file,file,file,file,file,file,file,file,file,file,file,file,file,file,file,file,file,file
unidrnd,file,file,file,file,file,file,file,file,file,file,file,file,file,file,file,file,file,file,file,file,file,file,file,file,file,file,file,file,file,file,file,file,file,file,file,file,file
unidstat,file,file,file,file,file,file,file,file,file,file,file,file,file,file,file,file,file,file,file,file,file,file,file,file,file,file,file,file,file,file,file,file,file,file,file,file,file
unifcdf,file,file,file,file,file,file,file,file,file,file,file,file,file,file,file,file,file,file,file,file,file,file,file,file,file,file,file,file,file,file,file,file,file,file,file,file,file
unifinv,file,file,file,file,file,file,file,file,file,file,file,file,file,file,file,file,file,file,file,file,file,file,file,file,file,file,file,file,file,file,file,file,file,file,file,file,file
unifit,file,file,file,file,file,file,file,file,file,file,file,file,file,file,file,file,file,file,file,file,file,file,file,file,file,file,file,file,file,file,file,file,file,file,file,file,file
unifpdf,file,file,file,file,file,file,file,file,file,file,file,file,file,file,file,file,file,file,file,file,file,file,file,file,file,file,file,file,file,file,file,file,file,file,file,file,file
unifrnd,file,file,file,file,file,file,file,file,file,file,file,file,file,file,file,file,file,file,file,file,file,file,file,file,file,file,file,file,file,file,file,file,file,file,file,file,file
unifstat,file,file,file,file,file,file,file,file,file,file,file,file,file,file,file,file,file,file,file,file,file,file,file,file,file,file,file,file,file,file,file,file,file,file,file,file,file
union,file,file,file,builtin-err,file,file,file,file,file,builtin-err,builtin-err,builtin-err,builtin-err,file,file,file,file,builtin-err,builtin-err,file,file,file,file,file,file,builtin-err,builtin-err,builtin-err,builtin-err,builtin,builtin-err,file,file,file,file,file,builtin-err
unique,file,file,file,builtin-err,file,file,file,file,file,builtin-err,builtin,builtin,builtin,file,file,file,file,builtin-err,builtin-err,file,file,file,file,file,file,builtin-err,builtin-err,builtin-err,builtin,builtin-err,builtin-err,file,file,file,file,file,builtin-err
uniquetol,file,file,file,file,file,file,file,file,file,file,file,file,file,file,file,file,file,file,file,file,file,file,file,file,file,file,file,file,file,file,file,file,file,file,file,file,file
unmesh,file,file,file,file,file,file,file,file,file,file,file,file,file,file,file,file,file,file,file,file,file,file,file,file,file,file,file,file,file,file,file,file,file,file,file,file,file
unmkpp,file,file,file,file,file,file,file,file,file,file,file,file,file,file,file,file,file,file,file,file,file,file,file,file,file,file,file,file,file,file,file,file,file,file,file,file,file
unshiftdata,file,file,file,file,file,file,file,file,file,file,file,file,file,file,file,file,file,file,file,file,file,file,file,file,file,file,file,file,file,file,file,file,file,file,file,file,file
unwrap,file,file,file,file,file,file,file,file,file,file,file,file,file,file,file,file,file,file,file,file,file,file,file,file,file,file,file,file,file,file,file,file,file,file,file,file,file
upfirdn,file,file,file,file,file,file,file,file,file,file,file,file,file,file,file,file,file,file,file,file,file,file,file,file,file,file,file,file,file,file,file,file,file,file,file,file,file
uplus,file,builtin,file,file,file,file,builtin,builtin,builtin,file,file,builtin,file,file,builtin-err,file,file,file,file,file,file,builtin-err,builtin-err,builtin-err,file,file,file,file,file,builtin-err,file,file,file,file,file,file,file
upper,file,file,builtin,file,file,file,file,file,file,file,file,file,file,file,file,file,builtin-err,file,file,file,file,file,file,file,builtin-err,file,file,file,file,file,file,file,file,builtin-err,file,file,file
upsample,file,file,file,file,file,file,file,file,file,file,file,file,file,file,file,file,file,file,file,file,file,file,file,file,file,file,file,file,file,file,file,file,file,file,file,file,file
validateattributes,file,file,file,file,file,file,file,file,file,file,file,file,file,file,file,file,file,file,file,file,file,file,file,file,file,file,file,file,file,file,file,file,file,file,file,file,file
validatecolor,file,file,file,file,file,file,file,file,file,file,file,file,file,file,file,file,file,file,file,file,file,file,file,file,file,file,file,file,file,file,file,file,file,file,file,file,file
values,file,file,file,file,file,file,file,file,file,file,file,file,file,builtin,file,file,file,file,file,file,file,file,file,file,file,file,file,file,file,file,file,file,builtin-err,file,file,file,file
vander,file,file,file,file,file,file,file,file,file,file,file,file,file,file,file,file,file,file,file,file,file,file,file,file,file,file,file,file,file,file,file,file,file,file,file,file,file
var,file,file,file,file,file,file,file,file,file,builtin,file,file,file,file,file,file,file,file,file,file,file,file,file,file,file,builtin-err,builtin,file,file,file,file,file,file,file,file,file,file
variance,file,file,file,file,file,file,file,file,file,file,file,file,file,file,file,file,file,file,file,file,file,file,file,file,file,file,file,file,file,file,file,file,file,file,file,file,file
vartest,file,file,file,file,file,file,file,file,file,file,file,file,file,file,file,file,file,file,file,file,file,file,file,file,file,file,file,file,file,file,file,file,file,file,file,file,file
vartest2,file,file,file,file,file,file,file,file,file,file,file,file,file,file,file,file,file,file,file,file,file,file,file,file,file,file,file,file,file,file,file,file,file,file,file,file,file
vartestn,file,file,file,file,file,file,file,file,file,file,file,file,file,file,file,file,file,file,file,file,file,file,file,file,file,file,file,file,file,file,file,file,file,file,file,file,file
vco,file,file,file,file,file,file,file,file,file,file,file,file,file,file,file,file,file,file,file,file,file,file,file,file,file,file,file,file,file,file,file,file,file,file,file,file,file
vecnorm,file,builtin,file,file,file,file,file,file,file,file,file,file,file,file,builtin,file,file,file,file,file,file,file,builtin-err,file,file,file,file,file,file,file,file,file,file,file,file,file,file
vectorize,file,file,file,file,file,file,file,file,file,file,file,file,file,file,file,file,file,file,file,file,file,file,file,file,file,file,file,file,file,file,file,file,file,file,file,file,file
version,file,file,file,file,file,file,file,file,file,file,file,file,file,file,file,file,file,file,file,file,file,file,file,file,file,file,file,file,file,file,file,file,file,file,file,file,file
vertcat,file,file,builtin,file,file,file,file,file,file,builtin-err,builtin,builtin,builtin,builtin,file,builtin,builtin,file,file,file,file,file,file,file,builtin,builtin-err,builtin-err,builtin-err,builtin-err,builtin,builtin-err,file,builtin-err,builtin,builtin,builtin,file
view,file,file,file,file,file,file,file,file,file,file,file,file,file,file,file,file,file,file,file,file,file,file,file,file,file,file,file,file,file,file,file,file,file,file,file,file,file
viewmtx,file,file,file,file,file,file,file,file,file,file,file,file,file,file,file,file,file,file,file,file,file,file,file,file,file,file,file,file,file,file,file,file,file,file,file,file,file
visboundaries,file,file,file,file,file,file,file,file,file,file,file,file,file,file,file,file,file,file,file,file,file,file,file,file,file,file,file,file,file,file,file,file,file,file,file,file,file
viscircles,file,file,file,file,file,file,file,file,file,file,file,file,file,file,file,file,file,file,file,file,file,file,file,file,file,file,file,file,file,file,file,file,file,file,file,file,file
volumebounds,file,file,file,file,file,file,file,file,file,file,file,file,file,file,file,file,file,file,file,file,file,file,file,file,file,file,file,file,file,file,file,file,file,file,file,file,file
voronoi,file,file,file,file,file,file,file,file,file,file,file,file,file,file,file,file,file,file,file,file,file,file,file,file,file,file,file,file,file,file,file,file,file,file,file,file,file
voronoin,file,file,file,file,file,file,file,file,file,file,file,file,file,file,file,file,file,file,file,file,file,file,file,file,file,file,file,file,file,file,file,file,file,file,file,file,file
vswr,file,file,file,file,file,file,file,file,file,file,file,file,file,file,file,file,file,file,file,file,file,file,file,file,file,file,file,file,file,file,file,file,file,file,file,file,file
waitfor,file,file,file,file,file,file,file,file,file,file,file,file,file,file,file,file,file,file,file,file,file,file,file,file,file,file,file,file,file,file,file,file,file,file,file,file,file
waitforbuttonpress,file,file,file,file,file,file,file,file,file,file,file,file,file,file,file,file,file,file,file,file,file,file,file,file,file,file,file,file,file,file,file,file,file,file,file,file,file
warning,file,file,file,file,file,file,file,file,file,file,file,file,file,file,file,file,file,file,file,file,file,file,file,file,file,file,file,file,file,file,file,file,file,file,file,file,file
warp,file,file,file,file,file,file,file,file,file,file,file,file,file,file,file,file,file,file,file,file,file,file,file,file,file,file,file,file,file,file,file,file,file,file,file,file,file
waterfall,file,file,file,file,file,file,file,file,file,file,file,file,file,file,file,file,file,file,file,file,file,file,file,file,file,file,file,file,file,file,file,file,file,file,file,file,file
watershed,file,file,file,file,file,file,file,file,file,file,file,file,file,file,file,file,file,file,file,file,file,file,file,file,file,file,file,file,file,file,file,file,file,file,file,file,file
wavelength,file,file,file,file,file,file,file,file,file,file,file,file,file,file,file,file,file,file,file,file,file,file,file,file,file,file,file,file,file,file,file,file,file,file,file,file,file
wblcdf,file,file,file,file,file,file,file,file,file,file,file,file,file,file,file,file,file,file,file,file,file,file,file,file,file,file,file,file,file,file,file,file,file,file,file,file,file
wblfit,file,file,file,file,file,file,file,file,file,file,file,file,file,file,file,file,file,file,file,file,file,file,file,file,file,file,file,file,file,file,file,file,file,file,file,file,file
wblinv,file,file,file,file,file,file,file,file,file,file,file,file,file,file,file,file,file,file,file,file,file,file,file,file,file,file,file,file,file,file,file,file,file,file,file,file,file
wbllike,file,file,file,file,file,file,file,file,file,file,file,file,file,file,file,file,file,file,file,file,file,file,file,file,file,file,file,file,file,file,file,file,file,file,file,file,file
wblpdf,file,file,file,file,file,file,file,file,file,file,file,file,file,file,file,file,file,file,file,file,file,file,file,file,file,file,file,file,file,file,file,file,file,file,file,file,file
wblplot,file,file,file,file,file,file,file,file,file,file,file,file,file,file,file,file,file,file,file,file,file,file,file,file,file,file,file,file,file,file,file,file,file,file,file,file,file
wblrnd,file,file,file,file,file,file,file,file,file,file,file,file,file,file,file,file,file,file,file,file,file,file,file,file,file,file,file,file,file,file,file,file,file,file,file,file,file
wblstat,file,file,file,file,file,file,file,file,file,file,file,file,file,file,file,file,file,file,file,file,file,file,file,file,file,file,file,file,file,file,file,file,file,file,file,file,file
week,file,file,file,file,file,file,file,file,file,file,builtin,file,file,file,file,file,file,file,file,file,file,file,file,file,file,file,file,builtin-err,builtin-err,file,file,file,file,file,file,file,file
weekday,file,file,file,file,file,file,file,file,file,file,file,file,file,file,file,file,file,file,file,file,file,file,file,file,file,file,file,file,file,file,file,file,file,file,file,file,file
what,file,file,file,file,file,file,file,file,file,file,file,file,file,file,file,file,file,file,file,file,file,file,file,file,file,file,file,file,file,file,file,file,file,file,file,file,file
which,file,file,file,file,file,file,file,file,file,file,file,file,file,file,file,file,file,file,file,file,file,file,file,file,file,file,file,file,file,file,file,file,file,file,file,file,file
whitebg,file,file,file,file,file,file,file,file,file,file,file,file,file,file,file,file,file,file,file,file,file,file,file,file,file,file,file,file,file,file,file,file,file,file,file,file,file
whitepoint,file,file,file,file,file,file,file,file,file,file,file,file,file,file,file,file,file,file,file,file,file,file,file,file,file,file,file,file,file,file,file,file,file,file,file,file,file
who,file,file,file,file,file,file,file,file,file,file,file,file,file,file,file,file,file,file,file,file,file,file,file,file,file,file,file,file,file,file,file,file,file,file,file,file,file
whos,file,file,file,file,file,file,file,file,file,file,file,file,file,file,file,file,file,file,file,file,file,file,file,file,file,file,file,file,file,file,file,file,file,file,file,file,file
width,file,file,file,file,file,file,file,file,file,file,file,file,file,file,file,file,file,file,file,file,file,file,file,file,file,file,file,file,file,file,file,file,file,file,file,file,file
wiener2,file,file,file,file,file,file,file,file,file,file,file,file,file,file,file,file,file,file,file,file,file,file,file,file,file,file,file,file,file,file,file,file,file,file,file,file,file
wilkinson,file,file,file,file,file,file,file,file,file,file,file,file,file,file,file,file,file,file,file,file,file,file,file,file,file,file,file,file,file,file,file,file,file,file,file,file,file
window,file,file,file,file,file,file,file,file,file,file,file,file,file,file,file,file,file,file,file,file,file,file,file,file,file,file,file,file,file,file,file,file,file,file,file,file,file
wishrnd,file,file,file,file,file,file,file,file,file,file,file,file,file,file,file,file,file,file,file,file,file,file,file,file,file,file,file,file,file,file,file,file,file,file,file,file,file
writeVideo,file,file,file,file,file,file,file,file,file,file,file,file,file,file,file,file,file,file,file,file,file,file,file,file,file,file,file,file,file,file,file,file,file,file,file,file,file
writecell,file,file,file,file,file,file,file,file,file,file,file,file,file,file,file,file,file,file,file,file,file,file,file,file,file,file,file,file,file,file,file,file,file,file,file,file,file
writelines,file,file,file,file,file,file,file,file,file,file,file,file,file,file,file,file,file,file,file,file,file,file,file,file,file,file,file,file,file,file,file,file,file,file,file,file,file
writematrix,file,file,file,file,file,file,file,file,file,file,file,file,file,file,file,file,file,file,file,file,file,file,file,file,file,file,file,file,file,file,file,file,file,file,file,file,file
writetable,file,file,file,file,file,file,file,file,file,file,file,file,file,file,file,file,file,file,file,file,file,file,file,file,file,file,file,file,file,file,file,file,file,file,file,file,file
x2fx,file,file,file,file,file,file,file,file,file,file,file,file,file,file,file,file,file,file,file,file,file,file,file,file,file,file,file,file,file,file,file,file,file,file,file,file,file
xcorr,file,file,file,file,file,file,file,file,file,file,file,file,file,file,file,file,file,file,file,file,file,file,file,file,file,file,file,file,file,file,file,file,file,file,file,file,file
xcorr2,file,file,file,file,file,file,file,file,file,file,file,file,file,file,file,file,file,file,file,file,file,file,file,file,file,file,file,file,file,file,file,file,file,file,file,file,file
xcov,file,file,file,file,file,file,file,file,file,file,file,file,file,file,file,file,file,file,file,file,file,file,file,file,file,file,file,file,file,file,file,file,file,file,file,file,file
xlabel,file,file,file,file,file,file,file,file,file,file,file,file,file,file,file,file,file,file,file,file,file,file,file,file,file,file,file,file,file,file,file,file,file,file,file,file,file
xlim,file,file,file,file,file,file,file,file,file,file,file,file,file,file,file,file,file,file,file,file,file,file,file,file,file,file,file,file,file,file,file,file,file,file,file,file,file
xline,file,file,file,file,file,file,file,file,file,file,file,file,file,file,file,file,file,file,file,file,file,file,file,file,file,file,file,file,file,file,file,file,file,file,file,file,file
xor,file,builtin-err,file,file,file,file,builtin-err,builtin-err,builtin-err,builtin-err,file,file,file,file,builtin,file,file,file,file,file,file,builtin,builtin,builtin,file,builtin,builtin,file,file,file,file,file,file,file,file,file,file
xptread,file,file,file,file,file,file,file,file,file,file,file,file,file,file,file,file,file,file,file,file,file,file,file,file,file,file,file,file,file,file,file,file,file,file,file,file,file
xspectrogram,file,file,file,file,file,file,file,file,file,file,file,file,file,file,file,file,file,file,file,file,file,file,file,file,file,file,file,file,file,file,file,file,file,file,file,file,file
xtickangle,file,file,file,file,file,file,file,file,file,file,file,file,file,file,file,file,file,file,file,file,file,file,file,file,file,file,file,file,file,file,file,file,file,file,file,file,file
xtickformat,file,file,file,file,file,file,file,file,file,file,file,file,file,file,file,file,file,file,file,file,file,file,file,file,file,file,file,file,file,file,file,file,file,file,file,file,file
xticklabels,file,file,file,file,file,file,file,file,file,file,file,file,file,file,file,file,file,file,file,file,file,file,file,file,file,file,file,file,file,file,file,file,file,file,file,file,file
xticks,file,file,file,file,file,file,file,file,file,file,file,file,file,file,file,file,file,file,file,file,file,file,file,file,file,file,file,file,file,file,file,file,file,file,file,file,file
xyz2double,file,file,file,file,file,file,file,file,file,file,file,file,file,file,file,file,file,file,file,file,file,file,file,file,file,file,file,file,file,file,file,file,file,file,file,file,file
xyz2lab,file,file,file,file,file,file,file,file,file,file,file,file,file,file,file,file,file,file,file,file,file,file,file,file,file,file,file,file,file,file,file,file,file,file,file,file,file
xyz2rgb,file,file,file,file,file,file,file,file,file,file,file,file,file,file,file,file,file,file,file,file,file,file,file,file,file,file,file,file,file,file,file,file,file,file,file,file,file
xyz2uint16,file,file,file,file,file,file,file,file,file,file,file,file,file,file,file,file,file,file,file,file,file,file,file,file,file,file,file,file,file,file,file,file,file,file,file,file,file
y2s,file,file,file,file,file,file,file,file,file,file,file,file,file,file,file,file,file,file,file,file,file,file,file,file,file,file,file,file,file,file,file,file,file,file,file,file,file
ycbcr2rgb,file,file,file,file,file,file,file,file,file,file,file,file,file,file,file,file,file,file,file,file,file,file,file,file,file,file,file,file,file,file,file,file,file,file,file,file,file
year,file,file,file,file,file,file,file,file,file,file,builtin,file,file,file,file,file,file,file,file,file,file,file,file,file,file,file,file,builtin-err,builtin-err,file,file,file,file,file,file,file,file
years,file,file,file,file,file,file,file,file,file,file,file,builtin,file,file,file,file,file,file,file,file,file,file,file,file,file,file,file,file,file,builtin-err,file,file,file,file,file,file,file
ylabel,file,file,file,file,file,file,file,file,file,file,file,file,file,file,file,file,file,file,file,file,file,file,file,file,file,file,file,file,file,file,file,file,file,file,file,file,file
ylim,file,file,file,file,file,file,file,file,file,file,file,file,file,file,file,file,file,file,file,file,file,file,file,file,file,file,file,file,file,file,file,file,file,file,file,file,file
yline,file,file,file,file,file,file,file,file,file,file,file,file,file,file,file,file,file,file,file,file,file,file,file,file,file,file,file,file,file,file,file,file,file,file,file,file,file
ymd,file,file,file,file,file,file,file,file,file,file,builtin,file,file,file,file,file,file,file,file,file,file,file,file,file,file,file,file,builtin-err,builtin-err,file,file,file,file,file,file,file,file
ytickangle,file,file,file,file,file,file,file,file,file,file,file,file,file,file,file,file,file,file,file,file,file,file,file,file,file,file,file,file,file,file,file,file,file,file,file,file,file
ytickformat,file,file,file,file,file,file,file,file,file,file,file,file,file,file,file,file,file,file,file,file,file,file,file,file,file,file,file,file,file,file,file,file,file,file,file,file,file
yticklabels,file,file,file,file,file,file,file,file,file,file,file,file,file,file,file,file,file,file,file,file,file,file,file,file,file,file,file,file,file,file,file,file,file,file,file,file,file
yticks,file,file,file,file,file,file,file,file,file,file,file,file,file,file,file,file,file,file,file,file,file,file,file,file,file,file,file,file,file,file,file,file,file,file,file,file,file
yulewalk,file,file,file,file,file,file,file,file,file,file,file,file,file,file,file,file,file,file,file,file,file,file,file,file,file,file,file,file,file,file,file,file,file,file,file,file,file
yyaxis,file,file,file,file,file,file,file,file,file,file,file,file,file,file,file,file,file,file,file,file,file,file,file,file,file,file,file,file,file,file,file,file,file,file,file,file,file
yyyymmdd,file,file,file,file,file,file,file,file,file,file,builtin,file,file,file,file,file,file,file,file,file,file,file,file,file,file,file,file,builtin-err,builtin-err,file,file,file,file,file,file,file,file
z2s,file,file,file,file,file,file,file,file,file,file,file,file,file,file,file,file,file,file,file,file,file,file,file,file,file,file,file,file,file,file,file,file,file,file,file,file,file
zerocrossrate,file,file,file,file,file,file,file,file,file,file,file,file,file,file,file,file,file,file,file,file,file,file,file,file,file,file,file,file,file,file,file,file,file,file,file,file,file
zerophase,file,file,file,file,file,file,file,file,file,file,file,file,file,file,file,file,file,file,file,file,file,file,file,file,file,file,file,file,file,file,file,file,file,file,file,file,file
zeros,file,file,file,file,file,file,file,file,file,file,file,file,file,file,file,file,file,file,file,file,file,file,file,file,file,file,file,file,file,file,file,file,file,file,file,file,file
zlabel,file,file,file,file,file,file,file,file,file,file,file,file,file,file,file,file,file,file,file,file,file,file,file,file,file,file,file,file,file,file,file,file,file,file,file,file,file
zlim,file,file,file,file,file,file,file,file,file,file,file,file,file,file,file,file,file,file,file,file,file,file,file,file,file,file,file,file,file,file,file,file,file,file,file,file,file
zoomInteraction,file,file,file,file,file,file,file,file,file,file,file,file,file,file,file,file,file,file,file,file,file,file,file,file,file,file,file,file,file,file,file,file,file,file,file,file,file
zp2ctf,file,file,file,file,file,file,file,file,file,file,file,file,file,file,file,file,file,file,file,file,file,file,file,file,file,file,file,file,file,file,file,file,file,file,file,file,file
zp2sos,file,file,file,file,file,file,file,file,file,file,file,file,file,file,file,file,file,file,file,file,file,file,file,file,file,file,file,file,file,file,file,file,file,file,file,file,file
zp2ss,file,file,file,file,file,file,file,file,file,file,file,file,file,file,file,file,file,file,file,file,file,file,file,file,file,file,file,file,file,file,file,file,file,file,file,file,file
zp2tf,file,file,file,file,file,file,file,file,file,file,file,file,file,file,file,file,file,file,file,file,file,file,file,file,file,file,file,file,file,file,file,file,file,file,file,file,file
zpk,builtin,builtin,builtin-err,builtin-err,builtin-err,builtin-err,builtin-err,builtin-err,builtin,builtin-err,builtin-err,builtin-err,builtin-err,builtin-err,builtin-err,builtin-err,builtin-err,builtin-err,builtin-err,builtin-err,builtin-err,builtin-err,builtin-err,builtin-err,builtin-err,builtin-err,builtin-err,builtin-err,builtin-err,builtin-err,builtin-err,builtin-err,builtin-err,builtin-err,builtin-err,builtin-err,builtin-err
zplane,file,file,file,file,file,file,file,file,file,file,file,file,file,file,file,file,file,file,file,file,file,file,file,file,file,file,file,file,file,file,file,file,file,file,file,file,file
zplaneplot,file,file,file,file,file,file,file,file,file,file,file,file,file,file,file,file,file,file,file,file,file,file,file,file,file,file,file,file,file,file,file,file,file,file,file,file,file
zscore,file,file,file,file,file,file,file,file,file,file,file,file,file,file,file,file,file,file,file,file,file,file,file,file,file,file,file,file,file,file,file,file,file,file,file,file,file
ztest,file,file,file,file,file,file,file,file,file,file,file,file,file,file,file,file,file,file,file,file,file,file,file,file,file,file,file,file,file,file,file,file,file,file,file,file,file
ztickangle,file,file,file,file,file,file,file,file,file,file,file,file,file,file,file,file,file,file,file,file,file,file,file,file,file,file,file,file,file,file,file,file,file,file,file,file,file
ztickformat,file,file,file,file,file,file,file,file,file,file,file,file,file,file,file,file,file,file,file,file,file,file,file,file,file,file,file,file,file,file,file,file,file,file,file,file,file
zticklabels,file,file,file,file,file,file,file,file,file,file,file,file,file,file,file,file,file,file,file,file,file,file,file,file,file,file,file,file,file,file,file,file,file,file,file,file,file
zticks,file,file,file,file,file,file,file,file,file,file,file,file,file,file,file,file,file,file,file,file,file,file,file,file,file,file,file,file,file,file,file,file,file,file,file,file,file
Inf,file,file,file,file,file,file,file,file,file,file,file,file,file,file,file,file,file,file,file,file,file,file,file,file,file,file,file,file,file,file,file,file,file,file,file,file,file
NaN,file,file,file,file,file,file,file,file,file,file,file,file,file,file,file,file,file,file,file,file,file,file,file,file,file,file,file,file,file,file,file,file,file,file,file,file,file
autumn,file,file,file,file,file,file,file,file,file,file,file,file,file,file,file,file,file,file,file,file,file,file,file,file,file,file,file,file,file,file,file,file,file,file,file,file,file
bone,file,file,file,file,file,file,file,file,file,file,file,file,file,file,file,file,file,file,file,file,file,file,file,file,file,file,file,file,file,file,file,file,file,file,file,file,file
colormap,file,file,file,file,file,file,file,file,file,file,file,file,file,file,file,file,file,file,file,file,file,file,file,file,file,file,file,file,file,file,file,file,file,file,file,file,file
cool,file,file,file,file,file,file,file,file,file,file,file,file,file,file,file,file,file,file,file,file,file,file,file,file,file,file,file,file,file,file,file,file,file,file,file,file,file
copper,file,file,file,file,file,file,file,file,file,file,file,file,file,file,file,file,file,file,file,file,file,file,file,file,file,file,file,file,file,file,file,file,file,file,file,file,file
diff,file,builtin,file,file,file,file,builtin,builtin,builtin,builtin,builtin,builtin,file,file,builtin-err,file,file,file,file,file,file,builtin-err,builtin-err,builtin-err,file,builtin-err,builtin-err,builtin-err,builtin-err,builtin-err,file,file,file,file,file,file,file
e,file,file,file,file,file,file,file,file,file,file,file,file,file,file,file,file,file,file,file,file,file,file,file,file,file,file,file,file,file,file,file,file,file,file,file,file,file
flag,file,file,file,file,file,file,file,file,file,file,file,file,file,file,file,file,file,file,file,file,file,file,file,file,file,file,file,file,file,file,file,file,file,file,file,file,file
gray,file,file,file,file,file,file,file,file,file,file,file,file,file,file,file,file,file,file,file,file,file,file,file,file,file,file,file,file,file,file,file,file,file,file,file,file,file
hot,file,file,file,file,file,file,file,file,file,file,file,file,file,file,file,file,file,file,file,file,file,file,file,file,file,file,file,file,file,file,file,file,file,file,file,file,file
hsv,file,file,file,file,file,file,file,file,file,file,file,file,file,file,file,file,file,file,file,file,file,file,file,file,file,file,file,file,file,file,file,file,file,file,file,file,file
i,file,file,file,file,file,file,file,file,file,file,file,file,file,file,file,file,file,file,file,file,file,file,file,file,file,file,file,file,file,file,file,file,file,file,file,file,file
inf,file,file,file,file,file,file,file,file,file,file,file,file,file,file,file,file,file,file,file,file,file,file,file,file,file,file,file,file,file,file,file,file,file,file,file,file,file
j,file,file,file,file,file,file,file,file,file,file,file,file,file,file,file,file,file,file,file,file,file,file,file,file,file,file,file,file,file,file,file,file,file,file,file,file,file
jet,file,file,file,file,file,file,file,file,file,file,file,file,file,file,file,file,file,file,file,file,file,file,file,file,file,file,file,file,file,file,file,file,file,file,file,file,file
lines,file,file,file,file,file,file,file,file,file,file,file,file,file,file,file,file,file,file,file,file,file,file,file,file,file,file,file,file,file,file,file,file,file,file,file,file,file
nan,file,file,file,file,file,file,file,file,file,file,file,file,file,file,file,file,file,file,file,file,file,file,file,file,file,file,file,file,file,file,file,file,file,file,file,file,file
newline,file,file,file,file,file,file,file,file,file,file,file,file,file,file,file,file,file,file,file,file,file,file,file,file,file,file,file,file,file,file,file,file,file,file,file,file,file
parula,file,file,file,file,file,file,file,file,file,file,file,file,file,file,file,file,file,file,file,file,file,file,file,file,file,file,file,file,file,file,file,file,file,file,file,file,file
pi,file,file,file,file,file,file,file,file,file,file,file,file,file,file,file,file,file,file,file,file,file,file,file,file,file,file,file,file,file,file,file,file,file,file,file,file,file
pink,file,file,file,file,file,file,file,file,file,file,file,file,file,file,file,file,file,file,file,file,file,file,file,file,file,file,file,file,file,file,file,file,file,file,file,file,file
prism,file,file,file,file,file,file,file,file,file,file,file,file,file,file,file,file,file,file,file,file,file,file,file,file,file,file,file,file,file,file,file,file,file,file,file,file,file
spring,file,file,file,file,file,file,file,file,file,file,file,file,file,file,file,file,file,file,file,file,file,file,file,file,file,file,file,file,file,file,file,file,file,file,file,file,file
summer,file,file,file,file,file,file,file,file,file,file,file,file,file,file,file,file,file,file,file,file,file,file,file,file,file,file,file,file,file,file,file,file,file,file,file,file,file
turbo,file,file,file,file,file,file,file,file,file,file,file,file,file,file,file,file,file,file,file,file,file,file,file,file,file,file,file,file,file,file,file,file,file,file,file,file,file
viridis,file,file,file,file,file,file,file,file,file,file,file,file,file,file,file,file,file,file,file,file,file,file,file,file,file,file,file,file,file,file,file,file,file,file,file,file,file
winter,file,file,file,file,file,file,file,file,file,file,file,file,file,file,file,file,file,file,file,file,file,file,file,file,file,file,file,file,file,file,file,file,file,file,file,file,file
