file,member,category,kind,line,ordinal,rule,statement,note
src/JGraph.Scripting/Jgs/Devices/AudioObjects.cs,SetAudioData,store,slot,312,0,"M2: an entry holds its own wrapper (Share), or the store is not an entry","_data[((long)f * channels) + c] = (float)AudioShared.Normalize(numbers[at], numericClass)","open item 38 review, 2026-10-07"
src/JGraph.Scripting/Jgs/Devices/BleObject.cs,Bytes,store,copy,1214,0,"M2: an entry holds its own wrapper (Share), or the store is not an entry",values.AddRange(DeviceChecks.Numbers(data).Select(static v => (ulong)v)),"open item 38 review, 2026-10-07"
src/JGraph.Scripting/Jgs/Devices/BluetoothObject.cs,CellColumn,adopt,JgsValue.Cell,173,0,V1.2 states the contract on the helper,JgsValue cell = JgsValue.Cell(elements),"open item 38 review, 2026-10-07"
src/JGraph.Scripting/Jgs/Devices/MidiObjects.cs,Shaped,unclear,JgsValue.Array,771,0,fresh: minted here,private static JgsValue Shaped(JgsValue value) => value.Type == JgsType.Array ? value : JgsValue.Array([value]),"open item 38 review, 2026-10-07"
src/JGraph.Scripting/Jgs/Devices/MidiObjects.cs,Shaped,store,collection,771,0,"M2: an entry holds its own wrapper (Share), or the store is not an entry",private static JgsValue Shaped(JgsValue value) => value.Type == JgsType.Array ? value : JgsValue.Array([value]),"open item 38 review, 2026-10-07"
src/JGraph.Scripting/Jgs/Devices/TransportClient.cs,TerminatorSpec,unclear,JgsValue.Cell,191,0,fresh: minted here,"public JgsValue TerminatorValue => TerminatorPair ? JgsValue.Cell([ReadTerminator.Shown, WriteTerminator.Shown]) : ReadTerminator.Shown","open item 38 review, 2026-10-07"
src/JGraph.Scripting/Jgs/Devices/UsbDeviceObject.cs,Open,store,copy,55,0,"M2: an entry holds its own wrapper (Share), or the store is not an entry",rest.AddRange(args.Take(first)),"open item 38 review, 2026-10-07"
src/JGraph.Scripting/Jgs/Devices/UsbDeviceObject.cs,Open,store,add,74,0,"M2: an entry holds its own wrapper (Share), or the store is not an entry",rest.Add(args[i]),"open item 38 review, 2026-10-07"
src/JGraph.Scripting/Jgs/Devices/VisadevObject.cs,List,store,slot,126,0,"M2: an entry holds its own wrapper (Share), or the store is not an entry",given[option!] = args[i + 1],"open item 38 review, 2026-10-07"
src/JGraph.Scripting/Jgs/Devices/WebcamObject.cs,Declare,unclear,JgsValue.Cell,254,0,fresh: minted here,"new( , static (o, _) => JgsValue.Str(Me(o)._camera.Name)), new( , static (o, _) => JgsValue.Str(ResolutionText(Me(o)._camera.Resolution)), static (...","open item 38 review, 2026-10-07"
src/JGraph.Scripting/Jgs/Devices/WebcamObject.cs,Declare,unclear,Reshape,254,0,M4 mutator on a wrapper minted here,"new( , static (o, _) => JgsValue.Str(Me(o)._camera.Name)), new( , static (o, _) => JgsValue.Str(ResolutionText(Me(o)._camera.Resolution)), static (...","open item 38 review, 2026-10-07"
src/JGraph.Scripting/Jgs/Interpreter.AffineIndex.cs,CopyAffine,write,local,283,0,M7 gated setter; M3 detaches at Holders > 1,"source.AsSpan(start, into.Length).CopyTo(into)","writes into the gather's own destination, handed in by AffineGather (fresh)"
src/JGraph.Scripting/Jgs/Interpreter.AffineIndex.cs,CopyAffine,write,local,291,0,M7 gated setter; M3 detaches at Holders > 1,into[i] = all[at],"writes into the gather's own destination, handed in by AffineGather (fresh)"
src/JGraph.Scripting/Jgs/Interpreter.HotLoop.cs,RunHotLoop,write,SetPackedNumber,755,0,M7 gated setter; M3 detaches at Holders > 1,"vector.SetPackedNumber(position, TAccess.At(regs, op.B))","ADR 0160 compiled store; the walk and the loop share the setter, so they share the gate"
src/JGraph.Scripting/Jgs/Interpreter.HotLoop.cs,RunHotLoop,store,slot,789,0,"M2: an entry holds its own wrapper (Share), or the store is not an entry",vregs[op.Dest] = answer,"a compiled loop's register (ADR 0160): the loop's own storage, written back through the binding roads"
src/JGraph.Scripting/Jgs/Interpreter.HotLoop.cs,RunHotLoop,store,slot,812,1,"M2: an entry holds its own wrapper (Share), or the store is not an entry",vregs[op.Dest] = answer,"a compiled loop's register (ADR 0160): the loop's own storage, written back through the binding roads"
src/JGraph.Scripting/Jgs/Interpreter.HotLoop.cs,RunHotLoop,store,slot,837,2,"M2: an entry holds its own wrapper (Share), or the store is not an entry",vregs[op.Dest] = answer,"a compiled loop's register (ADR 0160): the loop's own storage, written back through the binding roads"
src/JGraph.Scripting/Jgs/Interpreter.HotLoop.cs,RunHotLoop,store,slot,902,3,"M2: an entry holds its own wrapper (Share), or the store is not an entry",vregs[op.Dest] = answer,"a compiled loop's register (ADR 0160) taking VUpdate's allocating answer (Z2b, ADR 0173): owned by OwnsAnswer, adopted as VBind adopts a temporary, written back through the binding roads"
src/JGraph.Scripting/Jgs/Interpreter.Net.cs,NetSubscripts,store,slot,51,0,"M2: an entry holds its own wrapper (Share), or the store is not an entry","values[i] = EvaluateIndexArgument(subscripts[i], () => throw NetArrays.EndRefused(at.Line, at.Column), i, env)",open items batch 2 (ADR 0213): a subscript the caller keeps in a local array
src/JGraph.Scripting/Jgs/Interpreter.Objects.cs,StoreProperty,write,gated,575,0,"M7 gated accessor: Writable*() detaches at Holders > 1, then hands back the entry's own storage",fields[field] = stored,"open item 38 review, 2026-10-07"
src/JGraph.Scripting/Jgs/Interpreter.Objects.cs,CallMultiple,unclear,JgsValue.Object,858,0,M2 Share: a handle is its own share,"destructor.Call(arguments.Count > 0 ? [arguments[0]] : [JgsValue.Object(instance)], line, column)","open item 38 review, 2026-10-07"
src/JGraph.Scripting/Jgs/Interpreter.Scopes.cs,CallHeld,write,local,186,0,M5 scope,"arguments[i] = Hold(arguments[i], ref holds)","the argument array EvaluateAll minted for this call; each slot becomes the whole-call scope's share, released in the finally"
src/JGraph.Scripting/Jgs/Interpreter.Scopes.cs,HoldForWholeCall,write,local,232,0,M5 scope,"arguments[i] = Hold(arguments[i], ref holds)","the argument array EvaluateAll minted for this call; each slot becomes the whole-call scope's share, released by the caller"
src/JGraph.Scripting/Jgs/Interpreter.Sparse.cs,AssignIntoSparse,store,slot,29,0,"M2: an entry holds its own wrapper (Share), or the store is not an entry","indices[i] = EvaluateIndexArgument(subscripts[i], extents, i, env)",open items batch 2 (ADR 0213): a subscript the caller keeps in a local array
src/JGraph.Scripting/Jgs/Interpreter.Structs.cs,IndexStruct,adopt,Elements,59,0,M2 Share or copy,chosen[i] = payload.Elements[picks[i]],#12: the selection holds the target's own element dictionaries; V1.2 shares or copies them
src/JGraph.Scripting/Jgs/Interpreter.Structs.cs,AssignIntoStruct,adopt,Elements,246,0,M2 Share or copy,elements[picks[i]] = source.Elements[source.Length == 1 ? 0 : i],the written elements are the source's dictionaries; V1.2 shares them
src/JGraph.Scripting/Jgs/Interpreter.Structs.cs,AssignIntoStructGrid,adopt,Elements,317,0,M2 Share or copy,elements[slot] = source.Elements[0],"the written element is the source's dictionary; the next line shares it (JgsHolders.Share), as AssignIntoStruct does"
src/JGraph.Scripting/Jgs/Interpreter.Structs.cs,AssignIntoStructGrid,adopt,Elements,322,0,M2 Share or copy,elements[slot] = payload.Elements[r + (c * rows)],"a carried element; shared on the next line while the old array is still held (existing.IsShared), else it simply moves"
src/JGraph.Scripting/Jgs/Interpreter.Tables.cs,WriteTableBrace,store,slot,212,0,"M2: an entry holds its own wrapper (Share), or the store is not an entry","parts[v] = single || total == widths[v] ? rhs : RightHandColumns(rhs, offset, widths[v], brace, env)","transient: an argument list, an option table or a working list built for one call; not an entry a later statement can read (V6: the parts dealt to the variables of one brace write, each written into the level slot and then dropped)"
src/JGraph.Scripting/Jgs/Interpreter.TextWrites.cs,StringElementsFor,store,slot,216,0,"M2: an entry holds its own wrapper (Share), or the store is not an entry",texts[i] = piece.IsStringArray ? piece.ElementAt(0) : piece.Type == JgsType.String ? piece : TextElementOf(piece),"immutable element: a number, a string or a complex scalar, for which a share is the value itself"
src/JGraph.Scripting/Jgs/Interpreter.TextWrites.cs,WriteCells,write,local,679,0,M7 gated setter; M3 detaches at Holders > 1,cells[slots[i]] = JgsValue.Share(source[source.Length == 1 ? 0 : i]),"a store into a destination parameter (every parameter now reads as borrowed, not only the last): the caller allocated it for this call and nobody else holds it"
src/JGraph.Scripting/Jgs/Interpreter.TimeWrites.cs,RefreshDatetimeFormat,mutate,MarkTime,251,0,M4 fresh wrapper or the entry's own,target.MarkTime(tag with { Format = JgsTime.DefaultDatetimeFormat }),"the entry's own wrapper, read back through EvaluateForWrite (the write gate) after the paren write it just took; a time tag lives on the wrapper, and an alias holds a wrapper of its own under M2, so the alias keeps the format it had (V6, #129)"
src/JGraph.Scripting/Jgs/Interpreter.TimeWrites.cs,RefreshDatetimeFormat,mutate,MarkTime,263,0,M4 fresh wrapper or the entry's own,target.MarkTime(refreshed),"the entry's own wrapper, read back through EvaluateForWrite (the write gate) after the paren write it just took; a time tag lives on the wrapper, and an alias holds a wrapper of its own under M2, so the alias keeps the format it had (V6, #129)"
src/JGraph.Scripting/Jgs/Interpreter.cs,RunDestructor,adopt,JgsValue.Object,1190,0,"callbacks: invoked with the interpreter's own wrappers, asked for nothing","JgsCallbacks.Invoke(destructor, [JgsValue.Object(instance)], 0, 0)","V10: a handle's delete method run because its last holder went; the instance is the object's own, and the frame binds it through CopyForBinding"
src/JGraph.Scripting/Jgs/Interpreter.cs,Execute,store,slot,1416,0,"M2: an entry holds its own wrapper (Share), or the store is not an entry","supplied[i] = Evaluate(wanting.Arguments[i], env)","open item 38 review, 2026-10-07"
src/JGraph.Scripting/Jgs/Interpreter.cs,RangeFromValues,unclear,MarkTime,3296,0,V1.2 states the contract on the helper,JgsValue Finish(JgsValue result) => time is null ? result : result.MarkTime(time),the payload comes from the caller; V1.2 states the contract on the helper
src/JGraph.Scripting/Jgs/Interpreter.cs,EvaluateMatrix,unclear,MarkTime,3431,0,M4 mutator on a wrapper minted here,"assembled = assembled.MarkTime(JgsTime.ConcatTag(first, rows.SelectMany(static row => row)))","open item 38 review, 2026-10-07"
src/JGraph.Scripting/Jgs/Interpreter.cs,EvaluateArrayLiteral,unclear,MarkTime,3622,0,M4 mutator on a wrapper minted here,"built = built.MarkTime(JgsTime.ConcatTag(first, elements))","open item 38 review, 2026-10-07"
src/JGraph.Scripting/Jgs/Interpreter.cs,BuildArrayLiteral,adopt,JgsValue.Array,3770,0,V1.2 states the contract on the helper,"JgsValue list = JgsPacking.Enabled && PackedOps.TryPackElements(elements, out JgsValue packed) ? packed : JgsValue.Array(elements)",the payload comes from the caller; V1.2 states the contract on the helper
src/JGraph.Scripting/Jgs/Interpreter.cs,AssembleLiteral,unclear,Reshape,4110,0,V1.2 states the contract on the helper,"packed.Reshape(height, width)",the payload comes from the caller; V1.2 states the contract on the helper
src/JGraph.Scripting/Jgs/Interpreter.cs,FlattenInto,store,add,4180,0,"M2: an entry holds its own wrapper (Share), or the store is not an entry",into.Add(value),"transient: an argument list, an option table or a working list built for one call; not an entry a later statement can read"
src/JGraph.Scripting/Jgs/Interpreter.cs,ApplyBinary,unclear,SetNumericClass,4706,0,V1.2 states the contract on the helper,answer.SetNumericClass(numericClass),the payload comes from the caller; V1.2 states the contract on the helper
src/JGraph.Scripting/Jgs/Interpreter.cs,CopyContainer,store,slot,5359,0,"M2: an entry holds its own wrapper (Share), or the store is not an entry",elements[i] = source2[i].Type == JgsType.Array ? CopyContainer(source2[i]) : source2[i],"JGRAPH_COW=0's eager copy of a boxed array: immutable element: a number, a string or a complex scalar, for which a share is the value itself"
src/JGraph.Scripting/Jgs/Interpreter.cs,KeepShape,mutate,TakeShapeOf,5375,0,M4 fresh wrapper or the entry's own,copy.TakeShapeOf(source),the copy is minted by the caller; M4's fresh case
src/JGraph.Scripting/Jgs/Interpreter.cs,CarryValueTags,mutate,SetNumericClass,5403,0,M4 fresh wrapper or the entry's own,copy.SetNumericClass(source.NumericClass),the copy is minted by the caller; M4's fresh case
src/JGraph.Scripting/Jgs/Interpreter.cs,CarryValueTags,mutate,MarkStringArray,5407,0,M4 fresh wrapper or the entry's own,copy.MarkStringArray(),the copy is minted by the caller; M4's fresh case
src/JGraph.Scripting/Jgs/Interpreter.cs,CarryValueTags,mutate,MarkCharMatrix,5416,0,M4 fresh wrapper or the entry's own,copy.MarkCharMatrix(),the copy is minted by the caller; M4's fresh case
src/JGraph.Scripting/Jgs/Interpreter.cs,CarryValueTags,mutate,MarkTime,5421,0,M4 fresh wrapper or the entry's own,copy.MarkTime(time),the copy is minted by the caller; M4's fresh case
src/JGraph.Scripting/Jgs/Interpreter.cs,CarryNdTags,mutate,SetNumericClass,5438,0,M4 fresh wrapper or the entry's own,copy.SetNumericClass(source.NumericClass),the copy is minted by the caller; M4's fresh case
src/JGraph.Scripting/Jgs/Interpreter.cs,CarryNdTags,mutate,MarkStringArray,5441,0,M4 fresh wrapper or the entry's own,copy.MarkStringArray(),the copy is minted by the caller; M4's fresh case
src/JGraph.Scripting/Jgs/Interpreter.cs,CarryNdTags,mutate,MarkCharMatrix,5446,0,M4 fresh wrapper or the entry's own,copy.MarkCharMatrix(),the copy is minted by the caller; M4's fresh case
src/JGraph.Scripting/Jgs/Interpreter.cs,CarryNdTags,mutate,MarkTime,5451,0,M4 fresh wrapper or the entry's own,copy.MarkTime(time),the copy is minted by the caller; M4's fresh case
src/JGraph.Scripting/Jgs/Interpreter.cs,KeepNumericClass,mutate,SetNumericClass,5471,0,M4 fresh wrapper or the entry's own,rebuilt.SetNumericClass(source.NumericClass),the rebuild is minted by the caller; M4's fresh case
src/JGraph.Scripting/Jgs/Interpreter.cs,TryFusedUpdate,write,gated,5677,0,"M7 gated accessor: Writable*() detaches at Holders > 1, then hands back the entry's own storage","PackedMath.ScaleAccumulate(dest, array.AsBuffer, scalar, subtract, dest, null, JgsReuse.InPlaceThreadElements)","open item 38 review, 2026-10-07"
src/JGraph.Scripting/Jgs/Interpreter.cs,UpdateInPlace,write,gated,5781,0,"M7 gated accessor: Writable*() detaches at Holders > 1, then hands back the entry's own storage","PackedMath.BinaryScalarRight(kernel, dest, other.AsNumber, dest, PackedMath.Rounding.None, null, threads)","open item 38 review, 2026-10-07"
src/JGraph.Scripting/Jgs/Interpreter.cs,UpdateInPlace,write,gated,5785,0,"M7 gated accessor: Writable*() detaches at Holders > 1, then hands back the entry's own storage","PackedMath.BinaryScalarLeft(kernel, other.AsNumber, dest, dest, PackedMath.Rounding.None, null, threads)","open item 38 review, 2026-10-07"
src/JGraph.Scripting/Jgs/Interpreter.cs,UpdateInPlace,write,gated,5794,0,"M7 gated accessor: Writable*() detaches at Holders > 1, then hands back the entry's own storage","PackedMath.Binary(kernel, dest, operand, dest, PackedMath.Rounding.None, null, threads)","open item 38 review, 2026-10-07"
src/JGraph.Scripting/Jgs/Interpreter.cs,UpdateInPlace,write,gated,5798,0,"M7 gated accessor: Writable*() detaches at Holders > 1, then hands back the entry's own storage","PackedMath.Binary(kernel, operand, dest, dest, PackedMath.Rounding.None, null, threads)","open item 38 review, 2026-10-07"
src/JGraph.Scripting/Jgs/Interpreter.cs,Grow,write,TryGrowInPlace,6258,0,M7 gated setter; M3 detaches at Holders > 1,"if (Dialect.CopyOnAssign && !current.IsDatetime && current.TryGrowInPlace(newRows, newCols))","growth in place; M7 gates it, and growing a shared payload detaches first"
src/JGraph.Scripting/Jgs/Interpreter.cs,GrowVector,write,TryGrowInPlace,6339,0,M7 gated setter; M3 detaches at Holders > 1,"if (Dialect.CopyOnAssign && !current.IsDatetime && current.TryGrowInPlace(growsAsColumn ? needed : 1, growsAsColumn ? 1 : needed))","growth in place; M7 gates it, and growing a shared payload detaches first"
src/JGraph.Scripting/Jgs/Interpreter.cs,KeepTextKind,mutate,MarkTime,6385,0,M4 fresh wrapper or the entry's own,rebuilt.MarkTime(time),the rebuild is minted by the caller; M4's fresh case
src/JGraph.Scripting/Jgs/Interpreter.cs,KeepTextKind,mutate,MarkCharMatrix,6390,0,M4 fresh wrapper or the entry's own,rebuilt.MarkCharMatrix(),the rebuild is minted by the caller; M4's fresh case
src/JGraph.Scripting/Jgs/Interpreter.cs,KeepTextKind,mutate,MarkStringArray,6393,0,M4 fresh wrapper or the entry's own,return source.IsStringArray ? rebuilt.MarkStringArray() : rebuilt,the rebuild is minted by the caller; M4's fresh case
src/JGraph.Scripting/Jgs/Interpreter.cs,AsIndexArray,unclear,JgsValue.Array,6441,0,V1.2 states the contract on the helper,private static JgsValue AsIndexArray(JgsValue index) => index.Type == JgsType.Array ? index : JgsValue.Array([index]),the payload comes from the caller; V1.2 states the contract on the helper
src/JGraph.Scripting/Jgs/Interpreter.cs,AsIndexArray,store,collection,6441,0,"M2: an entry holds its own wrapper (Share), or the store is not an entry",private static JgsValue AsIndexArray(JgsValue index) => index.Type == JgsType.Array ? index : JgsValue.Array([index]),"immutable element: a number, a string or a complex scalar, for which a share is the value itself"
src/JGraph.Scripting/Jgs/Interpreter.cs,WriteElement,write,SetPackedNumber,6518,0,M7 gated setter; M3 detaches at Holders > 1,"container.SetPackedNumber(index, value.AsNumber)",the packed element road; M7 puts the holder check inside the setter
src/JGraph.Scripting/Jgs/Interpreter.cs,WriteElement,write,SetPackedNumber,6524,0,M7 gated setter; M3 detaches at Holders > 1,"container.SetPackedNumber(index, value.AsBool ? 1 : 0)",the packed element road; M7 puts the holder check inside the setter
src/JGraph.Scripting/Jgs/Interpreter.cs,WriteElement,mutate,DemoteToBoxed,6528,0,V1.2 states the contract on the helper,container.DemoteToBoxed(),"M4 on the entry's own wrapper, which M2 makes safe; M3 detaches before it"
src/JGraph.Scripting/Jgs/Interpreter.cs,WriteElement,write,SetPackedComplex,6534,0,M7 gated setter; M3 detaches at Holders > 1,"container.SetPackedComplex(index, value.AsComplex)","the complex element store, moved from a raw plane write into the wrapper's setter so the gate runs inside it"
src/JGraph.Scripting/Jgs/Interpreter.cs,WriteElement,mutate,DemoteToBoxed,6538,1,V1.2 states the contract on the helper,container.DemoteToBoxed(),"M4 on the entry's own wrapper, which M2 makes safe; M3 detaches before it"
src/JGraph.Scripting/Jgs/Interpreter.cs,WriteElement,write,SetSlot,6541,0,M7 gated setter; M3 detaches at Holders > 1,"container.SetSlot(index, value)","the boxed element store, moved from a raw AsArray[] write into the wrapper's setter so the gate runs inside it"
src/JGraph.Scripting/Jgs/Interpreter.cs,WriteElement,store,setslot,6541,0,"M2: an entry holds its own wrapper (Share), or the store is not an entry","container.SetSlot(index, value)",SetSlot with the value the assignment road retained (adopted or CopyForBinding's share)
src/JGraph.Scripting/Jgs/Interpreter.cs,AssignThroughIndex,store,setslot,6769,0,"M2: an entry holds its own wrapper (Share), or the store is not an entry","callee.SetSlot(single, stored)","a boxed array's elements: immutable element: a number, a string or a complex scalar, for which a share is the value itself (V10: the exact lifetime of what was there and what is now moves with the write)"
src/JGraph.Scripting/Jgs/Interpreter.cs,AssignThroughIndex,store,setslot,6783,0,"M2: an entry holds its own wrapper (Share), or the store is not an entry","callee.SetSlot(pick, stored)","a boxed array's elements: immutable element: a number, a string or a complex scalar, for which a share is the value itself (V10: the exact lifetime of what was there and what is now moves with the write)"
src/JGraph.Scripting/Jgs/Interpreter.cs,AssignThroughIndex,store,setslot,6804,0,"M2: an entry holds its own wrapper (Share), or the store is not an entry","callee.SetSlot(picks[i], stored)","a boxed array's elements: immutable element: a number, a string or a complex scalar, for which a share is the value itself (V10: the exact lifetime of what was there and what is now moves with the write)"
src/JGraph.Scripting/Jgs/Interpreter.cs,TryPackedParenWrite,write,SetPackedNumber,6853,0,M7 gated setter; M3 detaches at Holders > 1,"target.SetPackedNumber(single, stored)",the packed scalar road; the check is inside the setter
src/JGraph.Scripting/Jgs/Interpreter.cs,TryPackedParenWrite,write,gated,6899,0,"M7 gated accessor: Writable*() detaches at Holders > 1, then hands back the entry's own storage","span[picks[i]] = into.Apply( combine(span[picks[i]], source is null ? scalarRhs : source.AsSpan()[i]))",the packed scatter writes into target.WritableBuffer()'s span; the demotion road beside it shares the same gate
src/JGraph.Scripting/Jgs/Interpreter.cs,TryPackedParenWrite,store,slot,6899,0,"M2: an entry holds its own wrapper (Share), or the store is not an entry","span[picks[i]] = into.Apply( combine(span[picks[i]], source is null ? scalarRhs : source.AsSpan()[i]))","open item 38 review, 2026-10-07"
src/JGraph.Scripting/Jgs/Interpreter.cs,TryPackedComplexParenWrite,write,SetPackedComplex,6943,0,M7 gated setter; M3 detaches at Holders > 1,"target.SetPackedComplex(single, rhs.AsComplex)",the complex paren store through the wrapper's setter
src/JGraph.Scripting/Jgs/Interpreter.cs,OneElementArray,unclear,JgsValue.Array,7400,0,V1.2 states the contract on the helper,"JgsValue array = JgsNumericClasses.Stamp(JgsValue.Array([scalar]), scalar.NumericClass)",the payload comes from the caller; V1.2 states the contract on the helper
src/JGraph.Scripting/Jgs/Interpreter.cs,OneElementArray,store,collection,7400,0,"M2: an entry holds its own wrapper (Share), or the store is not an entry","JgsValue array = JgsNumericClasses.Stamp(JgsValue.Array([scalar]), scalar.NumericClass)","immutable element: a number, a string or a complex scalar, for which a share is the value itself"
src/JGraph.Scripting/Jgs/Interpreter.cs,IndexInto,unclear,MarkStringArray,7440,0,V1.2 states the contract on the helper,return picked.Type == JgsType.String ? JgsValue.StringScalar(picked.AsString) : picked.Type == JgsType.Array && !picked.IsStringArray ? picked.Mark...,the payload comes from the caller; V1.2 states the contract on the helper
src/JGraph.Scripting/Jgs/Interpreter.cs,IndexIntoCore,store,copy,7548,0,"M2: an entry holds its own wrapper (Share), or the store is not an entry","JgsValue all = target.IsPacked ? PackedOps.Clone(target, _cancelCheck) : target.IsPackedComplex ? PackedOps.CloneComplex(target, _cancelCheck) : Jg...","immutable element: a number, a string or a complex scalar, for which a share is the value itself"
src/JGraph.Scripting/Jgs/Interpreter.cs,AssignNSubscripts,unclear,ReshapeDims,7817,0,M4 mutator on a wrapper minted here,callee.ReshapeDims(grownExtents),the grown array was minted by FromElements two statements above and nobody holds it yet; Stored() then puts it through the target's entry
src/JGraph.Scripting/Jgs/Interpreter.cs,FlattenImage,unclear,Reshape,8083,0,M4 mutator on a wrapper minted here,"column.Reshape(flat.Length, 1)","open item 38 review, 2026-10-07"
src/JGraph.Scripting/Jgs/Interpreter.cs,EvaluateIndexArgument,unclear,JgsValue.Shaped,8133,0,fresh: minted here,"return index.Type == JgsType.Bool && Dialect.IsMatlab ? JgsValue.Shaped([index], 1, 1, JgsPackedKind.Bool) : index","open item 38 review, 2026-10-07"
src/JGraph.Scripting/Jgs/Interpreter.cs,EvaluateIndexArgument,store,collection,8133,0,"M2: an entry holds its own wrapper (Share), or the store is not an entry","return index.Type == JgsType.Bool && Dialect.IsMatlab ? JgsValue.Shaped([index], 1, 1, JgsPackedKind.Bool) : index","open item 38 review, 2026-10-07"
src/JGraph.Scripting/Jgs/Interpreter.cs,GatherOrIndex,store,slot,8197,0,"M2: an entry holds its own wrapper (Share), or the store is not an entry",gathered[i] = target.AsArray[picks[i]],"immutable element: a number, a string or a complex scalar, for which a share is the value itself"
src/JGraph.Scripting/Jgs/Interpreter.cs,OrientGather,mutate,Reshape,8230,0,V1.2 states the contract on the helper,"result.Reshape(result.ArrayLength, 1)",the payload comes from the caller; V1.2 states the contract on the helper
src/JGraph.Scripting/Jgs/Interpreter.cs,OrientGather,mutate,Reshape,8240,0,V1.2 states the contract on the helper,"result.Reshape(indexRows, indexCols)",the payload comes from the caller; V1.2 states the contract on the helper
src/JGraph.Scripting/Jgs/Interpreter.cs,OrientGather,mutate,Reshape,8246,1,V1.2 states the contract on the helper,"result.Reshape(result.ArrayLength, 1)",the payload comes from the caller; V1.2 states the contract on the helper
src/JGraph.Scripting/Jgs/Interpreter.cs,EvaluateSpread,store,slot,8927,0,"M2: an entry holds its own wrapper (Share), or the store is not an entry",spread[i] = elements[slots[i]],"transient: a comma-separated list, which its consumer (a literal, an argument list, a multiple assignment) shares as it stores"
src/JGraph.Scripting/Jgs/Interpreter.cs,EvaluateAll,store,slot,9026,0,"M2: an entry holds its own wrapper (Share), or the store is not an entry","plain[i] = Evaluate(exprs[i], env)","open item 38 review, 2026-10-07"
src/JGraph.Scripting/Jgs/Interpreter.cs,HoldAll,write,local,9076,0,M5 scope,"values[i] = Hold(values[i], ref holds)","the evaluator's own argument array (EvaluateAll minted it); a slot is replaced by the scope's counted share, never written into a payload"
src/JGraph.Scripting/Jgs/Interpreter.cs,AssignToMember,write,gated,9549,0,"M7 gated accessor: Writable*() detaches at Holders > 1, then hands back the entry's own storage",fields[field] = value,"the struct field store into container.WritableStruct(); a Map is never shared, so for it the gate is a no-op (V10: the exact lifetime of what was there and what is now moves with the write)"
src/JGraph.Scripting/Jgs/Interpreter.cs,AssignToMember,store,slot,9549,0,"M2: an entry holds its own wrapper (Share), or the store is not an entry",fields[field] = value,"the value the assignment road retained (the adopted minted answer, or CopyForBinding's share), stored through the gate (V10: the exact lifetime of what was there and what is now moves with the write)"
src/JGraph.Scripting/Jgs/Interpreter.cs,ResolveStructForWrite,write,gated,9761,0,"M7 gated accessor: Writable*() detaches at Holders > 1, then hands back the entry's own storage",fields[field] = child,an empty struct started from [] stored into the object's WritableFields() on the way down a dotted path - o.s.f = v where the property o.s was [] (V6)
src/JGraph.Scripting/Jgs/Interpreter.cs,ResolveStructForWrite,write,gated,9793,1,"M7 gated accessor: Writable*() detaches at Holders > 1, then hands back the entry's own storage",fields[field] = child,an auto-created child stored into the parent's WritableStruct() on the way down a dotted path
src/JGraph.Scripting/Jgs/Interpreter.cs,ResolveStructElementForWrite,adopt,JgsValue.StructArray,9968,0,M2 Share or copy,"array = JgsValue.StructArray(payload, column ? grown.Length : 1, column ? 1 : grown.Length)","a wrapper over the grown payload, which the method itself grew"
src/JGraph.Scripting/Jgs/Interpreter.cs,AssignToBraceIndex,store,setslot,10056,0,"M2: an entry holds its own wrapper (Share), or the store is not an entry","target.SetSlot(row + (column * target.Rows), value)","the value the assignment road retained (the adopted minted answer, or CopyForBinding's share), stored through the gate (V10: the exact lifetime of what was there and what is now moves with the write)"
src/JGraph.Scripting/Jgs/Interpreter.cs,AssignToBraceIndex,store,setslot,10065,0,"M2: an entry holds its own wrapper (Share), or the store is not an entry","widened.SetSlot(row + (column * widened.Rows), value)","the value the assignment road retained (the adopted minted answer, or CopyForBinding's share), stored through the gate (V10: the exact lifetime of what was there and what is now moves with the write)"
src/JGraph.Scripting/Jgs/Interpreter.cs,AssignToBraceIndex,write,gated,10079,0,"M7 gated accessor: Writable*() detaches at Holders > 1, then hands back the entry's own storage",elements[slots[0]] = value,the cell slot store into target.WritableCell(); the widened/grown cells beside it are fresh and on the tripwire's allow-list
src/JGraph.Scripting/Jgs/Interpreter.cs,AssignToBraceIndex,store,slot,10079,0,"M2: an entry holds its own wrapper (Share), or the store is not an entry",elements[slots[0]] = value,"the value the assignment road retained (the adopted minted answer, or CopyForBinding's share), stored through the gate"
src/JGraph.Scripting/Jgs/Interpreter.cs,AssignToBraceIndex,store,setslot,10112,0,"M2: an entry holds its own wrapper (Share), or the store is not an entry","grown.SetSlot(position, value)","the value the assignment road retained (the adopted minted answer, or CopyForBinding's share), stored through the gate (V10: the exact lifetime of what was there and what is now moves with the write)"
src/JGraph.Scripting/Jgs/Interpreter.cs,AssignToBraceIndex,store,setslot,10118,0,"M2: an entry holds its own wrapper (Share), or the store is not an entry","target.SetSlot(position, value)","the value the assignment road retained (the adopted minted answer, or CopyForBinding's share), stored through the gate (V10: the exact lifetime of what was there and what is now moves with the write)"
src/JGraph.Scripting/Jgs/Interpreter.cs,GrownCell,store,slot,10175,0,"M2: an entry holds its own wrapper (Share), or the store is not an entry",grown[r + (c * rows)] = held[r + (c * wasRows)],moved: the old container is the entry's own (detached by the write road) and is discarded
src/JGraph.Scripting/Jgs/Interpreter.cs,ShapedFrom,unclear,Reshape,10314,0,V1.2 states the contract on the helper,"packed.Reshape(rows, cols)",the payload comes from the caller; V1.2 states the contract on the helper
src/JGraph.Scripting/Jgs/Interpreter.cs,ShapedFrom,adopt,JgsValue.Shaped,10318,0,V1.2 states the contract on the helper,"return JgsValue.Shaped(elements, rows, cols)",the payload comes from the caller; V1.2 states the contract on the helper
src/JGraph.Scripting/Jgs/Interpreter.cs,Conjugated,store,slot,10350,0,"M2: an entry holds its own wrapper (Share), or the store is not an entry",conjugated[i] = source2[i].Type == JgsType.Complex ? JgsValue.ComplexNum(Complex.Conjugate(source2[i].AsComplex)) : source2[i],"immutable element: a number, a string or a complex scalar, for which a share is the value itself"
src/JGraph.Scripting/Jgs/Interpreter.cs,RealPartOf,store,slot,10530,0,"M2: an entry holds its own wrapper (Share), or the store is not an entry",parts[i] = RealPartOf(source[i]),"immutable element: a number, a string or a complex scalar, for which a share is the value itself"
src/JGraph.Scripting/Jgs/Interpreter.cs,MapNumeric,store,slot,10930,0,"M2: an entry holds its own wrapper (Share), or the store is not an entry","result[i] = MapNumeric(source[i], op, symbol, line, column, complexOp, vectorOp)","immutable element: a number, a string or a complex scalar, for which a share is the value itself"
src/JGraph.Scripting/Jgs/JgsBuiltinClasses.AppBase.cs,RegisterApp,store,slot,167,0,"M2: an entry holds its own wrapper (Share), or the store is not an entry",entry.AddedProperties[RunningAppInstance] = args[0],"open item 38 review, 2026-10-07"
src/JGraph.Scripting/Jgs/JgsBuiltinClasses.ComponentContainer.cs,ConstructComponentContainer,write,gated,254,0,fresh: minted here,thrown.WritableStruct()[ ] = JgsValue.Cell([JgsValue.Share(cause)]),"open item 38 review, 2026-10-07"
src/JGraph.Scripting/Jgs/JgsBuiltinClasses.Style.cs,SetStyleProperty,unclear,new JgsObject,56,0,fresh: minted here,var copy = new JgsObject(source.Class),"open item 38 review, 2026-10-07"
src/JGraph.Scripting/Jgs/JgsBuiltinClasses.Style.cs,SetStyleProperty,write,Fields,59,0,fresh storage: the copy's own,copy.Fields[field] = held,"open item 38 review, 2026-10-07"
src/JGraph.Scripting/Jgs/JgsBuiltinClasses.Style.cs,SetStyleProperty,write,Fields,62,0,fresh storage: the copy's own,"copy.Fields[name] = StyleValueOf(name, args[1], line, col)","open item 38 review, 2026-10-07"
src/JGraph.Scripting/Jgs/JgsBuiltinClasses.cs,CopyElement,unclear,new JgsObject,101,0,fresh: minted here,var clone = new JgsObject(definition),"open item 38 review, 2026-10-07"
src/JGraph.Scripting/Jgs/JgsBuiltinClasses.cs,CopyElement,write,Fields,107,0,fresh storage: the copy's own,clone.Fields[name] = copied,"open item 38 review, 2026-10-07"
src/JGraph.Scripting/Jgs/JgsBuiltinForwarder.cs,CallAsStatement,store,slot,124,0,"M2: an entry holds its own wrapper (Share), or the store is not an entry",rest[i - 1] = arguments[i],"transient: an argument list, an option table or a working list built for one call; not an entry a later statement can read"
src/JGraph.Scripting/Jgs/JgsBuiltins.Arrays.cs,ApplyOverArrays,store,add,66,0,"M2: an entry holds its own wrapper (Share), or the store is not an entry",tail.Add(args[t]),"transient: an argument list, an option table or a working list built for one call; not an entry a later statement can read"
src/JGraph.Scripting/Jgs/JgsBuiltins.Arrays.cs,builtin:bsxfun,handback,return,231,0,M2: shared at the binding (CopyForBinding); not on JgsBuiltins.MintingBuiltins,return direct,"open item 38 review, 2026-10-07"
src/JGraph.Scripting/Jgs/JgsBuiltins.Arrays.cs,builtin:bsxfun,handback,return,231,0,M2: shared at the binding (CopyForBinding); not on JgsBuiltins.MintingBuiltins,"return JgsBroadcast.Map(args[1], args[2], , line, col, (a, b) => f.Call([a, b], line, col))","may hand back an argument, or a helper's answer that may be one; the binding shares it, so a write through the name detaches"
src/JGraph.Scripting/Jgs/JgsBuiltins.Arrays.cs,StructElementValues,adopt,Elements,342,0,M2 Share or copy,elements[i] = JgsValue.Struct(payload.Elements[i]),each element wrapper holds the array's own dictionary; V1.2 shares
src/JGraph.Scripting/Jgs/JgsBuiltins.Arrays.cs,RegisterRandomDraws,unclear,SetNumericClass,480,0,V1.2 states the contract on the helper,"Define( , (args, line, col) => { ArityRange( , args, 1, int.MaxValue, line, col); (args, JgsNumericClass? asClass, bool asLogical) = DrawnClass( , ...",the payload comes from the caller; V1.2 states the contract on the helper
src/JGraph.Scripting/Jgs/JgsBuiltins.Arrays.cs,builtin:randi,handback,return,480,0,M2: shared at the binding (CopyForBinding); not on JgsBuiltins.MintingBuiltins,"return MapToBool( , drawn, static x => x != 0, line, col)","may hand back an argument, or a helper's answer that may be one; the binding shares it, so a write through the name detaches"
src/JGraph.Scripting/Jgs/JgsBuiltins.Arrays.cs,builtin:randperm,handback,return,561,0,M2: shared at the binding (CopyForBinding); not on JgsBuiltins.MintingBuiltins,return Numbers(order[..wanted]),"open item 38 review, 2026-10-07"
src/JGraph.Scripting/Jgs/JgsBuiltins.Arrays.cs,builtin:circshift,handback,return,713,0,M2: shared at the binding (CopyForBinding); not on JgsBuiltins.MintingBuiltins,return args[0],hands the argument back when there is nothing to shift
src/JGraph.Scripting/Jgs/JgsBuiltins.Arrays.cs,builtin:rot90,handback,return,753,0,M2: shared at the binding (CopyForBinding); not on JgsBuiltins.MintingBuiltins,return FromRect(a),"open item 38 review, 2026-10-07"
src/JGraph.Scripting/Jgs/JgsBuiltins.Arrays.cs,builtin:accumarray,handback,return,778,0,M2: shared at the binding (CopyForBinding); not on JgsBuiltins.MintingBuiltins,return Numbers(sums),"open item 38 review, 2026-10-07"
src/JGraph.Scripting/Jgs/JgsBuiltins.Arrays.cs,builtin:accumarray,handback,return,778,0,M2: shared at the binding (CopyForBinding); not on JgsBuiltins.MintingBuiltins,return Numbers(reduced),"open item 38 review, 2026-10-07"
src/JGraph.Scripting/Jgs/JgsBuiltins.BvpDde.cs,builtin:bvpget,handback,lambda,50,0,M2: shared at the binding (CopyForBinding); not on JgsBuiltins.MintingBuiltins,"OptionsSetting( , BvpsetFields, args, line, col)","may hand back an argument, or a helper's answer that may be one; the binding shares it, so a write through the name detaches"
src/JGraph.Scripting/Jgs/JgsBuiltins.BvpDde.cs,builtin:ddeget,handback,lambda,57,0,M2: shared at the binding (CopyForBinding); not on JgsBuiltins.MintingBuiltins,"OptionsSetting( , DdesetFields, args, line, col)","may hand back an argument, or a helper's answer that may be one; the binding shares it, so a write through the name detaches"
src/JGraph.Scripting/Jgs/JgsBuiltins.BvpDde.cs,SolveDde,unclear,JgsValue.Cell,1019,0,V1.2 states the contract on the helper,"fields[ ] = JgsValue.Cell([Column(consistent.Y0), Column(consistent.Yp0)])",the payload comes from the caller; V1.2 states the contract on the helper
src/JGraph.Scripting/Jgs/JgsBuiltins.CalendarDuration.cs,builtin:calendarDuration,handback,return,56,0,M2: shared at the binding (CopyForBinding); not on JgsBuiltins.MintingBuiltins,"return CalendarFromMatrix(args[0], line, col)","may hand back an argument, or a helper's answer that may be one; the binding shares it, so a write through the name detaches"
src/JGraph.Scripting/Jgs/JgsBuiltins.CalendarDuration.cs,SplitCalendar,store,slot,184,0,"M2: an entry holds its own wrapper (Share), or the store is not an entry","outputs[u] = unit == ? WrapTime(Numbers(column), JgsTime.DurationTag()) : column.Length == 1 ? JgsValue.Number(column[0]) : Numbers(column)","a fresh time wrapper (WrapTime mints) or a number: immutable, or the answer's own"
src/JGraph.Scripting/Jgs/JgsBuiltins.CalendarDuration.cs,CalendarValue,adopt,JgsValue.StructArray,247,0,V1.2 states the contract on the helper,JgsValue built = JgsValue.StructArray(elements),the payload comes from the caller; V1.2 states the contract on the helper
src/JGraph.Scripting/Jgs/JgsBuiltins.ChangeDetection.cs,CumulativeSum,store,add,51,0,"M2: an entry holds its own wrapper (Share), or the store is not an entry",numeric.Add(args[i]),"transient: an argument list, an option table or a working list built for one call; not an entry a later statement can read"
src/JGraph.Scripting/Jgs/JgsBuiltins.Charts3D.cs,Pie3Options,store,add,495,0,"M2: an entry holds its own wrapper (Share), or the store is not an entry",words.Add(args[at].AsString),"immutable element: a number, a string or a complex scalar, for which a share is the value itself"
src/JGraph.Scripting/Jgs/JgsBuiltins.Classes.cs,RegisterClassBuiltins,unclear,SetClassName,280,0,M4 mutator on a wrapper minted here,"Define( , (args, line, col) => { Arity( , args, 1, line, col); if (args[0].Type == JgsType.Object) { return MetaClassOf(args[0].AsObject.Class); } ...","open item 38 review, 2026-10-07"
src/JGraph.Scripting/Jgs/JgsBuiltins.Classes.cs,RegisterClassBuiltins,unclear,JgsValue.Cell,299,0,V1.2 states the contract on the helper,"Define( , (args, line, col) => { Arity( , args, 2, line, col); (string identifier, string message) = ReadErrorValue( , args[0], line, col); if (arg...","addCause: every cause, old and new, is shared into the new exception (JgsValue.Share) and the cell is minted here (V6)"
src/JGraph.Scripting/Jgs/JgsBuiltins.ComplexDomain.cs,TryFlatRealMap,write,local,106,0,M7 gated setter; M3 detaches at Holders > 1,"return PackedMath.TryUnaryAtLeast(kernel, 0, source, dest)","a store into a destination parameter (every parameter now reads as borrowed, not only the last): the caller allocated it for this call and nobody else holds it"
src/JGraph.Scripting/Jgs/JgsBuiltins.CosineTransform.cs,builtin:dct,handback,lambda,35,0,M2: shared at the binding (CopyForBinding); not on JgsBuiltins.MintingBuiltins,"CosineLine( , args, inverse: false, line, col)","may hand back an argument, or a helper's answer that may be one; the binding shares it, so a write through the name detaches"
src/JGraph.Scripting/Jgs/JgsBuiltins.CosineTransform.cs,builtin:idct,handback,lambda,37,0,M2: shared at the binding (CopyForBinding); not on JgsBuiltins.MintingBuiltins,"CosineLine( , args, inverse: true, line, col)","may hand back an argument, or a helper's answer that may be one; the binding shares it, so a write through the name detaches"
src/JGraph.Scripting/Jgs/JgsBuiltins.DataAnalysis.cs,builtin:interp1,handback,lambda,46,0,M2: shared at the binding (CopyForBinding); not on JgsBuiltins.MintingBuiltins,"Interpolate(args, dialect, host, line, col)","may hand back an argument, or a helper's answer that may be one; the binding shares it, so a write through the name detaches"
src/JGraph.Scripting/Jgs/JgsBuiltins.DataAnalysis.cs,Extremes,store,add,189,0,"M2: an entry holds its own wrapper (Share), or the store is not an entry",forwarded.Add(args[i]),"transient: an argument list, an option table or a working list built for one call; not an entry a later statement can read"
src/JGraph.Scripting/Jgs/JgsBuiltins.DataAnalysis.cs,GatherBlock,write,local,1309,0,M7 gated setter; M3 detaches at Holders > 1,y[r + at] = x[order[r] + at],"a store into a destination parameter (every parameter now reads as borrowed, not only the last): the caller allocated it for this call and nobody else holds it"
src/JGraph.Scripting/Jgs/JgsBuiltins.DataAnalysis.cs,Covariance,store,add,1795,0,"M2: an entry holds its own wrapper (Share), or the store is not an entry",data.Add(args[i]),"transient: an argument list, an option table or a working list built for one call; not an entry a later statement can read"
src/JGraph.Scripting/Jgs/JgsBuiltins.DataOut.cs,RegisterDataOutBuiltins,unclear,JgsValue.Cell,150,1,V1.2 states the contract on the helper,"Define( , (args, line, col) => { List<string[]> rows = ReadRows( , args, host, line, col); int width = 0; foreach (string[] row in rows) { width = ...",the payload comes from the caller; V1.2 states the contract on the helper
src/JGraph.Scripting/Jgs/JgsBuiltins.DataOut.cs,RegisterDataOutBuiltins,unclear,Reshape,150,0,V1.2 states the contract on the helper,"Define( , (args, line, col) => { List<string[]> rows = ReadRows( , args, host, line, col); int width = 0; foreach (string[] row in rows) { width = ...",the payload comes from the caller; V1.2 states the contract on the helper
src/JGraph.Scripting/Jgs/JgsBuiltins.DataOut.cs,RegisterDataOutBuiltins,unclear,new JgsStructArray,248,0,V1.2 states the contract on the helper,"Define( , (args, line, col) => { ArityRange( , args, 1, 1, line, col); Table table = Tbl( , args, 0, line, col); var elements = new Dictionary<stri...",the payload comes from the caller; V1.2 states the contract on the helper
src/JGraph.Scripting/Jgs/JgsBuiltins.DataOut.cs,OptionTail,store,add,305,0,"M2: an entry holds its own wrapper (Share), or the store is not an entry",tail.Add(args[i]),"transient: an argument list, an option table or a working list built for one call; not an entry a later statement can read"
src/JGraph.Scripting/Jgs/JgsBuiltins.DataTypes.cs,RegisterDataTypeBuiltins,unclear,JgsValue.Array,28,0,V1.2 states the contract on the helper,"Define( , (args, line, col) => { Arity( , args, 1, line, col); if (args[0].Type == JgsType.String) { return JgsValue.Bool(args[0].AsString == Missi...",a cell over the argument's own slots; V1.2 shares
src/JGraph.Scripting/Jgs/JgsBuiltins.DataTypes.cs,RegisterDataTypeBuiltins,unclear,TakeShapeOf,28,0,V1.2 states the contract on the helper,"Define( , (args, line, col) => { Arity( , args, 1, line, col); if (args[0].Type == JgsType.String) { return JgsValue.Bool(args[0].AsString == Missi...",a cell over the argument's own slots; V1.2 shares
src/JGraph.Scripting/Jgs/JgsBuiltins.DataTypes.cs,builtin:ismissing,handback,return,28,0,M2: shared at the binding (CopyForBinding); not on JgsBuiltins.MintingBuiltins,"return MapToBool( , args[0], double.IsNaN, line, col)","may hand back an argument, or a helper's answer that may be one; the binding shares it, so a write through the name detaches"
src/JGraph.Scripting/Jgs/JgsBuiltins.DataTypes.cs,builtin:string,handback,return,62,0,M2: shared at the binding (CopyForBinding); not on JgsBuiltins.MintingBuiltins,return input,hands a string argument back as it is
src/JGraph.Scripting/Jgs/JgsBuiltins.DataTypes.cs,RegisterDataTypeBuiltins,unclear,JgsValue.Cell,121,1,fresh: minted here,"Define( , (args, line, col) => { Arity( , args, 1, line, col); JgsValue input = args[0]; if (input.Type == JgsType.External) { return Net.NetBuilti...","open item 38 review, 2026-10-07"
src/JGraph.Scripting/Jgs/JgsBuiltins.DataTypes.cs,RegisterDataTypeBuiltins,unclear,Reshape,121,0,M4 mutator on a wrapper minted here,"Define( , (args, line, col) => { Arity( , args, 1, line, col); JgsValue input = args[0]; if (input.Type == JgsType.External) { return Net.NetBuilti...","open item 38 review, 2026-10-07"
src/JGraph.Scripting/Jgs/JgsBuiltins.DataTypes.cs,builtin:cellstr,handback,return,121,0,M2: shared at the binding (CopyForBinding); not on JgsBuiltins.MintingBuiltins,"return Net.NetBuiltinConversions.CellStr(input, line, col)","open item 38 review, 2026-10-07"
src/JGraph.Scripting/Jgs/JgsBuiltins.DataTypes.cs,RegisterDataTypeBuiltins,unclear,JgsValue.Cell,158,0,V1.2 states the contract on the helper,"Define( , (args, line, col) => { ArityRange( , args, 1, 3, line, col); JgsValue input = args[0]; JgsValue named = input.Type switch { JgsType.Cell ...",a cell over the argument's own slots; V1.2 shares
src/JGraph.Scripting/Jgs/JgsBuiltins.DataTypes.cs,CellShapedLike,adopt,JgsValue.Cell,899,0,M2 Share or copy,JgsValue result = JgsValue.Cell(elements),a cell over the argument's own slots; V1.2 shares
src/JGraph.Scripting/Jgs/JgsBuiltins.DataTypes.cs,ShapedLike,adopt,JgsValue.Array,915,0,M2 Share or copy,JgsValue result = JgsValue.Array(elements),a cell over the argument's own slots; V1.2 shares
src/JGraph.Scripting/Jgs/JgsBuiltins.Decomposition.cs,TryDecompositionUnary,store,slot,184,0,"M2: an entry holds its own wrapper (Share), or the store is not an entry",fields[ ] = Conjugated(fields[ ]),"the decomposition object's own field dictionary, rebuilt field by field"
src/JGraph.Scripting/Jgs/JgsBuiltins.Decomposition.cs,Rescaled,write,local,316,0,M7 gated setter; M3 detaches at Holders > 1,fields[ ] = scaled.Imaginary == 0 ? JgsValue.Number(scaled.Real) : JgsValue.ComplexNum(scaled),fills a field dictionary the method is building
src/JGraph.Scripting/Jgs/JgsBuiltins.DesignFilt.cs,WindowSamples,store,add,300,0,"M2: an entry holds its own wrapper (Share), or the store is not an entry",call.Add(parts[i]),"transient: an argument list, an option table or a working list built for one call; not an entry a later statement can read"
src/JGraph.Scripting/Jgs/JgsBuiltins.DesignFilt.cs,Packed,store,slot,326,0,"M2: an entry holds its own wrapper (Share), or the store is not an entry",fields[ ] = Numbers(taps),"open item 38 review, 2026-10-07"
src/JGraph.Scripting/Jgs/JgsBuiltins.DesignFilt.cs,Packed,store,slot,327,1,"M2: an entry holds its own wrapper (Share), or the store is not an entry",fields[ ] = Numbers(taps),"open item 38 review, 2026-10-07"
src/JGraph.Scripting/Jgs/JgsBuiltins.DesignFilt.cs,Packed,store,slot,353,0,"M2: an entry holds its own wrapper (Share), or the store is not an entry",fields[name] = value.Length == 1 ? JgsValue.Number(value[0]) : Numbers(value),"open item 38 review, 2026-10-07"
src/JGraph.Scripting/Jgs/JgsBuiltins.Elementary.cs,RegisterTypePredicates,unclear,JgsValue.Array,184,0,V1.2 states the contract on the helper,"void CharacterClass(string name, Func<char, bool> test) => Define(name, (args, line, col) => { Arity(name, args, 1, line, col); if (args[0].Type !=...",the payload comes from the caller; V1.2 states the contract on the helper
src/JGraph.Scripting/Jgs/JgsBuiltins.Elementary.cs,builtin:logical,handback,return,363,0,M2: shared at the binding (CopyForBinding); not on JgsBuiltins.MintingBuiltins,"return MapToBool( , args[0], static x => x != 0, line, col)",MapToBool hands a logical argument back as it is (which is why it is not on the minting list)
src/JGraph.Scripting/Jgs/JgsBuiltins.Elementary.cs,builtin:double,handback,return,382,0,M2: shared at the binding (CopyForBinding); not on JgsBuiltins.MintingBuiltins,"return ToNumericClass( , JgsNumericClass.Double, args[0], line, col)","may hand back an argument, or a helper's answer that may be one; the binding shares it, so a write through the name detaches"
src/JGraph.Scripting/Jgs/JgsBuiltins.Elementary.cs,builtin:single,handback,return,388,0,M2: shared at the binding (CopyForBinding); not on JgsBuiltins.MintingBuiltins,"return ToNumericClass( , JgsNumericClass.Single, args[0], line, col)","may hand back an argument, or a helper's answer that may be one; the binding shares it, so a write through the name detaches"
src/JGraph.Scripting/Jgs/JgsBuiltins.Elementary.cs,builtin:cast,handback,return,394,0,M2: shared at the binding (CopyForBinding); not on JgsBuiltins.MintingBuiltins,"return MapToBool( , args[0], static x => x != 0, line, col)","may hand back an argument, or a helper's answer that may be one; the binding shares it, so a write through the name detaches"
src/JGraph.Scripting/Jgs/JgsBuiltins.Elementary.cs,builtin:cast,handback,return,394,0,M2: shared at the binding (CopyForBinding); not on JgsBuiltins.MintingBuiltins,"return prototype.Type == JgsType.String ? JgsValue.Str(args[0].Type == JgsType.String ? args[0].AsString : args[0].Display()) : ToNumericClass( , p...","may hand back an argument, or a helper's answer that may be one; the binding shares it, so a write through the name detaches"
src/JGraph.Scripting/Jgs/JgsBuiltins.Elementary.cs,builtin:cast,handback,return,394,0,M2: shared at the binding (CopyForBinding); not on JgsBuiltins.MintingBuiltins,"return ToNumericClass( , numericClass, args[0], line, col)","may hand back an argument, or a helper's answer that may be one; the binding shares it, so a write through the name detaches"
src/JGraph.Scripting/Jgs/JgsBuiltins.Elementary.cs,TryGetBuiltinStatic,unclear,MarkTime,542,0,M4 mutator on a wrapper minted here,"value = JgsValue.Function(new BuiltinFunction($ , (args, line, col) => { var dims = new int[System.Math.Max(args.Count, 2)]; bool hasZero = args.Co...","open item 38 review, 2026-10-07"
src/JGraph.Scripting/Jgs/JgsBuiltins.Elementary.cs,TryGetBuiltinStatic,unclear,MarkTime,542,1,M4 mutator on a wrapper minted here,"value = JgsValue.Function(new BuiltinFunction($ , (args, line, col) => { var dims = new int[System.Math.Max(args.Count, 2)]; bool hasZero = args.Co...","open item 38 review, 2026-10-07"
src/JGraph.Scripting/Jgs/JgsBuiltins.Elementary.cs,builtin:atan2d,handback,return,822,0,M2: shared at the binding (CopyForBinding); not on JgsBuiltins.MintingBuiltins,"return Zip( , args[0], args[1], static (y, x) => Math.Atan2(y, x) * (180.0 / Math.PI), line, col)","may hand back an argument, or a helper's answer that may be one; the binding shares it, so a write through the name detaches"
src/JGraph.Scripting/Jgs/JgsBuiltins.Environment.cs,RegisterPathBuiltins,unclear,JgsValue.Cell,285,0,V1.2 states the contract on the helper,"env.Builtins.Register( , JgsValue.Function(new BuiltinFunction( , (args, line, col) => { if (args.Count == 0) { throw new JgsRuntimeException(line,...",the payload comes from the caller; V1.2 states the contract on the helper
src/JGraph.Scripting/Jgs/JgsBuiltins.Environment.cs,RegisterPathBuiltins,unclear,Reshape,285,0,V1.2 states the contract on the helper,"env.Builtins.Register( , JgsValue.Function(new BuiltinFunction( , (args, line, col) => { if (args.Count == 0) { throw new JgsRuntimeException(line,...",the payload comes from the caller; V1.2 states the contract on the helper
src/JGraph.Scripting/Jgs/JgsBuiltins.Errors.cs,CaughtException,store,slot,86,0,"M2: an entry holds its own wrapper (Share), or the store is not an entry",fields[ ] = stack ?? StackValue([]),the stack is minted by the caller (StackValue) or is the empty one minted here; every other field is a share taken above
src/JGraph.Scripting/Jgs/JgsBuiltins.Eval.cs,Feval,store,slot,525,0,"M2: an entry holds its own wrapper (Share), or the store is not an entry",rest[i - 1] = args[i],transient: an argument list built for one call of the target; not an entry a later statement can read (V9)
src/JGraph.Scripting/Jgs/JgsBuiltins.Events.cs,AddListener,unclear,JgsValue.Cell,172,0,fresh: minted here,fields[EventSourceField] = JgsValue.Cell([sourceValue]),"a 1-by-1 cell minted here around the listener's source (Source, or Object for a proplistener); the object inside is a handle and its own share (V6, #106)"
src/JGraph.Scripting/Jgs/JgsBuiltins.Events.cs,AddListener,store,collection,172,0,M2 Share: a handle is its own share,fields[EventSourceField] = JgsValue.Cell([sourceValue]),"the listener struct's Source/Object slot: the source object, a handle every holder shares, inside a cell minted here (V6, #106)"
src/JGraph.Scripting/Jgs/JgsBuiltins.Events.cs,AddListener,store,slot,174,0,"M2: an entry holds its own wrapper (Share), or the store is not an entry",fields[ ] = callback,"the listener's Callback slot: a function handle, which is immutable and needs no share (V6, #106)"
src/JGraph.Scripting/Jgs/JgsBuiltins.Events.cs,AddListener,unclear,JgsValue.Cell,225,0,fresh: minted here,fields[ ] = JgsValue.Cell([sourceValue]),"a 1-by-1 cell minted here around the listener's source (Source, or Object for a proplistener); the object inside is a handle and its own share (V6, #106)"
src/JGraph.Scripting/Jgs/JgsBuiltins.Events.cs,AddListener,store,collection,225,0,M2 Share: a handle is its own share,fields[ ] = JgsValue.Cell([sourceValue]),"the listener struct's Source/Object slot: the source object, a handle every holder shares, inside a cell minted here (V6, #106)"
src/JGraph.Scripting/Jgs/JgsBuiltins.Events.cs,AddListener,store,slot,228,1,"M2: an entry holds its own wrapper (Share), or the store is not an entry",fields[ ] = callback,"the listener's Callback slot: a function handle, which is immutable and needs no share (V6, #106)"
src/JGraph.Scripting/Jgs/JgsBuiltins.Events.cs,AddGraphicsListener,unclear,JgsValue.Cell,287,0,fresh: minted here,"JgsValue listener = JgsValue.Struct(new Dictionary<string, JgsValue>(StringComparer.Ordinal) { [EventSourceField] = JgsValue.Cell([sourceValue]), [...","open item 38 review, 2026-10-07"
src/JGraph.Scripting/Jgs/JgsBuiltins.Events.cs,AddGraphicsListener,store,collection,287,0,"M2: an entry holds its own wrapper (Share), or the store is not an entry","JgsValue listener = JgsValue.Struct(new Dictionary<string, JgsValue>(StringComparer.Ordinal) { [EventSourceField] = JgsValue.Cell([sourceValue]), [...","open item 38 review, 2026-10-07"
src/JGraph.Scripting/Jgs/JgsBuiltins.Events.cs,Notify,write,gated,488,0,"M7 gated accessor: Writable*() detaches at Holders > 1, then hands back the entry's own storage",carried[EventNameField] = JgsValue.Str(eventName),"notify fills in the two inherited properties of a class written < event.EventData through WritableFields(); the event data is a handle object no name holds a counted share of, so the gate never copies and every listener is handed the one object (V6, #106)"
src/JGraph.Scripting/Jgs/JgsBuiltins.Events.cs,Notify,write,gated,489,0,"M7 gated accessor: Writable*() detaches at Holders > 1, then hands back the entry's own storage",carried[EventSourceField] = sourceValue,"notify fills in the two inherited properties of a class written < event.EventData through WritableFields(); the event data is a handle object no name holds a counted share of, so the gate never copies and every listener is handed the one object (V6, #106)"
src/JGraph.Scripting/Jgs/JgsBuiltins.Events.cs,Notify,store,slot,489,0,M2 Share: a handle is its own share,carried[EventSourceField] = sourceValue,"the event's Source: the source object, a handle every holder shares (V6, #106)"
src/JGraph.Scripting/Jgs/JgsBuiltins.Events.cs,SetListenerField,write,gated,734,0,M7 gated accessor: Writable*() detaches at Holders > 1,state.Value.WritableStruct()[name] = value,"a listener is a handle, so the gate never copies and every alias reads the write; V10 pins the value first (the listener holds it outside the exact count)"
src/JGraph.Scripting/Jgs/JgsBuiltins.Events.cs,SetListenerField,store,gated,734,1,"M2: an entry holds its own wrapper (Share), or the store is not an entry",state.Value.WritableStruct()[name] = value,"the value stored is what the caller handed in: RetainedForEntry for a callback or UserData, a fresh scalar otherwise; V10's Pin keeps a tracked value alive for as long as the listener may"
src/JGraph.Scripting/Jgs/JgsBuiltins.ExternalArrays.cs,MidiTypeCall,unclear,JgsValue.Cell,329,0,fresh: minted here,JgsValue cell = JgsValue.Cell(values),"open item 38 review, 2026-10-07"
src/JGraph.Scripting/Jgs/JgsBuiltins.FigureTools.Motion.cs,InterpStreamSpeed,store,add,502,0,"M2: an entry holds its own wrapper (Share), or the store is not an entry","respaced.Add(EvenlySpaced(points, factor, spatial))","immutable element: a number, a string or a complex scalar, for which a share is the value itself"
src/JGraph.Scripting/Jgs/JgsBuiltins.FigureTools.State.cs,Spread,store,slot,437,0,"M2: an entry holds its own wrapper (Share), or the store is not an entry","_lastSeen[(i, name)] = Read(i, name) ?? value","linkprop's change detector keeps the last value it saw, for comparison only; never handed to a script"
src/JGraph.Scripting/Jgs/JgsBuiltins.FileForms.cs,Read,unclear,Reshape,201,0,V1.2 states the contract on the helper,"answer.Reshape(rows, columns)",the payload comes from the caller; V1.2 states the contract on the helper
src/JGraph.Scripting/Jgs/JgsBuiltins.FileForms.cs,Read,unclear,Reshape,205,0,V1.2 states the contract on the helper,"answer.Reshape(values.Count, 1)",the payload comes from the caller; V1.2 states the contract on the helper
src/JGraph.Scripting/Jgs/JgsBuiltins.FileIo.cs,builtin:fwrite,handback,lambda,82,0,M2: shared at the binding (CopyForBinding); not on JgsBuiltins.MintingBuiltins,"Write(host, args, line, col)","open item 38 review, 2026-10-07"
src/JGraph.Scripting/Jgs/JgsBuiltins.FilterConversions.cs,SectionsToCell,unclear,JgsValue.Cell,868,0,V1.2 states the contract on the helper,"cells.Add(JgsValue.Cell( [ TrimmedRow(rows, sections, s, 0), TrimmedRow(rows, sections, s, 3), ]))",the payload comes from the caller; V1.2 states the contract on the helper
src/JGraph.Scripting/Jgs/JgsBuiltins.FirDesign.cs,EquirippleOrder,store,collection,388,0,"M2: an entry holds its own wrapper (Share), or the store is not an entry","return [JgsValue.Cell( [JgsValue.Number(answer.Order), Numbers(answer.Frequencies), Numbers(answer.Amplitudes), Numbers(answer.Weights)])]","open item 38 review, 2026-10-07"
src/JGraph.Scripting/Jgs/JgsBuiltins.FirDesign.cs,EquirippleOrder,store,collection,388,1,"M2: an entry holds its own wrapper (Share), or the store is not an entry","return [JgsValue.Cell( [JgsValue.Number(answer.Order), Numbers(answer.Frequencies), Numbers(answer.Amplitudes), Numbers(answer.Weights)])]","open item 38 review, 2026-10-07"
src/JGraph.Scripting/Jgs/JgsBuiltins.FirDesign.cs,EquirippleOrder,store,collection,388,2,"M2: an entry holds its own wrapper (Share), or the store is not an entry","return [JgsValue.Cell( [JgsValue.Number(answer.Order), Numbers(answer.Frequencies), Numbers(answer.Amplitudes), Numbers(answer.Weights)])]","open item 38 review, 2026-10-07"
src/JGraph.Scripting/Jgs/JgsBuiltins.FirDesign.cs,KaiserOrderEstimate,store,collection,427,0,"M2: an entry holds its own wrapper (Share), or the store is not an entry","return [JgsValue.Cell( [JgsValue.Number(answer.Order), Numbers(answer.Cutoffs), JgsValue.Str(word), Numbers(SignalWindows.Kaiser(answer.Order + 1, ...","open item 38 review, 2026-10-07"
src/JGraph.Scripting/Jgs/JgsBuiltins.FirDesign.cs,KaiserOrderEstimate,store,collection,427,1,"M2: an entry holds its own wrapper (Share), or the store is not an entry","return [JgsValue.Cell( [JgsValue.Number(answer.Order), Numbers(answer.Cutoffs), JgsValue.Str(word), Numbers(SignalWindows.Kaiser(answer.Order + 1, ...","open item 38 review, 2026-10-07"
src/JGraph.Scripting/Jgs/JgsBuiltins.FunctionPlots.Legacy.cs,ReadLegacy,store,add,235,0,"M2: an entry holds its own wrapper (Share), or the store is not an entry",functions.Add(args[i]),"transient: an argument list, an option table or a working list built for one call; not an entry a later statement can read"
src/JGraph.Scripting/Jgs/JgsBuiltins.FunctionPlots.cs,ReadCurveRequest,store,add,135,0,"M2: an entry holds its own wrapper (Share), or the store is not an entry",functions.Add(args[i].AsCallable),"transient: an argument list, an option table or a working list built for one call; not an entry a later statement can read"
src/JGraph.Scripting/Jgs/JgsBuiltins.FunctionPlots.cs,ReadSurfaceRequest,store,add,437,0,"M2: an entry holds its own wrapper (Share), or the store is not an entry",functions.Add(args[i].AsCallable),"transient: an argument list, an option table or a working list built for one call; not an entry a later statement can read"
src/JGraph.Scripting/Jgs/JgsBuiltins.FunctionPlots.cs,ReadingsOf,store,slot,839,0,"M2: an entry holds its own wrapper (Share), or the store is not an entry",whole[a] = Numbers([.. arguments[a]]),"open item 38 review, 2026-10-07"
src/JGraph.Scripting/Jgs/JgsBuiltins.Geometry.cs,RegisterVoronoiDiagram,store,slot,98,0,"M2: an entry holds its own wrapper (Share), or the store is not an entry",cells[i] = Numbers(indices),"open item 38 review, 2026-10-07"
src/JGraph.Scripting/Jgs/JgsBuiltins.Geometry.cs,ContourMatrix,store,collection,228,0,"M2: an entry holds its own wrapper (Share), or the store is not an entry","return JgsValue.Array([Numbers([.. top]), Numbers([.. bottom])])","open item 38 review, 2026-10-07"
src/JGraph.Scripting/Jgs/JgsBuiltins.Geometry.cs,ContourMatrix,store,collection,228,1,"M2: an entry holds its own wrapper (Share), or the store is not an entry","return JgsValue.Array([Numbers([.. top]), Numbers([.. bottom])])","open item 38 review, 2026-10-07"
src/JGraph.Scripting/Jgs/JgsBuiltins.Graphics3D.cs,RegisterColorControlBuiltins,unclear,JgsValue.Array,105,0,V1.2 states the contract on the helper,"Define( , dialect.IsMatlab ? OnNamedAxes((args, line, col) => SurfaceNormals( , args, line, col)[0]) : OnNamedAxes((args, line, col) => JgsValue.Ar...",the payload comes from the caller; V1.2 states the contract on the helper
src/JGraph.Scripting/Jgs/JgsBuiltins.Graphics3D.cs,builtin:campos,handback,lambda,123,0,M2: shared at the binding (CopyForBinding); not on JgsBuiltins.MintingBuiltins,"CameraPosition(args, line, col)","open item 38 review, 2026-10-07"
src/JGraph.Scripting/Jgs/JgsBuiltins.Graphics3D.cs,builtin:camtarget,handback,lambda,124,0,M2: shared at the binding (CopyForBinding); not on JgsBuiltins.MintingBuiltins,"CameraVector( , args, line, col, axes => axes.EffectiveCameraTarget(), (axes, value) => axes.CameraTarget = value)","open item 38 review, 2026-10-07"
src/JGraph.Scripting/Jgs/JgsBuiltins.Graphics3D.cs,builtin:camup,handback,lambda,128,0,M2: shared at the binding (CopyForBinding); not on JgsBuiltins.MintingBuiltins,"CameraVector( , args, line, col, axes => axes.EffectiveCameraUpVector(), (axes, value) => axes.CameraUpVector = value)","open item 38 review, 2026-10-07"
src/JGraph.Scripting/Jgs/JgsBuiltins.Grouping.cs,SplitApply,unclear,JgsValue.Array,358,0,V1.2 states the contract on the helper,sources.Add(rows => { JgsValue[] picked = [.. rows.Select(r => JgsValue.Str(texts[r]))]; JgsValue answer = cell ? JgsValue.Cell(picked) : JgsValue....,the payload comes from the caller; V1.2 states the contract on the helper
src/JGraph.Scripting/Jgs/JgsBuiltins.Grouping.cs,SplitApply,unclear,JgsValue.Cell,358,0,V1.2 states the contract on the helper,sources.Add(rows => { JgsValue[] picked = [.. rows.Select(r => JgsValue.Str(texts[r]))]; JgsValue answer = cell ? JgsValue.Cell(picked) : JgsValue....,the payload comes from the caller; V1.2 states the contract on the helper
src/JGraph.Scripting/Jgs/JgsBuiltins.Grouping.cs,SplitApply,unclear,Reshape,358,0,V1.2 states the contract on the helper,sources.Add(rows => { JgsValue[] picked = [.. rows.Select(r => JgsValue.Str(texts[r]))]; JgsValue answer = cell ? JgsValue.Cell(picked) : JgsValue....,the payload comes from the caller; V1.2 states the contract on the helper
src/JGraph.Scripting/Jgs/JgsBuiltins.HandleGraphics.cs,builtin:ishandle,handback,lambda,168,0,M2: shared at the binding (CopyForBinding); not on JgsBuiltins.MintingBuiltins,"IsHandle( , args, line, col)","may hand back an argument, or a helper's answer that may be one; the binding shares it, so a write through the name detaches"
src/JGraph.Scripting/Jgs/JgsBuiltins.HandleGraphics.cs,builtin:ishghandle,handback,lambda,169,0,M2: shared at the binding (CopyForBinding); not on JgsBuiltins.MintingBuiltins,"IsHandle( , args, line, col)","may hand back an argument, or a helper's answer that may be one; the binding shares it, so a write through the name detaches"
src/JGraph.Scripting/Jgs/JgsBuiltins.HandleGraphics.cs,builtin:isvalid,handback,lambda,171,0,M2: shared at the binding (CopyForBinding); not on JgsBuiltins.MintingBuiltins,"TryDeviceBuiltin( , args, 1, line, col, out JgsValue device) ? device : TryLibBuiltin( , host, args, line, col, out JgsValue valid) ? valid : IsVal...","open item 38 review, 2026-10-07"
src/JGraph.Scripting/Jgs/JgsBuiltins.HandleGraphics.cs,TryDeleteLiveOrRetired,store,add,1144,0,"M2: an entry holds its own wrapper (Share), or the store is not an entry",live.Add(one),"transient: an argument list, an option table or a working list built for one call; not an entry a later statement can read"
src/JGraph.Scripting/Jgs/JgsBuiltins.Handles.cs,Func,store,slot,98,0,"M2: an entry holds its own wrapper (Share), or the store is not an entry",rest[i - 1] = args[i],"transient: an argument list, an option table or a working list built for one call; not an entry a later statement can read"
src/JGraph.Scripting/Jgs/JgsBuiltins.Imaging.Enhancement.cs,LocalVariance,store,slot,651,0,"M2: an entry holds its own wrapper (Share), or the store is not an entry","mapped[r, c] = Interpolate(intensity, variance, image[r, c, 0])","immutable element: a number, a string or a complex scalar, for which a share is the value itself"
src/JGraph.Scripting/Jgs/JgsBuiltins.Imaging.Geometry.cs,TransformValue,store,slot,483,0,"M2: an entry holds its own wrapper (Share), or the store is not an entry","fields[ ] = Numbers([t[2, 0], t[2, 1]])","open item 38 review, 2026-10-07"
src/JGraph.Scripting/Jgs/JgsBuiltins.Imaging.MultiOutput.cs,builtin:whitepoint,handback,lambda,95,0,M2: shared at the binding (CopyForBinding); not on JgsBuiltins.MintingBuiltins,"body.Call(args, line, col)","open item 38 review, 2026-10-07"
src/JGraph.Scripting/Jgs/JgsBuiltins.Imaging.Regions.cs,DefineRegionBuiltins,unclear,JgsValue.Cell,94,0,V1.2 states the contract on the helper,"define( , (args, line, col) => { Arity( , args, 1, line, col); using ImgArg source = ImgLike( , args, 0, line, col); (int[,] labels, int count) = R...",the payload comes from the caller; V1.2 states the contract on the helper
src/JGraph.Scripting/Jgs/JgsBuiltins.Imaging.Regions.cs,RegionField,unclear,JgsValue.Cell,1221,0,V1.2 states the contract on the helper,"=> JgsValue.Number(m.Area), => Numbers([m.CentroidX + shift, m.CentroidY + shift]), => Numbers( [m.BoundingBoxX + shift, m.BoundingBoxY + shift, m....",the payload comes from the caller; V1.2 states the contract on the helper
src/JGraph.Scripting/Jgs/JgsBuiltins.Imaging.Regions.cs,RegionField,store,collection,1221,0,"M2: an entry holds its own wrapper (Share), or the store is not an entry","=> JgsValue.Number(m.Area), => Numbers([m.CentroidX + shift, m.CentroidY + shift]), => Numbers( [m.BoundingBoxX + shift, m.BoundingBoxY + shift, m....","open item 38 review, 2026-10-07"
src/JGraph.Scripting/Jgs/JgsBuiltins.Imaging.Regions.cs,RegionField,store,collection,1221,1,"M2: an entry holds its own wrapper (Share), or the store is not an entry","=> JgsValue.Number(m.Area), => Numbers([m.CentroidX + shift, m.CentroidY + shift]), => Numbers( [m.BoundingBoxX + shift, m.BoundingBoxY + shift, m....","open item 38 review, 2026-10-07"
src/JGraph.Scripting/Jgs/JgsBuiltins.Imaging.Regions.cs,ConnectedComponents,store,slot,1352,0,"M2: an entry holds its own wrapper (Share), or the store is not an entry","cells[i] = LinearIndices(lists[i], height, width, dialect)","open item 38 review, 2026-10-07"
src/JGraph.Scripting/Jgs/JgsBuiltins.Imaging.Volumes.cs,ComponentsOfVolume,store,slot,905,0,"M2: an entry holds its own wrapper (Share), or the store is not an entry",cells[i] = Numbers([.. lists[i]]),"open item 38 review, 2026-10-07"
src/JGraph.Scripting/Jgs/JgsBuiltins.Imaging.cs,DefineImagingBuiltins,store,add,646,0,"M2: an entry holds its own wrapper (Share), or the store is not an entry","define( , (args, line, col) => { if (args.Count < 2) { throw new JgsRuntimeException(line, col, ); } var weights = new List<double>(); var images =...",a registration the splitter kept whole; the store inside is an argument list for a call
src/JGraph.Scripting/Jgs/JgsBuiltins.Imaging.cs,DefineImagingWaveB,unclear,JgsValue.Array,1020,0,V1.2 states the contract on the helper,"define( , (args, line, col) => { ArityRange( , args, 1, 2, line, col); using ImgArg source = ImgLike( , args, 0, line, col); Gradients.Operator op ...",the payload comes from the caller; V1.2 states the contract on the helper
src/JGraph.Scripting/Jgs/JgsBuiltins.Imaging.cs,DefineImagingWaveB,unclear,JgsValue.Array,1031,0,V1.2 states the contract on the helper,"define( , (args, line, col) => { ArityRange( , args, 1, 2, line, col); if (args.Count == 2 && args[1].Type != JgsType.String) { using ImgArg gxArg ...",the payload comes from the caller; V1.2 states the contract on the helper
src/JGraph.Scripting/Jgs/JgsBuiltins.Imaging.cs,DefineImagingWaveB,unclear,JgsValue.Array,1031,1,V1.2 states the contract on the helper,"define( , (args, line, col) => { ArityRange( , args, 1, 2, line, col); if (args.Count == 2 && args[1].Type != JgsType.String) { using ImgArg gxArg ...",the payload comes from the caller; V1.2 states the contract on the helper
src/JGraph.Scripting/Jgs/JgsBuiltins.Imaging.cs,DefineImagingWaveB,unclear,JgsValue.Array,1079,0,V1.2 states the contract on the helper,"define( , (args, line, col) => { ArityRange( , args, 1, 5, line, col); ParsedArgs parsed = HoughSpec.Parse(args, 1, line, col); if (parsed.Position...",the payload comes from the caller; V1.2 states the contract on the helper
src/JGraph.Scripting/Jgs/JgsBuiltins.Imaging.cs,DefineImagingWaveB,store,collection,1079,0,"M2: an entry holds its own wrapper (Share), or the store is not an entry","define( , (args, line, col) => { ArityRange( , args, 1, 5, line, col); ParsedArgs parsed = HoughSpec.Parse(args, 1, line, col); if (parsed.Position...","open item 38 review, 2026-10-07"
src/JGraph.Scripting/Jgs/JgsBuiltins.Imaging.cs,DefineImagingWaveB,store,collection,1079,1,"M2: an entry holds its own wrapper (Share), or the store is not an entry","define( , (args, line, col) => { ArityRange( , args, 1, 5, line, col); ParsedArgs parsed = HoughSpec.Parse(args, 1, line, col); if (parsed.Position...","open item 38 review, 2026-10-07"
src/JGraph.Scripting/Jgs/JgsBuiltins.Imaging.cs,DefineImagingWaveB,unclear,new JgsStructArray,1141,0,V1.2 states the contract on the helper,"define( , (args, line, col) => { ArityRange( , args, 4, 6, line, col); using ImgArg source = ImgLike( , args, 0, line, col); ImageBuffer image = so...",the payload comes from the caller; V1.2 states the contract on the helper
src/JGraph.Scripting/Jgs/JgsBuiltins.Imaging.cs,PackedAnswer,dispose,local,1857,0,M6: disposed only at one holder,answer.Dispose(),"scratch the helper allocated for this call, or a destination it replaces, disposed by the one that made it"
src/JGraph.Scripting/Jgs/JgsBuiltins.Interpolation.Grid.cs,SampleGridded,store,add,65,0,"M2: an entry holds its own wrapper (Share), or the store is not an entry",positional.Add(args[i]),"transient: an argument list, an option table or a working list built for one call; not an entry a later statement can read"
src/JGraph.Scripting/Jgs/JgsBuiltins.Interpolation.cs,EvaluatePiecewise,write,local,181,0,M7 gated setter; M3 detaches at Holders > 1,into.Fill(double.NaN),writes into the span its caller allocated for the answer
src/JGraph.Scripting/Jgs/JgsBuiltins.Interpolation.cs,EvaluatePiecewise,write,local,209,0,M7 gated setter; M3 detaches at Holders > 1,into[component] = total,writes into the span its caller allocated for the answer
src/JGraph.Scripting/Jgs/JgsBuiltins.Keyed.cs,RegisterKeyedCollectionBuiltins,unclear,JgsValue.Array,91,0,V1.2 states the contract on the helper,"Define( , (args, line, col) => { Arity( , args, 2, line, col); JgsValue map = RequireKeyed( , args[0], line, col); JgsValue[] wanted = KeysAsked(ar...",the payload comes from the caller; V1.2 states the contract on the helper
src/JGraph.Scripting/Jgs/JgsBuiltins.Keyed.cs,RegisterKeyedCollectionBuiltins,unclear,JgsValue.Cell,117,1,V1.2 states the contract on the helper,"Define( , (args, line, col) => { ArityRange( , args, 1, 2, line, col); JgsValue map = RequireKeyed( , args[0], line, col); if (args.Count == 1) { r...",the payload comes from the caller; V1.2 states the contract on the helper
src/JGraph.Scripting/Jgs/JgsBuiltins.Keyed.cs,RegisterKeyedCollectionBuiltins,unclear,JgsValue.Cell,172,0,V1.2 states the contract on the helper,"Define( , (args, line, col) => { ArityRange( , args, 2, 4, line, col); JgsValue map = RequireKeyed( , args[0], line, col); JgsValue[] wanted = Keys...",the payload comes from the caller; V1.2 states the contract on the helper
src/JGraph.Scripting/Jgs/JgsBuiltins.Keyed.cs,FromNetDictionary,write,local,353,0,fresh: minted here,fields[ ] = JgsValue.Str(IsTextScalar(firstKey) ? : ),"open item 38 review, 2026-10-07"
src/JGraph.Scripting/Jgs/JgsBuiltins.Keyed.cs,FromNetDictionary,write,local,354,0,fresh: minted here,fields[ ] = JgsValue.Str(ValueKind(ValueCell(map)[0])),"open item 38 review, 2026-10-07"
src/JGraph.Scripting/Jgs/JgsBuiltins.Keyed.cs,ShapedCell,adopt,JgsValue.Cell,463,0,V1.2 states the contract on the helper,JgsValue cell = JgsValue.Cell(elements),"the payload comes from the caller; V1.2 states the contract on the helper (DictionaryValues builds the elements it hands in: shares, or fresh strings, V6.17)"
src/JGraph.Scripting/Jgs/JgsBuiltins.Keyed.cs,Put,store,setslot,578,0,"M2: an entry holds its own wrapper (Share), or the store is not an entry","fields[ ].SetSlot(at, value)","Put stores what its callers retained (RetainedForEntry: a share in MATLAB, the caller's exposed wrapper in JGS); a stored key is fresh text or a number"
src/JGraph.Scripting/Jgs/JgsBuiltins.Keyed.cs,Put,write,gated,585,0,"M7 gated accessor: Writable*() detaches at Holders > 1, then hands back the entry's own storage",fields[ ] = JgsValue.Str(ValueKind(value)),"#20: the map's own struct through WritableStruct(); a containers.Map is a handle and is never shared, so the write stays in place; a dictionary is shared and detaches here; the value type is fresh text a dictionary records from its first value (V6.17)"
src/JGraph.Scripting/Jgs/JgsBuiltins.Keyed.cs,Put,store,collection,588,0,"M2: an entry holds its own wrapper (Share), or the store is not an entry","fields[ ] = JgsValue.Cell([.. KeyCell(map), storedKey])","Put stores what its callers retained (RetainedForEntry: a share in MATLAB, the caller's exposed wrapper in JGS); a stored key is fresh text or a number"
src/JGraph.Scripting/Jgs/JgsBuiltins.Keyed.cs,Put,write,gated,588,0,"M7 gated accessor: Writable*() detaches at Holders > 1, then hands back the entry's own storage","fields[ ] = JgsValue.Cell([.. KeyCell(map), storedKey])","#20: the map's own struct through WritableStruct(); a containers.Map is a handle and is never shared, so the write stays in place; a dictionary is shared and detaches here"
src/JGraph.Scripting/Jgs/JgsBuiltins.Keyed.cs,Put,store,collection,589,0,"M2: an entry holds its own wrapper (Share), or the store is not an entry","ReplaceValueCell(map, fields, JgsValue.Cell([.. ValueCell(map), value]))",the rebuilt value cell is fresh (a new array of the old slots and the RetainedForEntry value); V10's ReplaceValueCell moves the exact lifetime of the old cell to the new
src/JGraph.Scripting/Jgs/JgsBuiltins.Keyed.cs,Put,write,gated,590,0,"M7 gated accessor: Writable*() detaches at Holders > 1, then hands back the entry's own storage",fields[ ] = CountOf(KeyCell(map).Length),"#20: the map's own struct through WritableStruct(); a containers.Map is a handle and is never shared, so the write stays in place; a dictionary is shared and detaches here; Count is minted uint64 (V6.17)"
src/JGraph.Scripting/Jgs/JgsBuiltins.Keyed.cs,ReplaceValueCell,write,local,601,0,"M7 gated accessor: Writable*() detaches at Holders > 1, then hands back the entry's own storage",fields[ ] = rebuilt,"#20: the map's own struct through WritableStruct(); a containers.Map is a handle and is never shared, so the write stays in place; a dictionary is shared and detaches here; the value type is fresh text a dictionary records from its first value (V6.17) (V10: the exact lifetime of what was there and what is now moves with the write)"
src/JGraph.Scripting/Jgs/JgsBuiltins.Keyed.cs,ReplaceValueCell,store,slot,601,0,"M2: an entry holds its own wrapper (Share), or the store is not an entry",fields[ ] = rebuilt,"Put stores what its callers retained (RetainedForEntry: a share in MATLAB, the caller's exposed wrapper in JGS); a stored key is fresh text or a number (V10: the exact lifetime of what was there and what is now moves with the write)"
src/JGraph.Scripting/Jgs/JgsBuiltins.Keyed.cs,RemoveAt,write,gated,640,0,"M7 gated accessor: Writable*() detaches at Holders > 1, then hands back the entry's own storage",fields[ ] = JgsValue.Cell([.. keptKeys]),#21: as Put — the keyed collection's struct through WritableStruct()
src/JGraph.Scripting/Jgs/JgsBuiltins.Keyed.cs,RemoveAt,write,gated,642,0,"M7 gated accessor: Writable*() detaches at Holders > 1, then hands back the entry's own storage",fields[ ] = CountOf(keptKeys.Count),#21: as Put — the keyed collection's struct through WritableStruct(); Count is minted uint64 (V6.17)
src/JGraph.Scripting/Jgs/JgsBuiltins.LibPointers.cs,StructOfBytes,store,slot,460,0,"M2: an entry holds its own wrapper (Share), or the store is not an entry","fields[structure.Members[i].Name] = MemberValue(process, model, structure.Members[i].Type, bytes[offsets[i]..])","open item 38 review, 2026-10-07"
src/JGraph.Scripting/Jgs/JgsBuiltins.Linalg.cs,builtin:trace,handback,return,66,0,M2: shared at the binding (CopyForBinding); not on JgsBuiltins.MintingBuiltins,return args[0],a scalar argument is its own trace
src/JGraph.Scripting/Jgs/JgsBuiltins.Linalg.cs,SingularValueList,unclear,Reshape,117,0,V1.2 states the contract on the helper,"column.Reshape(sigma.Length, 1)",the payload comes from the caller; V1.2 states the contract on the helper
src/JGraph.Scripting/Jgs/JgsBuiltins.Linalg.cs,SingularValueList,unclear,Reshape,129,0,V1.2 states the contract on the helper,"result.Reshape(values.Length, 1)",the payload comes from the caller; V1.2 states the contract on the helper
src/JGraph.Scripting/Jgs/JgsBuiltins.Linalg.cs,FromRect,unclear,Reshape,401,0,V1.2 states the contract on the helper,"vector.Reshape(rows, 1)",the payload comes from the caller; V1.2 states the contract on the helper
src/JGraph.Scripting/Jgs/JgsBuiltins.LinalgForms.cs,LowerUpperAnswer,store,add,562,0,"M2: an entry holds its own wrapper (Share), or the store is not an entry","outputs.Add(PermutationValue(Ascending(n), form, n))","open item 38 review, 2026-10-07"
src/JGraph.Scripting/Jgs/JgsBuiltins.LinalgForms.cs,FillCombined,write,local,585,0,M7 gated setter; M3 detaches at Holders > 1,combined[origin + r] = lower + upper - (r == c ? 1 : 0),fills the factor spans the caller allocated for the answer
src/JGraph.Scripting/Jgs/JgsBuiltins.LinalgForms.cs,FillLower,write,local,604,0,M7 gated setter; M3 detaches at Holders > 1,lower[origin + c] = 1,fills the factor spans the caller allocated for the answer
src/JGraph.Scripting/Jgs/JgsBuiltins.LinalgForms.cs,FillLower,write,local,605,0,M7 gated setter; M3 detaches at Holders > 1,"factors.Slice(origin + c + 1, n - c - 1).CopyTo(lower[(origin + c + 1)..])",fills the factor spans the caller allocated for the answer
src/JGraph.Scripting/Jgs/JgsBuiltins.LinalgForms.cs,FillLower,write,local,614,0,M7 gated setter; M3 detaches at Holders > 1,lower[origin + r] = factors[origin + source],fills the factor spans the caller allocated for the answer
src/JGraph.Scripting/Jgs/JgsBuiltins.LinalgForms.cs,FillLower,write,local,618,0,M7 gated setter; M3 detaches at Holders > 1,lower[origin + r] = 1,fills the factor spans the caller allocated for the answer
src/JGraph.Scripting/Jgs/JgsBuiltins.LinalgForms.cs,FillUpper,write,local,631,0,M7 gated setter; M3 detaches at Holders > 1,"factors.Slice(origin, c + 1).CopyTo(upper[origin..])",fills the factor spans the caller allocated for the answer
src/JGraph.Scripting/Jgs/JgsBuiltins.LinalgForms.cs,SparseLowerUpper,store,add,700,0,"M2: an entry holds its own wrapper (Share), or the store is not an entry","outputs.Add(PermutationOf(Linear.Identity(n), form, byRow: false))","open item 38 review, 2026-10-07"
src/JGraph.Scripting/Jgs/JgsBuiltins.LinalgForms.cs,SparseLowerUpper,store,add,705,0,"M2: an entry holds its own wrapper (Share), or the store is not an entry",outputs.Add(FromRect(Linear.Identity(n))),"open item 38 review, 2026-10-07"
src/JGraph.Scripting/Jgs/JgsBuiltins.LinalgForms.cs,CholeskyAnswer,store,add,811,0,"M2: an entry holds its own wrapper (Share), or the store is not an entry","outputs.Add(PermutationValue(Ascending(n), form, n))","open item 38 review, 2026-10-07"
src/JGraph.Scripting/Jgs/JgsBuiltins.LombScargle.cs,LombPeriodogram,store,add,83,0,"M2: an entry holds its own wrapper (Share), or the store is not an entry",positional.Add(args[i]),"transient: an argument list, an option table or a working list built for one call; not an entry a later statement can read"
src/JGraph.Scripting/Jgs/JgsBuiltins.LongTail.cs,AddLongTail,write,local,43,0,fresh: minted here,"usb[ ] = TailFunction( , (args, line, col) => PrintersTable(SessionOf(interpreter, , line, col), args, line, col))","open item 38 review, 2026-10-07"
src/JGraph.Scripting/Jgs/JgsBuiltins.LongTail.cs,AddLongTail,write,local,44,0,fresh: minted here,"usb[ ] = TailFunction( , (args, line, col) => PrintRaw(SessionOf(interpreter, , line, col), args, line, col))","open item 38 review, 2026-10-07"
src/JGraph.Scripting/Jgs/JgsBuiltins.LongTail.cs,AddLongTail,write,local,45,0,fresh: minted here,"usb[ ] = UsbFunction( , (args, _, line, col) => OperatingSystem.IsWindows() ? NetAdapterTable(args, line, col) : JgsValue.Null)","open item 38 review, 2026-10-07"
src/JGraph.Scripting/Jgs/JgsBuiltins.LongTail.cs,AddLongTail,write,local,46,0,fresh: minted here,"usb[ ] = TailFunction( , (args, line, col) => MtpObject.List(SessionOf(interpreter, , line, col), args, line, col))","open item 38 review, 2026-10-07"
src/JGraph.Scripting/Jgs/JgsBuiltins.LongTail.cs,AddLongTail,write,local,47,0,fresh: minted here,"usb[ ] = TailFunction( , (args, line, col) => MtpObject.Open(SessionOf(interpreter, , line, col), interpreter, args, line, col))","open item 38 review, 2026-10-07"
src/JGraph.Scripting/Jgs/JgsBuiltins.MatFile.cs,SetMatFileProperties,write,gated,386,0,"M7 gated accessor: Writable*() detaches at Holders > 1, then hands back the entry's own storage","matfile.WritableStruct()[PropertiesField] = PropertiesOf(source, writable)","the matfile's Properties slot, rewritten through WritableStruct() with a struct minted here; a matfile is a handle every holder shares, so the gate never copies and every alias sees the new settings (V6, #112)"
src/JGraph.Scripting/Jgs/JgsBuiltins.MatfunSpectral.cs,MatrixFunctionOf,store,add,541,0,"M2: an entry holds its own wrapper (Share), or the store is not an entry",extra.Add(args[i]),"transient: an argument list, an option table or a working list built for one call; not an entry a later statement can read"
src/JGraph.Scripting/Jgs/JgsBuiltins.Matlab.cs,builtin:rem,handback,return,44,0,M2: shared at the binding (CopyForBinding); not on JgsBuiltins.MintingBuiltins,"return MapNumeric( , args[0], x => ScalarRem(x, divisor), line, col)","may hand back an argument, or a helper's answer that may be one; the binding shares it, so a write through the name detaches"
src/JGraph.Scripting/Jgs/JgsBuiltins.Matlab.cs,builtin:randn,handback,return,53,0,M2: shared at the binding (CopyForBinding); not on JgsBuiltins.MintingBuiltins,return Numbers(samples),"open item 38 review, 2026-10-07"
src/JGraph.Scripting/Jgs/JgsBuiltins.Matlab.cs,builtin:num2str,handback,lambda,199,0,M2: shared at the binding (CopyForBinding); not on JgsBuiltins.MintingBuiltins,"NumberText(args, line, col)",NumberText hands a char argument back
src/JGraph.Scripting/Jgs/JgsBuiltins.Matlab.cs,builtin:int2str,handback,lambda,209,0,M2: shared at the binding (CopyForBinding); not on JgsBuiltins.MintingBuiltins,"WholeNumberText(args, line, col)",WholeNumberText hands a char argument back
src/JGraph.Scripting/Jgs/JgsBuiltins.Matlab.cs,RegisterMatlabBuiltins,unclear,JgsValue.Cell,257,0,fresh: minted here,"Define( , (args, line, col) => { ArityRange( , args, 1, 2, line, col); if (args.Count == 1 && args[0].Type == JgsType.External) { return Net.NetBui...","open item 38 review, 2026-10-07"
src/JGraph.Scripting/Jgs/JgsBuiltins.Matlab.cs,RegisterMatlabBuiltins,unclear,Reshape,257,0,M4 mutator on a wrapper minted here,"Define( , (args, line, col) => { ArityRange( , args, 1, 2, line, col); if (args.Count == 1 && args[0].Type == JgsType.External) { return Net.NetBui...","open item 38 review, 2026-10-07"
src/JGraph.Scripting/Jgs/JgsBuiltins.Matlab.cs,RegisterMatlabBuiltins,unclear,Reshape,363,0,M4 mutator on a wrapper minted here,"Define( , (args, line, col) => { Arity( , args, 1, line, col); IEnumerable<string> listed = args[0].Type == JgsType.Object ? args[0].AsObject.Class...","open item 38 review, 2026-10-07"
src/JGraph.Scripting/Jgs/JgsBuiltins.Matlab.cs,RegisterMatlabBuiltins,unclear,JgsValue.Shaped,384,0,V1.2 states the contract on the helper,"Define( , (args, line, col) => { Arity( , args, 2, line, col); if (args[0].Type != JgsType.Struct) { return JgsValue.Bool(false); } Dictionary<stri...",the payload comes from the caller; V1.2 states the contract on the helper
src/JGraph.Scripting/Jgs/JgsBuiltins.Matlab.cs,builtin:deal,handback,lambda,756,0,M2: shared at the binding (CopyForBinding); not on JgsBuiltins.MintingBuiltins,"Dealt(args, 1, line, col)[0]",hands its argument on: the whole point of the verb
src/JGraph.Scripting/Jgs/JgsBuiltins.Matlab.cs,RegisterMultiOutputForms,unclear,JgsValue.Array,827,0,V1.2 states the contract on the helper,"Wrap( , (args, _, line, col) => { JgsValue sorted = SingleOf(env, , args, line, col); double[] original = ToDoubles( , args[0], line, col); double[...",the payload comes from the caller; V1.2 states the contract on the helper
src/JGraph.Scripting/Jgs/JgsBuiltins.Matlab.cs,FindSubscripts,store,add,975,0,"M2: an entry holds its own wrapper (Share), or the store is not an entry",values.Add(elements[i]),"immutable element: a number, a string or a complex scalar, for which a share is the value itself"
src/JGraph.Scripting/Jgs/JgsBuiltins.Matrix.cs,builtin:ldl,handback,lambda,206,0,M2: shared at the binding (CopyForBinding); not on JgsBuiltins.MintingBuiltins,"FromRect(FactorLdl(args, line, col).Lower), (args, wanted, line, col) => { Ldl factored = FactorLdl(args, line, col); int n = factored.Diagonal.Len...","open item 38 review, 2026-10-07"
src/JGraph.Scripting/Jgs/JgsBuiltins.Matrix.cs,builtin:hess,handback,return,227,0,M2: shared at the binding (CopyForBinding); not on JgsBuiltins.MintingBuiltins,"return FromRect(Hessenberg.Reduce(SquareRect( , args[0], line, col)).H)","open item 38 review, 2026-10-07"
src/JGraph.Scripting/Jgs/JgsBuiltins.Matrix.cs,builtin:expm,handback,return,240,0,M2: shared at the binding (CopyForBinding); not on JgsBuiltins.MintingBuiltins,"return FromRect(MatrixFunctions.Exponential(SquareRect( , args[0], line, col)))","open item 38 review, 2026-10-07"
src/JGraph.Scripting/Jgs/JgsBuiltins.Matrix.cs,builtin:null,handback,return,326,0,M2: shared at the binding (CopyForBinding); not on JgsBuiltins.MintingBuiltins,"return FromRect(SelectColumns(svd.V, svd.Values, Tolerance(rows, cols, svd.Values), keepAbove: false))","open item 38 review, 2026-10-07"
src/JGraph.Scripting/Jgs/JgsBuiltins.Matrix.cs,builtin:orth,handback,return,341,0,M2: shared at the binding (CopyForBinding); not on JgsBuiltins.MintingBuiltins,"return FromRect(SelectColumns(svd.U, svd.Values, Tolerance(rows, cols, svd.Values), keepAbove: true))","open item 38 review, 2026-10-07"
src/JGraph.Scripting/Jgs/JgsBuiltins.Matrix.cs,builtin:cross,handback,return,383,0,M2: shared at the binding (CopyForBinding); not on JgsBuiltins.MintingBuiltins,"return Numbers([ (a[1] * b[2]) - (a[2] * b[1]), (a[2] * b[0]) - (a[0] * b[2]), (a[0] * b[1]) - (a[1] * b[0]), ])","open item 38 review, 2026-10-07"
src/JGraph.Scripting/Jgs/JgsBuiltins.Matrix.cs,builtin:vecnorm,handback,return,400,0,M2: shared at the binding (CopyForBinding); not on JgsBuiltins.MintingBuiltins,return Numbers(norms),"open item 38 review, 2026-10-07"
src/JGraph.Scripting/Jgs/JgsBuiltins.MatrixBuilders.Gallery.cs,TestMatrix,store,slot,108,0,"M2: an entry holds its own wrapper (Share), or the store is not an entry","built[i] = JgsNumericClasses.Stamp(built[i], named)","immutable element: a number, a string or a complex scalar, for which a share is the value itself"
src/JGraph.Scripting/Jgs/JgsBuiltins.MatrixBuilders.Gallery.cs,TestMatrix,store,add,136,0,"M2: an entry holds its own wrapper (Share), or the store is not an entry",rest.Add(args[i]),"immutable element: a number, a string or a complex scalar, for which a share is the value itself"
src/JGraph.Scripting/Jgs/JgsBuiltins.MatrixBuilders.cs,builtin:flipdim,handback,return,246,0,M2: shared at the binding (CopyForBinding); not on JgsBuiltins.MintingBuiltins,"return FlipAlong( , args[0], Count( , args, 1, line, col), line, col)","may hand back an argument, or a helper's answer that may be one; the binding shares it, so a write through the name detaches"
src/JGraph.Scripting/Jgs/JgsBuiltins.MatrixBuilders.cs,IsVectorShaped,store,add,381,0,"M2: an entry holds its own wrapper (Share), or the store is not an entry",rest.Add(args[i]),"transient: an argument list, an option table or a working list built for one call; not an entry a later statement can read"
src/JGraph.Scripting/Jgs/JgsBuiltins.MatrixBuilders.cs,Celled,adopt,JgsValue.Cell,593,0,V1.2 states the contract on the helper,JgsValue built = JgsValue.Cell(elements),the payload comes from the caller; V1.2 states the contract on the helper
src/JGraph.Scripting/Jgs/JgsBuiltins.MatrixFunctions.cs,builtin:sqrtm,handback,return,144,0,M2: shared at the binding (CopyForBinding); not on JgsBuiltins.MintingBuiltins,"return FromRect(DenmanBeaversSqrt(a, line, col))","open item 38 review, 2026-10-07"
src/JGraph.Scripting/Jgs/JgsBuiltins.MatrixFunctions.cs,builtin:logm,handback,return,151,0,M2: shared at the binding (CopyForBinding); not on JgsBuiltins.MintingBuiltins,return FromRect(sum),"open item 38 review, 2026-10-07"
src/JGraph.Scripting/Jgs/JgsBuiltins.MatrixShape.cs,builtin:eye,handback,return,21,0,M2: shared at the binding (CopyForBinding); not on JgsBuiltins.MintingBuiltins,"return ConstructorTraits( , original, BuildMatrix(dims[0], dims[1], static (r, c) => r == c ? 1.0 : 0.0), asked, line, col)","may hand back an argument, or a helper's answer that may be one; the binding shares it, so a write through the name detaches"
src/JGraph.Scripting/Jgs/JgsBuiltins.MatrixShape.cs,builtin:diag,handback,return,35,0,M2: shared at the binding (CopyForBinding); not on JgsBuiltins.MintingBuiltins,"return DiagonalOf(args[0], offset, line, col)","open item 38 review, 2026-10-07"
src/JGraph.Scripting/Jgs/JgsBuiltins.MatrixShape.cs,builtin:logspace,handback,return,97,0,M2: shared at the binding (CopyForBinding); not on JgsBuiltins.MintingBuiltins,return Numbers(points),"open item 38 review, 2026-10-07"
src/JGraph.Scripting/Jgs/JgsBuiltins.MatrixShape.cs,builtin:reshape,handback,lambda,143,0,M2: shared at the binding (CopyForBinding); not on JgsBuiltins.MintingBuiltins,"Reshape(args, line, col)",Reshape may answer a wrapper over the argument's own buffer
src/JGraph.Scripting/Jgs/JgsBuiltins.MatrixShape.cs,builtin:horzcat,handback,lambda,162,0,M2: shared at the binding (CopyForBinding); not on JgsBuiltins.MintingBuiltins,"ConcatHorizontal( , args, line, col)","open item 38 review, 2026-10-07"
src/JGraph.Scripting/Jgs/JgsBuiltins.MatrixShape.cs,builtin:flip,handback,return,165,0,M2: shared at the binding (CopyForBinding); not on JgsBuiltins.MintingBuiltins,return args[0],hands a vector back as it is
src/JGraph.Scripting/Jgs/JgsBuiltins.MatrixShape.cs,builtin:flip,handback,return,165,0,M2: shared at the binding (CopyForBinding); not on JgsBuiltins.MintingBuiltins,"return FlipAlong( , args[0], along, line, col)",hands a vector back as it is
src/JGraph.Scripting/Jgs/JgsBuiltins.MatrixShape.cs,builtin:fliplr,handback,return,184,0,M2: shared at the binding (CopyForBinding); not on JgsBuiltins.MintingBuiltins,"return ComplexStorage(flipped,shape)",hands a column back as it is
src/JGraph.Scripting/Jgs/JgsBuiltins.MatrixShape.cs,builtin:fliplr,handback,return,184,0,M2: shared at the binding (CopyForBinding); not on JgsBuiltins.MintingBuiltins,return args[0],hands a column back as it is
src/JGraph.Scripting/Jgs/JgsBuiltins.MatrixShape.cs,builtin:fliplr,handback,return,184,0,M2: shared at the binding (CopyForBinding); not on JgsBuiltins.MintingBuiltins,"return IsMatrixValue(args[0]) ? FlipColumns( , args[0], line, col) : ReversedVector( , args[0], line, col)","open item 38 review, 2026-10-07"
src/JGraph.Scripting/Jgs/JgsBuiltins.MatrixShape.cs,builtin:flipud,handback,return,204,0,M2: shared at the binding (CopyForBinding); not on JgsBuiltins.MintingBuiltins,return args[0],hands a row back as it is
src/JGraph.Scripting/Jgs/JgsBuiltins.MatrixShape.cs,builtin:flipud,handback,return,204,0,M2: shared at the binding (CopyForBinding); not on JgsBuiltins.MintingBuiltins,"return IsMatrixValue(args[0]) ? FlipRows( , args[0], line, col) : args[0]",hands a row back as it is
src/JGraph.Scripting/Jgs/JgsBuiltins.MatrixShape.cs,builtin:squeeze,handback,return,216,0,M2: shared at the binding (CopyForBinding); not on JgsBuiltins.MintingBuiltins,return args[0],hands a value with no singleton back as it is
src/JGraph.Scripting/Jgs/JgsBuiltins.MatrixShape.cs,builtin:permute,handback,return,245,0,M2: shared at the binding (CopyForBinding); not on JgsBuiltins.MintingBuiltins,"return PermuteDimensions( , args[0], args[1], line, col)",PermuteDimensions hands a vector back
src/JGraph.Scripting/Jgs/JgsBuiltins.MatrixShape.cs,builtin:transpose,handback,return,251,0,M2: shared at the binding (CopyForBinding); not on JgsBuiltins.MintingBuiltins,"return TransposeValue( , args[0], line, col)","may hand back an argument, or a helper's answer that may be one; the binding shares it, so a write through the name detaches"
src/JGraph.Scripting/Jgs/JgsBuiltins.MatrixShape.cs,builtin:ctranspose,handback,return,257,0,M2: shared at the binding (CopyForBinding); not on JgsBuiltins.MintingBuiltins,"return TransposeValue( , args[0], line, col, conjugate: true)","may hand back an argument, or a helper's answer that may be one; the binding shares it, so a write through the name detaches"
src/JGraph.Scripting/Jgs/JgsBuiltins.MatrixShape.cs,builtin:dot,handback,return,272,0,M2: shared at the binding (CopyForBinding); not on JgsBuiltins.MintingBuiltins,"return MatlabDot(env, args, line, col)","open item 38 review, 2026-10-07"
src/JGraph.Scripting/Jgs/JgsBuiltins.MatrixShape.cs,WrapColumnwise,store,add,1259,0,"M2: an entry holds its own wrapper (Share), or the store is not an entry",rest.Add(args[i]),"transient: an argument list, an option table or a working list built for one call; not an entry a later statement can read"
src/JGraph.Scripting/Jgs/JgsBuiltins.MatrixShape.cs,WrapColumnwise,store,slot,1367,0,"M2: an entry holds its own wrapper (Share), or the store is not an entry",sliceArgs[0] = Numbers(slice),"open item 38 review, 2026-10-07"
src/JGraph.Scripting/Jgs/JgsBuiltins.MatrixShape.cs,WrapColumnwise,store,slot,1894,0,"M2: an entry holds its own wrapper (Share), or the store is not an entry","perSlice[i] = multiInner.CallMultiple(SliceArgs(slices[i], extra), wanted, line, col)","open item 38 review, 2026-10-07"
src/JGraph.Scripting/Jgs/JgsBuiltins.MatrixShape.cs,DiagonalOf,unclear,Reshape,2429,0,V1.2 states the contract on the helper,"column.Reshape(extracted.Length, 1)",the payload comes from the caller; V1.2 states the contract on the helper
src/JGraph.Scripting/Jgs/JgsBuiltins.Meshes.cs,Connectivity,store,slot,369,0,"M2: an entry holds its own wrapper (Share), or the store is not an entry",positional[i] = args[i],"transient: an argument list, an option table or a working list built for one call; not an entry a later statement can read"
src/JGraph.Scripting/Jgs/JgsBuiltins.Midi.cs,MidiSimFunction,unclear,JgsValue.Cell,305,0,fresh: minted here,"private static JgsValue MidiSimFunction(Interpreter interpreter) => JgsValue.Function(new BuiltinFunction( , (args, line, col) => { JGraphScriptGlo...","open item 38 review, 2026-10-07"
src/JGraph.Scripting/Jgs/JgsBuiltins.Midi.cs,MidiSimFunction,unclear,Reshape,305,0,M4 mutator on a wrapper minted here,"private static JgsValue MidiSimFunction(Interpreter interpreter) => JgsValue.Function(new BuiltinFunction( , (args, line, col) => { JGraphScriptGlo...","open item 38 review, 2026-10-07"
src/JGraph.Scripting/Jgs/JgsBuiltins.Multitaper.cs,MultitaperSpectrum,store,add,71,0,"M2: an entry holds its own wrapper (Share), or the store is not an entry",rest.Add(args[i]),"transient: an argument list, an option table or a working list built for one call; not an entry a later statement can read"
src/JGraph.Scripting/Jgs/JgsBuiltins.NetEvents.cs,AddNetListener,unclear,JgsValue.Cell,47,0,fresh: minted here,"JgsValue listener = JgsValue.Struct(new Dictionary<string, JgsValue>(StringComparer.Ordinal) { [EventSourceField] = JgsValue.Cell([sourceValue]), [...","open item 38 review, 2026-10-07"
src/JGraph.Scripting/Jgs/JgsBuiltins.NetEvents.cs,AddNetListener,store,collection,47,0,"M2: an entry holds its own wrapper (Share), or the store is not an entry","JgsValue listener = JgsValue.Struct(new Dictionary<string, JgsValue>(StringComparer.Ordinal) { [EventSourceField] = JgsValue.Cell([sourceValue]), [...","open item 38 review, 2026-10-07"
src/JGraph.Scripting/Jgs/JgsBuiltins.Numeric.cs,builtin:bitcmp,handback,return,55,0,M2: shared at the binding (CopyForBinding); not on JgsBuiltins.MintingBuiltins,"return MapNumeric( , args[0], x => Mask(~BitOperand( , x, bits, line, col), bits), line, col)","may hand back an argument, or a helper's answer that may be one; the binding shares it, so a write through the name detaches"
src/JGraph.Scripting/Jgs/JgsBuiltins.Numeric.cs,builtin:bitget,handback,return,63,0,M2: shared at the binding (CopyForBinding); not on JgsBuiltins.MintingBuiltins,"return Zip( , args[0], args[1], (value, position) => (BitOperand( , value, bits, line, col) >> BitPosition( , position, bits, line, col)) & 1UL, li...","may hand back an argument, or a helper's answer that may be one; the binding shares it, so a write through the name detaches"
src/JGraph.Scripting/Jgs/JgsBuiltins.Numeric.cs,builtin:bitset,handback,return,73,0,M2: shared at the binding (CopyForBinding); not on JgsBuiltins.MintingBuiltins,"return Zip( , args[0], args[1], (value, position) => { ulong bit = 1UL << BitPosition( , position, bits, line, col); ulong original = BitOperand( ,...","may hand back an argument, or a helper's answer that may be one; the binding shares it, so a write through the name detaches"
src/JGraph.Scripting/Jgs/JgsBuiltins.Numeric.cs,builtin:bitshift,handback,return,94,0,M2: shared at the binding (CopyForBinding); not on JgsBuiltins.MintingBuiltins,"return Zip( , args[0], args[1], (value, shift) => { ulong original = BitOperand( , value, bits, line, col); int by = (int)shift; if (shift != Math....","may hand back an argument, or a helper's answer that may be one; the binding shares it, so a write through the name detaches"
src/JGraph.Scripting/Jgs/JgsBuiltins.Numeric.cs,NumberPerText,unclear,Reshape,346,0,V1.2 states the contract on the helper,"column.Reshape(numbers.Length, 1)",the payload comes from the caller; V1.2 states the contract on the helper
src/JGraph.Scripting/Jgs/JgsBuiltins.Numeric.cs,builtin:pow2,handback,return,375,0,M2: shared at the binding (CopyForBinding); not on JgsBuiltins.MintingBuiltins,"return args.Count == 1 ? MapNumeric( , args[0], static x => Math.Pow(2.0, x), line, col) : Zip( , args[0], args[1], static (f, e) => Math.ScaleB(f,...","may hand back an argument, or a helper's answer that may be one; the binding shares it, so a write through the name detaches"
src/JGraph.Scripting/Jgs/JgsBuiltins.Numeric.cs,RegisterElementaryMath,unclear,SetNumericClass,412,0,V1.2 states the contract on the helper,"Define( , (args, line, col) => { ArityRange( , args, 1, 2, line, col); JgsValue imaginary = args.Count == 2 ? args[1] : JgsValue.Number(0); JgsValu...",the payload comes from the caller; V1.2 states the contract on the helper
src/JGraph.Scripting/Jgs/JgsBuiltins.Numeric.cs,builtin:gcd,handback,return,483,0,M2: shared at the binding (CopyForBinding); not on JgsBuiltins.MintingBuiltins,"return Zip( , args[0], args[1], (a, b) => Gcd(Whole( , a, line, col), Whole( , b, line, col)), line, col)","may hand back an argument, or a helper's answer that may be one; the binding shares it, so a write through the name detaches"
src/JGraph.Scripting/Jgs/JgsBuiltins.Numeric.cs,builtin:lcm,handback,return,489,0,M2: shared at the binding (CopyForBinding); not on JgsBuiltins.MintingBuiltins,"return Zip( , args[0], args[1], (a, b) => { double x = Whole( , a, line, col); double y = Whole( , b, line, col); double divisor = Gcd(x, y); retur...","may hand back an argument, or a helper's answer that may be one; the binding shares it, so a write through the name detaches"
src/JGraph.Scripting/Jgs/JgsBuiltins.Numeric.cs,builtin:factorial,handback,return,501,0,M2: shared at the binding (CopyForBinding); not on JgsBuiltins.MintingBuiltins,"return MapNumeric( , args[0], x => { if (x < 0 || x != Math.Floor(x)) { throw new JgsRuntimeException(line, col, ); } double product = 1; for (int ...","may hand back an argument, or a helper's answer that may be one; the binding shares it, so a write through the name detaches"
src/JGraph.Scripting/Jgs/JgsBuiltins.Numeric.cs,builtin:primes,handback,return,539,0,M2: shared at the binding (CopyForBinding); not on JgsBuiltins.MintingBuiltins,return Numbers([]),"open item 38 review, 2026-10-07"
src/JGraph.Scripting/Jgs/JgsBuiltins.Numeric.cs,builtin:primes,handback,return,539,0,M2: shared at the binding (CopyForBinding); not on JgsBuiltins.MintingBuiltins,return Numbers(found.ToArray()),"open item 38 review, 2026-10-07"
src/JGraph.Scripting/Jgs/JgsBuiltins.Numeric.cs,builtin:isprime,handback,return,567,0,M2: shared at the binding (CopyForBinding); not on JgsBuiltins.MintingBuiltins,"return MapToBool( , args[0], IsPrime, line, col)","may hand back an argument, or a helper's answer that may be one; the binding shares it, so a write through the name detaches"
src/JGraph.Scripting/Jgs/JgsBuiltins.Numeric.cs,builtin:full,handback,return,664,0,M2: shared at the binding (CopyForBinding); not on JgsBuiltins.MintingBuiltins,return args[0],hands a dense argument back as it is
src/JGraph.Scripting/Jgs/JgsBuiltins.Numeric.cs,builtin:nonzeros,handback,return,703,0,M2: shared at the binding (CopyForBinding); not on JgsBuiltins.MintingBuiltins,return Numbers(reals),"open item 38 review, 2026-10-07"
src/JGraph.Scripting/Jgs/JgsBuiltins.NumericCompatibility.cs,RankedExtreme,store,slot,120,0,"M2: an entry holds its own wrapper (Share), or the store is not an entry","answer[0] = complex ? ComplexStorage(restored, SizeDims(answer[0])) : ShapedNumbers(restored.Select(v => v.Real).ToArray(), SizeDims(answer[0]))","immutable element: a number, a string or a complex scalar, for which a share is the value itself"
src/JGraph.Scripting/Jgs/JgsBuiltins.NumericCompatibility.cs,SvdFormatted,store,add,141,0,"M2: an entry holds its own wrapper (Share), or the store is not an entry",core.Add(args[i]),"transient: an argument list, an option table or a working list built for one call; not an entry a later statement can read"
src/JGraph.Scripting/Jgs/JgsBuiltins.NumericCompatibility.cs,SvdFormatted,store,slot,146,0,"M2: an entry holds its own wrapper (Share), or the store is not an entry","if (vector) result[1] = DiagonalOf(result[1], 0, line, col)","open item 38 review, 2026-10-07"
src/JGraph.Scripting/Jgs/JgsBuiltins.OdeFamily.cs,builtin:odextend,handback,lambda,60,0,M2: shared at the binding (CopyForBinding); not on JgsBuiltins.MintingBuiltins,"Odextend(env, host, args, line, col)","may hand back an argument, or a helper's answer that may be one; the binding shares it, so a write through the name detaches"
src/JGraph.Scripting/Jgs/JgsBuiltins.Options.cs,Parse,store,add,57,0,"M2: an entry holds its own wrapper (Share), or the store is not an entry",positional.Add(args[i]),"transient: an argument list, an option table or a working list built for one call; not an entry a later statement can read"
src/JGraph.Scripting/Jgs/JgsBuiltins.Options.cs,Parse,store,slot,75,0,"M2: an entry holds its own wrapper (Share), or the store is not an entry",named[canonical] = args[i + 1],"transient: an argument list, an option table or a working list built for one call; not an entry a later statement can read"
src/JGraph.Scripting/Jgs/JgsBuiltins.ParametricSpectra.cs,RootedSubspace,store,add,443,0,"M2: an entry holds its own wrapper (Share), or the store is not an entry",shifted.Add(args[i]),"transient: an argument list, an option table or a working list built for one call; not an entry a later statement can read"
src/JGraph.Scripting/Jgs/JgsBuiltins.Pde.cs,RegisterPdeBuiltins,store,add,133,0,"M2: an entry holds its own wrapper (Share), or the store is not an entry","env.Builtins.Register( , JgsValue.Function(new BuiltinFunction( , (args, line, col) => { if (args.Count == 0) { throw new JgsRuntimeException(line,...",a registration the splitter kept whole; the store inside is an argument list for a call
src/JGraph.Scripting/Jgs/JgsBuiltins.Pde.cs,builtin:fcnchk,handback,return,133,0,M2: shared at the binding (CopyForBinding); not on JgsBuiltins.MintingBuiltins,return args[0],hands a handle argument back
src/JGraph.Scripting/Jgs/JgsBuiltins.Pde.cs,builtin:fcnchk,handback,return,133,0,M2: shared at the binding (CopyForBinding); not on JgsBuiltins.MintingBuiltins,return built,"open item 38 review, 2026-10-07"
src/JGraph.Scripting/Jgs/JgsBuiltins.Polar.cs,SplitComplexAngles,store,add,620,0,"M2: an entry holds its own wrapper (Share), or the store is not an entry",split.Add(args[i]),"transient: an argument list, an option table or a working list built for one call; not an entry a later statement can read"
src/JGraph.Scripting/Jgs/JgsBuiltins.Polynomials.cs,builtin:nextpow2,handback,return,55,0,M2: shared at the binding (CopyForBinding); not on JgsBuiltins.MintingBuiltins,"return MapNumeric( , args[0], Polynomials.NextPowerOfTwo, line, col)","may hand back an argument, or a helper's answer that may be one; the binding shares it, so a write through the name detaches"
src/JGraph.Scripting/Jgs/JgsBuiltins.Preprocessing.cs,FillBins,write,local,630,0,M7 gated setter; M3 detaches at Holders > 1,y[i] = bin < 0 ? double.NaN : bin + indexBase,"a store into a destination parameter (every parameter now reads as borrowed, not only the last): the caller allocated it for this call and nobody else holds it"
src/JGraph.Scripting/Jgs/JgsBuiltins.Preprocessing.cs,FillBins,write,local,638,1,M7 gated setter; M3 detaches at Holders > 1,y[i] = bin < 0 ? double.NaN : bin + indexBase,"a store into a destination parameter (every parameter now reads as borrowed, not only the last): the caller allocated it for this call and nobody else holds it"
src/JGraph.Scripting/Jgs/JgsBuiltins.Preprocessing.cs,FillBins,write,local,647,0,M7 gated setter; M3 detaches at Holders > 1,y[i] = bin < 0 ? double.NaN : binValues[bin],"a store into a destination parameter (every parameter now reads as borrowed, not only the last): the caller allocated it for this call and nobody else holds it"
src/JGraph.Scripting/Jgs/JgsBuiltins.Preprocessing.cs,FillBins,write,local,655,1,M7 gated setter; M3 detaches at Holders > 1,y[i] = bin < 0 ? double.NaN : binValues[bin],"a store into a destination parameter (every parameter now reads as borrowed, not only the last): the caller allocated it for this call and nobody else holds it"
src/JGraph.Scripting/Jgs/JgsBuiltins.Primitives3D.cs,NoneOrOptionColor,store,add,928,0,"M2: an entry holds its own wrapper (Share), or the store is not an entry",data.Add(args[i]),"transient: an argument list, an option table or a working list built for one call; not an entry a later statement can read"
src/JGraph.Scripting/Jgs/JgsBuiltins.Primitives3D.cs,NoneOrOptionColor,store,add,934,0,"M2: an entry holds its own wrapper (Share), or the store is not an entry","options.Add((args[i].Type == JgsType.String ? args[i].AsString : string.Empty, args[i + 1]))","transient: an argument list, an option table or a working list built for one call; not an entry a later statement can read"
src/JGraph.Scripting/Jgs/JgsBuiltins.Quadrature.cs,builtin:dblquad,handback,lambda,74,0,M2: shared at the binding (CopyForBinding); not on JgsBuiltins.MintingBuiltins,"Dblquad(env, args, line, col)","open item 38 review, 2026-10-07"
src/JGraph.Scripting/Jgs/JgsBuiltins.Quadrature.cs,Recursive,store,add,432,0,"M2: an entry holds its own wrapper (Share), or the store is not an entry",extra.Add(args[i]),"transient: an argument list, an option table or a working list built for one call; not an entry a later statement can read"
src/JGraph.Scripting/Jgs/JgsBuiltins.Quadrature.cs,Dblquad,store,add,518,0,"M2: an entry holds its own wrapper (Share), or the store is not an entry",extra.Add(args[i]),"transient: an argument list, an option table or a working list built for one call; not an entry a later statement can read"
src/JGraph.Scripting/Jgs/JgsBuiltins.Quadrature.cs,builtin:innerintegral,handback,return,521,0,M2: shared at the binding (CopyForBinding); not on JgsBuiltins.MintingBuiltins,return values.Length == 1 ? JgsValue.Number(values[0]) : Numbers(values),"open item 38 review, 2026-10-07"
src/JGraph.Scripting/Jgs/JgsBuiltins.Quadrature.cs,Triplequad,store,add,563,0,"M2: an entry holds its own wrapper (Share), or the store is not an entry",extra.Add(args[i]),"transient: an argument list, an option table or a working list built for one call; not an entry a later statement can read"
src/JGraph.Scripting/Jgs/JgsBuiltins.Quadrature.cs,builtin:innerintegral,handback,return,566,1,M2: shared at the binding (CopyForBinding); not on JgsBuiltins.MintingBuiltins,return values.Length == 1 ? JgsValue.Number(values[0]) : Numbers(values),"open item 38 review, 2026-10-07"
src/JGraph.Scripting/Jgs/JgsBuiltins.Quadrature.cs,builtin:slice,handback,return,772,0,M2: shared at the binding (CopyForBinding); not on JgsBuiltins.MintingBuiltins,"return f.Call([spread, .. given], atLine, atCol)","open item 38 review, 2026-10-07"
src/JGraph.Scripting/Jgs/JgsBuiltins.Rearranged.cs,WithFirst,store,slot,228,0,"M2: an entry holds its own wrapper (Share), or the store is not an entry",copy[0] = first,"transient: an argument list, an option table or a working list built for one call; not an entry a later statement can read"
src/JGraph.Scripting/Jgs/JgsBuiltins.Rearranged.cs,WithFirst,store,slot,231,0,"M2: an entry holds its own wrapper (Share), or the store is not an entry",copy[i] = args[i],"transient: an argument list, an option table or a working list built for one call; not an entry a later statement can read"
src/JGraph.Scripting/Jgs/JgsBuiltins.Regex.cs,RegexOutputs,unclear,JgsValue.Cell,752,0,V1.2 states the contract on the helper,outputs[i] = JgsValue.Cell([outputs[i]]),the payload comes from the caller; V1.2 states the contract on the helper
src/JGraph.Scripting/Jgs/JgsBuiltins.Regex.cs,ReplaceMatches,store,add,1119,0,"M2: an entry holds its own wrapper (Share), or the store is not an entry",words.Add(args[i]),"transient: an argument list, an option table or a working list built for one call; not an entry a later statement can read"
src/JGraph.Scripting/Jgs/JgsBuiltins.Rulers.cs,builtin:num2ruler,handback,lambda,60,0,M2: shared at the binding (CopyForBinding); not on JgsBuiltins.MintingBuiltins,"SameValue( , args, line, col)","may hand back an argument, or a helper's answer that may be one; the binding shares it, so a write through the name detaches"
src/JGraph.Scripting/Jgs/JgsBuiltins.Rulers.cs,builtin:ruler2num,handback,lambda,62,0,M2: shared at the binding (CopyForBinding); not on JgsBuiltins.MintingBuiltins,"SameValue( , args, line, col)","may hand back an argument, or a helper's answer that may be one; the binding shares it, so a write through the name detaches"
src/JGraph.Scripting/Jgs/JgsBuiltins.ScatteredData.cs,GridData,store,slot,137,0,"M2: an entry holds its own wrapper (Share), or the store is not an entry",queryArgs[k] = args[directions + 1 + k],"transient: an argument list, an option table or a working list built for one call; not an entry a later statement can read"
src/JGraph.Scripting/Jgs/JgsBuiltins.ScatteredData.cs,SampleScattered,store,slot,1081,0,"M2: an entry holds its own wrapper (Share), or the store is not an entry",given[k] = args[k],"transient: an argument list, an option table or a working list built for one call; not an entry a later statement can read"
src/JGraph.Scripting/Jgs/JgsBuiltins.Schur.cs,builtin:schur,handback,lambda,20,0,M2: shared at the binding (CopyForBinding); not on JgsBuiltins.MintingBuiltins,"WantsComplex( , args, line, col) ? MatValue(ComplexSchur( , args, line, col).T) : FromRect(Factorized( , args, line, col).T), (args, _, line, col) ...","open item 38 review, 2026-10-07"
src/JGraph.Scripting/Jgs/JgsBuiltins.Schur.cs,builtin:ordschur,handback,lambda,48,0,M2: shared at the binding (CopyForBinding); not on JgsBuiltins.MintingBuiltins,"FromRect(Reordered(args, line, col).T), (args, _, line, col) => { Schur reordered = Reordered(args, line, col); return [FromRect(reordered.U), From...","open item 38 review, 2026-10-07"
src/JGraph.Scripting/Jgs/JgsBuiltins.Schur.cs,builtin:cholupdate,handback,return,169,0,M2: shared at the binding (CopyForBinding); not on JgsBuiltins.MintingBuiltins,"return updated is null ? throw new JgsRuntimeException(line, col, ) : FromRect(updated)","open item 38 review, 2026-10-07"
src/JGraph.Scripting/Jgs/JgsBuiltins.Schur.cs,builtin:qrupdate,handback,lambda,200,0,M2: shared at the binding (CopyForBinding); not on JgsBuiltins.MintingBuiltins,"Update(args, line, col).R is var r ? FromRect(r) : JgsValue.Null, (args, _, line, col) => { (double[,] q, double[,] r) = Update(args, line, col); r...","open item 38 review, 2026-10-07"
src/JGraph.Scripting/Jgs/JgsBuiltins.SetOperations.cs,ElementsOfPicks,adopt,Elements,260,0,M2 Share or copy,chosen[i] = picks[i].Left >= 0 ? left.Elements[picks[i].Left] : right.Elements[picks[i].Right],the result holds both inputs' dictionaries; V1.2 shares
src/JGraph.Scripting/Jgs/JgsBuiltins.SetsAndWindows.cs,IndexColumn,unclear,Reshape,350,0,V1.2 states the contract on the helper,"value.Reshape(flat.Length, 1)",the payload comes from the caller; V1.2 states the contract on the helper
src/JGraph.Scripting/Jgs/JgsBuiltins.SetsAndWindows.cs,builtin:histc,handback,lambda,617,0,M2: shared at the binding (CopyForBinding); not on JgsBuiltins.MintingBuiltins,"BinCountsOf(args, line, col)","open item 38 review, 2026-10-07"
src/JGraph.Scripting/Jgs/JgsBuiltins.SetsAndWindows.cs,BinCountsOf,unclear,Reshape,744,0,V1.2 states the contract on the helper,"answer.Reshape(counts.Length, 1)",the payload comes from the caller; V1.2 states the contract on the helper
src/JGraph.Scripting/Jgs/JgsBuiltins.SetsAndWindows.cs,MemberWithinTolerance,store,slot,1112,0,"M2: an entry holds its own wrapper (Share), or the store is not an entry","all[i] = IndexColumn([.. matches], dialect)","open item 38 review, 2026-10-07"
src/JGraph.Scripting/Jgs/JgsBuiltins.SetsAndWindows.cs,Vector,unclear,Reshape,1141,0,V1.2 states the contract on the helper,"value.Reshape(flat.Length, 1)",the payload comes from the caller; V1.2 states the contract on the helper
src/JGraph.Scripting/Jgs/JgsBuiltins.ShortTime.cs,CrossSpectrogram,store,add,240,0,"M2: an entry holds its own wrapper (Share), or the store is not an entry",rest.Add(args[i]),"transient: an argument list, an option table or a working list built for one call; not an entry a later statement can read"
src/JGraph.Scripting/Jgs/JgsBuiltins.ShortTime.cs,CrossSpectrogram,store,add,293,1,"M2: an entry holds its own wrapper (Share), or the store is not an entry",rest.Add(args[i]),"transient: an argument list, an option table or a working list built for one call; not an entry a later statement can read"
src/JGraph.Scripting/Jgs/JgsBuiltins.SignalGenerators.cs,PulseTrain,store,add,319,0,"M2: an entry holds its own wrapper (Share), or the store is not an entry",extra.Add(args[i]),"transient: an argument list, an option table or a working list built for one call; not an entry a later statement can read"
src/JGraph.Scripting/Jgs/JgsBuiltins.SignalTransforms.cs,builtin:fwht,handback,lambda,36,0,M2: shared at the binding (CopyForBinding); not on JgsBuiltins.MintingBuiltins,"WalshTransform( , args, line, col)","may hand back an argument, or a helper's answer that may be one; the binding shares it, so a write through the name detaches"
src/JGraph.Scripting/Jgs/JgsBuiltins.SignalTransforms.cs,builtin:ifwht,handback,lambda,37,0,M2: shared at the binding (CopyForBinding); not on JgsBuiltins.MintingBuiltins,"WalshTransform( , args, line, col)","may hand back an argument, or a helper's answer that may be one; the binding shares it, so a write through the name detaches"
src/JGraph.Scripting/Jgs/JgsBuiltins.SignalWindows.cs,NamedWindow,store,add,93,0,"M2: an entry holds its own wrapper (Share), or the store is not an entry",rest.Add(args[i]),"transient: an argument list, an option table or a working list built for one call; not an entry a later statement can read"
src/JGraph.Scripting/Jgs/JgsBuiltins.Sparse.cs,SparseBinary,store,add,391,0,"M2: an entry holds its own wrapper (Share), or the store is not an entry","TokenType.Plus => JgsValue.Sparse(a.Add(b)), TokenType.Minus => JgsValue.Sparse(a.Add(b, -1)), TokenType.Star => JgsValue.Sparse(a.Multiply(b)), _ ...","transient: an argument list, an option table or a working list built for one call; not an entry a later statement can read"
src/JGraph.Scripting/Jgs/JgsBuiltins.Sparse.cs,SparseBinary,store,add,391,1,"M2: an entry holds its own wrapper (Share), or the store is not an entry","TokenType.Plus => JgsValue.Sparse(a.Add(b)), TokenType.Minus => JgsValue.Sparse(a.Add(b, -1)), TokenType.Star => JgsValue.Sparse(a.Multiply(b)), _ ...","transient: an argument list, an option table or a working list built for one call; not an entry a later statement can read"
src/JGraph.Scripting/Jgs/JgsBuiltins.SparseKrylov.cs,builtin:spconvert,handback,return,128,0,M2: shared at the binding (CopyForBinding); not on JgsBuiltins.MintingBuiltins,return args[0],hands a non-triplet argument back
src/JGraph.Scripting/Jgs/JgsBuiltins.SparseKrylov.cs,builtin:colperm,handback,return,200,0,M2: shared at the binding (CopyForBinding); not on JgsBuiltins.MintingBuiltins,"return PermutationValue(order, dialect)","open item 38 review, 2026-10-07"
src/JGraph.Scripting/Jgs/JgsBuiltins.SparseKrylov.cs,builtin:sprandn,handback,lambda,222,0,M2: shared at the binding (CopyForBinding); not on JgsBuiltins.MintingBuiltins,"RandomSparse(args, random, normal: true, line, col)","may hand back an argument, or a helper's answer that may be one; the binding shares it, so a write through the name detaches"
src/JGraph.Scripting/Jgs/JgsBuiltins.SparseKrylov.cs,builtin:sprandsym,handback,lambda,223,0,M2: shared at the binding (CopyForBinding); not on JgsBuiltins.MintingBuiltins,"RandomSymmetric(args, random, line, col)","may hand back an argument, or a helper's answer that may be one; the binding shares it, so a write through the name detaches"
src/JGraph.Scripting/Jgs/JgsBuiltins.SparseOrderings.cs,builtin:symrcm,handback,lambda,96,0,M2: shared at the binding (CopyForBinding); not on JgsBuiltins.MintingBuiltins,"PermutationValue(ReverseCuthillMcKee(SymmetricPattern(Sparse( , args, line, col))), dialect)","open item 38 review, 2026-10-07"
src/JGraph.Scripting/Jgs/JgsBuiltins.SparseOrderings.cs,builtin:amd,handback,lambda,99,0,M2: shared at the binding (CopyForBinding); not on JgsBuiltins.MintingBuiltins,"PermutationValue(MinimumDegree(SymmetricPattern(Sparse( , args, line, col))), dialect)","open item 38 review, 2026-10-07"
src/JGraph.Scripting/Jgs/JgsBuiltins.SparseOrderings.cs,builtin:symamd,handback,lambda,102,0,M2: shared at the binding (CopyForBinding); not on JgsBuiltins.MintingBuiltins,"PermutationValue(MinimumDegree(SymmetricPattern(Sparse( , args, line, col))), dialect)","open item 38 review, 2026-10-07"
src/JGraph.Scripting/Jgs/JgsBuiltins.SparseOrderings.cs,builtin:dissect,handback,lambda,105,0,M2: shared at the binding (CopyForBinding); not on JgsBuiltins.MintingBuiltins,"PermutationValue(NestedDissection(SymmetricPattern(Sparse( , args, line, col))), dialect)","open item 38 review, 2026-10-07"
src/JGraph.Scripting/Jgs/JgsBuiltins.SparseOrderings.cs,builtin:dmperm,handback,return,108,0,M2: shared at the binding (CopyForBinding); not on JgsBuiltins.MintingBuiltins,return Numbers(rows),"open item 38 review, 2026-10-07"
src/JGraph.Scripting/Jgs/JgsBuiltins.SparseOrderings.cs,builtin:symbfact,handback,return,140,0,M2: shared at the binding (CopyForBinding); not on JgsBuiltins.MintingBuiltins,"return Numbers(Array.ConvertAll(FactorCounts(pattern, parent), static c => (double)c))","open item 38 review, 2026-10-07"
src/JGraph.Scripting/Jgs/JgsBuiltins.Special.cs,builtin:gammainc,handback,return,43,0,M2: shared at the binding (CopyForBinding); not on JgsBuiltins.MintingBuiltins,"return Zip( , args[0], args[1], (x, a) => upper ? SpecialFunctions.GammaUpper(a, x) : SpecialFunctions.GammaLower(a, x), line, col)","may hand back an argument, or a helper's answer that may be one; the binding shares it, so a write through the name detaches"
src/JGraph.Scripting/Jgs/JgsBuiltins.Special.cs,builtin:gammaincinv,handback,return,51,0,M2: shared at the binding (CopyForBinding); not on JgsBuiltins.MintingBuiltins,"return Zip( , args[0], args[1], (y, a) => SpecialFunctions.GammaInverse(a, y, upper), line, col)","may hand back an argument, or a helper's answer that may be one; the binding shares it, so a write through the name detaches"
src/JGraph.Scripting/Jgs/JgsBuiltins.Special.cs,builtin:betainc,handback,return,59,0,M2: shared at the binding (CopyForBinding); not on JgsBuiltins.MintingBuiltins,"return MapNumeric( , args[0], x => upper ? 1.0 - SpecialFunctions.BetaRegularized(x, a, b) : SpecialFunctions.BetaRegularized(x, a, b), line, col)","may hand back an argument, or a helper's answer that may be one; the binding shares it, so a write through the name detaches"
src/JGraph.Scripting/Jgs/JgsBuiltins.Special.cs,builtin:betaincinv,handback,return,70,0,M2: shared at the binding (CopyForBinding); not on JgsBuiltins.MintingBuiltins,"return MapNumeric( , args[0], y => SpecialFunctions.BetaInverse(upper ? 1.0 - y : y, a, b), line, col)","may hand back an argument, or a helper's answer that may be one; the binding shares it, so a write through the name detaches"
src/JGraph.Scripting/Jgs/JgsBuiltins.Special.cs,builtin:psi,handback,return,80,0,M2: shared at the binding (CopyForBinding); not on JgsBuiltins.MintingBuiltins,"return args.Count == 1 ? MapNumeric( , args[0], SpecialFunctions.Digamma, line, col) : MapNumeric( , args[1], x => SpecialFunctions.Polygamma(Count...","may hand back an argument, or a helper's answer that may be one; the binding shares it, so a write through the name detaches"
src/JGraph.Scripting/Jgs/JgsBuiltins.Special.cs,Guarded,unclear,JgsValue.Array,179,0,V1.2 states the contract on the helper,"throw new JgsRuntimeException(line, col, $ (Parameter ); } } private static JgsValue ZipToValue( string name, JgsValue a, JgsValue b, Func<double, ...",the payload comes from the caller; V1.2 states the contract on the helper
src/JGraph.Scripting/Jgs/JgsBuiltins.Special.cs,Guarded,unclear,JgsValue.Array,179,1,V1.2 states the contract on the helper,"throw new JgsRuntimeException(line, col, $ (Parameter ); } } private static JgsValue ZipToValue( string name, JgsValue a, JgsValue b, Func<double, ...",the payload comes from the caller; V1.2 states the contract on the helper
src/JGraph.Scripting/Jgs/JgsBuiltins.SpectralMeasures.cs,ReadMeasurementInput,store,add,242,0,"M2: an entry holds its own wrapper (Share), or the store is not an entry",extra.Add(args[i]),"transient: an argument list, an option table or a working list built for one call; not an entry a later statement can read"
src/JGraph.Scripting/Jgs/JgsBuiltins.SpectralMeasures.cs,ReadMeasurementInput,store,add,279,1,"M2: an entry holds its own wrapper (Share), or the store is not an entry",extra.Add(args[i]),"transient: an argument list, an option table or a working list built for one call; not an entry a later statement can read"
src/JGraph.Scripting/Jgs/JgsBuiltins.Statistics.Anova.cs,PairwiseComparison,store,copy,645,0,"M2: an entry holds its own wrapper (Share), or the store is not an entry",columns.AddRange(given.AsCell),"transient: an argument list, an option table or a working list built for one call; not an entry a later statement can read"
src/JGraph.Scripting/Jgs/JgsBuiltins.Statistics.Anova.cs,CellOf,adopt,JgsValue.Cell,903,0,M2 Share or copy,JgsValue cell = JgsValue.Cell(values),the payload comes from the caller; V1.2 states the contract on the helper
src/JGraph.Scripting/Jgs/JgsBuiltins.Statistics.Copulas.cs,ExpandSearcher,store,add,1001,0,"M2: an entry holds its own wrapper (Share), or the store is not an entry",expanded.Add(args[i]),"transient: an argument list, an option table or a working list built for one call; not an entry a later statement can read"
src/JGraph.Scripting/Jgs/JgsBuiltins.Statistics.Design.cs,GageStudy,store,copy,621,0,"M2: an entry holds its own wrapper (Share), or the store is not an entry",grouping.AddRange(parsed.Positional[1].AsCell),"transient: an argument list, an option table or a working list built for one call; not an entry a later statement can read"
src/JGraph.Scripting/Jgs/JgsBuiltins.Statistics.Distributions.cs,DistributionMoments,store,add,264,0,"M2: an entry holds its own wrapper (Share), or the store is not an entry",pieces.Add(args[i]),"transient: an argument list, an option table or a working list built for one call; not an entry a later statement can read"
src/JGraph.Scripting/Jgs/JgsBuiltins.Statistics.Empirical.cs,builtin:nancov,handback,return,414,0,M2: shared at the binding (CopyForBinding); not on JgsBuiltins.MintingBuiltins,"return covariance.AsCallable.Call([.. forwarded], line, col)","open item 38 review, 2026-10-07"
src/JGraph.Scripting/Jgs/JgsBuiltins.Statistics.Regression.cs,RequestedFields,store,add,169,0,"M2: an entry holds its own wrapper (Share), or the store is not an entry",asked.Add(args[3].AsString),"immutable element: a number, a string or a complex scalar, for which a share is the value itself"
src/JGraph.Scripting/Jgs/JgsBuiltins.Statistics.Tests.cs,Interpolated,store,add,1265,0,"M2: an entry holds its own wrapper (Share), or the store is not an entry",extra.Add(cell[i]),"transient: an argument list, an option table or a working list built for one call; not an entry a later statement can read"
src/JGraph.Scripting/Jgs/JgsBuiltins.Statistics.cs,SimpleMean,store,add,268,0,"M2: an entry holds its own wrapper (Share), or the store is not an entry",rest.Add(args[i]),"transient: an argument list, an option table or a working list built for one call; not an entry a later statement can read"
src/JGraph.Scripting/Jgs/JgsBuiltins.StringArrays.cs,WrapCharMatrix,mutate,MarkCharMatrix,211,0,M4 fresh wrapper or the entry's own,return picked.MarkCharMatrix(),tags the picked value the caller just built
src/JGraph.Scripting/Jgs/JgsBuiltins.StringEditing.cs,builtin:char,handback,return,56,0,M2: shared at the binding (CopyForBinding); not on JgsBuiltins.MintingBuiltins,return only,hands a char row back as it is
src/JGraph.Scripting/Jgs/JgsBuiltins.StringEditing.cs,PromoteText,mutate,MarkStringArray,447,0,M4 fresh wrapper or the entry's own,return answer.MarkStringArray(),tags the answer the caller just built
src/JGraph.Scripting/Jgs/JgsBuiltins.StringEditing.cs,Reassemble,adopt,JgsValue.Array,482,0,V1.2 states the contract on the helper,JgsValue plain = JgsValue.Array(answers),the payload comes from the caller; V1.2 states the contract on the helper
src/JGraph.Scripting/Jgs/JgsBuiltins.Strings.cs,ApplyOverCells,store,add,356,0,"M2: an entry holds its own wrapper (Share), or the store is not an entry",cells.Add(args[i]),"transient: an argument list, an option table or a working list built for one call; not an entry a later statement can read"
src/JGraph.Scripting/Jgs/JgsBuiltins.Strings.cs,ApplyOverCells,store,add,383,0,"M2: an entry holds its own wrapper (Share), or the store is not an entry",tail.Add(args[t]),"transient: an argument list, an option table or a working list built for one call; not an entry a later statement can read"
src/JGraph.Scripting/Jgs/JgsBuiltins.Strings.cs,ApplyOverCells,store,slot,421,0,"M2: an entry holds its own wrapper (Share), or the store is not an entry",inputs[c] = cells[c].AsCell[k],"transient: an argument list, an option table or a working list built for one call; not an entry a later statement can read"
src/JGraph.Scripting/Jgs/JgsBuiltins.Strings.cs,CollectResults,adopt,JgsValue.Cell,571,0,V1.2 states the contract on the helper,JgsValue cell = JgsValue.Cell(values),the payload comes from the caller; V1.2 states the contract on the helper
src/JGraph.Scripting/Jgs/JgsBuiltins.SurfaceVariants.cs,DefineShape,unclear,JgsValue.Array,107,0,V1.2 states the contract on the helper,"return JgsValue.Array([Grid(x), Grid(y), Grid(z)])",the payload comes from the caller; V1.2 states the contract on the helper
src/JGraph.Scripting/Jgs/JgsBuiltins.TableCompatibility.cs,RegisterTableCompatibility,store,copy,17,0,"M2: an entry holds its own wrapper (Share), or the store is not an entry","Define( , (args, line, col) => { ArityRange( , args, 1, 5, line, col); int rows = args[0].Rows, cols = args[0].Cols; double[] values = FlattenColum...",a registration the splitter kept whole; the store inside is an argument list for a call
src/JGraph.Scripting/Jgs/JgsBuiltins.TableCompatibility.cs,RegisterTableCompatibility,store,add,51,0,"M2: an entry holds its own wrapper (Share), or the store is not an entry","Define(name, (args, line, col) => { if (args.Count == 0 || args[0].Type != JgsType.Table) return inner.AsCallable.Call(args, line, col); Table tabl...",a registration the splitter kept whole; the store inside is an argument list for a call
src/JGraph.Scripting/Jgs/JgsBuiltins.TableForms.cs,Dictionary,store,slot,104,0,"M2: an entry holds its own wrapper (Share), or the store is not an entry",options[canonical] = args[i + 1],"transient: an argument list, an option table or a working list built for one call; not an entry a later statement can read (V6, #122: a verb's option table, and the row's arguments handed to one call)"
src/JGraph.Scripting/Jgs/JgsBuiltins.TableForms.cs,ApplyOverVariables,store,slot,286,0,"M2: an entry holds its own wrapper (Share), or the store is not an entry","answers[i] = func.Call([TableColumnValue(table, name, line, col)], line, col)","open item 38 review, 2026-10-07"
src/JGraph.Scripting/Jgs/JgsBuiltins.TableForms.cs,ApplyOverRows,store,slot,392,0,"M2: an entry holds its own wrapper (Share), or the store is not an entry","inputs[i] = RowArgumentOf(values[i], r, extract)","transient: an argument list, an option table or a working list built for one call; not an entry a later statement can read (V6, #122: a verb's option table, and the row's arguments handed to one call)"
src/JGraph.Scripting/Jgs/JgsBuiltins.Text.cs,builtin:setstr,handback,return,126,0,M2: shared at the binding (CopyForBinding); not on JgsBuiltins.MintingBuiltins,"return CharactersOf( , args[0], line, col)","may hand back an argument, or a helper's answer that may be one; the binding shares it, so a write through the name detaches"
src/JGraph.Scripting/Jgs/JgsBuiltins.Text.cs,RegisterCharacterClasses,unclear,JgsValue.Array,160,0,V1.2 states the contract on the helper,"Define( , (args, line, col) => { Arity( , args, 2, line, col); string category = Str( , args, 1, line, col); Func<char, bool> test = category switc...",the payload comes from the caller; V1.2 states the contract on the helper
src/JGraph.Scripting/Jgs/JgsBuiltins.Text.cs,builtin:unicode2native,handback,return,199,0,M2: shared at the binding (CopyForBinding); not on JgsBuiltins.MintingBuiltins,return Numbers(values),"open item 38 review, 2026-10-07"
src/JGraph.Scripting/Jgs/JgsBuiltins.Text.cs,RegisterByteViews,unclear,ReshapeDims,232,0,V1.2 states the contract on the helper,"Define( , (args, line, col) => { Arity( , args, 2, line, col); string target = Str( , args, 1, line, col); if (JgsNumericClasses.Parse(target) is n...",the payload comes from the caller; V1.2 states the contract on the helper
src/JGraph.Scripting/Jgs/JgsBuiltins.Text.cs,builtin:typecast,handback,return,232,0,M2: shared at the binding (CopyForBinding); not on JgsBuiltins.MintingBuiltins,"return JgsNumericClasses.Stamp(read, targetClass)","may hand back an argument, or a helper's answer that may be one; the binding shares it, so a write through the name detaches"
src/JGraph.Scripting/Jgs/JgsBuiltins.Text.cs,ShapeScanned,unclear,Reshape,489,0,V1.2 states the contract on the helper,"answer.Reshape(rows, columns)",the payload comes from the caller; V1.2 states the contract on the helper
src/JGraph.Scripting/Jgs/JgsBuiltins.TextArrays.cs,Assemble,adopt,JgsValue.Cell,235,0,V1.2 states the contract on the helper,JgsValue cell = JgsValue.Cell(answers),the payload comes from the caller; V1.2 states the contract on the helper
src/JGraph.Scripting/Jgs/JgsBuiltins.TextFamily.cs,builtin:contains,handback,lambda,69,0,M2: shared at the binding (CopyForBinding); not on JgsBuiltins.MintingBuiltins,"TextSearched( , args, dialect, legacyContains, static (text, patterns, cmp) => JgsValue.Bool(Array.Exists(patterns, p => text.Contains(p, cmp))), J...","open item 38 review, 2026-10-07"
src/JGraph.Scripting/Jgs/JgsBuiltins.TextFamily.cs,builtin:startsWith,handback,lambda,72,0,M2: shared at the binding (CopyForBinding); not on JgsBuiltins.MintingBuiltins,"TextSearched( , args, dialect, null, static (text, patterns, cmp) => JgsValue.Bool(Array.Exists(patterns, p => text.StartsWith(p, cmp))), JgsValue....","open item 38 review, 2026-10-07"
src/JGraph.Scripting/Jgs/JgsBuiltins.TextFamily.cs,builtin:endsWith,handback,lambda,75,0,M2: shared at the binding (CopyForBinding); not on JgsBuiltins.MintingBuiltins,"TextSearched( , args, dialect, null, static (text, patterns, cmp) => JgsValue.Bool(Array.Exists(patterns, p => text.EndsWith(p, cmp))), JgsValue.Bo...","open item 38 review, 2026-10-07"
src/JGraph.Scripting/Jgs/JgsBuiltins.TextFamily.cs,builtin:matches,handback,lambda,78,0,M2: shared at the binding (CopyForBinding); not on JgsBuiltins.MintingBuiltins,"TextSearched( , args, dialect, null, static (text, patterns, cmp) => JgsValue.Bool(Array.Exists(patterns, p => string.Equals(text, p, cmp))), JgsVa...","open item 38 review, 2026-10-07"
src/JGraph.Scripting/Jgs/JgsBuiltins.TextFamily.cs,builtin:count,handback,lambda,81,0,M2: shared at the binding (CopyForBinding); not on JgsBuiltins.MintingBuiltins,"TextSearched( , args, dialect, null, static (text, patterns, cmp) => JgsValue.Number(cmp == StringComparison.Ordinal ? CountAtOnce(text, patterns) ...","open item 38 review, 2026-10-07"
src/JGraph.Scripting/Jgs/JgsBuiltins.TextFamily.cs,builtin:ismissing,handback,lambda,91,0,M2: shared at the binding (CopyForBinding); not on JgsBuiltins.MintingBuiltins,"IsMissingOf(args, legacyMissing, line, col)","open item 38 review, 2026-10-07"
src/JGraph.Scripting/Jgs/JgsBuiltins.TextFamily.cs,builtin:deblank,handback,return,117,0,M2: shared at the binding (CopyForBinding); not on JgsBuiltins.MintingBuiltins,"return Trimmed( , args[0], DeblankWhitespace, leading: false, passNumbers: true, line, col)","may hand back an argument, or a helper's answer that may be one; the binding shares it, so a write through the name detaches"
src/JGraph.Scripting/Jgs/JgsBuiltins.TextFamily.cs,builtin:strtrim,handback,return,122,0,M2: shared at the binding (CopyForBinding); not on JgsBuiltins.MintingBuiltins,"return Trimmed( , args[0], TextWhitespace, leading: true, passNumbers: false, line, col)","may hand back an argument, or a helper's answer that may be one; the binding shares it, so a write through the name detaches"
src/JGraph.Scripting/Jgs/JgsBuiltins.TextFamily.cs,builtin:reverse,handback,return,133,0,M2: shared at the binding (CopyForBinding); not on JgsBuiltins.MintingBuiltins,"return legacyReverse.Call(args, line, col)","open item 38 review, 2026-10-07"
src/JGraph.Scripting/Jgs/JgsBuiltins.TextFamily.cs,ShapedValues,adopt,JgsValue.Array,199,0,V1.2 states the contract on the helper,JgsValue shaped = JgsValue.Array(values),a cell over the argument's own slots; V1.2 shares
src/JGraph.Scripting/Jgs/JgsBuiltins.TextFamily.cs,TextSearched,store,slot,389,0,"M2: an entry holds its own wrapper (Share), or the store is not an entry","answers[i] = subject.Kind == TextKind.String && IsMissingText(subject.Texts[i]) ? forMissing : answer(subject.Texts[i], patterns, comparison)",strings: immutable
src/JGraph.Scripting/Jgs/JgsBuiltins.TextFamily.cs,StrFind,unclear,JgsValue.Cell,449,0,V1.2 states the contract on the helper,return forceCell ? JgsValue.Cell([positions]) : positions,a cell over the argument's own slots; V1.2 shares
src/JGraph.Scripting/Jgs/JgsBuiltins.TextFamily.cs,StrLength,unclear,Reshape,585,0,V1.2 states the contract on the helper,"answer.Reshape(subject.Rows, subject.Cols)",a cell over the argument's own slots; V1.2 shares
src/JGraph.Scripting/Jgs/JgsBuiltins.TextFamily.cs,Trimmed,store,slot,1254,0,"M2: an entry holds its own wrapper (Share), or the store is not an entry","trimmed[i] = element.Type == JgsType.String ? JgsValue.Str(Trim(element.AsString)) : IsStringScalar(element) ? Trimmed(name, element, blanks, leadi...","immutable element: a number, a string or a complex scalar, for which a share is the value itself"
src/JGraph.Scripting/Jgs/JgsBuiltins.TextOrder.cs,WithOptionWords,store,slot,93,0,"M2: an entry holds its own wrapper (Share), or the store is not an entry",plain[i] = i > 0 && IsStringScalar(args[i]) ? JgsValue.Str(TextOf(args[i])) : args[i],"transient: an argument list, an option table or a working list built for one call; not an entry a later statement can read"
src/JGraph.Scripting/Jgs/JgsBuiltins.TextOrder.cs,IndexArray,unclear,Reshape,164,0,V1.2 states the contract on the helper,"value.Reshape(rows, cols)",the payload comes from the caller; V1.2 states the contract on the helper
src/JGraph.Scripting/Jgs/JgsBuiltins.Time.cs,WrapTime,mutate,MarkTime,41,0,V1.2 states the contract on the helper,return numeric.MarkTime(tag),the payload comes from the caller; V1.2 states the contract on the helper
src/JGraph.Scripting/Jgs/JgsBuiltins.Time.cs,TimeLike,unclear,TakeShapeOf,53,0,V1.2 states the contract on the helper,built.TakeShapeOf(model),the payload comes from the caller; V1.2 states the contract on the helper
src/JGraph.Scripting/Jgs/JgsBuiltins.Time.cs,TimeLike,unclear,MarkTime,56,0,V1.2 states the contract on the helper,return built.MarkTime(tag),the payload comes from the caller; V1.2 states the contract on the helper
src/JGraph.Scripting/Jgs/JgsBuiltins.Time.cs,RegisterTimeBuiltins,unclear,MarkTime,85,0,V1.2 states the contract on the helper,"DefineBare( , (args, line, col) => { ArityRange( , args, 0, 2, line, col); int rows = args.Count >= 1 ? Count( , args, 0, line, col) : 1; int cols ...",the payload comes from the caller; V1.2 states the contract on the helper
src/JGraph.Scripting/Jgs/JgsBuiltins.Time.cs,RegisterTimeBuiltins,unclear,Reshape,85,0,V1.2 states the contract on the helper,"DefineBare( , (args, line, col) => { ArityRange( , args, 0, 2, line, col); int rows = args.Count >= 1 ? Count( , args, 0, line, col) : 1; int cols ...",the payload comes from the caller; V1.2 states the contract on the helper
src/JGraph.Scripting/Jgs/JgsBuiltins.Time.cs,RegisterTimeBuiltins,unclear,JgsValue.Array,134,0,V1.2 states the contract on the helper,"Define( , (args, line, col) => { Arity( , args, 1, line, col); if (!args[0].IsDatetime) { throw new JgsRuntimeException(line, col, ); } double[] va...",the payload comes from the caller; V1.2 states the contract on the helper
src/JGraph.Scripting/Jgs/JgsBuiltins.Time.cs,RegisterTimeBuiltins,unclear,TakeShapeOf,134,0,V1.2 states the contract on the helper,"Define( , (args, line, col) => { Arity( , args, 1, line, col); if (!args[0].IsDatetime) { throw new JgsRuntimeException(line, col, ); } double[] va...",the payload comes from the caller; V1.2 states the contract on the helper
src/JGraph.Scripting/Jgs/JgsBuiltins.Time.cs,RegisterZoneBuiltins,unclear,JgsValue.Array,188,0,V1.2 states the contract on the helper,"Define( , (args, line, col) => { Arity( , args, 1, line, col); JgsValue moment = RequireDatetime( , args[0], line, col); TimeZoneInfo? zone = JgsTi...",the payload comes from the caller; V1.2 states the contract on the helper
src/JGraph.Scripting/Jgs/JgsBuiltins.Time.cs,RegisterZoneBuiltins,unclear,TakeShapeOf,188,0,V1.2 states the contract on the helper,"Define( , (args, line, col) => { Arity( , args, 1, line, col); JgsValue moment = RequireDatetime( , args[0], line, col); TimeZoneInfo? zone = JgsTi...",the payload comes from the caller; V1.2 states the contract on the helper
src/JGraph.Scripting/Jgs/JgsBuiltins.Time.cs,DefineUnit,unclear,TakeShapeOf,246,0,V1.2 states the contract on the helper,"env.Builtins.Register(name, JgsValue.Function(new BuiltinFunction(name, (args, line, col) => { Arity(name, args, 1, line, col); JgsValue input = ar...",the payload comes from the caller; V1.2 states the contract on the helper
src/JGraph.Scripting/Jgs/JgsBuiltins.Time.cs,Datetime,unclear,TakeShapeOf,388,0,V1.2 states the contract on the helper,built.TakeShapeOf(shapeModel),the payload comes from the caller; V1.2 states the contract on the helper
src/JGraph.Scripting/Jgs/JgsBuiltins.Time.cs,Datetime,unclear,MarkTime,391,0,V1.2 states the contract on the helper,return built.MarkTime(tag),the payload comes from the caller; V1.2 states the contract on the helper
src/JGraph.Scripting/Jgs/JgsBuiltins.Time.cs,Duration,unclear,TakeShapeOf,509,0,V1.2 states the contract on the helper,built.TakeShapeOf(shapeModel),the payload comes from the caller; V1.2 states the contract on the helper
src/JGraph.Scripting/Jgs/JgsBuiltins.Time.cs,Duration,unclear,MarkTime,512,0,V1.2 states the contract on the helper,return built.MarkTime(tag),the payload comes from the caller; V1.2 states the contract on the helper
src/JGraph.Scripting/Jgs/JgsBuiltins.Time.cs,ComponentwiseMoments,store,slot,586,0,"M2: an entry holds its own wrapper (Share), or the store is not an entry",options[key] = args[end - 1],"transient: an argument list, an option table or a working list built for one call; not an entry a later statement can read"
src/JGraph.Scripting/Jgs/JgsBuiltins.Time.cs,ComponentwiseMoments,store,add,598,0,"M2: an entry holds its own wrapper (Share), or the store is not an entry",positional.Add(args[i]),"transient: an argument list, an option table or a working list built for one call; not an entry a later statement can read"
src/JGraph.Scripting/Jgs/JgsBuiltins.TimeMath.cs,Untagged,unclear,TakeShapeOf,148,0,V1.2 states the contract on the helper,plain.TakeShapeOf(time),the payload comes from the caller; V1.2 states the contract on the helper
src/JGraph.Scripting/Jgs/JgsBuiltins.TimeMath.cs,WrapForTime,store,add,248,0,"M2: an entry holds its own wrapper (Share), or the store is not an entry",list.Add(arg.IsTime ? Untagged(arg) : arg),"open item 38 review, 2026-10-07"
src/JGraph.Scripting/Jgs/JgsBuiltins.TimeMath.cs,WrapForTime,store,slot,272,0,"M2: an entry holds its own wrapper (Share), or the store is not an entry","answers[0] = WrapTime(answers[0], tag)","the answer array's own first element re-tagged by WrapTime, which mints"
src/JGraph.Scripting/Jgs/JgsBuiltins.TimeParts.cs,RegisterTimePartBuiltins,unclear,Reshape,54,0,V1.2 states the contract on the helper,"Define( , (args, line, col) => { ArityRange( , args, 1, 1, line, col); double[] source = args[0].IsDatetime ? TimeMs(args[0]) : System.Array.Conver...",the payload comes from the caller; V1.2 states the contract on the helper
src/JGraph.Scripting/Jgs/JgsBuiltins.TimeParts.cs,builtin:datevec,handback,return,54,0,M2: shared at the binding (CopyForBinding); not on JgsBuiltins.MintingBuiltins,return built,"open item 38 review, 2026-10-07"
src/JGraph.Scripting/Jgs/JgsBuiltins.TimeParts.cs,builtin:exceltime,handback,return,80,0,M2: shared at the binding (CopyForBinding); not on JgsBuiltins.MintingBuiltins,"return MapMs(RequireDatetime( , args[0], line, col), static ms => ms / JgsTime.MsPerDay)","open item 38 review, 2026-10-07"
src/JGraph.Scripting/Jgs/JgsBuiltins.TimeParts.cs,builtin:posixtime,handback,return,86,0,M2: shared at the binding (CopyForBinding); not on JgsBuiltins.MintingBuiltins,"return MapMs(RequireDatetime( , args[0], line, col), ms => (ms - epoch) / JgsTime.MsPerSecond)","open item 38 review, 2026-10-07"
src/JGraph.Scripting/Jgs/JgsBuiltins.TimeParts.cs,builtin:juliandate,handback,return,94,0,M2: shared at the binding (CopyForBinding); not on JgsBuiltins.MintingBuiltins,"return MapMs(RequireDatetime( , args[0], line, col), ms => ((ms - epoch) / JgsTime.MsPerDay) + 2400000.5)","open item 38 review, 2026-10-07"
src/JGraph.Scripting/Jgs/JgsBuiltins.TimeParts.cs,builtin:yyyymmdd,handback,return,102,0,M2: shared at the binding (CopyForBinding); not on JgsBuiltins.MintingBuiltins,"return MapMs(moment, ms => { DateTime at = JgsTime.WallClock(ms, tag, out int cycles); return (JgsTime.YearOf(at, cycles) * 10000) + (at.Month * 10...","open item 38 review, 2026-10-07; re-read for item 66, 2026-10-09"
src/JGraph.Scripting/Jgs/JgsBuiltins.TimeParts.cs,RegisterTimePartBuiltins,unclear,JgsValue.Array,169,0,V1.2 states the contract on the helper,"Define( , (args, line, col) => { Arity( , args, 3, line, col); double[] test = TimeOrNumbers( , args[0], line, col); double[] lower = TimeOrNumbers...",the payload comes from the caller; V1.2 states the contract on the helper
src/JGraph.Scripting/Jgs/JgsBuiltins.TimeParts.cs,RegisterTimePartBuiltins,unclear,TakeShapeOf,169,0,V1.2 states the contract on the helper,"Define( , (args, line, col) => { Arity( , args, 3, line, col); double[] test = TimeOrNumbers( , args[0], line, col); double[] lower = TimeOrNumbers...",the payload comes from the caller; V1.2 states the contract on the helper
src/JGraph.Scripting/Jgs/JgsBuiltins.TimeParts.cs,builtin:eomday,handback,return,237,0,M2: shared at the binding (CopyForBinding); not on JgsBuiltins.MintingBuiltins,return length == 1 ? JgsValue.Number(values[0]) : Numbers(values),"open item 38 review, 2026-10-07"
src/JGraph.Scripting/Jgs/JgsBuiltins.TimeParts.cs,RegisterTimePartBuiltins,unclear,Reshape,254,0,V1.2 states the contract on the helper,"Define( , (args, line, col) => { ArityRange( , args, 0, 2, line, col); DateTime today = DateTime.Today; int year = args.Count >= 1 ? (int)Num( , ar...",the payload comes from the caller; V1.2 states the contract on the helper
src/JGraph.Scripting/Jgs/JgsBuiltins.TimeParts.cs,builtin:calendar,handback,return,254,0,M2: shared at the binding (CopyForBinding); not on JgsBuiltins.MintingBuiltins,return built,"open item 38 review, 2026-10-07"
src/JGraph.Scripting/Jgs/JgsBuiltins.TimeParts.cs,Parts,store,slot,420,0,"M2: an entry holds its own wrapper (Share), or the store is not an entry",outputs[f] = columns[f].Length == 1 ? JgsValue.Number(columns[f][0]) : Numbers(columns[f]),"open item 38 review, 2026-10-07"
src/JGraph.Scripting/Jgs/JgsBuiltins.TimeParts.cs,MapMs,unclear,TakeShapeOf,474,0,V1.2 states the contract on the helper,built.TakeShapeOf(time),the payload comes from the caller; V1.2 states the contract on the helper
src/JGraph.Scripting/Jgs/JgsBuiltins.Timers.cs,SetTimerField,write,gated,209,0,M7 gated accessor: Writable*() detaches at Holders > 1,state.Value.WritableStruct()[name] = value,"a timer is a handle, so the gate never copies and every alias reads the write; V10 pins the value first (the timer holds it outside the exact count)"
src/JGraph.Scripting/Jgs/JgsBuiltins.Timers.cs,SetTimerField,store,gated,209,1,"M2: an entry holds its own wrapper (Share), or the store is not an entry",state.Value.WritableStruct()[name] = value,"the value stored is what the caller handed in: RetainedForEntry for a callback or UserData, a fresh scalar otherwise; V10's Pin keeps a tracked value alive for as long as the timer may"
src/JGraph.Scripting/Jgs/JgsBuiltins.Timers.cs,InvokeTimerCallback,store,gated,630,0,"M2: an entry holds its own wrapper (Share), or the store is not an entry",arguments[1] = eventData,"transient: the argument list of one callback call, holding the event struct minted here; not an entry a later statement can read (V6, #105)"
src/JGraph.Scripting/Jgs/JgsBuiltins.TransformForms.cs,Shape,mutate,Reshape,157,0,V1.2 states the contract on the helper,"value.Reshape(dims.Count > 0 ? dims[0] : total, dims.Count > 1 ? dims[1] : 1)",the payload comes from the caller; V1.2 states the contract on the helper
src/JGraph.Scripting/Jgs/JgsBuiltins.TransformForms.cs,Shape,mutate,ReshapeDims,161,0,V1.2 states the contract on the helper,value.ReshapeDims(dims),the payload comes from the caller; V1.2 states the contract on the helper
src/JGraph.Scripting/Jgs/JgsBuiltins.TransformForms.cs,Rotated,unclear,JgsValue.Array,328,0,V1.2 states the contract on the helper,JgsValue result = JgsValue.Array(elements),the payload comes from the caller; V1.2 states the contract on the helper
src/JGraph.Scripting/Jgs/JgsBuiltins.Trees.cs,UiStyle,write,Fields,614,0,fresh storage: the copy's own,"style.Fields[name] = JgsBuiltinClasses.StyleValueOf(name, value, line, col)","open item 38 review, 2026-10-07"
src/JGraph.Scripting/Jgs/JgsBuiltins.Trees.cs,AddStyle,unclear,new JgsObject,766,0,fresh: minted here,var copy = new JgsObject(given2.Class),"open item 38 review, 2026-10-07"
src/JGraph.Scripting/Jgs/JgsBuiltins.Trees.cs,AddStyle,write,Fields,769,0,fresh storage: the copy's own,copy.Fields[name] = JgsValue.Share(held),"open item 38 review, 2026-10-07"
src/JGraph.Scripting/Jgs/JgsBuiltins.UiComponents.cs,AsRow,store,copy,65,0,"M2: an entry holds its own wrapper (Share), or the store is not an entry",return JgsValue.Cell([.. value.AsCell]),"open item 38 review, 2026-10-07"
src/JGraph.Scripting/Jgs/JgsBuiltins.UiComponents.cs,Dictionary,store,slot,822,0,"M2: an entry holds its own wrapper (Share), or the store is not an entry",pairs[name] = args[i + 1],"open item 38 review, 2026-10-07"
src/JGraph.Scripting/Jgs/JgsBuiltins.Video.cs,OpenVideoWriter,write,AsStruct,254,0,M7 gated setter; M3 detaches at Holders > 1,writer.AsStruct[ ] = JgsValue.Number(0),M8: a writer handle's counters are written into the caller's struct; V1.2 shares first
src/JGraph.Scripting/Jgs/JgsBuiltins.Video.cs,OpenVideoWriter,write,AsStruct,255,1,M7 gated setter; M3 detaches at Holders > 1,writer.AsStruct[ ] = JgsValue.Number(0),M8: a writer handle's counters are written into the caller's struct; V1.2 shares first
src/JGraph.Scripting/Jgs/JgsBuiltins.Video.cs,WriteVideoFrame,write,AsStruct,334,0,M7 gated setter; M3 detaches at Holders > 1,writer.AsStruct[ ] = JgsValue.Number(read.Height),M8: a writer handle's counters are written into the caller's struct; V1.2 shares first
src/JGraph.Scripting/Jgs/JgsBuiltins.Video.cs,WriteVideoFrame,write,AsStruct,335,0,M7 gated setter; M3 detaches at Holders > 1,writer.AsStruct[ ] = JgsValue.Number(read.Width),M8: a writer handle's counters are written into the caller's struct; V1.2 shares first
src/JGraph.Scripting/Jgs/JgsBuiltins.Video.cs,WriteVideoFrame,write,AsStruct,360,0,M7 gated setter; M3 detaches at Holders > 1,writer.AsStruct[ ] = JgsValue.Number(encoder.FrameCount),M8: a writer handle's counters are written into the caller's struct; V1.2 shares first
src/JGraph.Scripting/Jgs/JgsBuiltins.Video.cs,WriteVideoFrame,write,AsStruct,361,0,M7 gated setter; M3 detaches at Holders > 1,"writer.AsStruct[ ] = JgsValue.Number(encoder.FrameCount / FieldNumber(writer, ))",M8: a writer handle's counters are written into the caller's struct; V1.2 shares first
src/JGraph.Scripting/Jgs/JgsBuiltins.Volumes.Slice.cs,Slice,unclear,JgsValue.Array,103,0,V1.2 states the contract on the helper,return JgsValue.Array([Handle(cut)]),the payload comes from the caller; V1.2 states the contract on the helper
src/JGraph.Scripting/Jgs/JgsBuiltins.cs,builtin:pow,handback,return,204,0,M2: shared at the binding (CopyForBinding); not on JgsBuiltins.MintingBuiltins,"return MapNumeric( , args[0], x => System.Math.Pow(x, exponent), line, col)","may hand back an argument, or a helper's answer that may be one; the binding shares it, so a write through the name detaches"
src/JGraph.Scripting/Jgs/JgsBuiltins.cs,builtin:atan2,handback,return,211,0,M2: shared at the binding (CopyForBinding); not on JgsBuiltins.MintingBuiltins,"return Zip( , args[0], args[1], System.Math.Atan2, line, col)","may hand back an argument, or a helper's answer that may be one; the binding shares it, so a write through the name detaches"
src/JGraph.Scripting/Jgs/JgsBuiltins.cs,builtin:linspace,handback,return,218,0,M2: shared at the binding (CopyForBinding); not on JgsBuiltins.MintingBuiltins,return Numbers(result),"open item 38 review, 2026-10-07"
src/JGraph.Scripting/Jgs/JgsBuiltins.cs,builtin:range,handback,return,239,0,M2: shared at the binding (CopyForBinding); not on JgsBuiltins.MintingBuiltins,return Numbers(result.ToArray()),"open item 38 review, 2026-10-07"
src/JGraph.Scripting/Jgs/JgsBuiltins.cs,CreateGlobals,unclear,JgsValue.Array,272,0,V1.2 states the contract on the helper,"Define( , (args, line, col) => { Arity( , args, 1, line, col); int count = Count( , args, 0, line, col); var result = new JgsValue[count]; for (int...",the payload comes from the caller; V1.2 states the contract on the helper
src/JGraph.Scripting/Jgs/JgsBuiltins.cs,CreateGlobals,store,collection,308,0,"M2: an entry holds its own wrapper (Share), or the store is not an entry","Define( , (args, line, col) => { Arity( , args, 1, line, col); string path = Str( , args, 0, line, col); try { (double[] samples, int fs) = host.au...","open item 38 review, 2026-10-07"
src/JGraph.Scripting/Jgs/JgsBuiltins.cs,builtin:datenum,handback,return,432,0,M2: shared at the binding (CopyForBinding); not on JgsBuiltins.MintingBuiltins,return serials.Length == 1 ? JgsValue.Number(serials[0]) : Numbers(serials),"open item 38 review, 2026-10-07"
src/JGraph.Scripting/Jgs/JgsBuiltins.cs,builtin:mod,handback,return,525,0,M2: shared at the binding (CopyForBinding); not on JgsBuiltins.MintingBuiltins,"return MapNumeric( , args[0], x => ScalarMod(x, divisor), line, col)","may hand back an argument, or a helper's answer that may be one; the binding shares it, so a write through the name detaches"
src/JGraph.Scripting/Jgs/JgsBuiltins.cs,builtin:size,handback,return,533,0,M2: shared at the binding (CopyForBinding); not on JgsBuiltins.MintingBuiltins,"return Numbers([.. MatFileVariableDims(args[0], TextOf(args[1]), line, col).Select(static d => (double)d)])","open item 38 review, 2026-10-07"
src/JGraph.Scripting/Jgs/JgsBuiltins.cs,builtin:size,handback,return,533,0,M2: shared at the binding (CopyForBinding); not on JgsBuiltins.MintingBuiltins,return asked.Count == 1 ? JgsValue.Number(Extent(asked[0])) : Numbers([.. asked.Select(Extent)]),"open item 38 review, 2026-10-07"
src/JGraph.Scripting/Jgs/JgsBuiltins.cs,builtin:vswr,handback,return,832,0,M2: shared at the binding (CopyForBinding); not on JgsBuiltins.MintingBuiltins,"return MapComplexAware( , args[0], x => (1 + System.Math.Abs(x)) / (1 - System.Math.Abs(x)), c => JgsValue.Number((1 + Complex.Abs(c)) / (1 - Compl...","may hand back an argument, or a helper's answer that may be one; the binding shares it, so a write through the name detaches"
src/JGraph.Scripting/Jgs/JgsBuiltins.cs,builtin:db,handback,return,840,0,M2: shared at the binding (CopyForBinding); not on JgsBuiltins.MintingBuiltins,"return MapComplexAware( , args[0], x => 20 * System.Math.Log10(System.Math.Abs(x)), c => JgsValue.Number(20 * System.Math.Log10(Complex.Abs(c))), l...","may hand back an argument, or a helper's answer that may be one; the binding shares it, so a write through the name detaches"
src/JGraph.Scripting/Jgs/JgsBuiltins.cs,builtin:wavelength,handback,return,875,0,M2: shared at the binding (CopyForBinding); not on JgsBuiltins.MintingBuiltins,"return MapNumeric( , args[0], f => TransmissionLine.GuidedWavelength(f, eeff), line, col)","may hand back an argument, or a helper's answer that may be one; the binding shares it, so a write through the name detaches"
src/JGraph.Scripting/Jgs/JgsBuiltins.cs,builtin:length,handback,return,884,0,M2: shared at the binding (CopyForBinding); not on JgsBuiltins.MintingBuiltins,return args[0].Type switch,answers a number; the switch's borrowed arm is the audit reading `args[0].Type switch`
src/JGraph.Scripting/Jgs/JgsBuiltins.cs,builtin:numel,handback,return,952,0,M2: shared at the binding (CopyForBinding); not on JgsBuiltins.MintingBuiltins,return args[0].Type switch,answers a number; the switch's borrowed arm is the audit reading `args[0].Type switch`
src/JGraph.Scripting/Jgs/JgsBuiltins.cs,builtin:cumsum,handback,lambda,1000,0,M2: shared at the binding (CopyForBinding); not on JgsBuiltins.MintingBuiltins,"Numbers(JgsStdlib.CumulativeSum(ArrayOfNumbers( , args, line, col)))","open item 38 review, 2026-10-07"
src/JGraph.Scripting/Jgs/JgsBuiltins.cs,builtin:cumprod,handback,lambda,1001,0,M2: shared at the binding (CopyForBinding); not on JgsBuiltins.MintingBuiltins,"Numbers(JgsStdlib.CumulativeProduct(ArrayOfNumbers( , args, line, col)))","open item 38 review, 2026-10-07"
src/JGraph.Scripting/Jgs/JgsBuiltins.cs,builtin:diff,handback,lambda,1002,0,M2: shared at the binding (CopyForBinding); not on JgsBuiltins.MintingBuiltins,"Numbers(JgsStdlib.Differences(ArrayOfNumbers( , args, line, col)))","open item 38 review, 2026-10-07"
src/JGraph.Scripting/Jgs/JgsBuiltins.cs,CreateGlobals,unclear,JgsValue.Packed,1023,0,V1.2 states the contract on the helper,"Define( , (args, line, col) => { ArityRange( , args, 1, dialect.IsMatlab ? 3 : 2, line, col); if (args[0].Type == JgsType.Sparse) { return SparseFi...",the payload comes from the caller; V1.2 states the contract on the helper
src/JGraph.Scripting/Jgs/JgsBuiltins.cs,builtin:find,handback,return,1023,0,M2: shared at the binding (CopyForBinding); not on JgsBuiltins.MintingBuiltins,"return SparseFind(args[0].AsSparse, 1, dialect, line, col)[0]","open item 38 review, 2026-10-07"
src/JGraph.Scripting/Jgs/JgsBuiltins.cs,builtin:find,handback,return,1023,0,M2: shared at the binding (CopyForBinding); not on JgsBuiltins.MintingBuiltins,"return FoundIndices(JgsValue.Packed(positions), args[0])","may hand back an argument, or a helper's answer that may be one; the binding shares it, so a write through the name detaches"
src/JGraph.Scripting/Jgs/JgsBuiltins.cs,builtin:find,handback,return,1023,0,M2: shared at the binding (CopyForBinding); not on JgsBuiltins.MintingBuiltins,"return FoundIndices( NumbersCopy(System.Runtime.InteropServices.CollectionsMarshal.AsSpan( Limited(found, wanted, fromEnd))), args[0])","may hand back an argument, or a helper's answer that may be one; the binding shares it, so a write through the name detaches"
src/JGraph.Scripting/Jgs/JgsBuiltins.cs,builtin:find,handback,return,1023,0,M2: shared at the binding (CopyForBinding); not on JgsBuiltins.MintingBuiltins,"return FoundIndices(JgsValue.Array([.. Limited(indices, wanted, fromEnd)]), args[0])","may hand back an argument, or a helper's answer that may be one; the binding shares it, so a write through the name detaches"
src/JGraph.Scripting/Jgs/JgsBuiltins.cs,CreateGlobals,store,copy,1127,0,"M2: an entry holds its own wrapper (Share), or the store is not an entry","Define( , (args, line, col) => { if (args.Count < 2) { throw new JgsRuntimeException(line, col, $ ); } var joined = new List<JgsValue>(); foreach (...",a registration the splitter kept whole; the store inside is an argument list for a call
src/JGraph.Scripting/Jgs/JgsBuiltins.cs,CreateGlobals,unclear,JgsValue.Array,1150,0,V1.2 states the contract on the helper,"Define( , (args, line, col) => { ArityRange( , args, 2, 3, line, col); JgsValue[] source = Arr( , args, 0, line, col); int start = Count( , args, 1...",the payload comes from the caller; V1.2 states the contract on the helper
src/JGraph.Scripting/Jgs/JgsBuiltins.cs,CreateGlobals,unclear,JgsValue.Array,1182,0,V1.2 states the contract on the helper,"Define( , (args, line, col) => { Arity( , args, 1, line, col); if (args[0].Type == JgsType.String) { char[] letters = args[0].AsString.ToCharArray(...",the payload comes from the caller; V1.2 states the contract on the helper
src/JGraph.Scripting/Jgs/JgsBuiltins.cs,builtin:isnan,handback,return,1201,0,M2: shared at the binding (CopyForBinding); not on JgsBuiltins.MintingBuiltins,"return MapToBool( , args[0], static x => double.IsNaN(x), line, col, static c => double.IsNaN(c.Real) || double.IsNaN(c.Imaginary))","may hand back an argument, or a helper's answer that may be one; the binding shares it, so a write through the name detaches"
src/JGraph.Scripting/Jgs/JgsBuiltins.cs,CreateGlobals,unclear,JgsValue.Array,1222,0,V1.2 states the contract on the helper,"Define( , (args, line, col) => { Arity( , args, 1, line, col); if (args[0].Type != JgsType.Array) { return JgsValue.Bool(!args[0].IsTruthy); } JgsV...",the payload comes from the caller; V1.2 states the contract on the helper
src/JGraph.Scripting/Jgs/JgsBuiltins.cs,builtin:upper,handback,lambda,1335,0,M2: shared at the binding (CopyForBinding); not on JgsBuiltins.MintingBuiltins,"CaseMapped( , args, static t => t.ToUpperInvariant(), line, col)",CaseMapped hands a non-text argument back
src/JGraph.Scripting/Jgs/JgsBuiltins.cs,builtin:lower,handback,lambda,1336,0,M2: shared at the binding (CopyForBinding); not on JgsBuiltins.MintingBuiltins,"CaseMapped( , args, static t => t.ToLowerInvariant(), line, col)",CaseMapped hands a non-text argument back
src/JGraph.Scripting/Jgs/JgsBuiltins.cs,CreateGlobals,unclear,JgsValue.Array,1488,0,V1.2 states the contract on the helper,"Define( , (args, line, col) => { Arity( , args, 1, line, col); IReadOnlyList<string> names = Tbl( , args, 0, line, col).ColumnNames; var result = n...",the payload comes from the caller; V1.2 states the contract on the helper
src/JGraph.Scripting/Jgs/JgsBuiltins.cs,CreateGlobals,unclear,JgsValue.Array,1507,0,V1.2 states the contract on the helper,"Define( , (args, line, col) => { Arity( , args, 2, line, col); Table table = Tbl( , args, 0, line, col); string name = Str( , args, 1, line, col); ...",the payload comes from the caller; V1.2 states the contract on the helper
src/JGraph.Scripting/Jgs/JgsBuiltins.cs,builtin:figure,handback,return,1554,0,M2: shared at the binding (CopyForBinding); not on JgsBuiltins.MintingBuiltins,return args[0],"open item 38 review, 2026-10-07"
src/JGraph.Scripting/Jgs/JgsBuiltins.cs,builtin:seconds,handback,return,2644,0,M2: shared at the binding (CopyForBinding); not on JgsBuiltins.MintingBuiltins,"return MapNumeric( , args[0], static x => x, line, col)","may hand back an argument, or a helper's answer that may be one; the binding shares it, so a write through the name detaches"
src/JGraph.Scripting/Jgs/JgsBuiltins.cs,Legend,store,add,2803,0,"M2: an entry holds its own wrapper (Share), or the store is not an entry",names.Add(args[i].AsString),"immutable element: a number, a string or a complex scalar, for which a share is the value itself"
src/JGraph.Scripting/Jgs/JgsBuiltins.cs,PlotCore,store,slot,3045,0,"M2: an entry holds its own wrapper (Share), or the store is not an entry",converted[i] = args[i].IsTime ? AxisNumbersFor(args[i]) : args[i],"transient: an argument list, an option table or a working list built for one call; not an entry a later statement can read"
src/JGraph.Scripting/Jgs/JgsBuiltins.cs,AxisNumbersFor,unclear,TakeShapeOf,3068,0,V1.2 states the contract on the helper,built.TakeShapeOf(time),the payload comes from the caller; V1.2 states the contract on the helper
src/JGraph.Scripting/Jgs/JgsBuiltins.cs,PlotColumns,store,add,3196,0,"M2: an entry holds its own wrapper (Share), or the store is not an entry",data.Add(args[i]),"transient: an argument list, an option table or a working list built for one call; not an entry a later statement can read"
src/JGraph.Scripting/Jgs/JgsBuiltins.cs,PlotColumns,store,add,3208,0,"M2: an entry holds its own wrapper (Share), or the store is not an entry","options.Add((args[i].AsString, args[i + 1]))","transient: an argument list, an option table or a working list built for one call; not an entry a later statement can read"
src/JGraph.Scripting/Jgs/JgsBuiltins.cs,FoundIndices,mutate,Reshape,5251,0,V1.2 states the contract on the helper,"indices.Reshape(foundRows, foundCols)",the payload comes from the caller; V1.2 states the contract on the helper
src/JGraph.Scripting/Jgs/JgsBuiltins.cs,FoundIndices,mutate,Reshape,5257,0,V1.2 states the contract on the helper,"indices.Reshape(indices.ArrayLength, 1)",the payload comes from the caller; V1.2 states the contract on the helper
src/JGraph.Scripting/Jgs/JgsBuiltins.cs,MapToBool,store,slot,5286,0,"M2: an entry holds its own wrapper (Share), or the store is not an entry","result[i] = MapToBool(name, source[i], test, line, col, complexTest)","immutable element: a number, a string or a complex scalar, for which a share is the value itself"
src/JGraph.Scripting/Jgs/JgsBuiltins.cs,MapNumeric,store,slot,5420,0,"M2: an entry holds its own wrapper (Share), or the store is not an entry","result[i] = MapNumeric(name, source[i], f, line, col, vectorOp, rounding, cost)","immutable element: a number, a string or a complex scalar, for which a share is the value itself"
src/JGraph.Scripting/Jgs/JgsBuiltins.cs,Zip,store,slot,5489,0,"M2: an entry holds its own wrapper (Share), or the store is not an entry","paired[i] = Zip(name, left[i], right[i], f, line, col, cost)","immutable element: a number, a string or a complex scalar, for which a share is the value itself"
src/JGraph.Scripting/Jgs/JgsBuiltins.cs,Zip,store,slot,5501,0,"M2: an entry holds its own wrapper (Share), or the store is not an entry","spread[i] = Zip(name, left[i], b, f, line, col)","immutable element: a number, a string or a complex scalar, for which a share is the value itself"
src/JGraph.Scripting/Jgs/JgsBuiltins.cs,Zip,store,slot,5513,0,"M2: an entry holds its own wrapper (Share), or the store is not an entry","spread[i] = Zip(name, a, right[i], f, line, col)","immutable element: a number, a string or a complex scalar, for which a share is the value itself"
src/JGraph.Scripting/Jgs/JgsBuiltins.cs,ApplyUnary,write,local,5597,0,M7 gated setter; M3 detaches at Holders > 1,"PackedMath.UnaryTiered(op, source, dest)","a store into a destination parameter (every parameter now reads as borrowed, not only the last): the caller allocated it for this call and nobody else holds it"
src/JGraph.Scripting/Jgs/JgsBuiltins.cs,MapComplexAware,store,slot,5639,0,"M2: an entry holds its own wrapper (Share), or the store is not an entry","result[i] = MapComplexAware(name, source[i], real, complex, line, col, vectorOp, plain)","immutable element: a number, a string or a complex scalar, for which a share is the value itself"
src/JGraph.Scripting/Jgs/JgsBuiltins.cs,MapComplexProducing,store,slot,5688,0,"M2: an entry holds its own wrapper (Share), or the store is not an entry","result[i] = MapComplexProducing(name, source[i], fastReal, staysReal, complexResult, line, col, vectorOp)","immutable element: a number, a string or a complex scalar, for which a share is the value itself"
src/JGraph.Scripting/Jgs/JgsCallable.cs,DemoteStringScalars,store,slot,319,0,"M2: an entry holds its own wrapper (Share), or the store is not an entry",demoted[i] = IsStringScalar(arguments[i]) ? arguments[i].ElementAt(0) : arguments[i],"transient: an argument list, an option table or a working list built for one call; not an entry a later statement can read"
src/JGraph.Scripting/Jgs/JgsCallbackDispatcher.cs,EventDataFor,store,init,567,0,"M2: an entry holds its own wrapper (Share), or the store is not an entry","case GraphicsEventKind.ToolbarSelectionChanged: return JgsValue.Struct(new Dictionary<string, JgsValue>(StringComparer.Ordinal) { [ ] = source, [ ]...","a handle value (a number) into a fresh event struct: immutable element: a number, a string or a complex scalar, for which a share is the value itself"
src/JGraph.Scripting/Jgs/JgsCallbackDispatcher.cs,EventDataFor,store,init,583,0,"M2: an entry holds its own wrapper (Share), or the store is not an entry","return JgsValue.Struct(new Dictionary<string, JgsValue>(StringComparer.Ordinal) { [ ] = source, [ ] = JgsValue.Str( ), [ ] = graphicsEvent.ContextO...","a handle value (a number) into a fresh event struct: immutable element: a number, a string or a complex scalar, for which a share is the value itself"
src/JGraph.Scripting/Jgs/JgsClass.cs,DisplayValue,adopt,JgsValue.Object,372,0,M4 fresh wrapper or the entry's own,"return CallGetter(name, JgsValue.Object(instance), Declaration.Line, Declaration.Column)","a fresh wrapper over the instance, the receiver a get method binds through CopyForBinding (a share for a value class, the instance itself for a handle) and nothing holds after the call; the display and struct(obj) read a property with a get method through it (V6, #27, #28)"
src/JGraph.Scripting/Jgs/JgsClass.cs,NewDefault,unclear,new JgsObject,579,0,V1.2 states the contract on the helper,var instance = new JgsObject(this),"a fresh instance's fields, before anyone holds it"
src/JGraph.Scripting/Jgs/JgsClass.cs,NewDefault,write,Fields,583,0,fresh storage: the copy's own,instance.Fields[JgsBuiltins.EventNameField] = JgsValue.Str(string.Empty),"event.EventData's two inherited properties, written into the instance minted two statements above, as every property default is on the lines below (V6, #106)"
src/JGraph.Scripting/Jgs/JgsClass.cs,NewDefault,write,Fields,584,0,fresh storage: the copy's own,"instance.Fields[JgsBuiltins.EventSourceField] = JgsMatrix.FromColumnMajor([], 0, 0)","event.EventData's two inherited properties, written into the instance minted two statements above, as every property default is on the lines below (V6, #106)"
src/JGraph.Scripting/Jgs/JgsClass.cs,NewDefault,write,Fields,596,0,fresh storage: the copy's own,"instance.Fields[property.Spec.Name] = DefaultOf(property, line, col)","open item 38 review, 2026-10-07"
src/JGraph.Scripting/Jgs/JgsClass.cs,Copy,unclear,new JgsObject,1098,0,V1.2 states the contract on the helper,var clone = new JgsObject(Class),the clone's fields; the source is untouched
src/JGraph.Scripting/Jgs/JgsClass.cs,Copy,write,Fields,1101,0,M7 gated setter; M3 detaches at Holders > 1,clone.Fields[name] = interpreter.CopyForBinding(value),the clone's fields; the source is untouched
src/JGraph.Scripting/Jgs/JgsClass.cs,WithReceiver,store,slot,1143,0,"M2: an entry holds its own wrapper (Share), or the store is not an entry",all[i + 1] = arguments[i],"transient: an argument list, an option table or a working list built for one call; not an entry a later statement can read"
src/JGraph.Scripting/Jgs/JgsComponentContainers.cs,Set,store,add,285,0,"M2: an entry holds its own wrapper (Share), or the store is not an entry","pairs.Add((args[i], args[i + 1]))","open item 38 review, 2026-10-07"
src/JGraph.Scripting/Jgs/JgsEnvironment.cs,Store,store,slot,105,0,"M2: an entry holds its own wrapper (Share), or the store is not an entry",_values[name] = value,the gate itself: what is stored is the caller's business — V2.3's tripwire holds every Declare/TryAssign caller (V10: the exact lifetime of what was there and what is now moves with the write)
src/JGraph.Scripting/Jgs/JgsEnvironment.cs,Store,store,slot,110,1,"M2: an entry holds its own wrapper (Share), or the store is not an entry",_values[name] = value,the gate itself: what is stored is the caller's business — V2.3's tripwire holds every Declare/TryAssign caller (V10: the exact lifetime of what was there and what is now moves with the write)
src/JGraph.Scripting/Jgs/JgsEnvironment.cs,DeclareFunction,store,slot,332,0,"M2: an entry holds its own wrapper (Share), or the store is not an entry",_functionDefinitions[name] = value,the gate itself: what is stored is the caller's business — V2.3's tripwire holds every Declare/TryAssign caller
src/JGraph.Scripting/Jgs/JgsGraphicsCallbackValues.cs,Invoke,store,gated,104,0,"M2: an entry holds its own wrapper (Share), or the store is not an entry",arguments[0] = source,"open item 38 review, 2026-10-07"
src/JGraph.Scripting/Jgs/JgsGraphicsCallbackValues.cs,Invoke,store,gated,105,0,"M2: an entry holds its own wrapper (Share), or the store is not an entry",arguments[1] = eventData,"open item 38 review, 2026-10-07"
src/JGraph.Scripting/Jgs/JgsGraphicsCallbackValues.cs,Make,store,slot,238,0,"M2: an entry holds its own wrapper (Share), or the store is not an entry",fields[ ] = source,"open item 38 review, 2026-10-07"
src/JGraph.Scripting/Jgs/JgsGraphicsProperties.Tables.cs,AddUiTableBlock,unclear,Reshape,143,0,M4 mutator on a wrapper minted here,"Put(table, , entry => { IReadOnlyList<UiColor> stripes = TableOf(entry).Stripes; var data = new double[stripes.Count * 3]; for (int i = 0; i < stri...","open item 38 review, 2026-10-07"
src/JGraph.Scripting/Jgs/JgsGraphicsProperties.TabsAndBars.cs,WidenCallbacks,unclear,Reshape,216,0,M4 mutator on a wrapper minted here,"table[name] = new GraphicsProperty(slot.Name, slot.Read, (entry, value, line, col) => { if (value.IsStringArray && value.ArrayLength > 1) { JgsValu...","open item 38 review, 2026-10-07"
src/JGraph.Scripting/Jgs/JgsGraphicsProperties.UiComponents.cs,AddNamedSlot,unclear,Reshape,991,0,M4 mutator on a wrapper minted here,"Put(table, name, slot.Read, (entry, value, line, col) => { if (value.IsStringArray && value.ArrayLength > 1) { JgsValue cell = JgsValue.Cell([.. En...","open item 38 review, 2026-10-07"
src/JGraph.Scripting/Jgs/JgsGraphicsProperties.UiComponents.cs,AddTextAreaBlock,unclear,Reshape,1270,0,M4 mutator on a wrapper minted here,"Put(table, , entry => { IReadOnlyList<string> lines = Area(entry).Lines; JgsValue cell = JgsValue.Cell([.. lines.Select(static l => JgsValue.Str(l)...","open item 38 review, 2026-10-07"
src/JGraph.Scripting/Jgs/JgsGraphicsProperties.UiComponents.cs,DataElements,store,copy,1540,0,"M2: an entry holds its own wrapper (Share), or the store is not an entry",elements.AddRange(data.AsCell),"open item 38 review, 2026-10-07"
src/JGraph.Scripting/Jgs/JgsGraphicsProperties.UiComponents.cs,DataElements,store,add,1556,0,"M2: an entry holds its own wrapper (Share), or the store is not an entry",elements.Add(data),"open item 38 review, 2026-10-07"
src/JGraph.Scripting/Jgs/JgsGraphicsProperties.UiComponents.cs,AddItemsBlock,unclear,MarkTime,1673,0,M4 mutator on a wrapper minted here,"Put(table, , entry => entry.ItemsData ?? JgsMatrix.FromColumnMajor([], 0, 0), (entry, value, line, col) => { if (value.Type == JgsType.Function) { ...","open item 38 review, 2026-10-07"
src/JGraph.Scripting/Jgs/JgsGraphicsProperties.UiComponents.cs,TracksOf,store,copy,2399,0,"M2: an entry holds its own wrapper (Share), or the store is not an entry",elements.AddRange(value.AsCell),"open item 38 review, 2026-10-07"
src/JGraph.Scripting/Jgs/JgsGraphicsProperties.UiComponents.cs,TracksOf,store,add,2410,0,"M2: an entry holds its own wrapper (Share), or the store is not an entry","elements.Add(value.Type == JgsType.Array ? JgsBuiltins.ElementOfClass(value, i) : value)","open item 38 review, 2026-10-07"
src/JGraph.Scripting/Jgs/JgsGraphicsProperties.cs,AddAnnotationAliases,unclear,Reshape,2105,0,M4 mutator on a wrapper minted here,"Put(table, , entry => { var text = (TextAnnotation)entry.Target; if (!text.LinesAreCell) { return JgsValue.Str(text.Text); } string[] lines = text....","open item 38 review, 2026-10-07"
src/JGraph.Scripting/Jgs/JgsJson.cs,Rows,store,copy,638,0,"M2: an entry holds its own wrapper (Share), or the store is not an entry","JgsValue row = value.Type == JgsType.Cell ? JgsValue.Cell([.. value.AsCell]) : JgsMatrix.FromElements(value.BoxedElements(), 1, value.Rows)","open item 38 review, 2026-10-07"
src/JGraph.Scripting/Jgs/JgsLinalg.cs,TransposeBlocked,write,local,168,0,M7 gated setter; M3 detaches at Holders > 1,dest[(r * cols) + c] = source[sourceBase + r],"a store into a destination parameter (every parameter now reads as borrowed, not only the last): the caller allocated it for this call and nobody else holds it"
src/JGraph.Scripting/Jgs/JgsLinalg.cs,ShapeResult,adopt,JgsValue.Packed,187,0,V1.2 states the contract on the helper,JgsValue value = JgsValue.Packed(buffer),the payload comes from the caller; V1.2 states the contract on the helper
src/JGraph.Scripting/Jgs/JgsMatrix.cs,NestedToRows,store,slot,108,0,"M2: an entry holds its own wrapper (Share), or the store is not an entry","rows[r] = RowOf(name, row, line, col)","open item 38 review, 2026-10-07"
src/JGraph.Scripting/Jgs/JgsMatrix.cs,Like,mutate,TakeShapeOf,219,0,M4 fresh wrapper or the entry's own,result.TakeShapeOf(source),tags the result the caller just built
src/JGraph.Scripting/Jgs/JgsMatrix.cs,FromColumnMajorDims,adopt,JgsValue.Packed,398,0,V1.2 states the contract on the helper,JgsValue value = JgsValue.Packed(buffer),a mint helper; every caller hands it storage it allocated
src/JGraph.Scripting/Jgs/JgsMatrix.cs,FromElementsDims,adopt,JgsValue.Array,415,0,V1.2 states the contract on the helper,"JgsValue value = JgsPacking.Enabled && PackedOps.TryPackElements(columnMajor, out JgsValue packed) ? packed : JgsValue.Array(columnMajor)",a mint helper; every caller hands it storage it allocated
src/JGraph.Scripting/Jgs/JgsMatrix.cs,FromElements,unclear,Reshape,427,0,V1.2 states the contract on the helper,"packed.Reshape(rows, cols)",a mint helper; every caller hands it storage it allocated
src/JGraph.Scripting/Jgs/JgsMatrix.cs,FromElements,adopt,JgsValue.Array,431,0,V1.2 states the contract on the helper,"return rows == 1 ? JgsValue.Array(columnMajor) : JgsValue.Shaped(columnMajor, rows, cols)",a mint helper; every caller hands it storage it allocated
src/JGraph.Scripting/Jgs/JgsMatrix.cs,FromElements,adopt,JgsValue.Shaped,431,0,V1.2 states the contract on the helper,"return rows == 1 ? JgsValue.Array(columnMajor) : JgsValue.Shaped(columnMajor, rows, cols)",a mint helper; every caller hands it storage it allocated
src/JGraph.Scripting/Jgs/JgsMatrix.cs,FromColumnMajor,adopt,JgsValue.Packed,472,0,V1.2 states the contract on the helper,JgsValue value = JgsValue.Packed(buffer),a mint helper; every caller hands it storage it allocated
src/JGraph.Scripting/Jgs/JgsNumericClass.cs,Map,store,slot,207,0,"M2: an entry holds its own wrapper (Share), or the store is not an entry","mapped[i] = Map(source[i], numericClass)","immutable element: a number, a string or a complex scalar, for which a share is the value itself"
src/JGraph.Scripting/Jgs/JgsRunner.cs,DefineWorkspaceBuiltins,unclear,JgsValue.Cell,417,0,V1.2 states the contract on the helper,"environment.Builtins.Register(constructor, JgsValue.Function(new BuiltinFunction(constructor, (args, line, col) => { var given = args.ToList(); if ...",the payload comes from the caller; V1.2 states the contract on the helper
src/JGraph.Scripting/Jgs/JgsRunner.cs,DisposePackedIn,store,add,980,0,"M2: an entry holds its own wrapper (Share), or the store is not an entry","if (visited.Add(value) && Releasable(value, value.AsImage))","transient: an argument list, an option table or a working list built for one call; not an entry a later statement can read"
src/JGraph.Scripting/Jgs/JgsRunner.cs,DisposePackedIn,dispose,local,982,0,M6: disposed only at one holder,value.AsImage.Dispose(),"scratch the helper allocated for this call, or a destination it replaces, disposed by the one that made it"
src/JGraph.Scripting/Jgs/JgsRunner.cs,DisposePackedIn,store,add,989,0,"M2: an entry holds its own wrapper (Share), or the store is not an entry",if (value.Type == JgsType.Cell && visited.Add(value)),"transient: an argument list, an option table or a working list built for one call; not an entry a later statement can read"
src/JGraph.Scripting/Jgs/JgsRunner.cs,DisposePackedIn,store,add,1002,0,"M2: an entry holds its own wrapper (Share), or the store is not an entry",if (value.Type == JgsType.Struct && visited.Add(value)),"transient: an argument list, an option table or a working list built for one call; not an entry a later statement can read"
src/JGraph.Scripting/Jgs/JgsRunner.cs,DisposePackedIn,store,add,1023,0,"M2: an entry holds its own wrapper (Share), or the store is not an entry",if (value.Type != JgsType.Array || !visited.Add(value)),"transient: an argument list, an option table or a working list built for one call; not an entry a later statement can read"
src/JGraph.Scripting/Jgs/JgsRunner.cs,DisposePackedIn,dispose,AsBuffer,1032,0,M6 only at Holders == 1,value.AsBuffer.Dispose(),M6: the disposal walk; V1.2 frees only at Holders == 1 and stops at a shared container
src/JGraph.Scripting/Jgs/JgsRunner.cs,DisposePackedIn,dispose,AsPackedComplex,1042,0,M6 only at Holders == 1,value.AsPackedComplex.Dispose(),M6: the disposal walk; V1.2 frees only at Holders == 1 and stops at a shared container
src/JGraph.Scripting/Jgs/JgsSprintf.cs,FormatMatlab,store,copy,53,0,"M2: an entry holds its own wrapper (Share), or the store is not an entry",stream.AddRange(arg.BoxedElements()),"transient: an argument list, an option table or a working list built for one call; not an entry a later statement can read"
src/JGraph.Scripting/Jgs/JgsTextScanner.cs,Collected,store,slot,346,0,"M2: an entry holds its own wrapper (Share), or the store is not an entry",flat[(c * rows) + r] = r < elements.Length ? elements[r] : JgsValue.Str(string.Empty),"immutable element: a number, a string or a complex scalar, for which a share is the value itself"
src/JGraph.Scripting/Jgs/JgsUiTables.cs,WriteInto,store,slot,563,0,"M2: an entry holds its own wrapper (Share), or the store is not an entry","elements[r + (c * rows)] = whole.Type == JgsType.Cell ? whole.AsCell[r + (c * rows)] : JgsMatrix.At(whole, r, c)","open item 38 review, 2026-10-07"
src/JGraph.Scripting/Jgs/JgsUiTables.cs,WriteInto,store,slot,569,0,"M2: an entry holds its own wrapper (Share), or the store is not an entry",elements[row + (column * rows)] = cell,"open item 38 review, 2026-10-07"
src/JGraph.Scripting/Jgs/JgsValue.cs,Struct,unclear,new JgsStructArray,305,0,V1.2 states the contract on the helper,"public static JgsValue Struct(Dictionary<string, JgsValue> fields) => Minted(new(JgsType.Struct, new JgsStructArray([fields]), JgsPackedKind.Number...",a factory over the payload its caller allocated (V10: the exact lifetime of what was there and what is now moves with the write)
src/JGraph.Scripting/Jgs/JgsValue.cs,StructArray,adopt,new JgsStructArray,335,0,M2 Share or copy,"public static JgsValue StructArray(Dictionary<string, JgsValue>[] elements) => StructArray(new JgsStructArray(elements), elements.Length == 0 ? 0 :...",a factory over the payload its caller allocated
src/JGraph.Scripting/Jgs/JgsValue.cs,PrivateCopy,store,slot,466,0,M2 Share: a handle is its own share,copy[i] = Share(slots[i]),"Share hands a handle object (or a containers.Map) back as it is since V4 (ADR 0165), so the audit sees a wrapper stored that was not minted; that is the rule — every copy of the container holds the one handle — and every other child is a counted share"
src/JGraph.Scripting/Jgs/JgsValue.cs,PrivateCopy,adopt,Elements,477,0,M2 Share or copy,elements[i] = structs.Elements[i],"M3's shallow detach of a struct array: the copy's own element array holds the source's dictionaries, each shared under a count on the next line"
src/JGraph.Scripting/Jgs/JgsValue.cs,PrivateCopy,unclear,new JgsObject,486,0,fresh: minted here,var copy = new JgsObject(instance.Class),"M3's detach of a value object: a new instance of the same class, filled below with shared children"
src/JGraph.Scripting/Jgs/JgsValue.cs,PrivateCopy,write,Fields,489,0,fresh storage: the copy's own,copy.Fields[name] = Share(held),"inside PrivateCopy: the fields are the new instance's, and each child is Share(held); on the tripwire's allow-list"
src/JGraph.Scripting/Jgs/JgsValue.cs,PrivateCopy,store,gated,489,0,M2 Share: a handle is its own share,copy.Fields[name] = Share(held),"Share hands a handle object (or a containers.Map) back as it is since V4 (ADR 0165), so the audit sees a wrapper stored that was not minted; that is the rule — every copy of the container holds the one handle — and every other child is a counted share"
src/JGraph.Scripting/Jgs/JgsValue.cs,SetSlot,store,slot,695,0,"M2: an entry holds its own wrapper (Share), or the store is not an entry",slots[index] = value,the gate itself: what is stored is the caller's business — V2.3's tripwire holds every Declare/TryAssign caller (V10: the exact lifetime of what was there and what is now moves with the write)
src/JGraph.Scripting/Jgs/JgsWorkspaceIo.cs,SetProperties,write,Fields,471,0,fresh storage: the copy's own,"target.Fields[name] = target.Class.Check(property, value, line, col)","a loaded object's saved property values, written into the instance load minted before reading them; each value is fresh from the file and nothing else holds it yet (V6, #111)"
src/JGraph.Scripting/Jgs/PackedOps.cs,TryArithmetic,unclear,JgsValue.Packed,71,0,V1.2 states the contract on the helper,"result = KeepShape(JgsValue.Packed(dest), left, right)","Z2a (ADR 0173): dest is a new buffer, or a fresh temporary operand's own buffer the caller named in `reuse` (Destination: one holder, no exposed mark, no slack, Rounding.None, >= ReuseMinElements); that operand was the calling evaluation's alone (OwnsFreshResult one level down) and its wrapper dies as the answer takes the storage - ownership transfer decides the answer's owner from the other operand (OwnsAnswer)"
src/JGraph.Scripting/Jgs/PackedOps.cs,TryArithmetic,unclear,JgsValue.Packed,80,1,V1.2 states the contract on the helper,"result = KeepShape(JgsValue.Packed(dest), left, right)","Z2a (ADR 0173): dest is a new buffer, or a fresh temporary operand's own buffer the caller named in `reuse` (Destination: one holder, no exposed mark, no slack, Rounding.None, >= ReuseMinElements); that operand was the calling evaluation's alone (OwnsFreshResult one level down) and its wrapper dies as the answer takes the storage - ownership transfer decides the answer's owner from the other operand (OwnsAnswer)"
src/JGraph.Scripting/Jgs/PackedOps.cs,TryArithmetic,unclear,JgsValue.Packed,89,2,V1.2 states the contract on the helper,"result = KeepShape(JgsValue.Packed(dest), left, right)","Z2a (ADR 0173): dest is a new buffer, or a fresh temporary operand's own buffer the caller named in `reuse` (Destination: one holder, no exposed mark, no slack, Rounding.None, >= ReuseMinElements); that operand was the calling evaluation's alone (OwnsFreshResult one level down) and its wrapper dies as the answer takes the storage - ownership transfer decides the answer's owner from the other operand (OwnsAnswer)"
src/JGraph.Scripting/Jgs/PackedOps.cs,KeepShape,mutate,TakeShapeOf,234,0,V1.2 states the contract on the helper,result.TakeShapeOf(model),the copy is minted by the caller; M4's fresh case
src/JGraph.Scripting/Jgs/PackedOps.cs,CopyLeaves,write,local,660,0,M7 gated setter; M3 detaches at Holders > 1,buffer.AsSpan()[offset++] = value.AsNumber,"a store into a destination parameter (every parameter now reads as borrowed, not only the last): the caller allocated it for this call and nobody else holds it"
src/JGraph.Scripting/Jgs/PackedOps.cs,CopyLeaves,write,local,667,0,M7 gated setter; M3 detaches at Holders > 1,"source.CopyTo(buffer.AsSpan(offset, source.Length))","a store into a destination parameter (every parameter now reads as borrowed, not only the last): the caller allocated it for this call and nobody else holds it"
src/JGraph.Scripting/Jgs/PackedReduceOps.cs,MintScalars,dispose,local,440,0,M6: disposed only at one holder,dest.Dispose(),"scratch the helper allocated for this call, or a destination it replaces, disposed by the one that made it"
src/JGraph.Scripting/Jgs/PackedReduceOps.cs,MintScalars,adopt,JgsValue.Packed,444,0,V1.2 states the contract on the helper,"JgsValue packed = JgsValue.Packed(dest, kind)",a mint over the kernel's own destination buffer
src/JGraph.Scripting/Jgs/PackedReduceOps.cs,MintShaped,dispose,local,455,0,M6: disposed only at one holder,dest.Dispose(),"scratch the helper allocated for this call, or a destination it replaces, disposed by the one that made it"
src/JGraph.Scripting/Jgs/PackedReduceOps.cs,MintShaped,dispose,local,462,1,M6: disposed only at one holder,dest.Dispose(),"scratch the helper allocated for this call, or a destination it replaces, disposed by the one that made it"
src/JGraph.Scripting/Jgs/PackedReduceOps.cs,MintShaped,adopt,JgsValue.Packed,466,0,V1.2 states the contract on the helper,JgsValue packed = JgsValue.Packed(dest),a mint over the kernel's own destination buffer
src/JGraph.Scripting/Jgs/PackedSortOps.cs,Mint,dispose,local,159,0,M6: disposed only at one holder,buffer.Dispose(),"scratch the helper allocated for this call, or a destination it replaces, disposed by the one that made it"
src/JGraph.Scripting/Jgs/PackedSortOps.cs,Mint,adopt,JgsValue.Packed,163,0,V1.2 states the contract on the helper,JgsValue packed = JgsValue.Packed(buffer),a mint over the kernel's own destination buffer
src/JGraph.Scripting/Jgs/PackedTransformOps.cs,Mint,adopt,new JgsPackedComplex,114,0,V1.2 states the contract on the helper,"return JgsValue.PackedComplexArray(new JgsPackedComplex(re, im))",a scratch plane the mint allocated and did not hand on
src/JGraph.Scripting/Jgs/PackedTransformOps.cs,Mint,dispose,local,117,0,M6 only at Holders == 1,im.Dispose(),a scratch plane the mint allocated and did not hand on
src/JGraph.Scripting/Jgs/PackedTransformOps.cs,Mint,adopt,JgsValue.Packed,118,0,V1.2 states the contract on the helper,return JgsValue.Packed(re),a scratch plane the mint allocated and did not hand on
src/JGraph.Scripting/MatFile/MatFileReader.cs,Inflate,unclear,ReshapeDims,412,0,V1.2 states the contract on the helper,value.ReshapeDims(dims),the payload comes from the caller; V1.2 states the contract on the helper
src/JGraph.Scripting/MatFile/MatFileReader.cs,ReadFunction,store,copy,656,0,"M2: an entry holds its own wrapper (Share), or the store is not an entry","body = outer.Type == JgsType.Struct && !outer.IsStructArray && outer.AsStruct.TryGetValue( , out JgsValue? described) && described.Type == JgsType....","open item 38 review, 2026-10-07"
