name,argument,role,value_types
&,A,Operands,"scalars, vectors, matrices, multidimensional arrays"
&,B,Operands,"scalars, vectors, matrices, multidimensional arrays"
',A,Input array,"vector, matrix"
*,A,Operands,"scalars, vectors, matrices"
*,B,Operands,"scalars, vectors, matrices"
+,A,Operands,"scalars, vectors, matrices, multidimensional arrays"
+,B,Operands,"scalars, vectors, matrices, multidimensional arrays"
-,A,Operands,"scalars, vectors, matrices, multidimensional arrays"
-,B,Operands,"scalars, vectors, matrices, multidimensional arrays"
.',A,Input array,"vector, matrix"
.*,A,Operands,"scalars, vectors, matrices, multidimensional arrays"
.*,B,Operands,"scalars, vectors, matrices, multidimensional arrays"
./,A,Operands,"scalars, vectors, matrices, multidimensional arrays"
./,B,Operands,"scalars, vectors, matrices, multidimensional arrays"
.\,A,Operands,"scalars, vectors, matrices, multidimensional arrays"
.\,B,Operands,"scalars, vectors, matrices, multidimensional arrays"
.^,A,Operands,"scalars, vectors, matrices, multidimensional arrays"
.^,B,Operands,"scalars, vectors, matrices, multidimensional arrays"
/,A,Operands,"vectors, full matrices, sparse matrices"
/,B,Operands,"vectors, full matrices, sparse matrices"
:,i,Increment between vector elements,"1, scalar"
:,j,Starting vector value,scalar
:,k,Ending vector value,scalar
<,A,Operands,"scalars, vectors, matrices, multidimensional arrays"
<,B,Operands,"scalars, vectors, matrices, multidimensional arrays"
<=,A,Operands,"scalars, vectors, matrices, multidimensional arrays"
<=,B,Operands,"scalars, vectors, matrices, multidimensional arrays"
==,A,Operands,"scalars, vectors, matrices, multidimensional arrays"
==,B,Operands,"scalars, vectors, matrices, multidimensional arrays"
>,A,Operands,"scalars, vectors, matrices, multidimensional arrays"
>,B,Operands,"scalars, vectors, matrices, multidimensional arrays"
>=,A,Operands,"scalars, vectors, matrices, multidimensional arrays"
>=,B,Operands,"scalars, vectors, matrices, multidimensional arrays"
BeginInvoke,"arg1,...,argN",Input arguments,any valid type
BeginInvoke,callback,Method,"[], System.AsyncCallback"
BeginInvoke,object,Delegate,"[], user-defined .NET object"
Combine,delegateA,First delegate,System.Delegate
Combine,delegateB,Last delegate,System.Delegate
EndInvoke,asyncResult,Object,System.IAsyncResult
EndInvoke,"res0,...,resN",Results,any valid type
Inf,n,Size of square matrix,integer
Inf,p,Prototype of array,array
Inf,sz,Size of each dimension in a vector,row vector of integers
Inf,"sz1,...,szN",Size of each dimension in a list,integers
Inf,typename,Data type,"'double', single'"
NET.addAssembly,globalName,Global assembly name,"string, character vector, System.Reflection.AssemblyName"
NET.addAssembly,privateName,Private assembly name,"string, character vector"
NET.convertArray,V,MATLAB array,numeric MATLAB type
NET.convertArray,arrType,.NET array type,"string, character vector"
NET.convertArray,"m,n,p,...",Number of elements in each dimension,array of integers
NET.createArray,"m,n,p,...",Number of elements in each dimension,array of integers
NET.createArray,typeName,.NET array type name,"string, character vector, NET.GenericClass"
NET.createGeneric,className,Generic type name,"string, character vector"
NET.createGeneric,ctorArgs,Constructor arguments,valid argument types
NET.createGeneric,paramTypes,Parameter types,"cell array of strings, cell array of character vectors, NET.GenericClass"
NET.disableAutoRelease,obj,.NET object representing COM wrapper,COM wrapper class
NET.enableAutoRelease,obj,.NET object representing COM wrapper,COM wrapper class
NET.invokeGenericMethod,args,Input arguments,valid argument types
NET.invokeGenericMethod,genericMethodName,Generic method name,"string, character vector"
NET.invokeGenericMethod,obj,Object type,"class, string, character vector, NET.GenericClass"
NET.invokeGenericMethod,paramTypes,Generic method parameterization type,"string, character vector, NET.GenericClass"
NET.setStaticProperty,propName,Static property name,"string, character vector"
NET.setStaticProperty,value,Property value,valid property type
NaN,n,Size of square matrix,integer
NaN,p,Prototype of array,array
NaN,sz,Size of each dimension in a vector,row vector of integers
NaN,"sz1,...,szN",Size of each dimension in a list,integers
NaN,typename,Data type,"'double', single'"
NaT,fmt,Date format,"'default', 'defaultdate', character vector, string scalar"
NaT,n,Size of square matrix,integer
NaT,sz,Size of each dimension (as a row vector),integer values
NaT,"sz1,...,szN",Size of each dimension (as separate arguments),integer values
NaT,tz,Time zone region,"'', character vector, string scalar"
Remove,combinedDelegate,Delegate to modify,System.Delegate
Remove,removedDelegate,Delegate to remove,System.Delegate
RemoveAll,combinedDelegate,Delegate to modify,System.Delegate
RemoveAll,removedDelegate,Delegate to remove,System.Delegate
\,A,Operands,"vectors, full matrices, sparse matrices"
\,B,Operands,"vectors, full matrices, sparse matrices"
^,A,Operands,"scalar, matrix"
^,B,Operands,"scalar, matrix"
abs,X,Input array,"scalar, vector, matrix, multidimensional array"
accumarray,data,Data to be accumulated,"scalar, vector"
accumarray,fillval,Fill value,"scalar, []"
accumarray,fun,Group computation,"function handle, []"
accumarray,ind,Output indices,"vector, matrix, cell array of vectors"
accumarray,issparse,Output sparsity,"false or 0, true or 1"
accumarray,sz,Size of output array,"vector of positive integers, []"
acos,X,Cosine of angle,"scalar, vector, matrix, multidimensional array"
acosd,X,Cosine of angle,"scalar value, vector, matrix, N-D array"
acosh,X,Hyperbolic cosine of angle,"scalar, vector, matrix, multidimensional array"
acot,X,Cotangent of angle,"scalar, vector, matrix, multidimensional array"
acotd,X,Cotangent of angle,"scalar value, vector, matrix, N-D array"
acoth,X,Hyperbolic cotangent of angle,"scalar, vector, matrix, multidimensional array"
acsc,X,Cosecant of angle,"scalar, vector, matrix, multidimensional array"
acscd,X,Cosecant of angle,"scalar value, vector, matrix, N-D array"
acsch,X,Hyperbolic cosecant of angle,"scalar, vector, matrix, multidimensional array"
actxGetRunningServer,progid,Programmatic identifier,"string, character vector"
actxcontrol,progid,Programmatic identifier,"string, character vector"
actxcontrolselect,varargin,,
actxserver,machineName,Remote computer,"string, character vector"
actxserver,progid,Programmatic identifier,"string, character vector"
addToolbarExplorationButtons,fig,Target figure,"single Figure object, vector of Figure objects"
addpath,"folderName1,...,folderNameN",Folder names to add to search path,"character vectors, string scalars"
addpath,position,Position on search path,"'-begin', '-end'"
addpoints,an,AnimatedLine object,AnimatedLine object
addpoints,x,First coordinate values,"scalar, vector"
addpoints,y,Second coordinate values,"scalar, vector"
addpoints,z,Third coordinate values,"scalar, vector"
addpref,group,Custom preference group name,"character vector, string scalar"
addpref,pref,Custom preference name,"character vector, cell array of character vectors, string array"
addpref,value,Custom preference value,any MATLAB data type
addprop,T,Input table,"table, timetable"
addprop,propertyNames,Names of custom properties,"character vector, cell array of character vectors, string array"
addprop,propertyTypes,Property types,"character vector, cell array of character vectors, string array"
addtodate,D,required,"numeric, scalar"
addtodate,F,required,"choices={'year', 'month', 'day', 'hour', 'minute', 'second', 'millisecond'}"
addtodate,Q,required,"numeric, scalar, integer"
airy,Z,System variable,"vector, matrix, N-D Array"
airy,k,Type of Airy function,"0, 1, 2, 3"
airy,scale,Scaling option,"0, 1"
align,components,Objects to align,vector
align,cpositions,Current object positions,matrix whose rows are position vectors
align,distance,Fixed distance between objects,"0, scalar"
align,halign,Horizontal alignment of objects,"'top', 'middle', 'bottom'"
align,spacing,Spacing adjustment between objects,"'none', 'distribute'"
align,valign,Vertical alignment of objects,"'left', 'center', 'right'"
alim,arg1,,
alim,arg2,,
all,A,Input Array,"scalar, vector, matrix, multidimensional array"
all,dim,Dimension to operate along,positive integer scalar
all,vecdim,Vector of dimensions,vector of positive integers
allchild,HandleList,,
alpha,alphadata,Option to vary transparency across object,"'x', 'y', 'z', 'color', 'rand', vector or matrix"
alpha,alphadatamapping,Interpretation of alpha data values,"'none', 'direct', 'scaled'"
alpha,ax,Axes object,axes object
alpha,facealpha,Option for flat or interpolated face transparency,"'flat', 'interp', 'texture'"
alpha,obj,Graphics objects that support transparency,"scalar, vector"
alpha,value,Face transparency value,"number in the range [0, 1], 'clear', 'opaque'"
alphamap,param1,,
alphamap,param2,,
alphamap,param3,,
alphanumericBoundary,type,Boundary type,"'either', 'start', 'end'"
alphanumericsPattern,N,Exact number of characters to match,nonnegative integer scalar
alphanumericsPattern,maxCharacters,Maximum number of characters to match,nonnegative integer scalar
alphanumericsPattern,minCharacters,Minimum number of characters to match,nonnegative integer scalar
and,A,Operands,"scalars, vectors, matrices, multidimensional arrays"
and,B,Operands,"scalars, vectors, matrices, multidimensional arrays"
angle,z,Input array,"scalar, vector, matrix, multidimensional array"
animatedline,ax,Target axes,"Axes object, PolarAxes object, GeographicAxes object, Group object, Transform object"
animatedline,x,"Starting coordinate (x, theta, or latitude)","[], scalar or vector"
animatedline,y,"Starting coordinate (y, rho, or longitude)","[], scalar or vector"
animatedline,z,Starting z-coordinate (Cartesian axes),"[], scalar or vector"
annotation,container,Target for annotation,"figure object, uipanel object, uitab object"
annotation,dim,Size and location,four-element vector of the form [x y w h]
annotation,lineType,Type of line annotation,"'line', 'arrow', 'doublearrow', 'textarrow'"
annotation,shapeType,Type of shape annotation,"'rectangle', 'ellipse', 'textbox'"
annotation,x,Beginning and ending x-coordinates,two-element vector of the form [x_begin x_end]
annotation,y,Beginning and ending y-coordinates,two-element vector of the form [y_begin y_end]
any,A,Input array,"scalar, vector, matrix, multidimensional array"
any,dim,Dimension to operate along,positive integer scalar
any,vecdim,Vector of dimensions,vector of positive integers
appdesigner,filename,Name or path of app file,"character vector, string scalar"
appdesigner.customcomponent.configureMetadata,classfile,Path to UI component class file,"character vector, string scalar"
appdesigner.customcomponent.removeMetadata,classfile,Path to UI component class file,"character vector, string scalar"
append,"str1,...,strN",Input text,"string arrays, character vectors, cell arrays of character vectors"
area,X,x-coordinates,"vector, matrix"
area,Y,y-coordinates,"vector, matrix"
area,ax,Target axes,Axes object
area,basevalue,Baseline value,"0, numeric scalar"
array2table,A,Input array,matrix
array2timetable,Fs,Sample rate,positive numeric scalar
array2timetable,X,Input matrix,matrix
array2timetable,dt,Time step,"datetime scalar, duration scalar"
array2timetable,rowTimes,Times associated with rows of timetable,"datetime vector, duration vector"
array2timetable,t0,Start time,"datetime scalar, duration scalar"
arrayfun,A,Input array,array
arrayfun,func,Function to apply,function handle
asFewOfPattern,maxPattern,Maximum number instances to match,nonnegative integer scalar
asFewOfPattern,minPattern,Minimum number instances to match,nonnegative integer scalar
asFewOfPattern,pat,Input pattern,"pattern array, string array, character vector, cell array of character vectors"
asManyOfPattern,maxPattern,Maximum number instances to match,nonnegative integer scalar
asManyOfPattern,minPattern,Minimum number instances to match,nonnegative integer scalar
asManyOfPattern,pat,Input pattern,"pattern array, string array, character vector, cell array of character vectors"
asec,X,Secant of angle,"scalar, vector, matrix, multidimensional array"
asecd,X,Secant of angle,"scalar value, vector, matrix, N-D array"
asech,X,Hyperbolic secant of angle,"scalar, vector, matrix, multidimensional array"
asin,X,Sine of angle,"scalar, vector, matrix, multidimensional array"
asind,X,Sine of angle,"scalar value, vector, matrix, N-D array"
asinh,X,Hyperbolic sine of angle,"scalar, vector, matrix, multidimensional array"
assert,"A1,...,An","Numeric, character, or string arrays",arrays
assert,cond,Condition to assert,MATLAB expression
assert,errID,Identifier for assertion failure,"character vector, string scalar"
assert,msg,Information about assertion failure,"character vector, string scalar"
assignin,val,Value,"scalar, array"
assignin,var,Variable name,"character vector, string scalar"
assignin,ws,Workspace,"'base', 'caller'"
atan,X,Tangent of angle,"scalar, vector, matrix, multidimensional array"
atan2,X,x-coordinates,"scalar, vector, matrix, multidimensional array"
atan2,Y,y-coordinates,"scalar, vector, matrix, multidimensional array"
atan2d,X,x-coordinates,"scalar, vector, matrix, multidimensional array"
atan2d,Y,y-coordinates,"scalar, vector, matrix, multidimensional array"
atand,X,Tangent of angle,"scalar value, vector, matrix, N-D array"
atanh,X,Hyperbolic tangent of angle,"scalar, vector, matrix, multidimensional array"
audiodevinfo,Fs,Sample rate,scalar
audiodevinfo,ID,Audio device identifier,integer
audiodevinfo,IO,Input or output device,"1, 0"
audiodevinfo,nBits,Number of bits per sample,scalar
audiodevinfo,nChannels,Number of audio channels,"1, 2"
audiodevinfo,name,Name of input or output device,character vector
audioinfo,filename,Name of file,"character vector, string scalar"
audioread,dataType,"Data format of audio data, y","'double', 'native'"
audioread,filename,Name of file to read,"character vector, string scalar"
audioread,samples,Audio samples to read,"[1,inf], two-element vector of positive scalar integers"
audiowrite,Fs,Sample rate,positive integer scalar
audiowrite,filename,Name of file to write,"character vector, string scalar"
audiowrite,y,Audio data to write,real matrix
autumn,m,Number of colors,"256, scalar integer value"
aviinfo,filename,required,"file=*.avi, matlabpathfile=*.avi"
axes,cax,Axes to make current,"Axes object, PolarAxes object, GeographicAxes object, standalone visualization"
axes,parent,Parent container,"Figure object, Panel object, Tab object, TiledChartLayout object, GridLayout object"
axis,ax,Target axes,one or more axes
axis,limits,Axis limits,"four-element vector, six-element vector, eight-element vector"
axis,mode,"Manual, automatic, or semiautomatic selection of axis limits","manual, auto, 'auto x', 'auto y', 'auto z', 'auto xy', 'auto xz', 'auto yz'"
axis,style,Axis limits and scaling,"tight, padded, fill, equal, image, square, vis3d, normal"
axis,visibility,Axes lines and background visibility,"on, off"
axis,ydirection,y-axis direction,"xy, ij"
axtoolbar,ax,Target axes,"Axes object, TiledChartLayout object"
axtoolbar,buttons,Toolbar buttons,"'default', cell array with one or more button names"
axtoolbarbtn,style,Button style,"'push', 'state'"
axtoolbarbtn,tb,Toolbar,AxesToolbar object
balance,A,required,"numeric, square"
balance,permFlag,ordered,"char, choices={'noperm'}"
bandwidth,A,Input matrix,2-D numeric matrix
bandwidth,type,Bandwidth type,"'lower', 'upper'"
bar,ax,Axes object,axes object
bar,color,Bar color,"'b', 'r', 'g', 'c', 'm', 'y', 'k', 'w'"
bar,style,Group style,"'grouped', 'stacked', 'hist', 'histc'"
bar,width,Bar width,"0.8, scalar"
bar,x,x-coordinates,"scalar, vector, matrix"
bar,y,y-coordinates,"scalar, vector, matrix"
bar3,ax,ordered,matlab.graphics.axis.Axes
bar3,color,flag,"char, choices={'yellow','magenta','cyan','red','green','blue','white','black'}, char, @matlab.graphics.internal.isColorSpec"
bar3,style,flag,"choices={'detached','grouped','stacked'}"
bar3,width,ordered,"numeric, scalar"
bar3h,ax,ordered,matlab.graphics.axis.Axes
bar3h,color,flag,"char, choices={'yellow','magenta','cyan','red','green','blue','white','black'}, char, @matlab.graphics.internal.isColorSpec"
bar3h,style,flag,"choices={'detached','grouped','stacked'}"
bar3h,width,ordered,"numeric, scalar"
barh,ax,Target axes,Axes object
barh,color,Bar color,"'red', 'green', 'blue', 'r', 'g', 'b'"
barh,style,Group style,"'grouped', 'stacked', 'hist', 'histc'"
barh,width,Bar thickness,"0.8, scalar"
barh,x,Vertical axis coordinates,"scalar, vector, matrix"
barh,y,Bar lengths,"scalar, vector, matrix"
base2dec,baseStr,Text representing base-n numbers,"character array, cell array of character vectors, string array"
base2dec,n,Base of input representation,integer between 2 and 36
beep,flag,flag,"choices={'on','off'}"
bench,N,Number of times to run tasks,nonnegative integer
besselh,K,Kind of Hankel function,"1, 2"
besselh,Z,Functional domain,"scalar, vector, matrix, multidimensional array"
besselh,nu,Equation order,"scalar, vector, matrix, multidimensional array"
besselh,scale,Toggle to scale function,"0, 1"
besseli,Z,Functional domain,"scalar, vector, matrix, multidimensional array"
besseli,nu,Equation order,"scalar, vector, matrix, multidimensional array"
besseli,scale,Toggle to scale function,"0, 1"
besselj,Z,Functional domain,"scalar, vector, matrix, multidimensional array"
besselj,nu,Equation order,"scalar, vector, matrix, multidimensional array"
besselj,scale,Toggle to scale function,"0, 1"
besselk,Z,Functional domain,"scalar, vector, matrix, multidimensional array"
besselk,nu,Equation order,"scalar, vector, matrix, multidimensional array"
besselk,scale,Toggle to scale function,"0, 1"
bessely,Z,Functional domain,"scalar, vector, matrix, multidimensional array"
bessely,nu,Equation order,"scalar, vector, matrix, multidimensional array"
bessely,scale,Toggle to scale function,"0, 1"
beta,W,Input array,"scalar, vector, matrix, multidimensional array"
beta,Z,Input array,"scalar, vector, matrix, multidimensional array"
betaln,w,,
betaln,z,,
bicg,A,Coefficient matrix,"matrix, function handle"
bicg,M,Preconditioner matrices (as separate arguments),"eye(size(A)), matrices, function handles"
bicg,M1,Preconditioner matrices (as separate arguments),"eye(size(A)), matrices, function handles"
bicg,M2,Preconditioner matrices (as separate arguments),"eye(size(A)), matrices, function handles"
bicg,b,Right-hand side of linear equation,column vector
bicg,maxit,Maximum number of iterations,"[] or min(size(A,1),20), positive scalar integer"
bicg,tol,Method tolerance,"[] or 1e-6, positive scalar"
bicg,x0,Initial guess,"[] or a column vector of zeros, column vector"
bicgstab,A,Coefficient matrix,"matrix, function handle"
bicgstab,M,Preconditioner matrices (as separate arguments),"eye(size(A)), matrices, function handles"
bicgstab,M1,Preconditioner matrices (as separate arguments),"eye(size(A)), matrices, function handles"
bicgstab,M2,Preconditioner matrices (as separate arguments),"eye(size(A)), matrices, function handles"
bicgstab,b,Right-hand side of linear equation,column vector
bicgstab,maxit,Maximum number of iterations,"[] or min(size(A,1),20), positive scalar integer"
bicgstab,tol,Method tolerance,"[] or 1e-6, positive scalar"
bicgstab,x0,Initial guess,"[] or a column vector of zeros, column vector"
bicgstabl,A,Coefficient matrix,"matrix, function handle"
bicgstabl,M,Preconditioner matrices (as separate arguments),"eye(size(A)), matrices, function handles"
bicgstabl,M1,Preconditioner matrices (as separate arguments),"eye(size(A)), matrices, function handles"
bicgstabl,M2,Preconditioner matrices (as separate arguments),"eye(size(A)), matrices, function handles"
bicgstabl,b,Right-hand side of linear equation,column vector
bicgstabl,maxit,Maximum number of iterations,"[] or min(size(A,1),20), positive scalar integer"
bicgstabl,tol,Method tolerance,"[] or 1e-6, positive scalar"
bicgstabl,x0,Initial guess,"[] or a column vector of zeros, column vector"
bin2dec,binStr,Text representing binary numbers,"character array, cell array of character vectors, string array"
binscatter,N,Number of bins,"scalar, two-element vector"
binscatter,ax,Target axes,"gca, Axes object"
binscatter,x,Input vectors,vectors
binscatter,y,Input vectors,vectors
bitand,"A,B",Input values,"scalars, vectors, matrices, multidimensional arrays"
bitand,assumedtype,Assumed data type of integ1 and integ2,"'uint64', 'uint32', 'uint16', 'uint8', 'int64', 'int32', 'int16', 'int8'"
bitand,netobj1,Input values,.NET enumeration objects
bitand,netobj2,Input values,.NET enumeration objects
bitcmp,A,Input value,"signed integer array, unsigned integer array, double array"
bitcmp,assumedtype,Assumed data type of A,"'uint64', 'uint32', 'uint16', 'uint8', 'int64', 'int32', 'int16', 'int8'"
bitget,A,Input values,array
bitget,assumedtype,Assumed data type of A,"'uint64', 'uint32', 'uint16', 'uint8', 'int64', 'int32', 'int16', 'int8'"
bitget,bit,Bit position,"integer, integer array"
bitnot,netobj,Input value,.NET enumeration objects
bitor,"A,B",Input values,"scalars, vectors, matrices, multidimensional arrays"
bitor,assumedtype,Assumed data type of integ1 and integ2,"'uint64', 'uint32', 'uint16', 'uint8', 'int64', 'int32', 'int16', 'int8'"
bitor,netobj1,Input values,.NET enumeration objects
bitor,netobj2,Input values,.NET enumeration objects
bitset,A,Input values,array
bitset,V,bit value,"scalar, numeric array"
bitset,assumedtype,Assumed data type of A,"'uint64', 'uint32', 'uint16', 'uint8', 'int64', 'int32', 'int16', 'int8'"
bitset,bit,Bit position,"integer, integer array"
bitshift,A,Input values,array
bitshift,assumedtype,Assumed data type of A,"'uint64', 'uint32', 'uint16', 'uint8', 'int64', 'int32', 'int16', 'int8'"
bitshift,k,Number of switched bits,"integer, integer array"
bitxor,"A,B",Input values,"scalars, vectors, matrices, multidimensional arrays"
bitxor,assumedtype,Assumed data type of A and B,"'uint64', 'uint32', 'uint16', 'uint8', 'int64', 'int32', 'int16', 'int8'"
bitxor,netobj1,Input values,.NET enumeration objects
bitxor,netobj2,Input values,.NET enumeration objects
blanks,n,Number of space characters,integer
blelist,Name,namevalue,char
blelist,Services,namevalue,choices=matlabshared.blelib.internal.TabCompletionHelper.getAllServices
blelist,Timeout,namevalue,"numeric, scalar"
blkdiag,"A1,...,AN",Input matrices,matrices
bluetoothlist,Timeout,namevalue,"numeric, scalar"
bone,m,Number of colors,"256, scalar integer value"
boundary,P,Point coordinates,"matrix with two columns, matrix with three columns"
boundary,s,Shrink factor,"0.5, scalar in range [0,1]"
boundary,x,x-coordinates of points,column vector
boundary,y,y-coordinates of points,column vector
boundary,z,z-coordinates of points,column vector
boundaryshape,TR,Triangulation,"2-D triangulation object, 2-D delaunayTriangulation object"
bounds,A,Input array,"vector, matrix, multidimensional array"
bounds,dim,Dimension to operate along,positive integer scalar
bounds,nanflag,NaN condition,"'omitnan', 'includenan'"
bounds,vecdim,Vector of dimensions,vector of positive integers
box,ax,Target axes,"axes, array of axes"
boxchart,ax,Target axes,Axes object
boxchart,cgroupdata,Color grouping variable,"numeric vector, categorical vector, logical vector, string array, character vector, cell array of character vectors"
boxchart,xgroupdata,Positional grouping variable,"numeric vector, categorical vector"
boxchart,ydata,Sample data,"numeric vector, numeric matrix"
brighten,beta,Brightness adjustment,numeric scalar value
brighten,f,Figure,Figure object
brighten,map,Colormap,three-column matrix of RGB triplets
bsxfun,"A,B",Input arrays,"scalars, vectors, matrices, multidimensional arrays"
bsxfun,fun,Binary function to apply,function handle
bubblechart,ax,Target axes,"Axes object, PolarAxes object, GeographicAxes object"
bubblechart,c,Bubble color,"[0 0.4470 0.7410], RGB triplet, color name, hexadecimal color code, three-column matrix of RGB triplets, vector"
bubblechart,cvar,Table variables for bubble colors,one or more table variable indices
bubblechart,sizevar,Table variables for bubble sizes,one or more table variable indices
bubblechart,sz,Bubble sizes,"scalar, vector"
bubblechart,tbl,Source table,"table, timetable"
bubblechart,x,x-coordinates,"scalar, vector"
bubblechart,xvar,Table variables containing x-coordinates,one or more table variable indices
bubblechart,y,y-coordinates,"scalar, vector"
bubblechart,yvar,Table variables containing y-coordinates,one or more table variable indices
bubblechart3,ax,Target axes,Axes object
bubblechart3,c,Bubble color,"[0 0.4470 0.7410], RGB triplet, color name, hexadecimal color code, three-column matrix of RGB triplets, vector"
bubblechart3,cvar,Table variables for bubble colors,one or more table variable indices
bubblechart3,sizevar,Table variables for bubble sizes,one or more table variable indices
bubblechart3,sz,Bubble sizes,"scalar, vector"
bubblechart3,tbl,Source table,"table, timetable"
bubblechart3,x,x-coordinates,"scalar, vector"
bubblechart3,xvar,Table variables containing x-coordinates,one or more table variable indices
bubblechart3,y,y-coordinates,"scalar, vector"
bubblechart3,yvar,Table variables containing y-coordinates,one or more table variable indices
bubblechart3,z,z-coordinates,"scalar, vector"
bubblechart3,zvar,Table variables containing z-coordinates,one or more table variable indices
bubblecloud,groups,Bubble groups vector,"cell array of character vectors, string vector, categorical vector, logical vector"
bubblecloud,groupvar,Table variable for bubble groups,"variable name, variable index, logical vector"
bubblecloud,labels,Bubble labels vector,"cell array of character vectors, string vector"
bubblecloud,labelvar,Table variable for bubble labels,"variable name, variable index, logical vector"
bubblecloud,sz,Bubble size vector,numeric vector
bubblecloud,szvar,Table variable for bubble sizes,"variable name, variable index, logical vector"
bubblecloud,tbl,Table containing bubble data,"table, timetable"
bubblelegend,ax,Target axes,"Axes object, PolarAxes object, GeographicAxes object"
bubblelegend,titletext,Title text,"'', character vector, cell array of character vectors, string array"
bubblelim,ax,Target axes,"Axes object, PolarAxes object, GeographicAxes object"
bubblelim,limits,Data limits,two-element vector
bubblelim,modevalue,Mode value,"'auto', 'manual'"
bubblesize,ax,Target axes,"Axes object, PolarAxes object, GeographicAxes object"
bubblesize,sizerange,Size range,two-element vector
builddocsearchdb,folder,Full path to folder with HTML files,character vector
builtin,function,Built-in function name,"character vector, string scalar"
builtin,"x1,...,xn",Valid input arguments for function,supported data types
bvp4c,bcfun,Boundary conditions,function handle
bvp4c,odefun,Functions to solve,function handle
bvp4c,options,Option structure,structure
bvp4c,solinit,Initial guess of solution,structure
bvp5c,bcfun,Boundary conditions,function handle
bvp5c,odefun,Functions to solve,function handle
bvp5c,options,Option structure,structure
bvp5c,solinit,Initial guess of solution,structure
bvpget,default,ordered,"numeric, char, function_handle"
bvpget,name,required,"char, choices={'AbsTol', 'RelTol', 'SingularTerm', 'FJacobian', 'BCJacobian', 'Stats', 'Nmax', 'Vectorized'}"
bvpget,options,required,struct
bvpinit,parameters,Initial guess for unknown parameter values,"scalar, vector"
bvpinit,sol,Prior solution,structure
bvpinit,x,Initial mesh,vector
bvpinit,yinit,Initial guess of solution,"vector, function"
bvpset,AbsTol,namevalue,"numeric, vector, >0"
bvpset,BCJacobian,namevalue,"function_handle, cell"
bvpset,FJacobian,namevalue,"function_handle, numeric, cell"
bvpset,Nmax,namevalue,"numeric, scalar"
bvpset,RelTol,namevalue,"numeric, scalar, >0"
bvpset,SingularTerm,namevalue,numeric
bvpset,Stats,namevalue,"char, choices={'on','off'}"
bvpset,Vectorized,namevalue,"char, choices={'on','off'}"
bvpset,oldopts,ordered,struct
bvpxtend,pnew,ordered,"numeric, scalar"
bvpxtend,sol,required,struct
bvpxtend,xnew,required,"numeric, scalar"
calendar,c,,
calendar,m,,
callSoapService,endpoint,URL identifying a built-in HTTP service,string
callSoapService,message,Java document object model (DOM),string
callSoapService,soapAction,Name of service,string
calllib,"arg1,...,argN",Input arguments,any type
calllib,funcname,Name of function in library,character vector
calllib,libname,Name of shared library,character vector
camdolly,ax,,
camdolly,coordsys,,
camdolly,dx,,
camdolly,dy,,
camdolly,dz,,
camdolly,targetmode,,
cameratoolbar,varargin,,
camlight,varargin,,
camlookat,h,,
camorbit,ax,,
camorbit,coordsys,,
camorbit,direction,,
camorbit,dphi,,
camorbit,dtheta,,
campan,ax,,
campan,coordsys,,
campan,direction,,
campan,dphi,,
campan,dtheta,,
campos,arg1,,
campos,arg2,,
camproj,arg1,,
camproj,arg2,,
camroll,arg1,,
camroll,arg2,,
camtarget,arg1,,
camtarget,arg2,,
camup,arg1,,
camup,arg2,,
camva,arg1,,
camva,arg2,,
camzoom,arg1,,
camzoom,arg2,,
cart2pol,x,Cartesian coordinates,"scalars, vectors, matrices, multidimensional arrays"
cart2pol,y,Cartesian coordinates,"scalars, vectors, matrices, multidimensional arrays"
cart2pol,z,Cartesian coordinates,"scalars, vectors, matrices, multidimensional arrays"
cart2sph,"x,y,z",Cartesian coordinates,"scalars, vectors, matrices, multidimensional arrays"
caseInsensitivePattern,pat,Input pattern,"pattern array, string array, character vector, cell array of character vectors"
caseSensitivePattern,pat,Input pattern,"pattern array, string array, character vector, cell array of character vectors"
cast,A,Input array,"scalar, vector, matrix, multidimensional array"
cast,newclass,New class,"'single', 'double', 'int8', 'int16', 'int32', 'int64', 'uint8', 'uint16', 'uint32', 'uint64', 'logical', 'char', 'fi', 'sym'"
cast,p,Prototype,"scalar, vector, matrix, multidimensional array"
caxis,limits,New limits,vector of the form [cmin cmax]
caxis,target,Target object,"current axes, Axes object, PolarAxes object, GeographicAxes object, standalone visualization"
cd,newFolder,New folder path,"character vector, string scalar"
cdf2rdf,D,Diagonal eigenvalue matrix,matrix
cdf2rdf,V,Right eigenvector matrix,matrix
cdfepoch,x,,
cdfinfo,filename,required,"file=*.cdf, matlabpathfile=*.cdf, char"
cdflib.SetVarReservePercent,cdfId,,
cdflib.SetVarReservePercent,percent,,
cdflib.SetVarReservePercent,varNum,,
cdflib.close,cdfId,,
cdflib.closeVar,cdfId,,
cdflib.closeVar,varNum,,
cdflib.computeEpoch,timeval,,
cdflib.computeEpoch16,timeval,,
cdflib.create,filename,,
cdflib.createAttr,attrName,,
cdflib.createAttr,cdfId,,
cdflib.createAttr,scope,,
cdflib.createVar,cdfId,,
cdflib.createVar,datatype,,
cdflib.createVar,dimVariance,,
cdflib.createVar,dims,,
cdflib.createVar,numElements,,
cdflib.createVar,recVariance,,
cdflib.createVar,varname,,
cdflib.delete,cdfId,,
cdflib.deleteAttr,attrNum,,
cdflib.deleteAttr,cdfId,,
cdflib.deleteAttrEntry,attrNum,,
cdflib.deleteAttrEntry,cdfId,,
cdflib.deleteAttrEntry,entryNum,,
cdflib.deleteAttrgEntry,attrNum,,
cdflib.deleteAttrgEntry,cdfId,,
cdflib.deleteAttrgEntry,entryNum,,
cdflib.deleteVar,cdfId,,
cdflib.deleteVar,varNum,,
cdflib.deleteVarRecords,cdfId,,
cdflib.deleteVarRecords,endRec,,
cdflib.deleteVarRecords,startRec,,
cdflib.deleteVarRecords,varNum,,
cdflib.epoch16Breakdown,epoch16Time,,
cdflib.epochBreakdown,epochTime,,
cdflib.getAttrEntry,attrNum,,
cdflib.getAttrEntry,cdfId,,
cdflib.getAttrEntry,entryNum,,
cdflib.getAttrMaxEntry,attrNum,,
cdflib.getAttrMaxEntry,cdfId,,
cdflib.getAttrMaxgEntry,attrNum,,
cdflib.getAttrMaxgEntry,cdfId,,
cdflib.getAttrName,attrNum,,
cdflib.getAttrName,cdfId,,
cdflib.getAttrNum,attrName,,
cdflib.getAttrNum,cdfId,,
cdflib.getAttrScope,attrNum,,
cdflib.getAttrScope,cdfId,,
cdflib.getAttrgEntry,attrNum,,
cdflib.getAttrgEntry,cdfId,,
cdflib.getAttrgEntry,entryNum,,
cdflib.getCacheSize,cdfId,,
cdflib.getChecksum,cdfId,,
cdflib.getCompression,cdfId,,
cdflib.getCompressionCacheSize,cdfId,,
cdflib.getConstantValue,constantName,,
cdflib.getCopyright,cdfId,,
cdflib.getFormat,cdfId,,
cdflib.getMajority,cdfId,,
cdflib.getName,cdfId,,
cdflib.getNumAttrEntries,attrNum,,
cdflib.getNumAttrEntries,cdfId,,
cdflib.getNumAttrgEntries,attrNum,,
cdflib.getNumAttrgEntries,cdfId,,
cdflib.getNumAttributes,cdfId,,
cdflib.getNumgAttributes,cdfId,,
cdflib.getReadOnlyMode,cdfId,,
cdflib.getStageCacheSize,cdfId,,
cdflib.getVarAllocRecords,cdfId,,
cdflib.getVarAllocRecords,varNum,,
cdflib.getVarBlockingFactor,cdfId,,
cdflib.getVarBlockingFactor,varNum,,
cdflib.getVarCacheSize,cdfId,,
cdflib.getVarCacheSize,varNum,,
cdflib.getVarCompression,cdfId,,
cdflib.getVarData,cdfId,,
cdflib.getVarData,indices,,
cdflib.getVarData,recNum,,
cdflib.getVarData,varNum,,
cdflib.getVarMaxAllocRecNum,cdfId,,
cdflib.getVarMaxAllocRecNum,varNum,,
cdflib.getVarMaxWrittenRecNum,cdfId,,
cdflib.getVarMaxWrittenRecNum,varNum,,
cdflib.getVarName,cdfId,,
cdflib.getVarName,varNum,,
cdflib.getVarNum,cdfId,,
cdflib.getVarNum,varname,,
cdflib.getVarNumRecsWritten,cdfId,,
cdflib.getVarNumRecsWritten,varNum,,
cdflib.getVarPadValue,cdfId,,
cdflib.getVarPadValue,varNum,,
cdflib.getVarRecordData,cdfId,,
cdflib.getVarRecordData,recNum,,
cdflib.getVarRecordData,varNum,,
cdflib.getVarReservePercent,cdfId,,
cdflib.getVarReservePercent,varNum,,
cdflib.getVarSparseRecords,cdfId,,
cdflib.getVarSparseRecords,varNum,,
cdflib.getVarsMaxWrittenRecNum,cdfid,,
cdflib.getVersion,cdfId,,
cdflib.hyperGetVarData,cdfId,,
cdflib.hyperGetVarData,dimSpec,,
cdflib.hyperGetVarData,recSpec,,
cdflib.hyperGetVarData,varNum,,
cdflib.hyperPutVarData,cdfId,,
cdflib.hyperPutVarData,data,,
cdflib.hyperPutVarData,dimSpec,,
cdflib.hyperPutVarData,recSpec,,
cdflib.hyperPutVarData,varNum,,
cdflib.inquire,cdfId,,
cdflib.inquireAttr,attrNum,,
cdflib.inquireAttr,cdfId,,
cdflib.inquireAttrEntry,attrNum,,
cdflib.inquireAttrEntry,cdfId,,
cdflib.inquireAttrEntry,entryNum,,
cdflib.inquireAttrgEntry,attrNum,,
cdflib.inquireAttrgEntry,cdfId,,
cdflib.inquireAttrgEntry,entryNum,,
cdflib.inquireVar,cdfId,,
cdflib.inquireVar,varNum,,
cdflib.open,filename,,
cdflib.putAttrEntry,CDFdatatype,,
cdflib.putAttrEntry,attrNum,,
cdflib.putAttrEntry,cdfId,,
cdflib.putAttrEntry,entryNum,,
cdflib.putAttrEntry,entryVal,,
cdflib.putAttrgEntry,CDFdatatype,,
cdflib.putAttrgEntry,attrNum,,
cdflib.putAttrgEntry,cdfId,,
cdflib.putAttrgEntry,entryNum,,
cdflib.putAttrgEntry,entryVal,,
cdflib.putVarData,cdfId,,
cdflib.putVarData,datum,,
cdflib.putVarData,dims,,
cdflib.putVarData,recNum,,
cdflib.putVarData,varNum,,
cdflib.putVarRecordData,cdfId,,
cdflib.putVarRecordData,recNum,,
cdflib.putVarRecordData,recordData,,
cdflib.putVarRecordData,varNum,,
cdflib.renameAttr,attrNum,,
cdflib.renameAttr,cdfId,,
cdflib.renameAttr,newName,,
cdflib.renameVar,cdfId,,
cdflib.renameVar,newName,,
cdflib.renameVar,varNum,,
cdflib.setCacheSize,cdfId,,
cdflib.setCacheSize,numBuffers,,
cdflib.setChecksum,cdfId,,
cdflib.setChecksum,mode,,
cdflib.setCompression,cdfId,,
cdflib.setCompression,cparms,,
cdflib.setCompression,ctype,,
cdflib.setCompressionCacheSize,cdfId,,
cdflib.setCompressionCacheSize,numBuffers,,
cdflib.setFileBackward,mode,,
cdflib.setFormat,cdfId,,
cdflib.setFormat,format,,
cdflib.setMajority,cdfId,,
cdflib.setMajority,majority,,
cdflib.setReadOnlyMode,cdfId,,
cdflib.setReadOnlyMode,mode,,
cdflib.setStageCacheSize,cdfId,,
cdflib.setStageCacheSize,numBuffers,,
cdflib.setValidate,mode,,
cdflib.setVarAllocBlockRecords,cdfId,,
cdflib.setVarAllocBlockRecords,firstRec,,
cdflib.setVarAllocBlockRecords,lastRec,,
cdflib.setVarAllocBlockRecords,varNum,,
cdflib.setVarBlockingFactor,blockingFactor,,
cdflib.setVarBlockingFactor,cdfId,,
cdflib.setVarBlockingFactor,varNum,,
cdflib.setVarCacheSize,cdfId,,
cdflib.setVarCacheSize,numBuffers,,
cdflib.setVarCacheSize,varNum,,
cdflib.setVarCompression,cdfId,,
cdflib.setVarCompression,cparams,,
cdflib.setVarCompression,ctype,,
cdflib.setVarCompression,varNum,,
cdflib.setVarInitialRecs,cdfId,,
cdflib.setVarInitialRecs,numRecs,,
cdflib.setVarInitialRecs,varNum,,
cdflib.setVarPadValue,cdfId,,
cdflib.setVarPadValue,padValue,,
cdflib.setVarPadValue,varNum,,
cdflib.setVarSparseRecords,cdfId,,
cdflib.setVarSparseRecords,stype,,
cdflib.setVarSparseRecords,varNum,,
cdflib.setVarsCacheSize,cdfId,,
cdflib.setVarsCacheSize,numBuffers,,
cdflib.setVarsCacheSize,varNum,,
cdfread,CombineRecords,namevalue,"logical, scalar"
cdfread,ConvertEpochToDatenum,namevalue,"logical, scalar"
cdfread,Records,namevalue,"numeric, row, numeric, column"
cdfread,Slices,namevalue,"numeric, 2d, @(x) size(x, 2) == 3"
cdfread,Variables,namevalue,"cell, row, cell, column"
cdfread,filename,required,"file=*.cdf, matlabpathfile=*.cdf, char"
cdfwrite,Format,namevalue,"choices={'multifile', 'singlefile'}"
cdfwrite,GlobalAttributes,namevalue,"scalar, struct"
cdfwrite,PadValues,namevalue,"cell, 2d, @(x) size(x, 2) == 2"
cdfwrite,VariableAttributes,namevalue,"scalar, struct"
cdfwrite,WriteMode,namevalue,"choices={'overwrite', 'append'}"
cdfwrite,filename,required,"file=*.cdf, char"
cdfwrite,variablelist,required,"cell, 2d, @(x) size(x, 2) == 2"
ceil,X,Input array,"scalar, vector, matrix, multidimensional array"
ceil,t,Input duration,duration array
ceil,unit,Unit of time,"'seconds', 'minutes', 'hours', 'days', 'years'"
cell2mat,C,Input cell array,cell array
cell2struct,cellArray,required,cell
cell2struct,dim,required,"numeric, scalar, integer"
cell2struct,fields,required,cellstr
cell2table,C,Input cell array,2-D cell array
celldisp,C,Input cell array,cell array
celldisp,displayName,Displayed name of cell array,"character vector, string scalar"
cellfun,C,Input array,"cell array, string array"
cellfun,func,Function to apply,"function handle, character vector, string scalar"
cellplot,c,required,cell
cellplot,legend,flag,choices={'legend'}
cellstr,A,Input array,array
cellstr,dateFmt,Date Format and Locale,"character vectors, string scalars"
cgs,A,Coefficient matrix,"matrix, function handle"
cgs,M,Preconditioner matrices (as separate arguments),"eye(size(A)), matrices, function handles"
cgs,M1,Preconditioner matrices (as separate arguments),"eye(size(A)), matrices, function handles"
cgs,M2,Preconditioner matrices (as separate arguments),"eye(size(A)), matrices, function handles"
cgs,b,Right-hand side of linear equation,column vector
cgs,maxit,Maximum number of iterations,"[] or min(size(A,1),20), positive scalar integer"
cgs,tol,Method tolerance,"[] or 1e-6, positive scalar"
cgs,x0,Initial guess,"[] or a column vector of zeros, column vector"
characterListPattern,characters,List of characters to match,"character vector, string scalar"
characterListPattern,endCharacter,Ending character,"character scalar, string scalar containing a single character"
characterListPattern,startCharacter,Starting character,"character scalar, string scalar containing a single character"
checkcode,filename,File name,"character vector, string array, cell array of character vectors"
checkcode,option,Display option,"'-id', '-fullpath', '-notok', '-cyc', '-modcyc', '-config'"
chol,A,Input matrix,matrix
chol,S,Sparse input matrix,sparse matrix
chol,outputForm,Shape of permutation output,"'matrix', 'vector'"
chol,triangle,Triangular factor of input matrix,"'upper', 'lower'"
cholupdate,R,required,"numeric, square"
cholupdate,type,ordered,"char, choices={'+','-'}"
cholupdate,x,required,"numeric, column"
circshift,A,Input array,"vector, matrix, multidimensional array"
circshift,K,Shift amount,"integer scalar, vector of integers"
circshift,dim,Dimension to operate along,positive integer scalar
cla,ax,Target axes,"Axes object, PolarAxes object, GeographicAxes object"
clabel,C,Contour matrix,two-row matrix
clabel,h,Contour object,contour object
clabel,v,Contour level values,vector
class,obj,Object or literal,variable or expression
clear,ItemType,Type of items to clear,"all, classes, functions, global, import, java, mex, variables"
clear,expr1 ... exprN,Regular expressions matching names of variables to clear,"character vectors, string scalars"
clear,name1 ... nameN,"Names of variables, scripts, functions, or MEX functions to clear","character vectors, string scalars"
clearCache,mfcn,Function with memoization semantics,MemoizedFunction object
clearpoints,an,AnimatedLine object,AnimatedLine object
clearvars,keepVariables,Names of variables to keep,"character vectors, string scalar"
clearvars,variables,Names of variables to remove,"character vectors, string scalars"
clf,fig,Target figure,"Figure object, figure number"
clibArray,dimensions,Number of elements in each dimension,integer
clibArray,elementTypeName,C++ type,"string, character vector"
clibConvertArray,A,MATLAB array,numeric MATLAB type
clibConvertArray,elementTypeName,C++ type,"string, character vector"
clibIsNull,cppObj,C++ object created in MATLAB,handle
clibIsReadOnly,cppObj,C++ object created in MATLAB,handle
clibRelease,cppObj,C++ object created in MATLAB,handle
clibgen.buildInterface,HeaderFiles,Interface generation files,"string array, character vector, cell array of character vectors"
clibgen.buildInterface,Libraries,Shared library file names,"empty, string array, character vector, cell array of character vectors"
clibgen.buildInterface,SupportingSourceFiles,Source files,"string array, character vector, cell array of character vectors"
clibgen.generateLibraryDefinition,InterfaceGenerationFiles,Interface generation files,"string array, character vector, cell array of character vectors"
clibgen.generateLibraryDefinition,LibraryFiles,Shared library file names,"empty, string array, character vector, cell array of character vectors"
clibgen.generateLibraryDefinition,SupportingSourceFiles,Source files,"string array, character vector, cell array of character vectors"
clipboard,data,Data to copy,"numeric array, character vector, string scalar"
clone,obj,System object to clone,System object
close,fig,Figure to close,"one or more Figure objects, figure numbers, or figure names"
cmap2gray,map,RGB colormap,c-by-3 numeric matrix
cmopts,variableName,,
cmpermute,X,Indexed image,m-by-n matrix of integers
cmpermute,index,Sort index,c-element vector of positive integers
cmpermute,map,Colormap,c-by-3 matrix
cmunique,I,Grayscale image,m-by-n numeric matrix
cmunique,RGB,RGB image,m-by-n-by-3 array of nonnegative numbers
cmunique,X,Indexed image with duplicate colors,m-by-n matrix of integers
cmunique,map,Colormap with duplicate colors,c1-by-3 matrix
codeCompatibilityReport,cca,Code compatibility analysis results,CodeCompatibilityAnalysis object
codeCompatibilityReport,names,Name of files or folders to analyze,"character vector, cell array of character vectors, string scalar, string array"
codeCompatibilityReport,tf,Subfolder analysis indicator,"true, false, 0, 1"
colamd,S,,
colamd,varargin,,
colon,i,Increment between vector elements,"1, scalar"
colon,j,Starting vector value,scalar
colon,k,Ending vector value,scalar
colorbar,location,Location,"'eastoutside', 'north', 'south', 'east', 'west', 'northoutside', ..."
colorbar,target,Target,"Axes object, PolarAxes object, GeographicAxes object, graphics object"
colorcube,m,Number of colors,"256, scalar integer value"
colordef,arg1,,
colordef,arg2,,
colormap,map,Colormap for new color scheme,"colormap name, three-column matrix of RGB triplets, 'default'"
colormap,target,Target,"Figure object, Axes object, PolarAxes object, GeographicAxes object, graphics object"
colororder,newcolors,New colors,"matrix of RGB triplets, array of color names, 'default'"
colororder,target,"Target axes, figure, or chart","figure, axes, standalone visualization"
colperm,S,,
comet,ax,Target Axes,"Axes object, GeographicAxes object"
comet,p,Comet body length scale factor,"0.1, scalar in [0, 1)"
comet,x,x-values,vector
comet,y,y-values,vector
comet3,ax,Target axes,"Axes object, GeographicAxes object"
comet3,p,Comet body length scale factor,"0.1, scalar in [0, 1)"
comet3,x,x-values,vector
comet3,y,y-values,vector
comet3,z,z-values,vector
compan,c,,
compass,LineSpec,"Line style, marker, and color","character vector, string"
compass,U,x-coordinates,"scalar, vector, matrix"
compass,V,y-coordinates,"scalar, vector, matrix"
compass,Z,Complex values,"scalar, vector, matrix"
compass,ax,Target axes,Axes object
complex,a,Real component,"scalar, vector, matrix, multidimensional array"
complex,b,Imaginary component,"scalar, vector, matrix, multidimensional array"
complex,x,Input array,"scalar, vector, matrix, multidimensional array"
compose,A,"Numeric, character, or string array","scalar, vector, matrix, multidimensional array"
compose,formatSpec,Format of output fields,formatting operators
compose,txt,Input text,"string array, character vector, cell array of character vectors"
comserver,action,Registration action,"'register', 'unregister'"
cond,A,Input matrix,matrix
cond,p,Norm type,"2, 1, 'fro', Inf"
condeig,A,,
condest,A,,
condest,t,,
coneplot,'nointerp',required,choices={'nointerp'}
coneplot,U,required,numeric
coneplot,V,required,numeric
coneplot,W,required,numeric
coneplot,X,required,numeric
coneplot,Y,required,numeric
coneplot,Z,required,numeric
coneplot,axes_handle,ordered,matlab.graphics.axis.Axes
conj,Z,Input array,"scalar, vector, matrix, multidimensional array"
contains,pat,Search pattern,"string array, character vector, cell array of character vectors, pattern array (since R2020b)"
contains,str,Input text,"string array, character vector, cell array of character vectors"
contour,LineSpec,Line style and color,"character vector, string scalar"
contour,X,x-coordinates,"matrix, vector"
contour,Y,y-coordinates,"matrix, vector"
contour,Z,z-coordinates,matrix
contour,ax,Target axes,Axes object
contour,levels,Levels,"scalar, vector"
contour3,LineSpec,Line style and color,"character vector, string scalar"
contour3,X,x-coordinates,"matrix, vector"
contour3,Y,y-coordinates,"matrix, vector"
contour3,Z,z-coordinates,matrix
contour3,ax,Target axes,Axes object
contour3,levels,Levels,"scalar, vector"
contourc,levels,ordered,"numeric, vector"
contourf,LineSpec,Line style and color,"character vector, string scalar"
contourf,X,x-coordinates,"matrix, vector"
contourf,Y,y-coordinates,"matrix, vector"
contourf,Z,z-coordinates,matrix
contourf,ax,Target axes,Axes object
contourf,levels,Levels,"scalar, vector"
contourslice,V,Volume data,3-D array
contourslice,X,x-axis coordinate data,"vector, 3-D array"
contourslice,Y,y-axis coordinate data,"vector, 3-D array"
contourslice,Z,z-axis coordinate data,"vector, 3-D array"
contourslice,ax,Target axes,"current axes, Axes object"
contourslice,lvls,Contour line levels,vector
contourslice,method,Interpolation method,"'linear', 'cubic', 'nearest'"
contourslice,num,Number of contour lines,scalar
contourslice,xslice,x-axis slice values,"scalar, vector, [], matrix"
contourslice,yslice,y-axis slice values,"scalar, vector, [], matrix"
contourslice,zslice,z-axis slice values,"scalar, vector, [], matrix"
contrast,I,Image,"m-by-n matrix, m-by-n-by-3 truecolor image"
contrast,m,Number of rows in new colormap,numeric scalar value
conv,shape,Subsection of convolution,"'full', 'same', 'valid'"
conv,"u,v",Input vectors,vectors
conv2,A,Input array,"vector, matrix"
conv2,B,Second input array,"vector, matrix"
conv2,shape,Subsection of convolution,"'full', 'same', 'valid'"
conv2,u,Input vector,row or column vector
conv2,v,Second input vector,row or column vector
convertCharsToStrings,A,Input array,array of any size and data type
convertContainedStringsToChars,A,Input array,array
convertStringsToChars,A,Input array,array of any size and data type
convertvars,T1,Input table,"table, timetable"
convertvars,dataType,Data type of converted variables,"character vector, string scalar, function handle"
convertvars,vars,Variables in input table or timetable,"character vector, cell array of character vectors, string array, numeric array, logical array, function handle"
convhull,P,Points,matrix
convhull,tf,Simplify indicator,"false or 0, true or 1"
convhull,x,x-coordinates,column vector
convhull,y,y-coordinates,column vector
convhull,z,z-coordinates,column vector
convhulln,P,Points,matrix
convhulln,opts,Qhull options,cell array of character vectors
convn,A,Input array,"vector, matrix, multidimensional array"
convn,B,Second input array,"vector, matrix, multidimensional array"
convn,shape,Subsection of convolution,"'full', 'same', 'valid'"
cool,m,Number of colors,"256, scalar integer value"
copper,m,Number of colors,"256, scalar integer value"
copyfile,destination,File or folder destination,"character vector, string scalar"
copyfile,source,File or folder to copy,"character vector, string scalar"
copygraphics,obj,Graphics object,"axes, figure, standalone visualization, tiled chart layout"
corrcoef,A,Input array,matrix
corrcoef,B,Additional input array,"vector, matrix, multidimensional array"
cosd,X,Angle in degrees,"scalar value, vector, matrix, N-D array"
cosh,X,Input angles in radians,"scalar, vector, matrix, multidimensional array"
cot,X,Input angle in radians,"scalar, vector, matrix, multidimensional array"
cotd,X,Angle in degrees,"scalar value, vector, matrix, N-D array"
coth,X,Input angles in radians,"scalar, vector, matrix, multidimensional array"
count,pat,Search pattern,"string array, character vector, cell array of character vectors, pattern array (since R2020b)"
count,str,Input text,"string array, character vector, cell array of character vectors"
cov,A,Input array,"vector, matrix"
cov,B,Additional input array,"vector, matrix"
cov,nanflag,NaN condition,"'includenan', 'omitrows', 'partialrows'"
cov,w,Normalization weight,"0, 1"
cplxpair,dim,,
cplxpair,tol,,
cplxpair,x,,
createClassFromWsdl,source,Web Services Description Language (WSDL) document,string
createSoapMessage,method,Name of Web service operation,string
createSoapMessage,names,Parameter for method,cell array
createSoapMessage,namespace,Location of Web service,string
createSoapMessage,style,Style for structuring SOAP message,"'rpc', 'document'"
createSoapMessage,types,XML data types for values,cell array
createSoapMessage,values,Input arguments for method,cell array
cross,"A,B",Input arrays,numeric arrays
cross,dim,Dimension to operate along,positive integer scalar
csc,X,Input angle in radians,"scalar, vector, matrix, multidimensional array"
cscd,X,Angle in degrees,"scalar value, vector, matrix, N-D array"
csch,X,Input angles in radians,"scalar, vector, matrix, multidimensional array"
csvread,C1,Starting column offset,"0, nonnegative integer"
csvread,C2,Ending column offset,nonnegative integer
csvread,R1,Starting row offset,"0, nonnegative integer"
csvread,R2,Ending row offset,nonnegative integer
csvread,filename,File name,"character vector, string"
csvwrite,M,Numeric data to write,matrix
csvwrite,col,Column offset,"0, scalar"
csvwrite,filename,File name,"character vector, string"
csvwrite,row,Row offset,"0, scalar"
ctranspose,A,Input array,"vector, matrix"
cummax,A,Input array,"vector, matrix, multidimensional array"
cummax,dim,Dimension to operate along,positive integer scalar
cummax,direction,Direction of cumulation,"'forward', 'reverse'"
cummax,nanflag,NaN condition,"'omitnan', 'includenan'"
cummin,A,Input array,"vector, matrix, multidimensional array"
cummin,dim,Dimension to operate along,positive integer scalar
cummin,direction,Direction of cumulation,"'forward', 'reverse'"
cummin,nanflag,NaN condition,"'omitnan', 'includenan'"
cumprod,A,Input array,"vector, matrix, multidimensional array"
cumprod,dim,Dimension to operate along,positive integer scalar
cumprod,direction,Direction of cumulation,"'forward', 'reverse'"
cumprod,nanflag,NaN condition,"'includenan', 'omitnan'"
cumsum,A,Input array,"vector, matrix, multidimensional array"
cumsum,dim,Dimension to operate along,positive integer scalar
cumsum,direction,Direction of cumulation,"'forward', 'reverse'"
cumsum,nanflag,NaN condition,"'includenan', 'omitnan'"
cumtrapz,X,Point spacing,"1, uniform scalar spacing, vector of coordinates"
cumtrapz,Y,Numeric data,"vector, matrix, multidimensional array"
cumtrapz,dim,Dimension to operate along,positive integer scalar
curl,Fx,Vector field components at input coordinates,"matrices, 3-D arrays"
curl,Fy,Vector field components at input coordinates,"matrices, 3-D arrays"
curl,Fz,Vector field components at input coordinates,"matrices, 3-D arrays"
curl,X,Input coordinates,"matrices, 3-D arrays"
curl,Y,Input coordinates,"matrices, 3-D arrays"
curl,Z,Input coordinates,"matrices, 3-D arrays"
cylinder,ax,Target axes,Axes object
cylinder,n,Number of points,positive whole number
cylinder,r,Profile curve,vector
daqread,filename,,
daqread,varargin,,
daspect,ax,Target axes,Axes object
daspect,ratio,Data aspect ratio,three-element vector
datacursormode,fig,Target figure,Figure object
datastore,location,Files or folders to include in the datastore,"path, DsFileSet object"
datenum,DateString,Text representing dates and times,"character array, cell vector of character vectors, string vector"
datenum,DateVector,Date vectors,matrix
datenum,PivotYear,Start year of 100-year date range,"present minus 50 years, integer"
datenum,"Y,M,D","Year, month, and day arrays",numeric arrays
datenum,"Y,M,D,H,MN,S","Year, month, day, hour, minute, and second arrays",numeric arrays
datenum,formatIn,Format of input text representing dates and times,"character vector, string scalar"
datenum,t,Dates and times,array of datetime or duration values
datestr,DateNumber,Serial date numbers,array of positive double-precision numbers
datestr,DateStringIn,Text representing dates and times to convert,"character vector, cell array, string array"
datestr,DateVector,Date vectors,matrix
datestr,PivotYear,Start year of 100-year date range,"present minus 50 years, integer"
datestr,formatOut,Format of the output representing dates and times,"-1, character vector, string scalar, integer"
datestr,t,Dates and times,datetime array
datetick,dateFormat,Format of tick line labels,"character vector, integer"
datetick,tickaxis,Axis to label,"'x', 'y', 'z'"
datevec,DateNumber,Serial date number,array of positive double-precision numbers
datevec,DateString,Text representing dates and times,"character array, cell vector of character vectors, string vector"
datevec,PivotYear,Start year of 100-year date range,"present minus 50 years, integer"
datevec,formatIn,Format of the input text representing dates and times,"character vector, string scalar"
datevec,t,Dates and times,array of datetime or duration values
dbclear,condition,Type of error breakpoint,"error, caught error, warning, naninf, ..."
dbclear,file,File name,"character vector, string scalar"
dbclear,location,Location in file,"line number, line number and anonymous function number, local function name"
dbdown,n,Number of levels to move on call stack,positive integer scalar
dblquad,intfcn,,
dblquad,quadf,,
dblquad,tol,,
dblquad,varargin,,
dblquad,xmax,,
dblquad,xmin,,
dblquad,ymax,,
dblquad,ymin,,
dbmex,state,Debug setting,"'on', 'off', 'stop'"
dbquit,'all',ordered,choices={'all'}
dbstack,n,Number of frames to omit,nonnegative integer
dbstatus,file,File name,"character vector, string scalar"
dbstep,nlines,Number of executable lines,positive integer
dbstop,b,List of breakpoints,structure array
dbstop,condition,Pause condition,"error, caught error, warning, naninf, ..."
dbstop,expression,Logical expression,"character vector, string scalar"
dbstop,file,File name,"character vector, string scalar"
dbstop,location,Breakpoint location,"line number, line number and anonymous function number, local function name"
dbtype,end,Ending line number,positive integer
dbtype,filename,File name,"character vector, string scalar"
dbtype,start,Starting line number,positive integer
dbup,n,Number of levels to move on call stack,positive integer scalar
dde23,ddefun,,
dde23,history,,
dde23,lags,,
dde23,options,,
dde23,tspan,,
dde23,varargin,,
ddeget,default,ordered,"numeric, char, function_handle"
ddeget,name,required,"char, choices={ 'AbsTol', 'Events', 'InitialStep', 'InitialY', 'Jumps', 'MaxStep', 'NormControl','OutputFcn', 'OutputSel', 'Refine', 'RelTol', 'Stats'}"
ddeget,options,required,struct
ddensd,ddefun,Derivative function,function handle
ddensd,dely,Solution delays,"function handle, vector"
ddensd,delyp,Derivative delays,"function handle, vector"
ddensd,history,Solution history,"function handle, column vector, structure (sol, from previous integration), 1-by-2 cell array"
ddensd,options,Optional integration parameters,structure returned by ddeset
ddensd,tspan,Interval of integration,1-by-2 vector
ddesd,ddefun,,
ddesd,delays,,
ddesd,history,,
ddesd,options,,
ddesd,tspan,,
ddeset,AbsTol,namevalue,"numeric, vector, >0"
ddeset,Events,namevalue,function_handle
ddeset,InitialStep,namevalue,"numeric, scalar"
ddeset,InitialY,namevalue,"numeric, vector"
ddeset,Jumps,namevalue,"numeric, vector"
ddeset,MaxStep,namevalue,"numeric, scalar"
ddeset,NormControl,namevalue,"char, choices={'on','off'}"
ddeset,OutputFcn,namevalue,function_handle
ddeset,OutputSel,namevalue,"integer, vector"
ddeset,Refine,namevalue,"integer, scalar, >0"
ddeset,RelTol,namevalue,"numeric, scalar, >0"
ddeset,Stats,namevalue,"char, choices={'on','off'}"
ddeset,oldopts,ordered,struct
deal,"A1,...,An",Input arrays,arrays
deblank,str,Input text,"string array, character array, cell array of character arrays"
dec2base,D,Input array,array of nonnegative numbers
dec2base,minDigits,Minimum number of digits in output,integer
dec2base,n,Base of output representation,integer between 2 and 36
dec2bin,D,Input array,numeric array
dec2bin,minDigits,Minimum number of digits in output,integer
dec2hex,D,Input array,numeric array
dec2hex,minDigits,Minimum number of digits in output,integer
decic,fixed_y0,y-components to hold fixed,"vector of 1s and 0s, []"
decic,fixed_yp0,y'-components to hold fixed,"vector of 1s and 0s, []"
decic,odefun,Functions to solve,function handle
decic,options,Options structure,structure array
decic,t0,Initial time,scalar
decic,y0,Initial guesses for y-components,vector
decic,yp0,Initial guesses for y'-components,vector
deconv,"u,v",Input vectors,row or column vectors
deg2rad,D,Angle in degrees,"scalar, vector, matrix, multidimensional array"
del2,U,Input array,"vector, matrix, multidimensional array"
del2,h,Spacing in all dimensions,"1, scalar"
del2,"hx,hy,...,hN",Spacing in each dimension (as separate arguments),"scalars, vectors"
delaunay,P,Points,matrix
delaunay,x,x-coordinates,column vector
delaunay,y,y-coordinates,column vector
delaunay,z,z-coordinates,column vector
delaunayn,options,,
delaunayn,x,,
delete,filename,File name,"character vector, string scalar"
delete,obj,Object,"single object, array of objects"
demo,name,Product name other than MATLAB or Simulink,character vector
demo,type,Product name or type,"matlab, simulink, toolbox, blockset"
det,A,Input matrix,square numeric matrix
details,A,Input array,scalar or nonscalar array of any type
detectImportOptions,filename,Name of file to read,"character vector, string scalar"
detrend,bp,Break points,vector
detrend,n,Polynomial degree,"non-negative integer scalar, 'constant', 'linear'"
detrend,nanflag,NaN condition,"'includenan', 'omitnan'"
detrend,x,Input array,"vector, matrix, multidimensional array"
deval,idx,Solution components to return,vector
deval,sol,Solution structure,structure
deval,x,Evaluation points,vector
diag,A,Input matrix,matrix
diag,k,Diagonal number,integer
diag,v,Diagonal elements,vector
dialog,opts,properties,matlab.ui.Figure
diary,filename,Log file name,"character vector, string"
diff,X,Input array,"vector, matrix, multidimensional array"
diff,dim,Dimension to operate along,positive integer scalar
diff,n,Difference order,"positive integer scalar, []"
diffuse,nx,,
diffuse,ny,,
diffuse,nz,,
diffuse,s,,
digitBoundary,type,Boundary type,"'either', 'start', 'end'"
digitsPattern,N,Exact number of characters to match,nonnegative integer scalar
digitsPattern,maxCharacters,Maximum number of characters to match,nonnegative integer scalar
digitsPattern,minCharacters,Minimum number of characters to match,nonnegative integer scalar
dir,name,File or folder name,"character vector, string scalar"
disableDefaultInteractivity,ax,Axes,"Axes object, PolarAxes object, GeographicAxes object"
disp,X,Input array,array
display,X,Result of executing a statement or expression,"variable, expression"
dissect,A,Input matrix,square matrix
dither,I,Grayscale image,m-by-n matrix of nonnegative numbers
dither,Qe,Quantization bits for color space error calculations,"8, positive integer"
dither,Qm,Quantization bits along each color axis,"5, positive integer"
dither,RGB,RGB image,m-by-n-by-3 array of nonnegative numbers
dither,map,Input colormap,c-by-3 matrix
divergence,Fx,Vector field components at input coordinates,"matrices, 3-D arrays"
divergence,Fy,Vector field components at input coordinates,"matrices, 3-D arrays"
divergence,Fz,Vector field components at input coordinates,"matrices, 3-D arrays"
divergence,X,Input coordinates,"matrices, 3-D arrays"
divergence,Y,Input coordinates,"matrices, 3-D arrays"
divergence,Z,Input coordinates,"matrices, 3-D arrays"
dlmread,C1,Starting column offset,"0, nonnegative integer"
dlmread,C2,Ending column offset,nonnegative integer
dlmread,R1,Starting row offset,"0, nonnegative integer"
dlmread,R2,Ending row offset,nonnegative integer
dlmread,delimiter,Field delimiter character,"character vector, string"
dlmread,filename,File name,"character vector, string"
dlmwrite,M,Numeric data to write,"matrix, cell array of numeric values"
dlmwrite,col,Column offset,"0, scalar"
dlmwrite,delimiter,Delimiter to separate array elements,"',', character vector, string"
dlmwrite,filename,Name of file to write,"character vector, string"
dlmwrite,row,Row offset,"0, scalar"
doc,name,Name of functionality,character vector
docsearch,expression,Expression that defines search terms,character vector
dos,command,Operating system command,"string, character vector"
dot,"A,B",Input arrays,numeric arrays
dot,dim,Dimension to operate along,positive integer scalar
dragrect,initialRectangles,,
dragrect,step,,
dsearchn,P,Points,matrix
dsearchn,PQ,Query points,matrix
dsearchn,T,Delaunay triangulation,matrix
dsearchn,outind,Outside index value,scalar
echo,filename,File name of function,"character vector, string scalar"
echodemo,filename,Script file name,"character vector, string scalar"
echodemo,index,Section index,scalar integer
echotcpip,port,Port number of the server,numeric
edit,file,Name of file,"character vector, string"
eig,A,Input matrix,square matrix
eig,B,Generalized eigenvalue problem input matrix,square matrix
eig,algorithm,Generalized eigenvalue algorithm,"'chol', 'qz'"
eig,balanceOption,Balance option,"'balance', 'nobalance'"
eig,outputForm,Output format of eigenvalues,"'vector', 'matrix'"
eigs,A,Input matrix,matrix
eigs,Afun,Matrix function,function handle
eigs,B,Input matrix,matrix
eigs,k,Number of eigenvalues to compute,scalar
eigs,n,Size of square matrix represented by Afun,scalar
eigs,opts,Options structure,structure
eigs,sigma,Type of eigenvalues,"'largestabs', 'smallestabs', 'largestreal', 'smallestreal', 'bothendsreal', 'largestimag', 'smallestimag', 'bothendsimag', scalar"
ellipj,M,Input array,"scalar, vector, matrix, multidimensional array"
ellipj,U,Input array,"scalar, vector, matrix, multidimensional array"
ellipj,tol,Accuracy of result,"eps, nonnegative real number"
ellipke,M,Input array,"scalar, vector, matrix, multidimensional array"
ellipke,tol,Accuracy of result,"eps, nonnegative real number"
ellipsoid,ax,Target axes,Axes object
ellipsoid,n,Number of faces,positive scalar integer
ellipsoid,"xc,yc,zc",Coordinates of ellipsoid center,three comma-separated scalar numbers
ellipsoid,"xr,yr,zr","Principal semiaxes along x-, y-, and z-axes",three comma-separated scalar numbers
empty,sizeVector,Vector of dimensions,"0, row vector"
empty,"sz1,...,szN",Dimensions of array,"0, integers"
enableDefaultInteractivity,ax,Axes,"Axes object, PolarAxes object, GeographicAxes object"
enableLegacyExplorationModes,fig,Target figure,Figure object created using uifigure
enableservice,enable,Enable flag,"true, false"
endsWith,pat,Search pattern,"string array, character vector, cell array of character vectors, pattern array (since R2020b)"
endsWith,str,Input text,"string array, character vector, cell array of character vectors"
enumeration,ClassName,Enumeration class name,"character vector, string"
enumeration,obj,Instance of enumeration class,object
eomday,m,,
eomday,y,,
eps,datatype,Output data type,"'double', 'single'"
eps,x,Input array,"scalar, vector, matrix, multidimensional array"
eq,A,Operands,"scalars, vectors, matrices, multidimensional arrays"
eq,B,Operands,"scalars, vectors, matrices, multidimensional arrays"
equilibrate,A,Input matrix,square matrix
erase,match,Text to delete,"string array, character vector, cell array of character vectors, pattern array (since R2020b)"
erase,str,Input text,"string array, character vector, cell array of character vectors"
eraseBetween,endPat,Text or pattern that marks end position,"string array, character vector, cell array of character vectors, pattern array (since R2020b)"
eraseBetween,endPos,End position,numeric array
eraseBetween,startPat,Text or pattern that marks start position,"string array, character vector, cell array of character vectors, pattern array (since R2020b)"
eraseBetween,startPos,Start position,numeric array
eraseBetween,str,Input text,"string array, character vector, cell array of character vectors"
erf,x,Input,"real number, vector of real numbers, matrix of real numbers, multidimensional array of real numbers"
erfc,x,Input,"real number, vector of real numbers, matrix of real numbers, multidimensional array of real numbers"
erfcinv,x,Input,"real number, vector of real numbers, matrix of real numbers, multidimensional array of real numbers"
erfcx,x,Input,"real number, vector of real numbers, matrix of real numbers, multidimensional array of real numbers"
erfinv,x,Input,"real number, vector of real numbers, matrix of real numbers, multidimensional array of real numbers"
error,"A1,...,An",Values,"character vector, string scalar, numeric scalar"
error,correction,Suggested fix for this exception,"matlab.lang.correction.AppendArgumentsCorrection object, matlab.lang.correction.ConvertToFunctionNotationCorrection object, matlab.lang.correction.ReplaceIdent…"
error,errID,Identifier for error,"character vector, string scalar"
error,errorStruct,Error reporting information,scalar structure
error,msg,Information about error,"character vector, string scalar"
errorbar,LineSpec,"Line style, marker, and color","character vector, string"
errorbar,ax,Axes object,"current axes, axes object"
errorbar,err,Error bar lengths for symmetrical error bars,"vector, matrix"
errorbar,neg,Error bar lengths in negative direction,"vector, matrix, []"
errorbar,ornt,Error bar orientation,"'vertical', 'horizontal', 'both'"
errorbar,pos,Error bar lengths in positive direction,"vector, matrix, []"
errorbar,x,x values,"vector, matrix"
errorbar,xneg,Horizontal error bar lengths to left of data points,"vector, matrix, []"
errorbar,xpos,Horizontal error bar lengths to right of data points,"vector, matrix, []"
errorbar,y,y values,"vector, matrix"
errorbar,yneg,Vertical error bar lengths below data points,"vector, matrix, []"
errorbar,ypos,Vertical error bar lengths above data points,"vector, matrix, []"
errordlg,msg,Error message,"'This is the default error.', character vector, cell array of character vectors, string array"
errordlg,opts,Dialog box settings,"'non-modal', 'modal', 'replace', structure array"
errordlg,title,Dialog box title,"'Error Dialog', character vector, string scalar"
etime,"t2,t1",Date vectors,"1-by-6 vector, m-by-6 matrix"
etreeplot,A,,
etreeplot,c,,
etreeplot,d,,
eval,expression,Expression to evaluate,"character vector, string scalar"
evalc,expression,Expression to evaluate,"character vector, string scalar"
evalin,expression,Expression to evaluate,"character vector, string scalar"
evalin,workspace,Workspace in which to evaluate expression,"'base', 'caller'"
event.hasListener,EventName,Event name,char array
event.hasListener,src,Event source,object array
eventlisteners,c,COM object,function handle
events,ClassName,Class name,"character vector, string scalar"
events,obj,Object,MATLAB object
exist,name,"name of variable, script, function, folder, or class","character vector, string scalar"
exist,searchType,Type of results to search for,"builtin, class, dir, file, var"
exp,X,Input array,"scalar, vector, matrix, multidimensional array"
expint,X,Input array,"scalar, vector, matrix, multidimensional array"
expm,X,Input matrix,square matrix
export2wsdlg,defs,Default check box selections,logical array
export2wsdlg,flist,List of function calls,cell array
export2wsdlg,helpfcn,Help button callback,"function handle, cell array, character vector"
export2wsdlg,labels,Check box labels,"cell array of character vectors, string array"
export2wsdlg,title,Dialog box title,"'Export to Workspace', character vector, string scalar"
export2wsdlg,vals,Variable values,cell array
export2wsdlg,vars,Edit field variable names,"cell array of character vectors, string array"
exportapp,fig,Figure,Figure object
exportapp,filename,File name,"character vector, string scalar"
exportgraphics,filename,File name,"character vector, string scalar"
exportgraphics,obj,Graphics object,"axes, figure, standalone visualization, tiled chart layout"
exportsetupdlg,f,Target figure,figure object
extract,pat,Search pattern,"string array, character vector, cell array of character vectors, pattern array"
extract,pos,Position,numeric array
extract,str,Input text,"string array, character vector, cell array of character vectors"
extractAfter,pat,Text or pattern that marks start position,"string array, character vector, cell array of character vectors, pattern array (since R2020b)"
extractAfter,pos,Start position,numeric array
extractAfter,str,Input text,"string array, character vector, cell array of character vectors"
extractBefore,pat,Text or pattern that marks end position,"string array, character vector, cell array of character vectors, pattern array (since R2020b)"
extractBefore,pos,End position,numeric array
extractBefore,str,Input text,"string array, character vector, cell array of character vectors"
extractBetween,endPat,Text or pattern that marks end position,"string array, character vector, cell array of character vectors, pattern array (since R2020b)"
extractBetween,endPos,End position,numeric array
extractBetween,startPat,Text or pattern that marks start position,"string array, character vector, cell array of character vectors, pattern array (since R2020b)"
extractBetween,startPos,Start position,numeric array
extractBetween,str,Input text,"string array, character vector, cell array of character vectors"
eye,m,Size of second dimension of I,integer value
eye,n,Size of first dimension of I,integer value
eye,p,Prototype,numeric variable
eye,sz,Size of I,row vector of no more than two integer values
eye,typename,Output class,"'double', 'single', 'logical', 'int8', 'uint8'"
ezcontour,ax,Axes object,axes object
ezcontour,f,Function to plot,"character vector, string scalar, function handle"
ezcontour,n,Size of the grid,"60, positive integer"
ezcontour,xyinterval,Plotting interval for x and y,"[–2π 2π -2π 2π], vector of form [min max], vector of form [xmin xmax ymin ymax]"
ezcontourf,ax,Axes object,axes object
ezcontourf,f,Function to plot,"character vector, string scalar, function handle"
ezcontourf,n,Size of the grid,"60, positive integer"
ezcontourf,xyinterval,Plotting interval for x and y,"[–2π 2π -2π 2π], vector of form [min max], vector of form [xmin xmax ymin ymax]"
ezmesh,ax,Axes object,axes object
ezmesh,f,3-D function to plot,"character vector, string scalar, function handle"
ezmesh,funx,Parametric function for x coordinates,"character vector, string scalar, function handle"
ezmesh,funy,Parametric function for y coordinates,"character vector, string scalar, function handle"
ezmesh,funz,Parametric function for z coordinates,"character vector, string scalar, function handle"
ezmesh,n,Size of the grid,"60, positive integer"
ezmesh,uvinterval,Plotting interval for u and v,"[-2π 2π -2π 2π], vector of form [min max], vector of form [umin umax vmin vmax]"
ezmesh,xyinterval,Plotting interval for x and y,"[-2π 2π -2π 2π], vector of form [min max], vector of form [xmin xmax ymin ymax]"
ezmeshc,ax,Axes object,axes object
ezmeshc,f,3-D function to plot,"character vector, string scalar, function handle"
ezmeshc,funx,Parametric function for x coordinates,"character vector, string scalar, function handle"
ezmeshc,funy,Parametric function for y coordinates,"character vector, string scalar, function handle"
ezmeshc,funz,Parametric function for z coordinates,"character vector, string scalar, function handle"
ezmeshc,n,Size of the grid,"60, positive integer"
ezmeshc,uvinterval,Plotting interval for u and v,"[-2π 2π -2π 2π], vector of form [min max], vector of form [umin umax vmin vmax]"
ezmeshc,xyinterval,Plotting interval for x and y,"[-2π 2π -2π 2π], vector of form [min max], vector of form [xmin xmax ymin ymax]"
ezplot,ax,Axes object,axes object
ezplot,f,Function to plot,"character vector, string scalar, function handle"
ezplot,f2,Implicit function to plot,"character vector, string scalar, function handle"
ezplot,funx,Parametric function for x coordinates,function handle
ezplot,funy,Parametric function for y coordinates,"anonymous function, function handle"
ezplot,uinterval,Plotting interval for u,"[-2π 2π], two-element vector of form [tmin tmax]"
ezplot,xinterval,Plotting interval for x,"[–2π 2π], two-element vector of form [xmin xmax]"
ezplot,xyinterval,Plotting interval for x and y,"[-2π 2π -2π 2π], vector of form [min max], vector of form [xmin xmax ymin ymax]"
ezplot3,ax,Axes object,axes object
ezplot3,funx,Parametric function for x coordinates,"character vector, string scalar, function handle"
ezplot3,funy,Parametric function for y coordinates,"character vector, string scalar, function handle"
ezplot3,funz,Parametric function for z coordinates,"character vector, string scalar, function handle"
ezplot3,uinterval,Plotting interval for u,"[0 2π], two-element vector of form [umin umax]"
ezpolar,"[a,b]",ordered,"numeric, size=1,2"
ezpolar,axes_handle,ordered,matlab.graphics.axis.Axes
ezpolar,fun,required,function_handle
ezsurf,ax,Axes object,axes object
ezsurf,f,3-D function to plot,"character vector, string scalar, function handle"
ezsurf,funx,Parametric function for x coordinates,"character vector, string scalar, function handle"
ezsurf,funy,Parametric function for y coordinates,"character vector, string scalar, function handle"
ezsurf,funz,Parametric function for z coordinates,"character vector, string scalar, function handle"
ezsurf,n,Size of the grid,"60, positive integer"
ezsurf,uvinterval,Plotting interval for u and v,"[-2π 2π -2π 2π], vector of form [min max], vector of form [umin umax vmin vmax]"
ezsurf,xyinterval,Plotting interval for x and y,"[-2π 2π -2π 2π], vector of form [min max], vector of form [xmin xmax ymin ymax]"
ezsurfc,ax,Axes object,axes object
ezsurfc,f,3-D function to plot,"character vector, string scalar, function handle"
ezsurfc,funx,Parametric function for x coordinates,"character vector, string scalar, function handle"
ezsurfc,funy,Parametric function for y coordinates,"character vector, string scalar, function handle"
ezsurfc,funz,Parametric function for z coordinates,"character vector, string scalar, function handle"
ezsurfc,n,Size of the grid,"60, positive integer"
ezsurfc,uvinterval,Plotting interval for u and v,"[-2π 2π -2π 2π], vector of form [min max], vector of form [umin umax vmin vmax]"
ezsurfc,xyinterval,Plotting interval for x and y,"[-2π 2π -2π 2π], vector of form [min max], vector of form [xmin xmax ymin ymax]"
factor,n,Input value,"real, nonnegative integer scalar"
factorial,n,Input values,"scalar, vector, or array of real, nonnegative integer values"
false,n,Size of square matrix,integer
false,p,Prototype,logical variable
false,sz,Size vector,row vector of integers
false,"sz1,...,szN",Size inputs,comma-separated list of integers
fclose,fileID,File identifier,integer
fcontour,LineSpec,Line style and color,"character vector, string"
fcontour,ax,Axes object,axes object
fcontour,f,Function to plot,function handle
fcontour,xyinterval,Plotting interval for x and y,"[–5 5 -5 5], vector of form [min max], vector of form [xmin xmax ymin ymax]"
feather,LineSpec,"Line style, marker, and color","character vector, string"
feather,U,x-components,"scalar, vector, matrix"
feather,V,y-components,"scalar, vector, matrix"
feather,Z,Complex values,"scalar, vector, matrix"
feather,ax,Target axes,Axes object
feof,fileID,File identifier,integer
ferror,fileID,File identifier,integer
feval,fun,Function to evaluate,"function name, function handle"
feval,"x1,...,xM",Inputs to evaluated function,depends on function
fft,X,Input array,"vector, matrix, multidimensional array"
fft,dim,Dimension to operate along,positive integer scalar
fft,n,Transform length,"[], nonnegative integer scalar"
fft2,X,Input array,"matrix, multidimensional array"
fft2,m,Number of transform rows,positive integer scalar
fft2,n,Number of transform columns,positive integer scalar
fftn,X,Input array,"matrix, multidimensional array"
fftn,sz,Length of transform dimensions,vector of positive integers
fftshift,X,Input array,"vector, matrix, multidimensional array"
fftshift,dim,Dimension to operate along,positive integer scalar
fftw,fftinfo,Transform parameters,"character array, []"
fftw,method,Method for setting transform parameters,"'estimate', 'measure', 'patient', 'exhaustive', 'hybrid'"
fftw,wisdom,Transform parameter precision,"'swisdom', 'dwisdom'"
fgetl,fileID,File identifier,integer
fgets,fileID,File identifier,integer
fgets,nchar,Number of characters,integer
fieldnames,S,Input structure array,structure array
fieldnames,obj,Input object,"Java object, Microsoft COM object"
figure,f,Target figure,Figure object
figure,n,Target figure number,scalar integer value
figurepalette,varargin,,
fileattrib,attribs,File or folder attribute values,"character vector, string scalar"
fileattrib,filename,File or folder name,"character vector, string scalar"
fileattrib,users,Subset of users,"'a', 'g', 'o', 'u', ''"
fileparts,filename,File name,"string array, character vector, cell array of character vectors"
fileread,filename,Name of file to read,character vector or string scalar
fill,ax,ordered,matlab.graphics.axis.Axes
fill,opts,properties,matlab.graphics.primitive.Patch
fill3,ax,ordered,matlab.graphics.axis.AbstractAxes
fill3,opts,properties,matlab.graphics.primitive.Patch
fillmissing,A,Input data,"vector, matrix, multidimensional array, table, timetable"
fillmissing,dim,Dimension to operate along,positive integer scalar
fillmissing,fillfun,Custom fill method,function handle
fillmissing,gapwindow,Gap window length,"positive integer scalar, two-element vector of positive integers, positive duration scalar, two-element vector of positive durations"
fillmissing,method,Fill method,"'previous', 'next', 'nearest', 'linear', 'spline', 'pchip', 'makima'"
fillmissing,movmethod,Moving method,"'movmean', 'movmedian'"
fillmissing,v,Fill constant,"scalar, vector, cell array"
fillmissing,window,Window length,"positive integer scalar, two-element vector of positive integers, positive duration scalar, two-element vector of positive durations"
filloutliers,A,Input data,"vector, matrix, multidimensional array, table, timetable"
filloutliers,dim,Dimension to operate along,positive integer scalar
filloutliers,fillmethod,Fill method,"numeric scalar, 'center', 'clip', 'previous', 'next', 'nearest', 'linear', 'spline', 'pchip', 'makima'"
filloutliers,findmethod,Method for detecting outliers,"'median', 'mean', 'quartiles', 'grubbs', 'gesd'"
filloutliers,movmethod,Moving method,"'movmedian', 'movmean'"
filloutliers,threshold,Percentile thresholds,two-element row vector
filloutliers,window,Window length,"positive integer scalar, two-element vector of positive integers, positive duration scalar, two-element vector of positive durations"
filter,a,Denominator coefficients of rational transfer function,vector
filter,b,Numerator coefficients of rational transfer function,vector
filter,dim,Dimension to operate along,positive integer scalar
filter,x,Input data,"vector, matrix, multidimensional array"
filter,zi,Initial conditions for filter delays,"[], vector, matrix, multidimensional array"
filter2,H,Coefficients of rational transfer function,matrix
filter2,X,Input data,matrix
filter2,shape,Subsection of filtered data,"'same', 'full', 'valid'"
fimplicit,LineSpec,"Line style, marker, and color","character vector, string"
fimplicit,ax,Axes object,axes object
fimplicit,f,Implicit function to plot,function handle
fimplicit,interval,Plotting interval for x and y,"[-5 5], two-element vector, four-element vector"
fimplicit3,LineSpec,"Line style, marker, and color","character vector, string"
fimplicit3,ax,Axes object,axes object
fimplicit3,f,3-D implicit function to plot,function handle
fimplicit3,interval,"Plotting interval for x, y, and z","[-5 5], two-element vector, six-element vector"
find,X,Input array,"scalar, vector, matrix, multidimensional array"
find,direction,Search direction,"'first', 'last'"
find,n,Number of nonzeros to find,positive integer scalar
findall,objhandles,Objects to search from,array of graphics objects
findall,prop,Property name,"character vector, string scalar"
findall,value,Property value,"scalar, array"
findgroups,A,Grouping variable,"vector, cell array of character vectors, string array"
findgroups,T,Grouping variables,table
findobj,d,Depth of search,nonnegative integer
findobj,expr,Regular expression,"string array, character vector, cell array of character vectors"
findobj,objhandles,Objects to search from,array of graphics objects
findobj,oper,Logical operator,"'-and', '-or', '-xor'"
findobj,prop,Property name,"character vector, string scalar"
findobj,value,Property value,"scalar, array"
findstr,"str1,str2",Text to Compare,"character vector, string scalar"
fitsdisp,filename,,
fitsinfo,filename,required,"file=*.fts,*.fits, matlabpathfile=*.fts,*.fits, char"
fitsread,extname,Data array or extension name,"'primary', 'asciitable', 'binarytable', 'image', 'unknown'"
fitsread,filename,File name,"character vector, string scalar"
fitsread,index,Index,scalar
fitswrite,filename,File name,"character vector, string scalar"
fitswrite,imagedata,Input image data,"one-dimensional array, multi-dimensional array"
fix,X,Input array,"scalar, vector, matrix, multidimensional array"
flag,m,Number of colors,"256, scalar integer value"
flintmax,precision,Floating-point precision type,"'double', 'single'"
flip,A,Input array,"vector, matrix, multidimensional array, table, timetable"
flip,dim,Dimension to operate along,positive integer scalar
flipdim,dim,,
flipdim,x,,
fliplr,A,Input array,"vector, matrix, multidimensional array, table, timetable"
flipud,A,Input array,"vector, matrix, multidimensional array, table, timetable"
floor,X,Input array,"scalar, vector, matrix, multidimensional array"
floor,t,Input duration,duration array
floor,unit,Unit of time,"'seconds', 'minutes', 'hours', 'days', 'years'"
flow,x,,
flow,y,,
flow,z,,
fmesh,LineSpec,"Line style, marker, and color","character vector, string"
fmesh,ax,Axes object,axes object
fmesh,f,3-D function to plot,function handle
fmesh,funx,Parametric function for x coordinates,function handle
fmesh,funy,Parametric function for y coordinates,function handle
fmesh,funz,Parametric function for z coordinates,function handle
fmesh,uvinterval,Plotting interval for u and v,"[-5 5 -5 5], vector of form [min max], vector of form [umin umax vmin vmax]"
fmesh,xyinterval,Plotting interval for x and y,"[-5 5 -5 5], vector of form [min max], vector of form [xmin xmax ymin ymax]"
fminbnd,fun,Function to minimize,"function handle, function name"
fminbnd,options,Optimization options,structure such as optimset returns
fminbnd,problem,Problem structure,structure
fminbnd,x1,Lower bound,finite real scalar
fminbnd,x2,Upper bound,finite real scalar
fminsearch,fun,Function to minimize,"function handle, function name"
fminsearch,options,Optimization options,structure such as optimset returns
fminsearch,problem,Problem structure,structure
fminsearch,x0,Initial point,"real vector, real array"
fopen,encodingIn,Character encoding,"'UTF-8', 'ISO-8859-1', 'windows-1251', 'windows-1252'"
fopen,fileID,File identifier of an open file,integer
fopen,filename,Name of file to open,character vector or string scalar
fopen,machinefmt,Order for reading or writing bytes or bits,"'n', 'b', 'l', 's', 'a'"
fopen,permission,File access type,"'r', 'w', 'a', 'r+', 'w+', 'a+', 'A', 'W'"
format,style,Format to apply,"character vector, string scalar, DisplayFormatOptions object"
formattedDisplayText,X,Expression to return as string,array
fplot,LineSpec,"Line style, marker, and color","character vector, string"
fplot,ax,Axes object,axes object
fplot,f,Function to plot,function handle
fplot,funx,Parametric function for x coordinates,function handle
fplot,funy,Parametric function for y coordinates,"anonymous function, function handle"
fplot,tinterval,Interval for t,"[-5 5], two-element vector of form [tmin tmax]"
fplot,xinterval,Interval for x,"[–5 5], two-element vector of form [xmin xmax]"
fplot3,LineSpec,"Line style, marker, and color","character vector, string"
fplot3,ax,Axes object,axes object
fplot3,funx,Parametric function for x coordinates,function handle
fplot3,funy,Parametric function for y coordinates,function handle
fplot3,funz,Parametric function for z coordinates,function handle
fplot3,tinterval,Interval for parameter t,"[–5 5], two-element vector of form [tmin tmax]"
fprintf,"A1,...,An",Numeric or character arrays,"scalar, vector, matrix, multidimensional array"
fprintf,fileID,File identifier,"1, 2, scalar"
fprintf,formatSpec,Format of output fields,formatting operators
fprintf (serial),cmd,,
fprintf (serial),format,,
fprintf (serial),mode,,
frame2im,F,Movie frame,structure
fread,fileID,File identifier,integer
fread,machinefmt,Order for reading bytes,"'n', 'b', 'l', 's', 'a'"
fread,precision,Class and size of values to read,"'uint8=>double', character vector or string scalar"
fread,sizeA,Dimensions of output array,"Inf, integer, two-element row vector"
fread,skip,Number of bytes to skip,"0, scalar"
freqspace,N,Number of points around the unit circle,numeric scalar
freqspace,[m n],Length of each frequency vector,two-element vector of positive numeric values
freqspace,n,Length of frequency vectors,numeric scalar
frewind,fileID,File identifier,integer
fscanf,fileID,File identifier,integer
fscanf,formatSpec,Format of data fields,"character vector, string scalar"
fscanf,sizeA,Dimensions of output array,"Inf, integer, two-element row vector"
fseek,fileID,File identifier,integer
fseek,offset,Number of bytes,integer
fseek,origin,Starting location,"integer, character vector, string"
fsurf,LineSpec,"Line style, marker, and color","character vector, string"
fsurf,ax,Axes object,axes object
fsurf,f,3-D function to plot,function handle
fsurf,funx,Parametric function for x coordinates,function handle
fsurf,funy,Parametric function for y coordinates,function handle
fsurf,funz,Parametric function for z coordinates,function handle
fsurf,uvinterval,Plotting interval for u and v,"[-5 5 -5 5], vector of form [min max], vector of form [umin umax vmin vmax]"
fsurf,xyinterval,Plotting interval for x and y,"[-5 5 -5 5], vector of form [min max], vector of form [xmin xmax ymin ymax]"
ftell,fileID,File identifier,integer
full,S,Sparse matrix to convert,matrix
fullfile,"filepart1,...,filepartN",Folder or file names,"character vectors, string arrays, cell arrays of character vectors"
func2str,fh,Handle to convert to character vector,function handle
functions,fh,Handle to query,function handle
functiontests,f,Handles to local test functions,cell array of function handles
funm,A,,
funm,fun,,
funm,options,,
funm,varargin,,
fwrite,A,Data to write,"numeric array, character array, string array"
fwrite,fileID,File identifier,"integer, 1, 2"
fwrite,machinefmt,Order for writing bytes,"'n', 'b', 'l', 's', 'a'"
fwrite,precision,Class and size of values to write,"'uint8', character vector, string scalar"
fwrite,skip,Number of bytes to skip,"0, scalar"
fzero,fun,Function to solve,"function handle, function name"
fzero,options,Options for solution process,"structure, typically created using optimset"
fzero,problem,Root-finding problem,structure
fzero,x0,Initial value,"scalar, 2-element vector"
gallery,"P1,P2,...,Pn",Input parameters,"scalars, vectors, matrices"
gallery,matrixname,Name of matrix family,"'binomial', 'cauchy', 'chebspec', 'chebvand', 'chow', 'circul', 'clement', 'compar', ..."
gallery,typename,Data type of generated test matrices,"character vector, string scalar"
gamma,X,Input array,"scalar, vector, matrix, multidimensional array"
gammainc,A,Input array,"scalar, vector, matrix, multidimensional array"
gammainc,X,Input array,"scalar, vector, matrix, multidimensional array"
gammainc,scale,Scaling option,"'scaledlower', 'scaledupper'"
gammainc,type,Type of incomplete gamma function,"'lower', 'upper'"
gammaincinv,A,Input array,"scalar, vector, matrix, multidimensional array"
gammaincinv,Y,Input array,"scalar, vector, matrix, multidimensional array"
gammaincinv,type,Type of inverse incomplete gamma function,"'lower', 'upper'"
gca,fig,,
gcd,"A,B",Input values,"scalars, vectors, or arrays of real integer values"
gcmr,'nocreate',ordered,choices={'nocreate'}
ge,A,Operands,"scalars, vectors, matrices, multidimensional arrays"
ge,B,Operands,"scalars, vectors, matrices, multidimensional arrays"
genpath,folderName,Folder name,"character vector, string scalar"
genvarname,candidate,,
genvarname,protected,,
geoaxes,gx,Geographic axes to be made current axes,GeographicAxes object
geoaxes,parent,Parent container,"Figure object, Panel object, Tab object, TiledChartLayout object, GridLayout object"
geobasemap,basemap,Map on which to plot data,"'streets-light', 'streets-dark', 'streets', 'satellite', 'topographic'"
geobasemap,gx,Geographic axes or chart,"gca, GeographicAxes object, GeographicBubbleChart object"
geobubble,colordata,Data categories that determine bubble color,categorical
geobubble,lat,Latitude coordinates in degrees,"real, numeric, finite vector within the range [-90 90]"
geobubble,latvar,Table variable for latitude,"character vector, string scalar, numeric scalar, logical vector"
geobubble,lon,Longitude coordinates in degrees,"real, numeric, finite vector"
geobubble,lonvar,Table variable for longitude,"character vector, string scalar, numeric scalar, logical vector"
geobubble,parent,Parent container,"Figure object, Panel object, Tab object, TiledChartLayout object, GridLayout object"
geobubble,sizedata,Data that determines bubble size,"real, numeric, finite vector, real, numeric, finite scalar, []"
geobubble,tbl,Table containing data to be plotted,"table, timetable"
geodensityplot,gx,Target geographic axes,GeographicAxes object
geodensityplot,lat,Latitude coordinates of data points,"real, numeric, finite vector within the range [-90 90]"
geodensityplot,lon,Longitude coordinates in degrees,"real, numeric, finite vector"
geodensityplot,weights,Weights assigned to data,"[], scalar, numeric vector"
geolimits,gx,Geographic axes or chart,"gca, GeographicAxes object, GeographicBubbleChart object"
geolimits,latlim,Limits of the geographic axes or chart in latitude,two-element vector
geolimits,lonlim,Limits of the geographic axes or chart in longitude,two-element vector
geoplot,LineSpec,"Line style, marker, and color","character vector, string"
geoplot,gx,Target geographic axes,GeographicAxes object
geoplot,lat,Latitude coordinates in degrees,"real, numeric, finite vector"
geoplot,lon,Longitude coordinates in degrees,"real, numeric, finite vector"
geoscatter,'filled',Option to fill the interior of the markers,'filled'
geoscatter,A,Marker sizes in points squared,"36, scalar, vector, []"
geoscatter,C,Marker color,"RGB triplet, three-column matrix of RGB triplets, vector, 'r', 'g', 'b'"
geoscatter,M,Marker symbol,"'o', '+', '*', '.', 'x'"
geoscatter,gx,Parent geographic axes object,GeographicAxes object
geoscatter,lat,Latitude coordinates in degrees,"real, numeric, finite vector within the range [-90 90]"
geoscatter,lon,Longitude coordinates in degrees,"real, numeric, finite vector"
geotickformat,fmt,Tick label format,"'dms', 'dd', 'dm', -'dd', '-dm', '-dms'"
geotickformat,gx,Target geographic axes,GeographicAxes object
getNumInputs,obj,System object to query,System object
getNumOutputs,obj,System object to query,System object handle
getappdata,name,Name identifier,"character vector, string scalar"
getappdata,obj,Graphics object containing the value,"Figure object, Panel object, ButtonGroup object, UIControl object"
getenv,name,Environment variable name,"string, character vector"
getfield,S,Structure array,structure array
getfield,field,Field name,"character vector, string scalar"
getfield,idx,Indices,cell array of numeric values
getframe,ax,Axes to capture,"Axes object, GeographicAxes object"
getframe,fig,Figure to capture,figure object
getframe,rect,Rectangular area to capture,four-element vector of the form [left bottom width height]
getpixelposition,c,UI component,UI component object
getpixelposition,isrecursive,Return position relative to figure,"false or 0, true or 1"
getpoints,an,AnimatedLine object,AnimatedLine object
getpref,group,Custom preference group name,"character vector, string scalar"
getpref,pref,Custom preference name,"character vector, cell array of character vectors, string array"
getpref,value,Preference value,MATLAB data
getrangefromclass,I,Input image,"numeric array, logical array"
ginput,n,Number of points,positive integer
gmres,A,Coefficient matrix,"matrix, function handle"
gmres,M,Preconditioner matrices (as separate arguments),"eye(size(A)), matrices, function handles"
gmres,M1,Preconditioner matrices (as separate arguments),"eye(size(A)), matrices, function handles"
gmres,M2,Preconditioner matrices (as separate arguments),"eye(size(A)), matrices, function handles"
gmres,b,Right-hand side of linear equation,column vector
gmres,maxit,Maximum number of outer iterations,positive scalar integer
gmres,restart,Number of inner iterations before restart,"[] or size(A,1), positive scalar integer"
gmres,tol,Method tolerance,"[] or 1e-6, positive scalar"
gmres,x0,Initial guess,"[] or a column vector of zeros, column vector"
gobjects,0,Define an empty array,one or more dimensions equal to 0
gobjects,n,defines n-by-n array,integer value
gobjects,"s1,...,sn",Size of each array dimension,two or more integer values
gobjects,v,Size of each array dimension,row vector of integer values
gplot,A,Adjacency matrix,matrix
gplot,LineSpec,"Line style, marker, and color","character vector, string"
gplot,XYCoords,xy-coordinates of nodes,N-by-2 matrix
grabcode,filename,Name of HTML file,"character vector, string scalar"
grabcode,url,Web page address or location of the HTML file,"character vector, string scalar"
gradient,F,Input array,"vector, matrix, multidimensional array"
gradient,h,Uniform spacing between points,"1, scalar"
gradient,hN,Spacing between points (as separate inputs),"1, scalars, vectors"
gradient,hx,Spacing between points (as separate inputs),"1, scalars, vectors"
gradient,hy,Spacing between points (as separate inputs),"1, scalars, vectors"
gray,m,Number of colors,"256, scalar integer value"
grid,target,Target object,"axes, standalone visualization, array of axes or standalone visualizations"
griddata,method,Interpolation method,"'linear', 'nearest', 'natural', 'cubic', 'v4'"
griddata,v,Sample values,vector
griddata,x,Sample point coordinates,vectors
griddata,xq,Query points,"vector, array"
griddata,y,Sample point coordinates,vectors
griddata,yq,Query points,"vector, array"
griddata,z,Sample point coordinates,vectors
griddata,zq,Query points,"vector, array"
griddatan,method,Interpolation method,"'linear', 'nearest', []"
griddatan,options,Qhull-specific options,"cell array, [], {''}"
griddatan,v,Sample values,vector
griddatan,x,Sample point coordinates,matrix
griddatan,xq,Query points,matrix
gsvd,A,required,numeric
gsvd,B,required,numeric
gsvd,shape,ordered,"numeric, scalar, choices={0}"
gt,A,Operands,"scalars, vectors, matrices, multidimensional arrays"
gt,B,Operands,"scalars, vectors, matrices, multidimensional arrays"
gtext,str,Text to display,"character vector, cell array of character vectors, character array, string array"
guidata,data,Data,any MATLAB data
guidata,obj,Graphics object,graphics object
guide,figs,Existing Figure objects,"single Figure object, array of Figure objects"
guide,filename,File name or path of saved figure,"character vector, string scalar"
guihandles,h,,
gunzip,gzipfilenames,Names of the GNU zip files,"character vector, cell array of character vectors, string array"
gunzip,outputfolder,Target folder,"character vector, string scalar"
gzip,filenames,Names of files or folders,"character vector, cell array of character vectors, string array"
gzip,outputfolder,Target folder,"character vector, string scalar"
h5create,ds,Dataset name,"character vector, string scalar"
h5create,filename,File Name,"character vector, string scalar"
h5create,sz,Dataset size,row vector
h5disp,filename,File name,"character vector, string scalar"
h5disp,loc,Location in file,"character vector, string scalar"
h5disp,mode,Display mode,"'simple', 'min'"
h5info,filename,File name,"character vector, string scalar"
h5info,loc,Location in file,"character vector, string scalar"
h5read,count,Number of elements,"vector of Inf's, numeric vector"
h5read,ds,Dataset name,"character vector, string scalar"
h5read,filename,File name,"character vector, string scalar"
h5read,start,Starting location,"vector of ones, numeric vector"
h5read,stride,Spacing between indices,"vector of ones, numeric vector"
h5readatt,attr,Attribute name,"character vector, string scalar"
h5readatt,filename,File name,"character vector, string scalar"
h5readatt,loc,Location in file,"character vector, string scalar"
h5write,count,Number of elements,"vector of Inf's, numeric vector"
h5write,data,Data,"numeric matrix, MATLAB string array"
h5write,ds,Dataset name,"character vector, string scalar"
h5write,filename,File name,"character vector, string scalar"
h5write,start,Start location,"vector of ones, numeric vector"
h5write,stride,Spacing between elements,"vector of ones, numeric vector"
h5writeatt,attr,Name of attribute,"character vector, string scalar"
h5writeatt,encoding,Text Encoding,"'UTF-8', 'system'"
h5writeatt,filename,File name,"character vector, string scalar"
h5writeatt,loc,Location in file,"character vector, string scalar"
h5writeatt,val,Value of attribute,"character vector, string array, numeric value"
hadamard,classname,Matrix class,"'double', 'single'"
hadamard,n,Matrix order,"scalar, nonnegative integer"
hankel,c,First column of Hankel matrix,"scalar, vector"
hankel,r,Last row of Hankel matrix,"scalar, vector"
hdf5info,filename,,
hdf5info,varargin,,
hdf5read,varargin,,
hdf5write,filename,,
hdf5write,varargin,,
hdfan,varargin,,
hdfdf24,varargin,,
hdfdfr8,varargin,,
hdfh,varargin,,
hdfhd,varargin,,
hdfhe,varargin,,
hdfhx,varargin,,
hdfinfo,'HDF',ordered,"choices={'HDF', 'EOS'}"
hdfinfo,filename,required,"file=*.hdf, matlabpathfile=*.hdf, char"
hdfml,varargin,,
hdfpt,varargin,,
hdfread,varargin,,
hdfv,varargin,,
hdfvf,varargin,,
hdfvh,varargin,,
hdfvs,varargin,,
heatmap,cdata,Color data,matrix
heatmap,cvar,Table variable for color data,"character vector, string scalar, numeric scalar, logical vector"
heatmap,parent,Parent container,"Figure object, Panel object, Tab object, TiledChartLayout object, GridLayout object"
heatmap,tbl,Source table,"table, timetable"
heatmap,xvalues,Values appearing along x-axis,"categorical array, string array, numeric array, cell array of character vectors"
heatmap,xvar,Table variable for x-axis,"character vector, string scalar, numeric scalar, logical vector"
heatmap,yvalues,Values appearing along y-axis,"categorical array, string array, numeric array, cell array of character vectors"
heatmap,yvar,Table variable for y-axis,"character vector, string scalar, numeric scalar, logical vector"
height,T,Input table or array,"table, array"
help,name,Functionality name,"character vector, string scalar"
helpbrowser,varargin,,
helpdlg,msg,Help message,"'This is the default help', character vector, cell array of character vectors, string array"
helpdlg,title,Dialog box title,"'Help Dialog', character vector, string array"
helpwin,topic,,
helpwin,varargin,,
hex2dec,hexStr,Text representing hexadecimal numbers,"character array, cell array of character vectors, string array"
hex2num,hexStr,Text representing hexadecimal numbers,"character array, cell array of character vectors, string array"
hgload,filename,,
hgload,varargin,,
hgsave,varargin,,
hidden,varargin,,
hilb,classname,Matrix class,"'double', 'single'"
hilb,n,Matrix order,"scalar, nonnegative integer"
hist,ax,Axes object,axes object
hist,nbins,Number of bins,"10, scalar"
hist,x,Input array,vector or matrix
hist,xbins,Bin locations or categories,vector
histc,binranges,Bin ranges,"vector, matrix"
histc,dim,Dimension along which to operate,scalar
histc,x,Values to be sorted,"vector, matrix"
histcounts,C,Categorical data,categorical array
histcounts,Categories,Categories included in count,"all categories, string vector, cell vector of character vectors, categorical vector"
histcounts,X,Data to distribute among bins,"vector, matrix, multidimensional array"
histcounts,edges,Bin edges,vector
histcounts,nbins,Number of bins,positive integer
histcounts2,"X,Y",Data to distribute among bins (as separate arguments),"vectors, matrices, multidimensional arrays"
histcounts2,Xedges,Bin edges in x-dimension,vector
histcounts2,Yedges,Bin edges in y-dimension,vector
histcounts2,nbins,Number of bins in each dimension,"scalar, vector"
hold,ax,Target axes,"axes, array of axes"
horzcat,A,First input,"scalar, vector, matrix, multidimensional array, table, timetable"
horzcat,"A1,A2,…,An",List of inputs,comma-separated list
horzcat,B,Second input,"scalar, vector, matrix, multidimensional array, table, timetable"
hot,m,Number of colors,"256, scalar integer value"
hsv,m,Number of colors,"256, scalar integer value"
hsv2rgb,HSV,HSV image,m-by-n-by-3 numeric array
hsv2rgb,hsvmap,HSV colormap,c-by-3 numeric matrix
hypot,"A,B",Input arrays,"scalars, vectors, matrices, multidimensional arrays"
i,a,Real component of complex scalar,scalar
i,b,Imaginary component of complex scalar,scalar
i,x,Real component of complex array,"scalar, vector, matrix, multidimensional array"
i,y,Imaginary component of complex array,"scalar, vector, matrix, multidimensional array"
ichol,A,,
ichol,options,,
idivide,A,Numerator,"scalar, vector, matrix, multidimensional array"
idivide,B,Denominator,"scalar, vector, matrix, multidimensional array"
idivide,opt,Rounding option,"'fix', 'floor', 'ceil', 'round'"
ifft,Y,Input array,"vector, matrix, multidimensional array"
ifft,dim,Dimension to operate along,positive integer scalar
ifft,n,Inverse transform length,"[], nonnegative integer scalar"
ifft,symflag,Symmetry type,"'nonsymmetric', 'symmetric'"
ifft2,Y,Input array,"matrix, multidimensional array"
ifft2,m,Number of inverse transform rows,positive integer scalar
ifft2,n,Number of inverse transform columns,positive integer scalar
ifft2,symflag,Symmetry type,"'nonsymmetric', 'symmetric'"
ifftn,Y,Input array,"vector, matrix, multidimensional array"
ifftn,symflag,Symmetry type,"'nonsymmetric', 'symmetric'"
ifftn,sz,Lengths of inverse transform dimensions,vector of positive integers
ifftshift,Y,Input array,"vector, matrix, multidimensional array"
ifftshift,dim,Dimension to operate along,positive integer scalar
im2double,I,Input image,"scalar, vector, matrix, multidimensional array"
im2frame,RGB,Truecolor image,m-by-n-by-3 numeric array
im2frame,X,Indexed image,m-by-n matrix of integers
im2frame,map,Colormap,c-by-3 numeric matrix
im2gray,RGB,Truecolor image,"m-by-n-by-3 numeric array, m-by-n numeric array"
im2java,I,Grayscale image,m-by-n numeric matrix
im2java,RGB,RGB image,m-by-n-by-3 numeric array
im2java,X,Indexed image,m-by-n matrix of nonnegative integers
im2java,map,Colormap,c-by-3 matrix
imag,Z,Input array,"scalar, vector, matrix, multidimensional array"
image,C,Image color data,"vector or matrix, 3-D array of RGB triplets"
image,ax,Axes object,Axes object
image,x,Placement along x-axis,"[1 size(C,2)], two-element vector, scalar"
image,y,Placement along y-axis,"[1 size(C,1)], two-element vector, scalar"
imagesc,C,Image color data,vector or matrix
imagesc,ax,Axes object,Axes object
imagesc,clims,Color limits,two-element vector of form [cmin cmax]
imagesc,x,Placement along x-axis,"[1 size(C,2)], two-element vector, scalar"
imagesc,y,Placement along y-axis,"[1 size(C,1)], two-element vector, scalar"
imapprox,Q,Number of quantized colors,positive integer
imapprox,X,Indexed image with many colors,m-by-n matrix of nonnegative integers
imapprox,dithering,Perform dithering,"'dither', 'nodither'"
imapprox,inmap,Colormap with fewer colors,c-by-3 matrix
imapprox,map,Colormap with many colors,d-by-3 matrix
imapprox,tol,Tolerance,"number in the range [0, 1]"
imfinfo,filename,Name of graphics file,"character vector, string scalar"
imfinfo,fmt,Image format,"character vector, string scalar"
imformats,fmt,File format extension,"character vector, string scalar"
imformats,formatStruct,File format registry values,structure array
import,ClassName,Name of class,"string, character vector"
import,FunctionName,Name of package function,"string, character vector"
import,PackageName,Name of package,"string, character vector"
import,staticMethodName,Name of static method,"string, character vector"
importdata,delimiterIn,Column separator character,"character vector, string scalar"
importdata,filename,Name and extension of file to import,"character vector, string scalar"
importdata,headerlinesIn,Number of text header lines in ASCII file,nonnegative scalar integer
imread,filename,Name of graphics file,"character vector, string scalar"
imread,fmt,Image format,"character vector, string scalar"
imread,idx,Image to read,"integer scalar, vector of integers"
imresize,A,Image to be resized,"numeric array, logical array, categorical array"
imresize,X,Indexed image to be resized,"real, nonsparse numeric array"
imresize,[numrows numcols],Row and column dimensions of output image,two-element vector of positive numbers
imresize,map,Colormap associated with indexed image,c-by-3 numeric matrix
imresize,method,Interpolation method,"""bicubic"", character vector, string scalar, two-element cell array"
imresize,scale,Resize factor,positive number
imshow,BW,Input binary image,matrix
imshow,I,Input grayscale image,matrix
imshow,RGB,Input truecolor image,m-by-n-by-3 array
imshow,X,Indexed image,2-D matrix of positive integers
imshow,[low high],Grayscale image display range,two-element vector
imshow,filename,File name,character vector
imshow,map,Colormap,c-by-3 matrix
imtile,I,Multiframe image,numeric array
imtile,filenames,Names of files containing images,"f-by-1 string array, 1-by-f string array, character vector, cell array of character vectors"
imtile,images,List of images,"k-by-1 cell array, 1-by-k cell array"
imtile,imds,Image data store,ImageDatastore object
imtile,map,Colormap,c-by-3 numeric matrix
imwrite,A,Image data,matrix
imwrite,filename,Name of output file,"character vector, string scalar"
imwrite,fmt,Format of output file,"'bmp', 'gif', 'hdf', 'jpg', 'jp2'"
imwrite,map,Colormap of indexed image,m-by-3 array
ind2rgb,X,Indexed image,m-by-n matrix of integers
ind2rgb,map,Colormap,c-by-3 matrix
ind2sub,ind,Linear indices,"scalar, vector, matrix, multidimensional array"
ind2sub,sz,Size of array,vector of positive integers
info,arg,,
inline,N,Number of arguments,non-negative integer scalar
inline,"arg1,arg2,…,argN",Argument list,list of character vectors
inline,expr,Function expression,character vector
inmem,'-completenames',ordered,choices={'-completenames'}
innerjoin,Tleft,Left table,"table, timetable"
innerjoin,Tright,Right table,"table, timetable"
inpolygon,xq,x-coordinates of query points,"scalar, vector, matrix, multidimensional array"
inpolygon,xv,x-coordinates of polygon vertices,vector
inpolygon,yq,y-coordinates of query points,"scalar, vector, matrix, multidimensional array"
inpolygon,yv,y-coordinates of polygon vertices,vector
input,prompt,Text displayed to user,character vector
inputdlg,definput,Default input value or values,"{' '}, cell array of character vectors, string array"
inputdlg,dims,Text edit field height and width,"1, scalar, column vector, row vector, m x 2 array"
inputdlg,dlgtitle,Dialog box title,"'', character vector, string scalar"
inputdlg,opts,Dialog box settings,"'on', structure"
inputdlg,prompt,Text edit field labels,"'Input:', character vector, cell array of character vectors, string array"
inputname,argNumber,Number of function input argument,"scalar, real, positive integer value"
insertAfter,newText,Text to insert,"string array, character vector, cell array of character vectors"
insertAfter,pat,Text or pattern that marks start position,"string array, character vector, cell array of character vectors, pattern array (since R2020b)"
insertAfter,pos,Start position,numeric array
insertAfter,str,Input text,"string array, character vector, cell array of character vectors"
insertBefore,newText,Text to insert,"string array, character vector, cell array of character vectors"
insertBefore,pat,Text or pattern that marks end position,"string array, character vector, cell array of character vectors, pattern array (since R2020b)"
insertBefore,pos,End position,numeric array
insertBefore,str,Input text,"string array, character vector, cell array of character vectors"
inspect,varargin,,
instrcallback,event,required,char
instrcallback,obj,required,"icdevice, gpib, serial, tcpip, udp, visa, Bluetooth, i2c"
instrfind,varargin,,
instrfindall,BitRate,namevalue,"double, >=0"
instrfindall,BoardIndex,namevalue,"double, >=0"
instrfindall,BoardSerial,namevalue,char
instrfindall,ByteOrder,namevalue,"choices={'littleEndian','bigEndian'}"
instrfindall,InputBufferSize,namevalue,double
instrfindall,Name,namevalue,char
instrfindall,ObjectVisibility,namevalue,"choices={'on','off'}"
instrfindall,OutputBufferSize,namevalue,double
instrfindall,PullupResistors,namevalue,"choices={'both','none'}"
instrfindall,RecordDetail,namevalue,"choices={'compact','verbose'}"
instrfindall,RecordMode,namevalue,"choices={'overwrite','append','index'}"
instrfindall,RecordName,namevalue,char
instrfindall,RecordStatus,namevalue,"choices={'on','off'}"
instrfindall,RemoteAddress,namevalue,"char, double, >=0"
instrfindall,Status,namevalue,"choices={'open','closed'}"
instrfindall,Tag,namevalue,char
instrfindall,TargetPower,namevalue,"choices={'both','none'}"
instrfindall,Timeout,namevalue,"double, >=0"
instrfindall,TimerFcn,namevalue,"cell, char, function_handle"
instrfindall,TimerPeriod,namevalue,"double, >=0.01"
instrfindall,TransferStatus,namevalue,"choices={'idle','read','write'}"
instrfindall,Type,namevalue,choices={'i2c'}
instrfindall,UserData,namevalue,
instrfindall,obj,ordered,i2c
int2str,N,Input array,numeric matrix
integral,fun,Integrand,function handle
integral,xmax,Upper limit of x,"real number, complex number"
integral,xmin,Lower limit of x,"real number, complex number"
integral2,fun,Integrand,function handle
integral2,xmax,Upper limit of x,real number
integral2,xmin,Lower limit of x,real number
integral2,ymax,Upper limit of y,"real number, function handle"
integral2,ymin,Lower limit of y,"real number, function handle"
integral3,fun,Integrand,function handle
integral3,xmax,Upper limit of x,real number
integral3,xmin,Lower limit of x,real number
integral3,ymax,Upper limit of y,"real number, function handle"
integral3,ymin,Lower limit of y,"real number, function handle"
integral3,zmax,Upper limit of z,"real number, function handle"
integral3,zmin,Lower limit of z,"real number, function handle"
interp1,extrapolation,Extrapolation strategy,"'extrap', scalar value"
interp1,method,Interpolation method,"'linear', 'nearest', 'next', 'previous', 'pchip', 'cubic', 'v5cubic', 'makima', 'spline'"
interp1,v,Sample values,"vector, matrix, array"
interp1,x,Sample points,vector
interp1,xq,Query points,"scalar, vector, matrix, array"
interp1q,Y,Sample data,"column vector, matrix"
interp1q,x,Sample points,column vector
interp1q,xi,Query points,column vector
interp2,V,Sample values,matrix
interp2,"X,Y",Sample grid points,"matrices, vectors"
interp2,"Xq,Yq",Query points,"scalars, vectors, matrices, arrays"
interp2,extrapval,Function value outside domain of X and Y,scalar
interp2,k,Refinement factor,"1, real, nonnegative, integer scalar"
interp2,method,Interpolation method,"'linear', 'nearest', 'cubic', 'spline', 'makima'"
interp3,V,Sample values,array
interp3,"X,Y,Z",Sample grid points,"arrays, vectors"
interp3,"Xq,Yq,Zq",Query points,"scalars, vectors, arrays"
interp3,extrapval,"Function value outside domain of X, Y, and Z",scalar
interp3,k,Refinement factor,"1, real, nonnegative, integer scalar"
interp3,method,Interpolation method,"'linear', 'nearest', 'cubic', 'spline', 'makima'"
interpft,X,Input array,"vector, matrix, multidimensional array"
interpft,dim,Dimension to operate along,positive integer scalar
interpft,n,Number of points,positive integer scalar
interpn,V,Sample values,array
interpn,"X1,X2,...,Xn",Sample grid points,"arrays, vectors"
interpn,"Xq1,Xq2,...,Xqn",Query points,"scalars, vectors, arrays"
interpn,extrapval,"Function value outside domain of X1,X2,...,Xn",scalar
interpn,k,Refinement factor,"1, real, nonnegative, integer scalar"
interpn,method,Interpolation method,"'linear', 'nearest', 'pchip', 'cubic', 'spline', 'makima'"
interpstreamspeed,varargin,,
intmax,type,Integer type,"'int32', character vector, string"
intmin,classname,ordered · default 'int32',"char, choices={'int8', 'uint8', 'int16', 'uint16', 'int32', 'uint32', 'int64', 'uint64'}"
inv,X,Input matrix,square matrix
invhilb,classname,Matrix class,"'double', 'single'"
invhilb,n,Matrix order,"scalar, nonnegative integer"
ipermute,B,Input array,"vector, matrix, multidimensional array"
ipermute,dimorder,Dimension order,row vector
isDone,obj,System object to query,System object
isLocked,obj,System object to query,System object
isMATLABReleaseOlderThan,release,MATLAB release version,"string scalar, character vector"
isMATLABReleaseOlderThan,stage,MATLAB release version,"""release"", ""prerelease"""
isMATLABReleaseOlderThan,update,MATLAB release update number,numeric scalar
isStringScalar,A,Input array,array of any size and data type
isUnderlyingType,X,Input array or object,"variable, expression"
isUnderlyingType,typename,Name of data type to test,"character vector, string scalar"
isa,A,Input array,array
isa,dataType,Data type,"character vector, string scalar"
isa,typeCategory,Data type category,"'numeric', 'float', 'integer'"
isappdata,name,Name identifier,"character vector, string scalar"
isappdata,obj,Graphics object storing the data,"Figure object, Panel object, ButtonGroup object, UIControl object"
isbanded,A,Input array,numeric array
isbanded,lower,Lower bandwidth,nonnegative integer scalar
isbanded,upper,Upper bandwidth,nonnegative integer scalar
iscalendarduration,t,Input array,"scalar, vector, matrix, multidimensional array"
iscategorical,A,Input variable,workspace variable
iscell,A,Input array,array
iscellstr,A,Input array,"scalar, vector, matrix, multidimensional array"
ischange,A,Input data,"vector, matrix, multidimensional array, table, timetable"
ischange,dim,Operating dimension,positive integer scalar
ischange,method,Change detection method,"'mean', 'variance', 'linear'"
ischar,A,Input array,"scalar, vector, matrix, multidimensional array"
iscolumn,V,required,calendarDuration
iscom,c,COM object,function handle
isdatetime,t,Input array,"scalar, vector, matrix, multidimensional array"
isdiag,A,Input array,numeric array
isdir,folderName,Folder name,character vector
isduration,t,Input array,"scalar, vector, matrix, multidimensional array"
isempty,A,Input array,"scalar, vector, matrix, multidimensional array, table, timetable"
isenum,e,Input array,"scalar, vector, matrix, multidimensional array"
isequal,"A,B",Inputs to be compared (as separate arguments),arrays
isequal,"A1,A2,...,An",Series of inputs to be compared (as separate arguments),arrays
isequaln,"A,B",Inputs to be compared (as separate arguments),arrays
isequaln,"A1,A2,...,An",Series of inputs to be compared (as separate arguments),arrays
isevent,c,COM object,function handle
isevent,eventname,Event name,"string, character vector"
isfield,S,Structure array,structure array
isfield,field,Potential field names,"character vector, cell array of character vectors, string array"
isfile,fileName,File name,"string array, character vector, cell array of character vector"
isfinite,A,Input array,"scalar, vector, matrix, multidimensional array"
isfloat,A,Input array,"scalar, vector, matrix, multidimensional array"
isfolder,folderName,Folder name,"string array, character vector, cell array of character vector"
isgraphics,H,Input variable or expression,graphics object array
isgraphics,type,Object type,"character vector, string scalar"
ishermitian,A,Input matrix,numeric matrix
ishermitian,skewOption,Test type,"'nonskew', 'skew'"
ishold,ca,,
isinf,A,Input array,"scalar, vector, matrix, multidimensional array"
isinteger,A,Input array,"scalar, vector, matrix, multidimensional array"
isinterface,c,COM object,function handle
isjava,A,Input variable,any data type
iskeyword,s,,
isletter,A,Input array,"scalar, vector, matrix, multidimensional array"
islocalmax,A,Input data,"vector, matrix, multidimensional array, table, timetable"
islocalmax,dim,Operating dimension,positive integer scalar
islocalmin,A,Input data,"vector, matrix, multidimensional array, table, timetable"
islocalmin,dim,Operating dimension,positive integer scalar
ismatrix,A,Input array,"scalar, vector, matrix, multidimensional array"
ismembertol,A,Query array,"scalar, vector, matrix, multidimensional array"
ismembertol,B,Query array,"scalar, vector, matrix, multidimensional array"
ismembertol,tol,Comparison tolerance,positive real scalar
ismethod,methodName,Name of the method,character vector or string scalar
ismethod,obj,Object of the class defining the method,object of class
ismissing,A,Input data,"vector, matrix, multidimensional array, table, timetable"
ismissing,indicator,Missing value indicator,"scalar, vector, cell array"
isnan,A,Input array,"scalar, vector, matrix, multidimensional array"
isnumeric,A,Input array,"scalar, vector, matrix, multidimensional array"
isobject,a,,
isocaps,varargin,,
isocolors,varargin,,
isonormals,varargin,,
isosurface,V,Volume data,"vector, 3-D array"
isosurface,X,x-axis coordinates,"vector, 3-D array"
isosurface,Y,y-axis coordinate data,"vector, 3-D array"
isosurface,Z,z-axis coordinate data,"vector, 3-D array"
isosurface,colors,Color data,"vector, 3-D array"
isosurface,isovalue,specify Isovalue,scalar
isoutlier,A,Input data,"vector, matrix, multidimensional array, table, timetable"
isoutlier,dim,Dimension to operate along,positive integer scalar
isoutlier,method,Method for detecting outliers,"'median', 'mean', 'quartiles', 'grubbs', 'gesd'"
isoutlier,movmethod,Moving method,"'movmedian', 'movmean'"
isoutlier,threshold,Percentile thresholds,two-element row vector
isoutlier,window,Window length,"positive integer scalar, two-element vector of positive integers, positive duration scalar, two-element vector of positive durations"
ispref,group,Custom preference group name,"character vector, string scalar"
ispref,pref,Custom preference name,"character vector, cell array of character vectors, string array"
isprime,X,Input values,"scalar, vector, or array of real, nonnegative integer values"
isprop,PROP,required,"char, row, string, scalar"
isprop,T,required,tabular
isreal,A,Input array,"scalar, vector, matrix, multidimensional array"
isrow,V,required,calendarDuration
isscalar,A,Input array,"scalar, vector, matrix, multidimensional array"
issorted,A,Input array,"vector, matrix, multidimensional array, cell array of character vectors, timetable"
issorted,dim,Dimension to operate along,positive integer scalar
issorted,direction,Sorting direction,"'ascend', 'descend', 'monotonic', 'strictascend', 'strictdescend', 'strictmonotonic'"
issortedrows,A,Input array,"column vector, matrix"
issortedrows,column,Column sorting vector,"nonzero integer scalar, vector of nonzero integers"
issortedrows,direction,Sorting direction,"character vector, cell array of character vectors"
issortedrows,rowDimName,Name of first dimension of input table or timetable,character vector
issortedrows,tblA,Input table,"table, timetable"
issortedrows,vars,Sorting variables,"scalar integer, vector of integers, variable name, cell array of variable names, logical vector"
isspace,A,Input array,"scalar, vector, matrix, multidimensional array"
isstring,A,Input array,"scalar, vector, matrix, multidimensional array"
isstrprop,category,Character category,"'alpha', 'alphanum', 'cntrl', 'digit', 'graphic'"
isstrprop,str,Input array,"string array, character array, cell array of character vectors, numeric array"
isstrprop,tf,True or false,"1, 0"
isstruct,A,required,
issymmetric,A,Input matrix,numeric matrix
issymmetric,skewOption,Test type,"'nonskew', 'skew'"
istable,A,Input array,array
istabular,A,Input variable,any data type
istimetable,A,Input array,array
istril,A,Input array,numeric array
istriu,A,Input array,numeric array
isvarname,s,Potential variable name,"character vector, string"
isvector,A,Input array,"scalar, vector, matrix, multidimensional array"
j,a,Real component of complex scalar,scalar
j,b,Imaginary component of complex scalar,scalar
j,x,Real component of complex array,"scalar, vector, matrix, multidimensional array"
j,y,Imaginary component of complex array,"scalar, vector, matrix, multidimensional array"
javaArray,PackageName.ClassName,Java class name,"string, character vector"
javaArray,"x1,...,xN",Dimensions of array,integer
javaMethod,ClassName,Java class,"string, character vector"
javaMethod,JavaObj,Array,Java object
javaMethod,MethodName,Nonstatic Java method,"string, character vector"
javaMethod,StaticMethodName,Static Java method,"string, character vector"
javaMethod,"x1,...,xN",Java method input arguments,any type
javaMethodEDT,ClassName,Java class,"string, character vector"
javaMethodEDT,JavaObj,Array,Java object
javaMethodEDT,MethodName,Nonstatic Java method,"string, character vector"
javaMethodEDT,StaticMethodName,Static Java method,"string, character vector"
javaMethodEDT,"x1,...,xN",Java method input arguments,any type
javaObject,ClassName,Java class,"string, character vector"
javaObject,"x1,...,xN",Java constructor input arguments,any type
javaObjectEDT,ClassName,Java class,"string, character vector"
javaObjectEDT,"x1,...,xN",Java constructor input arguments,any type
javaaddpath,dpath,Folder or JAR file,"string, array of strings, character vector, cell array of character vectors"
javachk,component,Identifier,"string, character vector"
javachk,feature,Java feature,"'awt', 'desktop', 'jvm', 'swing'"
javaclasspath,dpath,Path entries,"string, array of strings, character vector, cell array of character vectors"
javaclasspath,"dpath1,dpath2",Path entries,"string, array of strings, character vector, cell array of character vectors"
javaclasspath,statusmsg,Message flag,"'-v0', '-v1'"
javarmpath,"dpath1,...,dpathN",Folders or JAR files,"string, character vector"
jenv,jrePath,JRE path,"string, character vector"
jenv,version,JRE version,"system, factory"
jet,m,Number of colors,"256, scalar integer value"
join,delimiter,Delimiting characters for joining strings,"' ', character vector, cell array of character vectors, string array"
join,dim,Dimension along which to join strings,positive integer
join,str,Input text,"string array, cell array of character vectors"
jsondecode,txt,JSON-formatted text,"string scalar, character vector"
jsonencode,data,MATLAB data,any supported MATLAB data type
kron,"A,B",Input matrices,"scalars, vectors, matrices"
lastwarn,newID,New identifier for last warning,"character vector, string scalar"
lastwarn,newMsg,New message for last warning,"character vector, string scalar"
lcm,"A,B",Input values,"scalars, vectors, or arrays of real, positive integer values"
ldivide,A,Operands,"scalars, vectors, matrices, multidimensional arrays"
ldivide,B,Operands,"scalars, vectors, matrices, multidimensional arrays"
ldl,A,required,"numeric, square"
ldl,shape,flag,"char, choices={'matrix','vector'}"
ldl,type,flag,"char, choices={'lower','upper'}"
le,A,Operands,"scalars, vectors, matrices, multidimensional arrays"
le,B,Operands,"scalars, vectors, matrices, multidimensional arrays"
legend,bkgd,Legend box display,"'boxon', 'boxoff'"
legend,"label1,...,labelN",Labels (as separate arguments),"character vectors, strings"
legend,labels,Labels (as an array),"cell array of character vectors, string array, categorical array"
legend,lcn,Legend location,"'north', 'south', 'east', 'west', 'northeast'"
legend,ornt,Orientation,"'vertical', 'horizontal'"
legend,subset,Data series to include in legend,vector of graphics objects
legend,target,Target for legend,"Axes object, PolarAxes object, GeographicAxes object, standalone visualization"
legend,vsbl,Legend visibility,"'hide', 'show', 'toggle'"
legendre,X,Input values,"scalar, vector, matrix, multidimensional array"
legendre,n,Degree of Legendre function,positive integer
legendre,normalization,Normalization type,"'unnorm', 'sch', 'norm'"
length,X,Input array,"scalar, vector, matrix, multidimensional array"
letterBoundary,type,Boundary type,"'either', 'start', 'end'"
lettersPattern,N,Exact number of characters to match,nonnegative integer scalar
lettersPattern,maxCharacters,Maximum number of characters to match,nonnegative integer scalar
lettersPattern,minCharacters,Minimum number of characters to match,nonnegative integer scalar
libfunctions,libname,Name of shared library,character vector
libfunctionsview,libname,Name of shared library,character vector
libisloaded,libname,Name of shared library,character vector
libpointer,DataType,Type of pointer,character vector
libpointer,Value,Value for pointer object,any valid value
libstruct,mlstruct,MATLAB structure,structure
libstruct,structtype,C structure,structure
license,feature,License feature name,character vector
license,toggle,Ability to test license,"'enable', 'disable'"
lightangle,az,,
lightangle,el,,
lightangle,h,,
lighting,ax,ordered,matlab.graphics.axis.Axes
lighting,style,required,"choices={'flat','gouraud','none'}"
lin2mu,y,required,numeric
line,ax,Target axes,"Axes object, PolarAxes object, GeographicAxes object"
line,x,First coordinate,"vector, matrix"
line,y,Second coordinate,"vector, matrix"
line,z,Third coordinate,"vector, matrix"
lineBoundary,type,Boundary type,"'either', 'start', 'end'"
lines,m,Number of colors,"256, scalar integer value"
linkaxes,ax,Target axes,vector of Axes objects
linkaxes,dimension,Limits to synchronize,"'xy', 'x', 'y', 'off'"
linkprop,h,,
linkprop,p,,
linkprop,varargin,,
linsolve,A,Coefficient matrix,matrix
linsolve,B,Input array,"vector, matrix"
linsolve,opts,Coefficient matrix properties,structure
linspace,n,Number of points,"100, real numeric scalar"
linspace,"x1,x2",Point interval,pair of numeric scalars
listLength,indexContext,Context in which indexing operation occurs,matlab.indexing.IndexingContext object
listLength,indexOp,Types of indexing operations and indices referenced,array of IndexingOperation objects
listLength,obj,Object being indexed into,object
listdlg,list,list of items,"character vector, cell array of character vectors, string array"
listfonts,obj,Graphics object,graphics object
load,filename,Name of file,"matlab.mat, character vector, string scalar"
load,variables,Names of variables to load,"character vector, string scalar"
loadlibrary,hfile,Name of C header file,character vector
loadlibrary,libname,Name of shared library,character vector
loadlibrary,protofile,Name of prototype file,character vector
loadobj,a,,
log,X,Input array,"scalar, vector, matrix, multidimensional array"
log10,X,Input array,"scalar, vector, matrix, multidimensional array"
log2,X,Input matrix,"scalar, vector, matrix, multidimensional array"
logical,A,Input array,"scalar, vector, matrix, multidimensional array"
loglog,LineSpec,"Line style, marker, and color","character vector, string"
loglog,X,x-coordinates,"scalar, vector, matrix"
loglog,Y,y-coordinates,"scalar, vector, matrix"
loglog,ax,Target axes,Axes object
logm,A,Input matrix,square matrix
logspace,a,First bound,numeric scalar
logspace,b,Second bound,numeric scalar
logspace,n,Number of points,"50, real numeric scalar"
lookAheadBoundary,pat,Input pattern,"pattern array, string array, character vector, cell array of character vectors"
lookBehindBoundary,pat,Input pattern,"pattern array, string array, character vector, cell array of character vectors"
lookfor,keyword,Keyword to search for,"character vector, string scalar"
lower,str,Input array,"string array, character array, cell array of character vectors"
ls,name,Name of file or folder,"character vector, string scalar"
lscov,A,required,numeric
lscov,V,positional,numeric
lscov,alg,ordered,"char, choices={'chol','orth'}"
lscov,b,required,numeric
lsqminnorm,A,Coefficient matrix,matrix
lsqminnorm,B,Input array,"vector, matrix"
lsqminnorm,rankWarn,Warning toggle for low-rank matrices,"'nowarn', 'warn'"
lsqminnorm,tol,Rank tolerance,nonnegative scalar
lsqnonneg,C,Linear multiplier,real matrix
lsqnonneg,d,Additive term,real vector
lsqnonneg,options,Optimization options,structure such as optimset returns
lsqnonneg,problem,Problem structure,structure
lsqr,A,Coefficient matrix,"matrix, function handle"
lsqr,M,Preconditioner matrices (as separate arguments),"eye(size(A)), matrices, function handles"
lsqr,M1,Preconditioner matrices (as separate arguments),"eye(size(A)), matrices, function handles"
lsqr,M2,Preconditioner matrices (as separate arguments),"eye(size(A)), matrices, function handles"
lsqr,b,Right-hand side of linear equation,column vector
lsqr,maxit,Maximum number of iterations,"[] or min(size(A,1),20), positive scalar integer"
lsqr,tol,Method tolerance,"[] or 1e-6, positive scalar"
lsqr,x0,Initial guess,"[] or a column vector of zeros, column vector"
lt,A,Operands,"scalars, vectors, matrices, multidimensional arrays"
lt,B,Operands,"scalars, vectors, matrices, multidimensional arrays"
lu,A,Input matrix,matrix
lu,S,Sparse input matrix,sparse matrix
lu,outputForm,Shape of permutation outputs,"'matrix', 'vector'"
lu,thresh,Pivoting thresholds for sparse matrices,"scalar, two-element vector"
magic,n,Matrix order,scalar integer
makehgtform,transform,ordered,"char, choices={'translate','scale','xrotate','yrotate','zrotate','axisrotate'}"
makima,x,Sample points,vector
makima,xq,Query points,"scalar, vector, matrix, array"
makima,y,Function values at sample points,"vector, matrix, array"
mapreduce,ds,Input datastore,datastore object
mapreduce,mapfun,Function handle to map function,function handle
mapreduce,mr,Execution environment,MapReducer object
mapreduce,reducefun,Function handle to reduce function,function handle
mapreducer,ObjectVisibility,namevalue,"char, choices={'Off'}"
mapreducer,mr,ordered,"choices={0}, matlab.mapreduce.MapReducer, parallel.Pool, parallel.cluster.Hadoop"
maskedPattern,mask,Masked pattern name,"string array, character vector, cell array of character vectors"
maskedPattern,pat,Input pattern,"pattern array, string array, character vector, cell array of character vectors"
mat2cell,A,Input array,array
mat2cell,"dim1Dist,...,dimNDist",Distributions of input array elements,numeric vectors
mat2cell,rowDist,Distribution by rows,numeric vector
mat2str,X,Input array,numeric matrix
mat2str,n,Digits of precision,positive integer
matches,pat,Search pattern,"string array, character vector, cell array of character vectors, pattern array (since R2020b)"
matches,str,Input text,"string array, character vector, cell array of character vectors"
matchpairs,Cost,Cost matrix,matrix
matchpairs,costUnmatched,Cost of not matching,scalar
matchpairs,goal,Optimization goal,"'min', 'max'"
material,ax,ordered,matlab.graphics.axis.Axes
material,properties,required,"numeric, vector, numel=3, numeric, vector, numel=4, numeric, vector, numel=5"
matlab (Linux),option1 ... optionN,One or more start-up options,strings
matlab (Windows),option1 ... optionN,One or more startup options,strings
matlab (macOS),option1 ... optionN,One or more startup options,strings
matlab.System.nargin,obj,System object,System object
matlab.System.nargout,obj,System object,System object
matlab.addons.disableAddon,identifier,Unique identifier of add-on,"character vector, string"
matlab.addons.disableAddon,name,Name of add-on,"character vector, string"
matlab.addons.disableAddon,version,Version of add-on,"character vector, string"
matlab.addons.enableAddon,identifier,Unique identifier of add-on,"character vector, string"
matlab.addons.enableAddon,name,Name of add-on,"character vector, string"
matlab.addons.enableAddon,version,Version of add-on,"character vector, string"
matlab.addons.install,agreeToLicense,Whether to accept license agreement,"true, false"
matlab.addons.install,fileName,File name,"character vector, string"
matlab.addons.install,installOption,Whether to overwrite or add the add-on,"'overwrite', 'add'"
matlab.addons.isAddonEnabled,identifier,Unique identifier of add-on,"character vector, string"
matlab.addons.isAddonEnabled,name,Name of add-on,"character vector, string"
matlab.addons.isAddonEnabled,version,Version of add-on,"character vector, string"
matlab.addons.toolbox.installToolbox,agreeToLicense,Indicator to accept license agreement,"false, true"
matlab.addons.toolbox.installToolbox,toolboxFile,Name of toolbox file,"character vector, string scalar"
matlab.addons.toolbox.packageToolbox,outputFile,Name of output MATLAB toolbox file,"character vector, string scalar"
matlab.addons.toolbox.packageToolbox,projectFile,Name of toolbox project file,"character vector, string scalar"
matlab.addons.toolbox.toolboxVersion,newVersion,New toolbox version number,"character vector, string scalar"
matlab.addons.toolbox.toolboxVersion,toolboxFile,Name of toolbox file,"character vector, string scalar"
matlab.addons.toolbox.uninstallToolbox,installedToolbox,Information about toolbox to uninstall,structure
matlab.addons.uninstall,identifier,Unique identifier of add-on,"character vector, string"
matlab.addons.uninstall,name,Name of add-on,"character vector, string"
matlab.addons.uninstall,version,Version of add-on,"character vector, string"
matlab.apputil.create,prjfile,Full or partial path to the .prj file,"character vector, string scalar"
matlab.apputil.install,appfile,Full or partial path to .mlappinstall file,"character vector, string scalar"
matlab.apputil.package,prjfile,Full or partial path to app project (.prj) file,"character vector, string scalar"
matlab.apputil.run,appid,ID of custom app,"character vector, string scalar"
matlab.apputil.uninstall,appid,ID of app,"character vector, string scalar"
matlab.codetools.requiredFilesAndProducts,files,List of files for analysis,"character vector, cell array of character vectors, string array"
matlab.engine.connect_matlab,async,Start MATLAB synchronously or asynchronously,"False, logical"
matlab.engine.connect_matlab,background,Start MATLAB synchronously or asynchronously,"False, logical"
matlab.engine.connect_matlab,name,Name of shared MATLAB session,character array
matlab.engine.shareEngine,name,Name for shared MATLAB session,"character array, string"
matlab.engine.start_matlab,async,Start MATLAB synchronously or asynchronously,"False, logical"
matlab.engine.start_matlab,background,Start MATLAB synchronously or asynchronously,"False, logical"
matlab.engine.start_matlab,option,Startup options for MATLAB process,"'-nodesktop', string"
matlab.io.fits.closeFile,fptr,,
matlab.io.fits.copyHDU,infptr,,
matlab.io.fits.copyHDU,outfptr,,
matlab.io.fits.createFile,filename,,
matlab.io.fits.createImg,bitpix,,
matlab.io.fits.createImg,fptr,,
matlab.io.fits.createImg,naxes,,
matlab.io.fits.createTbl,extname,,
matlab.io.fits.createTbl,fptr,,
matlab.io.fits.createTbl,nrows,,
matlab.io.fits.createTbl,tbltype,,
matlab.io.fits.createTbl,tform,,
matlab.io.fits.createTbl,ttype,,
matlab.io.fits.createTbl,tunit,,
matlab.io.fits.deleteCol,colnum,,
matlab.io.fits.deleteCol,fptr,,
matlab.io.fits.deleteFile,fptr,,
matlab.io.fits.deleteHDU,fptr,,
matlab.io.fits.deleteKey,fptr,,
matlab.io.fits.deleteKey,keyname,,
matlab.io.fits.deleteRecord,fptr,,
matlab.io.fits.deleteRecord,keynum,,
matlab.io.fits.deleteRows,firstrow,,
matlab.io.fits.deleteRows,fptr,,
matlab.io.fits.deleteRows,nrows,,
matlab.io.fits.fileMode,fptr,,
matlab.io.fits.fileName,fptr,,
matlab.io.fits.getAColParms,colnum,,
matlab.io.fits.getAColParms,fptr,,
matlab.io.fits.getBColParms,colnum,,
matlab.io.fits.getBColParms,fptr,,
matlab.io.fits.getColName,casesen,,
matlab.io.fits.getColName,fptr,,
matlab.io.fits.getColName,templt,,
matlab.io.fits.getColType,colnum,,
matlab.io.fits.getColType,fptr,,
matlab.io.fits.getConstantValue,s,,
matlab.io.fits.getEqColType,colnum,,
matlab.io.fits.getEqColType,fptr,,
matlab.io.fits.getHDUnum,fptr,,
matlab.io.fits.getHDUtype,fptr,,
matlab.io.fits.getHdrSpace,fptr,,
matlab.io.fits.getImgSize,fptr,,
matlab.io.fits.getImgType,fptr,,
matlab.io.fits.getNumCols,fptr,,
matlab.io.fits.getNumHDUs,fptr,,
matlab.io.fits.getNumRows,fptr,,
matlab.io.fits.imgCompress,infptr,,
matlab.io.fits.imgCompress,outfptr,,
matlab.io.fits.insertATbl,extname,,
matlab.io.fits.insertATbl,fptr,,
matlab.io.fits.insertATbl,nrows,,
matlab.io.fits.insertATbl,rowlen,,
matlab.io.fits.insertATbl,tbcol,,
matlab.io.fits.insertATbl,tform,,
matlab.io.fits.insertATbl,ttype,,
matlab.io.fits.insertATbl,tunit,,
matlab.io.fits.insertBTbl,extname,,
matlab.io.fits.insertBTbl,fptr,,
matlab.io.fits.insertBTbl,nrows,,
matlab.io.fits.insertBTbl,pcount,,
matlab.io.fits.insertBTbl,tform,,
matlab.io.fits.insertBTbl,ttype,,
matlab.io.fits.insertBTbl,tunit,,
matlab.io.fits.insertCol,colnum,,
matlab.io.fits.insertCol,fptr,,
matlab.io.fits.insertCol,tform,,
matlab.io.fits.insertCol,ttype,,
matlab.io.fits.insertImg,bitpix,,
matlab.io.fits.insertImg,fptr,,
matlab.io.fits.insertImg,naxes,,
matlab.io.fits.insertRows,firstrow,,
matlab.io.fits.insertRows,fptr,,
matlab.io.fits.insertRows,nrows,,
matlab.io.fits.isCompressedImg,fptr,,
matlab.io.fits.movAbsHDU,fptr,,
matlab.io.fits.movAbsHDU,hdunum,,
matlab.io.fits.movNamHDU,extname,,
matlab.io.fits.movNamHDU,extver,,
matlab.io.fits.movNamHDU,fptr,,
matlab.io.fits.movNamHDU,hdutype,,
matlab.io.fits.movRelHDU,fptr,,
matlab.io.fits.movRelHDU,nmove,,
matlab.io.fits.openDiskFile,filename,Name of file to read,character vector
matlab.io.fits.openDiskFile,mode,File access type,"'readonly', 'readwrite'"
matlab.io.fits.openFile,filename,,
matlab.io.fits.openFile,mode,,
matlab.io.fits.readATblHdr,fptr,,
matlab.io.fits.readBTblHdr,fptr,,
matlab.io.fits.readCard,fptr,,
matlab.io.fits.readCard,keyname,,
matlab.io.fits.readCol,colnum,,
matlab.io.fits.readCol,firstrow,,
matlab.io.fits.readCol,fptr,,
matlab.io.fits.readCol,numrows,,
matlab.io.fits.readImg,fpixel,,
matlab.io.fits.readImg,fptr,,
matlab.io.fits.readImg,inc,,
matlab.io.fits.readImg,lpixel,,
matlab.io.fits.readKey,fptr,,
matlab.io.fits.readKey,keyname,,
matlab.io.fits.readKeyCmplx,fptr,,
matlab.io.fits.readKeyCmplx,keyname,,
matlab.io.fits.readKeyDbl,fptr,,
matlab.io.fits.readKeyDbl,keyname,,
matlab.io.fits.readKeyLongLong,fptr,,
matlab.io.fits.readKeyLongLong,keyname,,
matlab.io.fits.readKeyLongStr,fptr,,
matlab.io.fits.readKeyLongStr,keyname,,
matlab.io.fits.readKeyUnit,fptr,,
matlab.io.fits.readKeyUnit,keyname,,
matlab.io.fits.readRecord,fptr,,
matlab.io.fits.readRecord,keynum,,
matlab.io.fits.setBscale,bscale,,
matlab.io.fits.setBscale,bzero,,
matlab.io.fits.setBscale,fptr,,
matlab.io.fits.setCompressionType,comptype,,
matlab.io.fits.setCompressionType,fptr,,
matlab.io.fits.setHCompScale,fptr,,
matlab.io.fits.setHCompScale,scale,,
matlab.io.fits.setHCompSmooth,fptr,,
matlab.io.fits.setHCompSmooth,smooth,,
matlab.io.fits.setTileDim,fptr,,
matlab.io.fits.setTileDim,tilesize,,
matlab.io.fits.setTscale,colnum,,
matlab.io.fits.setTscale,fptr,,
matlab.io.fits.setTscale,tscale,,
matlab.io.fits.setTscale,tzero,,
matlab.io.fits.writeChecksum,fptr,,
matlab.io.fits.writeCol,coldata,,
matlab.io.fits.writeCol,colnum,,
matlab.io.fits.writeCol,firstrow,,
matlab.io.fits.writeCol,fptr,,
matlab.io.fits.writeComment,comment,,
matlab.io.fits.writeComment,fptr,,
matlab.io.fits.writeDate,fptr,,
matlab.io.fits.writeHistory,fptr,,
matlab.io.fits.writeHistory,history,,
matlab.io.fits.writeImg,data,,
matlab.io.fits.writeImg,fpixel,,
matlab.io.fits.writeImg,fptr,,
matlab.io.fits.writeKey,comment,,
matlab.io.fits.writeKey,decimals,,
matlab.io.fits.writeKey,fptr,,
matlab.io.fits.writeKey,keyname,,
matlab.io.fits.writeKey,value,,
matlab.io.fits.writeKeyUnit,fptr,,
matlab.io.fits.writeKeyUnit,keyname,,
matlab.io.fits.writeKeyUnit,unit,,
matlab.io.hdf4.sd.attrInfo,idx,,
matlab.io.hdf4.sd.attrInfo,objID,,
matlab.io.hdf4.sd.close,sdID,,
matlab.io.hdf4.sd.create,datatype,,
matlab.io.hdf4.sd.create,dims,,
matlab.io.hdf4.sd.create,name,,
matlab.io.hdf4.sd.create,sdID,,
matlab.io.hdf4.sd.dimInfo,dimID,,
matlab.io.hdf4.sd.endAccess,sdsID,,
matlab.io.hdf4.sd.fileInfo,sdID,,
matlab.io.hdf4.sd.findAttr,attrName,,
matlab.io.hdf4.sd.findAttr,objID,,
matlab.io.hdf4.sd.getCal,sdsID,,
matlab.io.hdf4.sd.getChunkInfo,sdsID,,
matlab.io.hdf4.sd.getCompInfo,sdsID,,
matlab.io.hdf4.sd.getDataStrs,maxlen,,
matlab.io.hdf4.sd.getDataStrs,sdsID,,
matlab.io.hdf4.sd.getDimID,rDimNumber,,
matlab.io.hdf4.sd.getDimID,sdsID,,
matlab.io.hdf4.sd.getDimScale,dimID,,
matlab.io.hdf4.sd.getDimStrs,dimID,,
matlab.io.hdf4.sd.getFilename,sdID,,
matlab.io.hdf4.sd.getFillValue,sdsID,,
matlab.io.hdf4.sd.getInfo,sdsID,,
matlab.io.hdf4.sd.getRange,sdsID,,
matlab.io.hdf4.sd.idToRef,sdsID,,
matlab.io.hdf4.sd.idType,objID,,
matlab.io.hdf4.sd.isCoordVar,sdsID,,
matlab.io.hdf4.sd.isRecord,sdsID,,
matlab.io.hdf4.sd.nameToIndex,sdID,,
matlab.io.hdf4.sd.nameToIndex,sdsName,,
matlab.io.hdf4.sd.nameToIndices,name,,
matlab.io.hdf4.sd.nameToIndices,sdID,,
matlab.io.hdf4.sd.readAttr,idx,,
matlab.io.hdf4.sd.readAttr,objID,,
matlab.io.hdf4.sd.readChunk,origin,,
matlab.io.hdf4.sd.readChunk,sdsID,,
matlab.io.hdf4.sd.readData,count,,
matlab.io.hdf4.sd.readData,sdsID,,
matlab.io.hdf4.sd.readData,start,,
matlab.io.hdf4.sd.readData,stride,,
matlab.io.hdf4.sd.refToIndex,ref,,
matlab.io.hdf4.sd.refToIndex,sdID,,
matlab.io.hdf4.sd.select,idx,,
matlab.io.hdf4.sd.select,sdID,,
matlab.io.hdf4.sd.setAttr,attrData,,
matlab.io.hdf4.sd.setAttr,name,,
matlab.io.hdf4.sd.setAttr,objID,,
matlab.io.hdf4.sd.setCal,cal,,
matlab.io.hdf4.sd.setCal,calErr,,
matlab.io.hdf4.sd.setCal,datatype,,
matlab.io.hdf4.sd.setCal,offset,,
matlab.io.hdf4.sd.setCal,offsetErr,,
matlab.io.hdf4.sd.setCal,sdsID,,
matlab.io.hdf4.sd.setChunk,chunkDims,,
matlab.io.hdf4.sd.setChunk,compParm,,
matlab.io.hdf4.sd.setChunk,compType,,
matlab.io.hdf4.sd.setChunk,sdsID,,
matlab.io.hdf4.sd.setCompress,compParm,,
matlab.io.hdf4.sd.setCompress,compType,,
matlab.io.hdf4.sd.setCompress,sdsID,,
matlab.io.hdf4.sd.setDataStrs,coordsys,,
matlab.io.hdf4.sd.setDataStrs,format,,
matlab.io.hdf4.sd.setDataStrs,label,,
matlab.io.hdf4.sd.setDataStrs,sdsID,,
matlab.io.hdf4.sd.setDataStrs,unit,,
matlab.io.hdf4.sd.setDimName,dimID,,
matlab.io.hdf4.sd.setDimName,name,,
matlab.io.hdf4.sd.setDimScale,dimID,,
matlab.io.hdf4.sd.setDimScale,scaleData,,
matlab.io.hdf4.sd.setDimStrs,dimID,,
matlab.io.hdf4.sd.setDimStrs,format,,
matlab.io.hdf4.sd.setDimStrs,label,,
matlab.io.hdf4.sd.setDimStrs,unit,,
matlab.io.hdf4.sd.setExternalFile,filename,,
matlab.io.hdf4.sd.setExternalFile,offset,,
matlab.io.hdf4.sd.setExternalFile,sdsID,,
matlab.io.hdf4.sd.setFillMode,fillMode,,
matlab.io.hdf4.sd.setFillMode,sdID,,
matlab.io.hdf4.sd.setFillValue,fillvalue,,
matlab.io.hdf4.sd.setFillValue,sdsID,,
matlab.io.hdf4.sd.setNBitDataSet,bitLen,,
matlab.io.hdf4.sd.setNBitDataSet,ext,,
matlab.io.hdf4.sd.setNBitDataSet,fillone,,
matlab.io.hdf4.sd.setNBitDataSet,sdsID,,
matlab.io.hdf4.sd.setNBitDataSet,startBit,,
matlab.io.hdf4.sd.setRange,maxval,,
matlab.io.hdf4.sd.setRange,minval,,
matlab.io.hdf4.sd.setRange,sdsID,,
matlab.io.hdf4.sd.start,access,,
matlab.io.hdf4.sd.start,filename,,
matlab.io.hdf4.sd.writeChunk,data,,
matlab.io.hdf4.sd.writeChunk,fortran_origin,,
matlab.io.hdf4.sd.writeChunk,sdsID,,
matlab.io.hdf4.sd.writeData,sdsID,,
matlab.io.hdf4.sd.writeData,varargin,,
matlab.io.hdfeos.gd.attach,gfid,,
matlab.io.hdfeos.gd.attach,gridname,,
matlab.io.hdfeos.gd.close,gfid,,
matlab.io.hdfeos.gd.compInfo,fieldName,,
matlab.io.hdfeos.gd.compInfo,gridID,,
matlab.io.hdfeos.gd.create,gfid,,
matlab.io.hdfeos.gd.create,gridname,,
matlab.io.hdfeos.gd.create,lowright,,
matlab.io.hdfeos.gd.create,upleft,,
matlab.io.hdfeos.gd.create,xdimsize,,
matlab.io.hdfeos.gd.create,ydimsize,,
matlab.io.hdfeos.gd.defBoxRegion,cornerLat,,
matlab.io.hdfeos.gd.defBoxRegion,cornerLon,,
matlab.io.hdfeos.gd.defBoxRegion,gridID,,
matlab.io.hdfeos.gd.defComp,compParm,,
matlab.io.hdfeos.gd.defComp,compScheme,,
matlab.io.hdfeos.gd.defComp,gridID,,
matlab.io.hdfeos.gd.defDim,dimlen,,
matlab.io.hdfeos.gd.defDim,dimname,,
matlab.io.hdfeos.gd.defDim,gid,,
matlab.io.hdfeos.gd.defField,dtype,,
matlab.io.hdfeos.gd.defField,gridID,,
matlab.io.hdfeos.gd.defField,idimlist,,
matlab.io.hdfeos.gd.defField,mergeCode,,
matlab.io.hdfeos.gd.defField,name,,
matlab.io.hdfeos.gd.defOrigin,gridID,,
matlab.io.hdfeos.gd.defOrigin,originCode,,
matlab.io.hdfeos.gd.defPixReg,gridID,,
matlab.io.hdfeos.gd.defPixReg,pixRegCode,,
matlab.io.hdfeos.gd.defProj,gridID,,
matlab.io.hdfeos.gd.defProj,projCode,,
matlab.io.hdfeos.gd.defProj,projParm,,
matlab.io.hdfeos.gd.defProj,sphereCode,,
matlab.io.hdfeos.gd.defProj,zoneCode,,
matlab.io.hdfeos.gd.defTile,gridID,,
matlab.io.hdfeos.gd.defTile,tileDims,,
matlab.io.hdfeos.gd.defVrtRegion,gridID,,
matlab.io.hdfeos.gd.defVrtRegion,regionID,,
matlab.io.hdfeos.gd.defVrtRegion,vobj,,
matlab.io.hdfeos.gd.defVrtRegion,vrange,,
matlab.io.hdfeos.gd.detach,gridID,,
matlab.io.hdfeos.gd.dimInfo,dimname,,
matlab.io.hdfeos.gd.dimInfo,gridID,,
matlab.io.hdfeos.gd.extractRegion,fieldName,,
matlab.io.hdfeos.gd.extractRegion,gridID,,
matlab.io.hdfeos.gd.extractRegion,regionID,,
matlab.io.hdfeos.gd.fieldInfo,fieldName,,
matlab.io.hdfeos.gd.fieldInfo,gridID,,
matlab.io.hdfeos.gd.getFillValue,fieldname,,
matlab.io.hdfeos.gd.getFillValue,gridID,,
matlab.io.hdfeos.gd.getPixValues,cols,,
matlab.io.hdfeos.gd.getPixValues,fieldName,,
matlab.io.hdfeos.gd.getPixValues,gridID,,
matlab.io.hdfeos.gd.getPixValues,rows,,
matlab.io.hdfeos.gd.getPixels,gridID,,
matlab.io.hdfeos.gd.getPixels,lat,,
matlab.io.hdfeos.gd.getPixels,lon,,
matlab.io.hdfeos.gd.gridInfo,gridID,,
matlab.io.hdfeos.gd.ij2ll,col,,
matlab.io.hdfeos.gd.ij2ll,gridID,,
matlab.io.hdfeos.gd.ij2ll,row,,
matlab.io.hdfeos.gd.inqAttrs,gridID,,
matlab.io.hdfeos.gd.inqDims,gridID,,
matlab.io.hdfeos.gd.inqFields,gridID,,
matlab.io.hdfeos.gd.inqGrid,filename,,
matlab.io.hdfeos.gd.interpolate,fieldName,,
matlab.io.hdfeos.gd.interpolate,gridID,,
matlab.io.hdfeos.gd.interpolate,lat,,
matlab.io.hdfeos.gd.interpolate,lon,,
matlab.io.hdfeos.gd.ll2ij,gridID,,
matlab.io.hdfeos.gd.ll2ij,lat,,
matlab.io.hdfeos.gd.ll2ij,lon,,
matlab.io.hdfeos.gd.nEntries,enttype,,
matlab.io.hdfeos.gd.nEntries,gridID,,
matlab.io.hdfeos.gd.open,access,,
matlab.io.hdfeos.gd.open,filename,,
matlab.io.hdfeos.gd.originInfo,gridID,,
matlab.io.hdfeos.gd.pixRegInfo,gridID,,
matlab.io.hdfeos.gd.projInfo,gridID,,
matlab.io.hdfeos.gd.readAttr,attrName,,
matlab.io.hdfeos.gd.readAttr,gridID,,
matlab.io.hdfeos.gd.readBlkSomOffset,gridID,,
matlab.io.hdfeos.gd.readField,count,,
matlab.io.hdfeos.gd.readField,fieldName,,
matlab.io.hdfeos.gd.readField,gridID,,
matlab.io.hdfeos.gd.readField,start,,
matlab.io.hdfeos.gd.readField,stride,,
matlab.io.hdfeos.gd.readTile,fieldName,,
matlab.io.hdfeos.gd.readTile,gridID,,
matlab.io.hdfeos.gd.readTile,tilecoords,,
matlab.io.hdfeos.gd.regionInfo,fieldName,,
matlab.io.hdfeos.gd.regionInfo,gridID,,
matlab.io.hdfeos.gd.regionInfo,regionID,,
matlab.io.hdfeos.gd.setFillValue,fieldName,,
matlab.io.hdfeos.gd.setFillValue,fillValue,,
matlab.io.hdfeos.gd.setFillValue,gridID,,
matlab.io.hdfeos.gd.setTileComp,compCode,,
matlab.io.hdfeos.gd.setTileComp,compParm,,
matlab.io.hdfeos.gd.setTileComp,fieldName,,
matlab.io.hdfeos.gd.setTileComp,gridID,,
matlab.io.hdfeos.gd.setTileComp,tileSize,,
matlab.io.hdfeos.gd.sphereCodeToName,code,,
matlab.io.hdfeos.gd.sphereNameToCode,name,,
matlab.io.hdfeos.gd.tileInfo,fieldName,,
matlab.io.hdfeos.gd.tileInfo,gridID,,
matlab.io.hdfeos.gd.writeAttr,attrName,,
matlab.io.hdfeos.gd.writeAttr,data,,
matlab.io.hdfeos.gd.writeAttr,gridID,,
matlab.io.hdfeos.gd.writeBlkSomOffset,gridID,,
matlab.io.hdfeos.gd.writeBlkSomOffset,offset,,
matlab.io.hdfeos.gd.writeField,fieldName,,
matlab.io.hdfeos.gd.writeField,gridID,,
matlab.io.hdfeos.gd.writeField,varargin,,
matlab.io.hdfeos.gd.writeTile,data,,
matlab.io.hdfeos.gd.writeTile,fieldName,,
matlab.io.hdfeos.gd.writeTile,gridID,,
matlab.io.hdfeos.gd.writeTile,tilecoords,,
matlab.io.hdfeos.sw.attach,swathname,,
matlab.io.hdfeos.sw.attach,swfid,,
matlab.io.hdfeos.sw.close,swfid,,
matlab.io.hdfeos.sw.compInfo,fieldName,,
matlab.io.hdfeos.sw.compInfo,swathID,,
matlab.io.hdfeos.sw.create,swathname,,
matlab.io.hdfeos.sw.create,swfid,,
matlab.io.hdfeos.sw.defBoxRegion,cornerlat,,
matlab.io.hdfeos.sw.defBoxRegion,cornerlon,,
matlab.io.hdfeos.sw.defBoxRegion,mode,,
matlab.io.hdfeos.sw.defBoxRegion,swathID,,
matlab.io.hdfeos.sw.defComp,compParm,,
matlab.io.hdfeos.sw.defComp,compScheme,,
matlab.io.hdfeos.sw.defComp,swathID,,
matlab.io.hdfeos.sw.defDataField,dtype,,
matlab.io.hdfeos.sw.defDataField,idimlist,,
matlab.io.hdfeos.sw.defDataField,mergeCode,,
matlab.io.hdfeos.sw.defDataField,name,,
matlab.io.hdfeos.sw.defDataField,swathID,,
matlab.io.hdfeos.sw.defDim,dimlen,,
matlab.io.hdfeos.sw.defDim,dimname,,
matlab.io.hdfeos.sw.defDim,swathID,,
matlab.io.hdfeos.sw.defDimMap,datadim,,
matlab.io.hdfeos.sw.defDimMap,geodim,,
matlab.io.hdfeos.sw.defDimMap,increment,,
matlab.io.hdfeos.sw.defDimMap,offset,,
matlab.io.hdfeos.sw.defDimMap,swathID,,
matlab.io.hdfeos.sw.defGeoField,dtype,,
matlab.io.hdfeos.sw.defGeoField,idimlist,,
matlab.io.hdfeos.sw.defGeoField,mergeCode,,
matlab.io.hdfeos.sw.defGeoField,name,,
matlab.io.hdfeos.sw.defGeoField,swathID,,
matlab.io.hdfeos.sw.defTimePeriod,mode,,
matlab.io.hdfeos.sw.defTimePeriod,startTime,,
matlab.io.hdfeos.sw.defTimePeriod,stopTime,,
matlab.io.hdfeos.sw.defTimePeriod,swathID,,
matlab.io.hdfeos.sw.defVrtRegion,range,,
matlab.io.hdfeos.sw.defVrtRegion,regionID,,
matlab.io.hdfeos.sw.defVrtRegion,swathID,,
matlab.io.hdfeos.sw.defVrtRegion,vertObj,,
matlab.io.hdfeos.sw.detach,swathID,,
matlab.io.hdfeos.sw.dimInfo,dimname,,
matlab.io.hdfeos.sw.dimInfo,swathID,,
matlab.io.hdfeos.sw.extractPeriod,fieldName,,
matlab.io.hdfeos.sw.extractPeriod,periodID,,
matlab.io.hdfeos.sw.extractPeriod,swathID,,
matlab.io.hdfeos.sw.extractRegion,fieldName,,
matlab.io.hdfeos.sw.extractRegion,regionID,,
matlab.io.hdfeos.sw.extractRegion,swathID,,
matlab.io.hdfeos.sw.fieldInfo,fieldName,,
matlab.io.hdfeos.sw.fieldInfo,swathID,,
matlab.io.hdfeos.sw.geoMapInfo,dimname,,
matlab.io.hdfeos.sw.geoMapInfo,swathID,,
matlab.io.hdfeos.sw.getFillValue,fieldname,,
matlab.io.hdfeos.sw.getFillValue,swathID,,
matlab.io.hdfeos.sw.idxMapInfo,datadim,,
matlab.io.hdfeos.sw.idxMapInfo,geodim,,
matlab.io.hdfeos.sw.idxMapInfo,swathID,,
matlab.io.hdfeos.sw.inqAttrs,swathID,,
matlab.io.hdfeos.sw.inqDataFields,swathID,,
matlab.io.hdfeos.sw.inqDims,swathID,,
matlab.io.hdfeos.sw.inqGeoFields,swathID,,
matlab.io.hdfeos.sw.inqIdxMaps,swathID,,
matlab.io.hdfeos.sw.inqMaps,swathID,,
matlab.io.hdfeos.sw.inqSwath,filename,,
matlab.io.hdfeos.sw.mapInfo,datadim,,
matlab.io.hdfeos.sw.mapInfo,geodim,,
matlab.io.hdfeos.sw.mapInfo,swathID,,
matlab.io.hdfeos.sw.nEntries,entType,,
matlab.io.hdfeos.sw.nEntries,swathID,,
matlab.io.hdfeos.sw.open,access,,
matlab.io.hdfeos.sw.open,filename,,
matlab.io.hdfeos.sw.periodInfo,fieldName,,
matlab.io.hdfeos.sw.periodInfo,periodID,,
matlab.io.hdfeos.sw.periodInfo,swathID,,
matlab.io.hdfeos.sw.readAttr,attrName,,
matlab.io.hdfeos.sw.readAttr,swathID,,
matlab.io.hdfeos.sw.readField,count,,
matlab.io.hdfeos.sw.readField,fieldName,,
matlab.io.hdfeos.sw.readField,start,,
matlab.io.hdfeos.sw.readField,stride,,
matlab.io.hdfeos.sw.readField,swathID,,
matlab.io.hdfeos.sw.regionInfo,fieldName,,
matlab.io.hdfeos.sw.regionInfo,regionID,,
matlab.io.hdfeos.sw.regionInfo,swathID,,
matlab.io.hdfeos.sw.setFillValue,fieldName,,
matlab.io.hdfeos.sw.setFillValue,fillValue,,
matlab.io.hdfeos.sw.setFillValue,swathID,,
matlab.io.hdfeos.sw.writeAttr,attrName,,
matlab.io.hdfeos.sw.writeAttr,data,,
matlab.io.hdfeos.sw.writeAttr,swathID,,
matlab.io.hdfeos.sw.writeField,fieldName,,
matlab.io.hdfeos.sw.writeField,swathID,,
matlab.io.hdfeos.sw.writeField,varargin,,
matlab.io.saveVariablesToScript,filename,Name of MATLAB script for saving variables,"filename, variable"
matlab.io.saveVariablesToScript,varnames,Name of variables to save,"string, cell array"
matlab.lang.makeUniqueStrings,S,Input values,"character vector, cell array of character vectors, string array"
matlab.lang.makeUniqueStrings,excludedStrings,Strings to exclude,"character vector, cell array of character vectors, string array"
matlab.lang.makeUniqueStrings,maxStringLength,Maximum length of strings,integer
matlab.lang.makeUniqueStrings,whichStringsIdx,Subset of strings to make unique,range of linear indices or logical array
matlab.lang.makeValidName,S,Input strings,"character vector, cell array of character vectors, string array"
matlab.net.base64decode,V,Text encoded using base 64,"string, character vector"
matlab.net.base64encode,V,Data to encode,"string, character vector, numeric vector"
matlab.project.convertDefinitionFiles,definitionType,Definition file type,"matlab.project.DefinitionFiles.SingleFile, matlab.project.DefinitionFiles.MultiFile, matlab.project.DefinitionFiles.FixedPathMultiFile"
matlab.project.convertDefinitionFiles,projectRoot,Full path to project folder,"character vector, string scalar"
matlab.project.createProject,name,New project name,"character vector, string scalar"
matlab.project.createProject,path,New project path,"character vector, string scalar"
matlab.project.deleteProject,path,Project path,"character vector, string scalar"
matlab.project.loadProject,projectPath,Full path to project file or folder,"character vector, string scalar"
matlab.settings.loadSettingsCompatibilityResults,toolboxName,Name of toolbox,"character vector, string"
matlab.settings.loadSettingsCompatibilityResults,version,Toolbox version,"character vector, string"
matlab.settings.mustBeIntegerScalar,settingvalue,Setting value to validate,scalar
matlab.settings.mustBeLogicalScalar,settingvalue,Setting value to validate,scalar
matlab.settings.mustBeNumericScalar,settingvalue,Setting value to validate,scalar
matlab.settings.mustBeStringScalar,settingvalue,Setting value to validate,scalar
matlab.settings.reloadFactoryFile,toolboxName,Name of toolbox,"string scalar, character vector"
matlab.tall.blockMovingWindow,blockfcn,Function to apply to blocks of data,"function handle, anonymous function"
matlab.tall.blockMovingWindow,tX,Input arrays (as separate arguments),"scalars, vectors, matrices, multidimensional arrays, tables, timetables"
matlab.tall.blockMovingWindow,tY,Input arrays (as separate arguments),"scalars, vectors, matrices, multidimensional arrays, tables, timetables"
matlab.tall.blockMovingWindow,window,Window size,"positive integer scalar, two-element row vector"
matlab.tall.blockMovingWindow,windowfcn,Function to apply to incomplete windows of data,"function handle, anonymous function, []"
matlab.tall.movingWindow,fcn,Window function to apply,"function handle, anonymous function"
matlab.tall.movingWindow,tX,Input arrays (as separate arguments),"scalars, vectors, matrices, multidimensional arrays, tables, timetables"
matlab.tall.movingWindow,tY,Input arrays (as separate arguments),"scalars, vectors, matrices, multidimensional arrays, tables, timetables"
matlab.tall.movingWindow,window,Window size,"positive integer scalar, two-element row vector"
matlab.tall.reduce,PA,Prototype of output arrays,arrays
matlab.tall.reduce,PB,Prototype of output arrays,arrays
matlab.tall.reduce,fcn,Transform function to apply,"function handle, anonymous function"
matlab.tall.reduce,reducefcn,Reduction function to apply,"function handle, anonymous function"
matlab.tall.reduce,tX,Input arrays,"scalars, vectors, matrices, multidimensional arrays"
matlab.tall.reduce,tY,Input arrays,"scalars, vectors, matrices, multidimensional arrays"
matlab.tall.transform,PA,Prototype of output arrays,arrays
matlab.tall.transform,PB,Prototype of output arrays,arrays
matlab.tall.transform,fcn,Transform function to apply,"function handle, anonymous function"
matlab.tall.transform,tX,Input arrays,"scalars, vectors, matrices, multidimensional arrays"
matlab.tall.transform,tY,Input arrays,"scalars, vectors, matrices, multidimensional arrays"
matlab.uitest.unlock,fig,Figure to unlock,"figure handle, array of figure handles"
matlab.wsdl.createWSDLClient,folder,Folder for generated files,"string, character vector"
matlab.wsdl.createWSDLClient,options,Additional options,weboptions object
matlab.wsdl.createWSDLClient,wsdlURL,WSDL URL or file path,"string, character vector"
matlab.wsdl.setWSDLToolPath,varargin,,
matlab_jenv,jrePath,JRE path,"string, character vector"
matlab_jenv,version,JRE version,"system, factory"
matlabshared.supportpkg.setSupportPackageRoot,installDir,Root folder of support packages,character vector
max,A,Input array,"scalar, vector, matrix, multidimensional array"
max,B,Additional input array,"scalar, vector, matrix, multidimensional array"
max,dim,Dimension to operate along,positive integer scalar
max,method,Comparison method,"'auto', 'real', 'abs'"
max,nanflag,NaN condition,"'omitnan', 'includenan'"
max,vecdim,Vector of dimensions,vector of positive integers
maxk,A,Input array,"vector, matrix, multidimensional array"
maxk,c,Comparison method,"'auto', 'real', 'abs'"
maxk,dim,Operating dimension,positive integer scalar
maxk,k,Number of maxima,nonnegative integer scalar
mean,A,Input array,"vector, matrix, multidimensional array"
mean,dim,Dimension to operate along,positive integer scalar
mean,nanflag,NaN condition,"'includenan', 'omitnan'"
mean,outtype,Output data type,"'default', 'double', 'native'"
mean,vecdim,Vector of dimensions,vector of positive integers
median,A,Input array,"vector, matrix, multidimensional array"
median,dim,Dimension to operate along,positive integer scalar
median,nanflag,NaN condition,"'includenan', 'omitnan'"
median,vecdim,Vector of dimensions,vector of positive integers
memmapfile,filename,Name of file to map,"character vector, string scalar"
memoize,fh,Function to memoize,function handle
menu,message,Dialog box text,"character vector, string scalar"
menu,opt,Dialog box option,"character vector, string scalar"
menu,options,Dialog box options,"cell array of character vectors, string array"
mesh,C,Color array,"matrix, m-by-n-by-3 array of RGB triplets"
mesh,X,x-coordinates,"matrix, vector"
mesh,Y,y-coordinates,"matrix, vector"
mesh,Z,z-coordinates,matrix
mesh,ax,Axes to plot in,axes object
meshc,C,Color array,"matrix, m-by-n-by-3 array of RGB triplets"
meshc,X,x-coordinates,"matrix, vector"
meshc,Y,y-coordinates,"matrix, vector"
meshc,Z,z-coordinates,matrix
meshc,ax,Axes to plot in,axes object
meshgrid,x,x-coordinates of points,vector
meshgrid,y,y-coordinates of points,vector
meshgrid,z,z-coordinates of points,vector
meshz,C,Color array,matrix
meshz,X,x-coordinates,"matrix, vector"
meshz,Y,y-coordinates,"matrix, vector"
meshz,Z,z-coordinates,matrix
meshz,ax,Axes to plot in,axes object
meta.abstractDetails,ClassName,,
meta.abstractDetails,mc,,
methods,'-full',Display full description,'-full'
methods,ClassName,Class name,"character vector, string scalar"
methodsview,object,Object name,"string, character vector"
methodsview,packagename.classname,Fully qualified class name,"string, character vector"
mex,api,Release-specific API,"-R2017b, -R2018a, -largeArrayDims, -compatibleArrayDims"
mex,filenames,One or more file names,"string, character vector"
mex,lang,Language,"C, C++, CPP, Fortran"
mex,option1 ... optionN,Optional build options,strings or character vectors corresponding to valid option flags
mex.getCompilerConfigurations,lang,Language,"'Any', 'C', 'C++', 'CPP', 'Fortran'"
mex.getCompilerConfigurations,list,Set of configurations,"'Selected', 'Installed', 'Supported'"
mexext,varargin,,
mexhost,envVariables,Environment variables and values,n-by-2 string array
mfilename,'arg',flag,"choices={'fullpath','class'}"
min,A,Input array,"scalar, vector, matrix, multidimensional array"
min,B,Additional input array,"scalar, vector, matrix, multidimensional array"
min,dim,Dimension to operate along,positive integer scalar
min,method,Comparison method,"'auto', 'real', 'abs'"
min,nanflag,NaN condition,"'omitnan', 'includenan'"
min,vecdim,Vector of dimensions,vector of positive integers
mink,A,Input array,"vector, matrix, multidimensional array"
mink,c,Comparison method,"'auto', 'real', 'abs'"
mink,dim,Operating dimension,positive integer scalar
mink,k,Number of minima,nonnegative integer scalar
minres,A,Coefficient matrix,"matrix, function handle"
minres,M,Preconditioner matrices (as separate arguments),"eye(size(A)), matrices, function handles"
minres,M1,Preconditioner matrices (as separate arguments),"eye(size(A)), matrices, function handles"
minres,M2,Preconditioner matrices (as separate arguments),"eye(size(A)), matrices, function handles"
minres,b,Right-hand side of linear equation,column vector
minres,maxit,Maximum number of iterations,"[] or min(size(A,1),20), positive scalar integer"
minres,tol,Method tolerance,"[] or 1e-6, positive scalar"
minres,x0,Initial guess,"[] or a column vector of zeros, column vector"
minus,A,Operands,"scalars, vectors, matrices, multidimensional arrays"
minus,B,Operands,"scalars, vectors, matrices, multidimensional arrays"
mislocked,fun,Name of function or script,"character vector, string scalar"
mkdir,folderName,Folder name,"character vector, string scalar"
mkdir,parentFolder,Parent folder,"character vector, string scalar"
mkpp,breaks,Break points,vector
mkpp,coefs,Polynomial coefficients,matrix
mkpp,d,Dimension,"scalar, vector"
mldivide,A,Operands,"vectors, full matrices, sparse matrices"
mldivide,B,Operands,"vectors, full matrices, sparse matrices"
mlint,varargin,,
mlintrpt,f,File or folder name,character vector
mlintrpt,inputType,Input type,"'file', 'dir'"
mlintrpt,settingsfile,Settings file name,character vector
mmfileinfo,filename,required,"file, matlabpathfile=*.asf,*.asx,*.avi,*.m4v,*.mj2,*.mov,*.mp4,*.mpg,*.ogg,*.wmv, char"
mod,a,Dividend,"scalar, vector, matrix, multidimensional array"
mod,m,Divisor,"scalar, vector, matrix, multidimensional array"
mode,A,Input array,"vector, matrix, multidimensional array"
mode,dim,Dimension to operate along,positive integer scalar
mode,vecdim,Vector of dimensions,vector of positive integers
more,n,Page size,positive integer
movefile,destination,File or folder destination,"character vector, string scalar"
movefile,source,File or folder to move,"character vector, string scalar"
movegui,f,Figure,Figure object
movegui,position,Position,"two-element numeric vector, character vector, string scalar"
movie,M,Array of movie frames,structure array
movie,fps,Frames per second,"12, numeric scalar"
movie,h,Graphics object handle,"gca, axes handle, figure handle"
movie,loc,Location vector,numeric vector
movie,n,Number of times to play movie,"1, numeric scalar, numeric array"
movmad,A,Input array,"vector, matrix, multidimensional array"
movmad,[kb kf],Directional window length,numeric or duration row vector containing two elements
movmad,dim,Dimension to operate along,positive integer scalar
movmad,k,Window length,numeric or duration scalar
movmad,nanflag,NaN condition,"'includenan', 'omitnan'"
movmax,A,Input array,"vector, matrix, multidimensional array"
movmax,[kb kf],Directional window length,numeric or duration row vector containing two elements
movmax,dim,Dimension to operate along,positive integer scalar
movmax,k,Window length,numeric or duration scalar
movmax,nanflag,NaN condition,"'omitnan', 'includenan'"
movmean,A,Input array,"vector, matrix, multidimensional array"
movmean,[kb kf],Directional window length,numeric or duration row vector containing two elements
movmean,dim,Dimension to operate along,positive integer scalar
movmean,k,Window length,numeric or duration scalar
movmean,nanflag,NaN condition,"'includenan', 'omitnan'"
movmedian,A,Input array,"vector, matrix, multidimensional array"
movmedian,[kb kf],Directional window length,numeric or duration row vector containing two elements
movmedian,dim,Dimension to operate along,positive integer scalar
movmedian,k,Window length,numeric or duration scalar
movmedian,nanflag,NaN condition,"'includenan', 'omitnan'"
movmin,A,Input array,"vector, matrix, multidimensional array"
movmin,[kb kf],Directional window length,numeric or duration row vector containing two elements
movmin,dim,Dimension to operate along,positive integer scalar
movmin,k,Window length,numeric or duration scalar
movmin,nanflag,NaN condition,"'omitnan', 'includenan'"
movprod,A,Input array,"vector, matrix, multidimensional array"
movprod,[kb kf],Directional window length,numeric or duration row vector containing two elements
movprod,dim,Dimension to operate along,positive integer scalar
movprod,k,Window length,numeric or duration scalar
movprod,nanflag,NaN condition,"'includenan', 'omitnan'"
movstd,A,Input array,"vector, matrix, multidimensional array"
movstd,[kb kf],Directional window length,numeric or duration row vector containing two elements
movstd,dim,Dimension to operate along,positive integer scalar
movstd,k,Window length,numeric or duration scalar
movstd,nanflag,NaN condition,"'includenan', 'omitnan'"
movstd,w,Weight,"0, 1"
movsum,A,Input array,"vector, matrix, multidimensional array"
movsum,[kb kf],Directional window length,numeric or duration row vector containing two elements
movsum,dim,Dimension to operate along,positive integer scalar
movsum,k,Window length,numeric or duration scalar
movsum,nanflag,NaN condition,"'includenan', 'omitnan'"
movvar,A,Input array,"vector, matrix, multidimensional array"
movvar,[kb kf],Directional window length,numeric or duration row vector containing two elements
movvar,dim,Dimension to operate along,positive integer scalar
movvar,k,Window length,numeric or duration scalar
movvar,nanflag,NaN condition,"'includenan', 'omitnan'"
movvar,w,Weight,"0, 1"
mpower,A,Operands,"scalar, matrix"
mpower,B,Operands,"scalar, matrix"
mrdivide,A,Operands,"vectors, full matrices, sparse matrices"
mrdivide,B,Operands,"vectors, full matrices, sparse matrices"
msgbox,createmode,Window mode,"'non-modal', 'modal', 'replace', structure array"
msgbox,icon,Icon,"'none', 'help', 'warn', 'error', 'custom'"
msgbox,iconcmap,Colormap,three-column matrix of RGB triplets
msgbox,icondata,Image array,"m-by-n array, m-by-n-by-3 truecolor image array"
msgbox,message,Dialog box text,"character vector, cell array of character vectors, string array"
msgbox,title,Title,"character vector, string scalar"
mtimes,A,Operands,"scalars, vectors, matrices"
mtimes,B,Operands,"scalars, vectors, matrices"
mu2lin,mu,required,numeric
multibandread,byteorder,required,"char, choices={'n','b','l','s','a','native','ieee-be','ieee-le','ieee-be.l64','ieee-le.l64'}"
multibandread,filename,required,"file, char"
multibandread,interleave,required,"char, choices={'bsq','bil','bip'}"
multibandread,offset,required,"numeric, scalar"
multibandread,precision,required,char
multibandread,size,required,"numeric, numel=3"
multibandread,subset1,ordered,cell
multibandread,subset2,ordered,cell
multibandread,subset3,ordered,cell
multibandwrite,data,required,
multibandwrite,filename,required,"file, char"
multibandwrite,fillvalue,namevalue,numeric
multibandwrite,interleave,required,"char, choices={'bsq','bil','bip'}"
multibandwrite,machfmt,namevalue,"char, choices={'n','b','l','s','a','native','ieee-be','ieee-le','ieee-be.l64','ieee-le.l64'}"
multibandwrite,offset,namevalue,numeric
multibandwrite,precision,namevalue,char
munlock,fun,Name of function or script,"character vector, string scalar"
mustBeA,classNames,Name of one or more classes,name of data type or class
mustBeA,value,Value to validate,"scalar, array"
mustBeFile,path,Path to file,"string scalar, character vector"
mustBeFinite,value,Value to validate,"scalar, array"
mustBeFloat,value,Value to validate,floating-point array
mustBeFolder,path,Path to folder,"string scalar, character vector"
mustBeGreaterThan,c,Constant value that the value argument must be greater than,scalar
mustBeGreaterThan,value,Value to validate,"scalar, array"
mustBeGreaterThanOrEqual,c,Constant value that the value argument must be greater than or equal to,scalar
mustBeGreaterThanOrEqual,value,Value to validate,"scalar, array"
mustBeInRange,boundflag1,Include or exclude upper or lower bound in range,inclusive
mustBeInRange,boundflag2,Include or exclude upper or lower bound in range,inclusive
mustBeInRange,lower,Lower bound of range,"numeric, logical, object"
mustBeInRange,upper,Upper bound of range,"numeric, logical, object"
mustBeInRange,value,Value to validate,"scalar, array"
mustBeInteger,value,Value to validate,"scalar, array"
mustBeLessThan,c,Constant value that the value argument must be less than,scalar
mustBeLessThan,value,Value to validate,"scalar, array"
mustBeLessThanOrEqual,c,Constant value that the value argument must be less than or equal to,scalar
mustBeLessThanOrEqual,value,Value to validate,"scalar, array"
mustBeMember,S,Set of values to which value must belong,"scalar, array"
mustBeMember,value,Value to validate,"scalar, array"
mustBeNegative,value,Value to validate,"scalar, array"
mustBeNonNan,value,Value to validate,"scalar, array"
mustBeNonempty,value,Value to validate,"scalar, array"
mustBeNonmissing,value,Value to validate,"scalar, array"
mustBeNonnegative,value,Value to validate,"scalar, array"
mustBeNonpositive,value,Value to validate,"scalar, array"
mustBeNonsparse,value,Value to validate,"scalar, array"
mustBeNonzero,value,Value to validate,"scalar, array"
mustBeNonzeroLengthText,value,Value to validate,"scalar, array"
mustBeNumeric,value,Value to validate,"scalar, array"
mustBeNumericOrLogical,value,Value to validate,"scalar, array"
mustBePositive,value,Value to validate,"scalar, array"
mustBeReal,value,Value to validate,"scalar, array"
mustBeScalarOrEmpty,value,Value to validate,"scalar, empty"
mustBeText,value,Value to validate,"scalar, array"
mustBeTextScalar,value,Value to validate,"scalar, array"
mustBeUnderlyingType,typename,Name of data type to test,"character vector, string scalar"
mustBeUnderlyingType,value,Value to validate,"scalar, array, object"
mustBeValidVariableName,varname,Variable name,"string scalar, character vector, cellstr"
mustBeVector,value,Value to validate,row or column vector
namedPattern,description,Named pattern description,"string array, character vector, cell array of character vectors"
namedPattern,name,Pattern name,"string array, character vector, cell array of character vectors"
namedPattern,pat,Input pattern,"pattern array, string array, character vector, cell array of character vectors"
namedargs2cell,S,Name-value structure,structure
nargchk,maxArgs,Maximum number of accepted inputs,scalar
nargchk,minArgs,Minimum number of accepted inputs,scalar
nargchk,numArgs,Number of function inputs,scalar
nargin,fun,Function,"function handle, character vector, string scalar"
narginchk,maxArgs,Maximum number of accepted inputs,scalar
narginchk,minArgs,Minimum number of accepted inputs,scalar
nargout,fun,Function,"function handle, character vector, string scalar"
nargoutchk,maxArgs,Maximum number of accepted outputs,scalar
nargoutchk,minArgs,Minimum number of accepted outputs,scalar
nargoutchk,numArgs,Number of function outputs,scalar
native2unicode,bytes,required,"numeric, vector"
native2unicode,encoding,ordered,"char, char, choices={'UTF-8','ISO-8859-1','windows-1251','GB2312','Shift_JIS','windows-1252','EUC-KR','GBK','EUC-JP'}"
nccreate,filename,File name,"character vector, string scalar"
nccreate,varname,Name of new variable,"character vector, string scalar"
ncdisp,dispFormat,Display format,"'full', 'min'"
ncdisp,location,Location of variable or group,"'/', character vector, string scalar"
ncdisp,source,Name of NetCDF file,"character vector, string scalar"
nchoosek,k,Number of selected choices,nonnegative integer scalar
nchoosek,n,Number of possible choices,nonnegative integer scalar
nchoosek,v,Set of all choices,vector
ncinfo,groupname,,
ncinfo,source,,
ncinfo,varname,,
ncread,count,Number of elements,"vector of Inf's, numeric vector"
ncread,source,Source name,"character vector, string scalar"
ncread,start,Starting location,"vector of ones, numeric vector"
ncread,stride,Space between variable indices,"vector of ones, numeric vector"
ncread,varname,Variable name,"character vector, string scalar"
ncreadatt,attname,,
ncreadatt,location,,
ncreadatt,source,,
ncwrite,filename,File name,"character vector, string scalar"
ncwrite,start,Starting location,"vector of ones, numeric vector"
ncwrite,stride,Space between variable indices,"vector of ones, numeric vector"
ncwrite,vardata,Variable data,"numeric, text"
ncwrite,varname,Variable name,"character vector, string scalar"
ncwriteatt,Datatype,,
ncwriteatt,attname,,
ncwriteatt,attvalue,,
ncwriteatt,filename,,
ncwriteatt,location,,
ncwriteschema,filename,,
ncwriteschema,schema,,
ndgrid,"x1,x2,...,xn",Grid vectors (as separate arguments),vectors
ndgrid,xg,Grid vector for all dimensions,vectors
ne,A,Operands,"scalars, vectors, matrices, multidimensional arrays"
ne,B,Operands,"scalars, vectors, matrices, multidimensional arrays"
netcdf.abort,ncid,,
netcdf.close,ncid,,
netcdf.copyAtt,attname,,
netcdf.copyAtt,ncid_in,,
netcdf.copyAtt,ncid_out,,
netcdf.copyAtt,varid_in,,
netcdf.copyAtt,varid_out,,
netcdf.create,filename,,
netcdf.create,mode,,
netcdf.create,varargin,,
netcdf.defDim,dimlen,,
netcdf.defDim,dimname,,
netcdf.defDim,ncid,,
netcdf.defGrp,childGroupName,,
netcdf.defGrp,parentGroupId,,
netcdf.defVar,dimids,,
netcdf.defVar,ncid,,
netcdf.defVar,varname,,
netcdf.defVar,xtype,,
netcdf.defVarChunking,chunkDims,,
netcdf.defVarChunking,ncid,,
netcdf.defVarChunking,storage,,
netcdf.defVarChunking,varid,,
netcdf.defVarDeflate,deflate,,
netcdf.defVarDeflate,deflateLevel,,
netcdf.defVarDeflate,ncid,,
netcdf.defVarDeflate,shuffle,,
netcdf.defVarDeflate,varid,,
netcdf.defVarFill,fillValue,,
netcdf.defVarFill,ncid,,
netcdf.defVarFill,noFillMode,,
netcdf.defVarFill,varid,,
netcdf.defVarFletcher32,ncid,,
netcdf.defVarFletcher32,setting,,
netcdf.defVarFletcher32,varid,,
netcdf.delAtt,attname,,
netcdf.delAtt,ncid,,
netcdf.delAtt,varid,,
netcdf.endDef,ncid,,
netcdf.endDef,varargin,,
netcdf.getAtt,attname,,
netcdf.getAtt,ncid,,
netcdf.getAtt,output_datatype,,
netcdf.getAtt,varid,,
netcdf.getConstant,param_name,,
netcdf.getVar,ncid,,
netcdf.getVar,varargin,,
netcdf.getVar,varid,,
netcdf.inq,ncid,,
netcdf.inqAtt,attname,,
netcdf.inqAtt,ncid,,
netcdf.inqAtt,varid,,
netcdf.inqAttID,attname,,
netcdf.inqAttID,ncid,,
netcdf.inqAttID,varid,,
netcdf.inqAttName,attnum,,
netcdf.inqAttName,ncid,,
netcdf.inqAttName,varid,,
netcdf.inqDim,dimid,,
netcdf.inqDim,ncid,,
netcdf.inqDimID,dimname,,
netcdf.inqDimID,ncid,,
netcdf.inqDimIDs,includeParents,,
netcdf.inqDimIDs,ncid,,
netcdf.inqFormat,ncid,,
netcdf.inqGrpName,ncid,,
netcdf.inqGrpNameFull,ncid,,
netcdf.inqGrpParent,ncid,,
netcdf.inqGrps,ncid,,
netcdf.inqNcid,childGroupName,,
netcdf.inqNcid,ncid,,
netcdf.inqUnlimDims,ncid,,
netcdf.inqVar,ncid,,
netcdf.inqVar,varid,,
netcdf.inqVarChunking,ncid,,
netcdf.inqVarChunking,varid,,
netcdf.inqVarDeflate,ncid,,
netcdf.inqVarDeflate,varid,,
netcdf.inqVarFill,ncid,,
netcdf.inqVarFill,varid,,
netcdf.inqVarFletcher32,ncid,,
netcdf.inqVarFletcher32,varid,,
netcdf.inqVarID,ncid,,
netcdf.inqVarID,varname,,
netcdf.inqVarIDs,ncid,,
netcdf.open,chunksize,Chunk size,integer
netcdf.open,mode,Access type,"'NOWRITE', 'WRITE', 'SHARE', numeric value"
netcdf.open,source,Source name,"character vector, string scalar"
netcdf.putAtt,attname,,
netcdf.putAtt,attvalue,,
netcdf.putAtt,ncid,,
netcdf.putAtt,varid,,
netcdf.putAtt,xtype,,
netcdf.putVar,ncid,,
netcdf.putVar,varargin,,
netcdf.putVar,varid,,
netcdf.reDef,ncid,,
netcdf.renameAtt,ncid,,
netcdf.renameAtt,newname,,
netcdf.renameAtt,oldname,,
netcdf.renameAtt,varid,,
netcdf.renameDim,dimid,,
netcdf.renameDim,ncid,,
netcdf.renameDim,new_name,,
netcdf.renameVar,ncid,,
netcdf.renameVar,new_name,,
netcdf.renameVar,varid,,
netcdf.setChunkCache,csize,,
netcdf.setChunkCache,nelems,,
netcdf.setChunkCache,premp,,
netcdf.setDefaultFormat,newFormat,,
netcdf.setFill,ncid,,
netcdf.setFill,newMode,,
netcdf.sync,ncid,,
newplot,hsave,,
nextpow2,A,Input values,"scalar, vector, or array of real numbers"
nexttile,span,Tile span,"[1 1], [r c]"
nexttile,t,Tiled chart layout,TiledChartLayout object
nexttile,tilelocation,Tile location,"positive whole number, 'north', 'south', 'east', 'west'"
nnz,X,Input matrix,matrix
nonzeros,A,Input array,"vector, matrix, multidimensional array"
norm,X,Input matrix,matrix
norm,p,Norm type,"2, positive integer scalar, Inf, -Inf"
norm,v,Input vector,vector
normest,S,Input matrix,"sparse matrix, full matrix"
normest,tol,Relative error tolerance,"1e-6, nonnegative real number"
not,A,Input array,"scalar, vector, matrix, multidimensional array"
nsidedpoly,n,Number of sides,positive scalar integer
nthroot,N,Roots to calculate,"scalar, array of same size as X"
nthroot,X,Input array,"scalar, vector, matrix, multidimensional array"
null,A,Input matrix,matrix
num2cell,A,Input,any type of multidimensional array
num2cell,dim,Dimension of A,"positive integer, positive vector of integers"
num2hex,X,Input array,numeric array
num2ruler,num,Numeric data,array
num2ruler,ruler,Ruler that determines data mapping,"DurationRuler object, DatetimeRuler object, NumericRuler object, GeographicRuler object"
num2str,A,Input array,numeric array
num2str,formatSpec,Format of output fields,formatting operators
num2str,precision,Maximum number of significant digits,positive integer
numArgumentsFromSubscript,indexingContext,Context in which result applies,matlab.mixin.util.IndexingContext
numArgumentsFromSubscript,obj,Object of overloading class,object
numArgumentsFromSubscript,s,Indexing structure,struct
ode113,odefun,Functions to solve,function handle
ode113,options,Option structure,structure array
ode113,tspan,Interval of integration,vector
ode113,y0,Initial conditions,vector
ode15i,odefun,Functions to solve,function handle
ode15i,options,Option structure,structure array
ode15i,tspan,Interval of integration,vector
ode15i,y0,Initial conditions for y,vector
ode15i,yp0,Initial conditions for y’,vector
ode15s,odefun,Functions to solve,function handle
ode15s,options,Option structure,structure array
ode15s,tspan,Interval of integration,vector
ode15s,y0,Initial conditions,vector
ode23,odefun,Functions to solve,function handle
ode23,options,Option structure,structure array
ode23,tspan,Interval of integration,vector
ode23,y0,Initial conditions,vector
ode23s,odefun,Functions to solve,function handle
ode23s,options,Option structure,structure array
ode23s,tspan,Interval of integration,vector
ode23s,y0,Initial conditions,vector
ode23t,odefun,Functions to solve,function handle
ode23t,options,Option structure,structure array
ode23t,tspan,Interval of integration,vector
ode23t,y0,Initial conditions,vector
ode23tb,odefun,Functions to solve,function handle
ode23tb,options,Option structure,structure array
ode23tb,tspan,Interval of integration,vector
ode23tb,y0,Initial conditions,vector
ode45,odefun,Functions to solve,function handle
ode45,options,Option structure,structure array
ode45,tspan,Interval of integration,vector
ode45,y0,Initial conditions,vector
ode78,odefun,Functions to solve,function handle
ode78,options,Option structure,structure array
ode78,tspan,Interval of integration,vector
ode78,y0,Initial conditions,vector
ode89,odefun,Functions to solve,function handle
ode89,options,Option structure,structure array
ode89,tspan,Interval of integration,vector
ode89,y0,Initial conditions,vector
odeget,Name,Option name,any valid option from odeset
odeget,default,Default return value,any MATLAB object
odeget,options,Options structure,structure
odeset,newopts,New options structure,structure
odeset,oldopts,Old options structure,structure
odextend,odefun,Function to solve,"[], function handle"
odextend,options,Options structure,structure
odextend,sol,Solution structure,structure
odextend,tfinal,Final integration time,scalar
odextend,y0,Initial conditions,"[], scalar, vector, matrix"
onCleanup,cleanupFun,Cleanup task,function handle
ones,n,Size of square matrix,integer value
ones,p,Prototype,variable
ones,sz,Output size,row vector of integer values
ones,"sz1,...,szN",Size of each dimension,two or more integer values
ones,typename,Output class,"'double', 'single', 'logical', 'int8', 'uint8'"
open,name,File or variable name,"character array, string scalar"
openProject,projectPath,Full path to project file or folder,"character vector, string scalar"
openfig,copies,Control for opening multiple copies of figure,"'new', 'reuse'"
openfig,filename,File name of saved figure,"character vector, string"
openfig,visibility,Figure visibility,"'visible', 'invisible'"
opengl,hardware,Hardware-accelerated OpenGL,hardware
opengl,hardwarebasic,Basic version of hardware-accelerated OpenGL,hardwarebasic
opengl,info,Information about OpenGL implementation,info
opengl,pref,OpenGL version preference for future sessions,"'software', 'hardware', 'hardwarebasic', 'none'"
opengl,software,Software OpenGL,software
openvar,varname,Variable name,character vector
optimget,default,,
optimget,flag,,
optimget,name,,
optimget,options,,
optimset,newopts,New optimization options,structure
optimset,oldopts,Previous optimization options,structure
optimset,optimfun,Optimization solver,"name, function handle"
optionalPattern,pat,Input pattern,"pattern array, string array, character vector, cell array of character vectors"
or,A,Operands,"scalars, vectors, matrices, multidimensional arrays"
or,B,Operands,"scalars, vectors, matrices, multidimensional arrays"
orderfields,C,Field order by name,"cell array of character vectors, string array"
orderfields,P,Field order by number,numeric vector
orderfields,S1,Input structure,structure array
orderfields,S2,Field order by structure,structure array
ordqz,AA,Matrix factors,matrices
ordqz,BB,Matrix factors,matrices
ordqz,Q,Unitary matrices,matrices
ordqz,Z,Unitary matrices,matrices
ordqz,clusters,Cluster indices,vector of positive integers
ordqz,keyword,Eigenvalue region keyword,"'lhp', 'rhp', 'udi', 'udo'"
ordqz,select,Cluster selector,logical vector
ordschur,T,Schur matrix,matrix
ordschur,U,Unitary matrix,matrix
ordschur,clusters,Cluster indices,vector of positive integers
ordschur,keyword,Eigenvalue region keyword,"'lhp', 'rhp', 'udi', 'udo'"
ordschur,select,Cluster selector,logical vector
orient,fig,Target figure or Simulink model,"figure object, Simulink model"
orient,ornt,Paper orientation,"portrait, landscape, tall"
orth,A,Input matrix,matrix
outerjoin,Tleft,Left table,"table, timetable"
outerjoin,Tright,Right table,"table, timetable"
pack,filename,Name of file,"character vector, string scalar"
pad,numberOfCharacters,Total number of characters in output strings,positive integer
pad,padCharacter,Character to pad with,"' ', character, string"
pad,side,Side of string to pad,"'left', 'right', 'both'"
pad,str,Input text,"string array, character vector, cell array of character vectors"
padecoef,N,Order of approximation,scalar
padecoef,T,Time delay,scalar
pagectranspose,X,Input array,multidimensional array
pagemtimes,X,Input arrays,"matrices, multidimensional arrays"
pagemtimes,Y,Input arrays,"matrices, multidimensional arrays"
pagemtimes,transpX,Transposition options,"'none', 'transpose', 'ctranspose'"
pagemtimes,transpY,Transposition options,"'none', 'transpose', 'ctranspose'"
pagesetupdlg,Fig,,
pagesetupdlg,varargin,,
pagesvd,X,Input array,"matrix, multidimensional array"
pagesvd,outputForm,Output format of singular values,"""vector"", ""matrix"""
pagetranspose,X,Input array,multidimensional array
pan,arg1,,
pan,arg2,,
parallelplot,coorddata,Matrix columns to display as coordinates,"numeric vector, logical vector"
parallelplot,coordvars,Table variables to display as coordinates,"numeric vector, string array, cell array of character vectors, logical vector"
parallelplot,data,Input data,numeric matrix
parallelplot,grpdata,Values for grouping matrix data,"numeric vector, logical vector, categorical array, string array, cell array of character vectors"
parallelplot,grpvar,Table variable for grouping data,"character vector, string scalar, numeric scalar, logical vector"
parallelplot,parent,Parent container,"Figure object, Panel object, Tab object, TiledChartLayout object, GridLayout object"
parallelplot,tbl,Source table,table
pareto,target,Target axes,Axes object
pareto,threshold,Fraction of cumulative distribution,"0.95, number between 0 and 1"
pareto,x,x-coordinates (bar labels),vector
pareto,y,y-coordinates (bar heights),vector
parfeval,"X1,...,Xm",Input arguments,comma-separated list of variables or expressions
parfeval,fcn,Function to run,function handle
parfeval,n,Number of output arguments,nonnegative integer scalar
parfevalOnAll,"X1,...,Xm",Input arguments,comma-separated list of variables or expressions
parfevalOnAll,fcn,Function to run,function handle
parfevalOnAll,n,Number of output arguments,nonnegative integer scalar
parquetread,filename,Name of Parquet file,"character vector, string scalar"
parquetwrite,T,Input data,"table, timetable"
parquetwrite,filename,Name of output Parquet file,"character vector, string scalar"
parseSoapResponse,response,Data from SOAP server,string
parula,m,Number of colors,"256, scalar integer value"
pascal,classname,Matrix class,"'double', 'single'"
pascal,n,Matrix order,"scalar, nonnegative integer"
patch,C,Polygon colors,"scalar, vector, matrix, RGB triplet, 'r', 'g', 'b'"
patch,F,Face definitions,"row vector, matrix"
patch,S,Patch definition,structure
patch,V,Polygon vertices,two-column or three-column matrix
patch,X,x-coordinates for vertices,"vector, matrix"
patch,Y,y-coordinates for vertices,"vector, matrix"
patch,Z,z-coordinates for vertices,"vector, matrix"
patch,ax,Axes object,axes object
patchdemoxmlfile,docLocation,Custom documentation folder location,"character vector, string scalar"
path,newfolder,New folder,"character vector, string scalar"
path,newpath,New MATLAB search path,"character array, string array"
path,oldpath,Existing MATLAB search path,"character array, string array"
path2rc,varargin,,
pause,n,Number of seconds,"nonnegative, real number"
pause,state,Pause setting,"'on', 'off', 'query'"
pbaspect,ax,Target axes,Axes object
pbaspect,ratio,Plot box aspect ratio,three-element vector
pcg,A,Coefficient matrix,"matrix, function handle"
pcg,M,Preconditioner matrices (as separate arguments),"eye(size(A)), matrices, function handles"
pcg,M1,Preconditioner matrices (as separate arguments),"eye(size(A)), matrices, function handles"
pcg,M2,Preconditioner matrices (as separate arguments),"eye(size(A)), matrices, function handles"
pcg,b,Right-hand side of linear equation,column vector
pcg,maxit,Maximum number of iterations,"[] or min(size(A,1),20), positive scalar integer"
pcg,tol,Method tolerance,"[] or 1e-6, positive scalar"
pcg,x0,Initial guess,"[] or a column vector of zeros, column vector"
pchip,x,Sample points,vector
pchip,xq,Query points,"scalar, vector, matrix, array"
pchip,y,Function values at sample points,"vector, matrix, array"
pcode,item,.m file or folder to obfuscate,"character vector, string scalar"
pcode,"item1,item2,...,itemN",List of .m files or folders,"character vectors, string scalars"
pcolor,C,Color matrix,matrix
pcolor,X,x-coordinates,"matrix, vector"
pcolor,Y,y-coordinates,"matrix, vector"
pcolor,ax,Target axes,Axes object
pdepe,bcfun,Boundary condition function,function handle
pdepe,icfun,Initial condition function,function handle
pdepe,m,Symmetry constant,"0, 1, 2"
pdepe,options,Option structure,structure array
pdepe,pdefun,PDE function for equations,function handle
pdepe,tspan,Time span of integration,vector
pdepe,xmesh,Spatial mesh,vector
pdeval,m,Coordinate symmetry used with pdepe,"0, 1, 2"
pdeval,usol,Extracted solution component,vector
pdeval,xmesh,Spatial mesh used with pdepe,vector
pdeval,xq,Query points,"scalar, vector"
peaks,Xm,x-coordinates of points,"scalar, vector, matrix"
peaks,Ym,y-coordinates of points,"scalar, vector, matrix"
peaks,n,Value representing 2-D grid,"scalar, vector"
perl,"arg1,...,argN",Perl script input arguments,"string, character vector"
perl,perlfile,Perl script,"string, character vector"
perms,v,Set of items,"vector of numeric, logical, or char values"
permute,A,Input array,"vector, matrix, multidimensional array"
permute,dimorder,Dimension order,row vector
pie,X,Input array,"vector, matrix"
pie,ax,Axes,axes object
pie,explode,Offset slices,"numeric vector or matrix, cell array of character vectors, string array"
pie,labels,Label options,"'%.0f%%', array of text labels, format expression"
pie3,X,required,numeric
pie3,axes_handle,ordered,matlab.graphics.axis.Axes
pie3,explode,ordered,"numeric, logical"
pie3,labels,ordered,string
pink,m,Number of colors,"256, scalar integer value"
pinv,A,Input matrix,matrix
pinv,tol,Singular value tolerance,scalar
planerot,x,,
plot,LineSpec,"Line style, marker, and color","character vector, string"
plot,X,x-coordinates,"scalar, vector, matrix"
plot,Y,y-coordinates,"scalar, vector, matrix"
plot,ax,Target axes,"Axes object, PolarAxes object, GeographicAxes object"
plot3,LineSpec,"Line style, marker, and color","character vector, string"
plot3,X,x-coordinates,"scalar, vector, matrix"
plot3,Y,y-coordinates,"scalar, vector, matrix"
plot3,Z,z-coordinates,"scalar, vector, matrix"
plot3,ax,Target axes,Axes object
plotbrowser,varargin,,
plotedit,varargin,,
plotmatrix,LineSpec,"Line style, marker, and color","character vector, string"
plotmatrix,X,Data to display,matrix
plotmatrix,Y,Data to plot against X,matrix
plotmatrix,ax,Target axes,Axes object
plottools,varargin,,
plotyy,varargin,,
plus,A,Operands,"scalars, vectors, matrices, multidimensional arrays"
plus,B,Operands,"scalars, vectors, matrices, multidimensional arrays"
pol2cart,rho,Radial coordinate,"scalar, vector, matrix, multidimensional array"
pol2cart,theta,Angular coordinate,"scalar, vector, matrix, multidimensional array"
pol2cart,z,Elevation coordinate,"scalar, vector, matrix, multidimensional array"
polar,varargin,,
polaraxes,parent,Parent container,"Figure object, Panel object, Tab object, TiledChartLayout object, GridLayout object"
polaraxes,pax_in,Polar axes to make current,PolarAxes object
polarbubblechart,c,Bubble color,"[0 0.4470 0.7410], RGB triplet, color name, hexadecimal color code, three-column matrix of RGB triplets, vector"
polarbubblechart,cvar,Table variables for bubble colors,one or more table variable indices
polarbubblechart,pax,Target axes,PolarAxes object
polarbubblechart,rho,rho values,"scalar, vector"
polarbubblechart,rhovar,Table variables containing rho values,one or more table variable indices
polarbubblechart,sizevar,Table variables for bubble sizes,one or more table variable indices
polarbubblechart,sz,Bubble sizes,"scalar, vector"
polarbubblechart,tbl,Source table,"table, timetable"
polarbubblechart,theta,theta values,"scalar, vector"
polarbubblechart,thetavar,Table variables containing theta values,one or more table variable indices
polarhistogram,counts,Bin counts,vector
polarhistogram,edges,Bin edges,vector
polarhistogram,nbins,Number of bins,positive integer
polarhistogram,pax,PolarAxes object,PolarAxes object
polarhistogram,theta,Data to distribute among bins,"vector, matrix"
polarplot,LineSpec,"Line style, marker, and color","character vector, string"
polarplot,Z,Complex values,"vector, matrix"
polarplot,pax,PolarAxes object,PolarAxes object
polarplot,rho,Radius values,"vector, matrix"
polarplot,theta,Angle values,"vector, matrix"
polarscatter,c,Marker colors,"color name, RGB triplet, matrix of RGB triplets, vector of colormap indices"
polarscatter,mkr,Marker symbol,"'o', '+', '*', '.', 'x', 's'"
polarscatter,pax,PolarAxes object,PolarAxes object
polarscatter,rho,Rho values,"scalar, vector, matrix"
polarscatter,rhovar,Table variables containing rho values,one or more table variable indices
polarscatter,sz,Marker size,"36, numeric scalar, row or column vector, matrix, []"
polarscatter,tbl,Source table,"table, timetable"
polarscatter,theta,Theta values,"scalar, vector, matrix"
polarscatter,thetavar,Table variables containing theta values,one or more table variable indices
poly,A,Input matrix,matrix
poly,r,Polynomial roots,vector
polyarea,dim,Dimension,positive integer scalar
polyarea,x,x-coordinates,"vector, matrix, multidimensional array"
polyarea,y,y-coordinates,"vector, matrix, multidimensional array"
polyder,"a,b",Polynomial coefficients (as separate arguments),row vectors
polyder,p,Polynomial coefficients,vector
polyeig,"A0,A1,...,Ap",Square coefficient matrices (as separate arguments),matrices
polyfit,n,Degree of polynomial fit,positive integer scalar
polyfit,x,Query points,vector
polyfit,y,Fitted values at query points,vector
polyint,k,Constant of integration,numeric scalar
polyint,p,Polynomial coefficients,vector
polyval,S,Error estimation structure,structure
polyval,mu,Centering and scaling values,two-element vector
polyval,p,Polynomial coefficients,vector
polyval,x,Query points,vector
polyvalm,X,Input matrix,square matrix
polyvalm,p,Polynomial coefficients,vector
possessivePattern,pat,Input pattern,"pattern array, string array, character vector, cell array of character vectors"
pow2,E,Exponent values,"scalar, vector, matrix, multidimensional array"
pow2,X,Significand values,"scalar, vector, matrix, multidimensional array"
power,A,Operands,"scalars, vectors, matrices, multidimensional arrays"
power,B,Operands,"scalars, vectors, matrices, multidimensional arrays"
ppval,pp,Piecewise polynomial,structure
ppval,xq,Query points,"vector, array"
prefdir,createIfNecessary,,
primes,n,Input value,"scalar, real integer value"
print,clipboardformat,Format copied to clipboard,"-dmeta, -dbitmap, -dpdf"
print,driver,Printer driver,"'-dwin', '-dwinc', '-dprn', '-dprnc'"
print,fig,"Figure, Simulink block diagram","figure object, Simulink block diagram"
print,filename,File name,"character vector, string"
print,formatoptions,Additional formatting options,"'-tiff', '-loose', '-cmyk', '-append'"
print,formattype,File format,"'-djpeg', '-dpng', '-dtiff', '-dpdf', '-deps', ..."
print,printer,Printer name,"character vector, string"
print,renderer,Graphics renderer,"'-image', '-vector'"
print,resize,Option to expand figure to fill page,"'-fillpage', '-bestfit'"
print,resolution,Resolution,"character vector, string"
printdlg,varargin,,
printopt,varargin,,
printpreview,varargin,,
prism,m,Number of colors,"256, scalar integer value"
prod,A,Input array,"vector, matrix, multidimensional array"
prod,dim,Dimension to operate along,positive integer scalar
prod,nanflag,NaN condition,"'includenan', 'omitnan'"
prod,outtype,Output class,"'default', 'double', 'native'"
prod,vecdim,Vector of dimensions,vector of positive integers
profile,action,Control options for Profiler,"on, off, resume, clear, viewer, info, status"
profile,option1 ... optionN,One or more profiling options,character vectors
profsave,foldername,Folder name,"string scalar, character vector"
profsave,profinfo,Profiler statistics,structure
propedit,h,,
propedit,varargin,,
properties,ClassName,Name of the class,"character vector, string scalar"
properties,obj,MATLAB object,object
propertyeditor,varargin,,
psi,X,Input,"scalar, vector, matrix, multidimensional array"
psi,k,Order of derivative,nonnegative integer scalar
publish,file,MATLAB file name,"character vector, string"
publish,format,Output format,"'html', 'doc', 'latex', 'ppt', 'xml', 'pdf'"
publish,options,Options for published output,structure
pyargs,"argKey,argValue",Python function arguments,keyword and value arguments
pyenv,executable,Name of Python executable file,"string, character vector"
pyenv,executionMode,Execution mode,"'InProcess', 'OutOfProcess'"
pyenv,version,Python version,"string, character vector"
pyrun,code,Python statements,"string scalar, string array, character vector, character array, cell array of character vectors, Python code object"
pyrun,outputs,Python variable names,string array
pyrun,pyName=pyValue,Input argument name and value,keyword and value arguments
pyrunfile,file,Python file,"string scalar, character vector"
pyrunfile,file input,Python file with input arguments,"string scalar, character vector"
pyrunfile,outputs,Python variable names,string array
pyrunfile,pyName=pyValue,Input argument name and value,keyword and value arguments
pyversion,executable,Name of existing Python executable file,"string, character vector"
pyversion,version,Python version,"string, character vector"
qmr,A,Coefficient matrix,"matrix, function handle"
qmr,M,Preconditioner matrices (as separate arguments),"eye(size(A)), matrices, function handles"
qmr,M1,Preconditioner matrices (as separate arguments),"eye(size(A)), matrices, function handles"
qmr,M2,Preconditioner matrices (as separate arguments),"eye(size(A)), matrices, function handles"
qmr,b,Right-hand side of linear equation,column vector
qmr,maxit,Maximum number of iterations,"[] or min(size(A,1),20), positive scalar integer"
qmr,tol,Method tolerance,"[] or 1e-6, positive scalar"
qmr,x0,Initial guess,"[] or a column vector of zeros, column vector"
qr,A,Input matrix,matrix
qr,B,Right-hand side matrix,matrix
qr,S,Input coefficient matrix,matrix
qr,outputForm,Shape of permutation output,"'matrix', 'vector'"
qrdelete,Q,required,numeric
qrdelete,R,required,numeric
qrdelete,j,required,"numeric, scalar"
qrdelete,shape,ordered,"char, choices={'col','row'}"
qrinsert,Q,required,numeric
qrinsert,R,required,numeric
qrinsert,j,required,"numeric, scalar"
qrinsert,shape,ordered,"char, choices={'col','row'}"
qrinsert,x,required,"numeric, column"
quad,a,Integration limits (as separate arguments),scalars
quad,b,Integration limits (as separate arguments),scalars
quad,fun,Integrand,function handle
quad,tol,Absolute error tolerance,"[] or 1e-6, scalar"
quad,trace,Toggle for diagnostic information,nonzero scalar
quad2d,"a,b",x limits of integration,scalars
quad2d,"c,d",y limits of integration,"scalars, function handles"
quad2d,fun,Function to integrate,function handle
quadgk,a,Integration limits (as separate arguments),scalars
quadgk,b,Integration limits (as separate arguments),scalars
quadgk,fun,Integrand,function handle
quadl,a,,
quadl,b,,
quadl,funfcn,,
quadl,tol,,
quadl,trace,,
quadl,varargin,,
quadv,a,,
quadv,b,,
quadv,funfcn,,
quadv,tol,,
quadv,trace,,
quadv,varargin,,
questdlg,btn1,First customized button label,"character vector, string scalar"
questdlg,btn2,Second customized button label,"character vector, string scalar"
questdlg,btn3,Third customized button label,"character vector, string scalar"
questdlg,defbtn,Default button selection,"character vector, string scalar"
questdlg,dlgtitle,Dialog box title,"' ', character vector, string scalar"
questdlg,opts,Dialog box settings,structure
questdlg,quest,Dialog box question,"character vector, cell array of character vectors, string array"
quit,code,Exit code,"0, signed integer"
quiver,LineSpec,"Line style, marker, and color","character vector, string"
quiver,U,x-components,"scalar, vector, matrix"
quiver,V,y-components,"scalar, vector, matrix"
quiver,X,x-coordinates of bases of arrows,"scalar, vector, matrix"
quiver,Y,y-coordinates of bases of arrows,"scalar, vector, matrix"
quiver,ax,Target axes,Axes object
quiver,scale,Arrow scaling factor,"positive number, 'off'"
quiver3,LineSpec,"Line style, marker, and color","character vector, string"
quiver3,U,x-components,"scalar, vector, matrix"
quiver3,V,y-components,"scalar, vector, matrix"
quiver3,W,z-components,"scalar, vector, matrix"
quiver3,X,x-coordinates of bases of arrows,"scalar, vector, matrix"
quiver3,Y,y-coordinates of bases of arrows,"scalar, vector, matrix"
quiver3,Z,z-coordinates of bases of arrows,"scalar, vector, matrix"
quiver3,ax,Target axes,Axes object
quiver3,scale,Arrow scaling factor,"positive number, 'off'"
qz,A,required,"numeric, square"
qz,B,required,"numeric, square"
qz,complexity,ordered,"char, choices={'real','complex'}"
rad2deg,R,Angle in radians,"scalar, vector, matrix, multidimensional array"
rand,n,Size of square matrix,integer value
rand,p,Prototype of array to create,numeric array
rand,s,Random number stream,RandStream object
rand,sz,Size of each dimension (as a row vector),integer values
rand,"sz1,...,szN",Size of each dimension (as separate arguments),integer values
rand,typename,Data type (class) to create,"'double', 'single'"
randi,imax,Largest integer in sample interval,positive integer
randi,imin,Smallest integer in sample interval,"1, scalar integer"
randi,n,Size of square matrix,integer value
randi,p,Prototype of array to create,numeric array
randi,s,Random number stream,RandStream object
randi,sz,Size of each dimension (as a row vector),integer values
randi,"sz1,...,szN",Size of each dimension (as separate arguments),two or more integer values
randi,typename,Data type (class) to create,"'double', 'single', 'int8', 'uint8'"
randn,n,Size of square matrix,integer value
randn,p,Prototype of array to create,numeric array
randn,s,Random number stream,RandStream object
randn,sz,Size of each dimension (as a row vector),integer values
randn,"sz1,...,szN",Size of each dimension (as separate arguments),integer values
randn,typename,Data type (class) to create,"'double', 'single'"
randperm,k,Number of selected integers,positive integer
randperm,n,Number of integers in sample interval,positive integer
randperm,s,Random number stream,RandStream object
rank,A,Input matrix,matrix
rank,tol,Tolerance,"max(size(A))*eps(norm(A)), scalar"
rat,X,Input array,numeric array
rat,tol,Tolerance,scalar
rats,X,Input array,array
rats,strlen,Length of character vector,"positive integer, 13"
rbbox,anchorPoint,,
rbbox,initialRectangle,,
rbbox,step,,
rcond,A,Input matrix,square numeric matrix
rdivide,A,Operands,"scalars, vectors, matrices, multidimensional arrays"
rdivide,B,Operands,"scalars, vectors, matrices, multidimensional arrays"
readasync,obj,required,serial
readasync,size,ordered,double
readcell,filename,Name of file to read,"character vector, string scalar"
readcell,opts,File import options,"SpreadsheetImportOptions, DelimitedtextImportOptions, FixedWidthImportOptions, XMLImportOptions"
readlines,filename,Name of file to read,"character vector, string scalar"
readmatrix,filename,Name of file to read,"character vector, string scalar"
readmatrix,opts,File import options,"SpreadsheetImportOptions, DelimitedtextImportOptions, FixedWidthImportOptions, XMLImportOptions"
readstruct,filename,Name of file to read,"character vector, string scalar"
readtable,filename,Name of file to read,"character vector, string scalar"
readtable,opts,File import options,"SpreadsheetImportOptions, DelimitedtextImportOptions, FixedWidthImportOptions, XMLImportOptions, WordDocumentImportOptions, HTMLDocumentImportOptions"
readtimetable,filename,Name of file to read,"character vector, string scalar"
readtimetable,opts,File import options,"SpreadsheetImportOptions, DelimitedtextImportOptions, FixedWidthImportOptions, XMLImportOptions"
readvars,filename,Name of file to read,"character vector, string scalar"
readvars,opts,File import options,"SpreadsheetImportOptions, DelimitedtextImportOptions, FixedWidthImportOptions, XMLImportOptions"
real,Z,Input array,"scalar, vector, matrix, multidimensional array"
reallog,x,,
realmax,precision,Floating-point precision type,"'double', 'single'"
realmin,precision,Floating-point precision type,"'double', 'single'"
realpow,x,,
realpow,y,,
realsqrt,X,Input matrix,"scalar, vector, matrix, multidimensional array"
record,obj,required,serial
record,switch,ordered,"choices={'on', 'off'}"
rectangle,ax,Axes object,axes object
rectangle,cur,Amount of horizontal and vertical curvature,"[0 0], two-element vector, scalar"
rectangle,pos,Size and location of rectangle,four-element vector of the form [x y w h]
rectint,A,,
rectint,B,,
recycle,state,State of recycle option,"'on', 'off'"
reducepatch,varargin,,
reducevolume,varargin,,
refresh,h,,
refreshdata,target,Target object,"Figure object, Axes object, PolarAxes object, GeographicAxes object, chart object"
refreshdata,workspace,Workspace,"'base', 'caller'"
regexp,expression,Regular expression,"character vector, cell array of character vectors, string array"
regexp,option,Search option,"'once', 'warnings', 'ignorecase', 'emptymatch', 'dotexceptnewline', 'lineanchors'"
regexp,outkey,Keyword that indicates which outputs to return,"'start', 'end', 'tokenExtents', 'match', 'tokens', 'names', 'split'"
regexp,str,Input text,"character vector, cell array of character vectors, string array"
regexpPattern,expression,Regular expression,"character vector, cell array of character vectors, string array"
regexpi,expression,Regular expression,"character vector, cell array of character vectors, string array"
regexpi,option,Search option,"'once', 'warnings', 'matchcase', 'emptymatch', 'dotexceptnewline', 'lineanchors'"
regexpi,outkey,Keyword that indicates which outputs to return,"'start', 'end', 'tokenExtents', 'match', 'tokens', 'names', 'split'"
regexpi,str,Input text,"character vector, cell array of character vectors, string array"
regexprep,expression,Regular expression,"character vector, cell array of character vectors, string array"
regexprep,option,Search or replacement option,"'once', N, 'warnings', 'ignorecase', 'preservecase', 'emptymatch', 'dotexceptnewline', 'lineanchors'"
regexprep,replace,Replacement text,"character vector, cell array of character vectors, string array"
regexprep,str,Text to update,"character vector, cell array of character vectors, string array"
regexptranslate,op,Translation type,"'escape', 'wildcard', 'flexible'"
regexptranslate,str,Input text,"character vector, cell array of character vectors, string array"
registerevent,c,COM object,function handle
registerevent,eventhandler,Function to call when event occurs,"string, character vector, function handle"
regmatlabserver,varargin,,
rehash,what,ordered,"choices={'path','toolbox','toolboxcache'}"
release,obj,System object to release,System object
rem,a,Dividend,"scalar, vector, matrix, multidimensional array"
rem,b,Divisor,"scalar, vector, matrix, multidimensional array"
removeToolbarExplorationButtons,fig,Target figures,"single Figure object, vector of Figure objects"
rendererinfo,target,Target object,"axes, standalone visualization, array of axes or standalone visualizations"
repelem,A,Input array,"matrix, multidimensional array"
repelem,n,Number of times to repeat each element,"scalar, vector"
repelem,"r1,...,rN",Repetition factors for each dimension (as separate arguments),"scalars, vectors"
repelem,v,Input element,"scalar, vector"
replace,new,New substring,"string array, character vector, cell array of character vectors"
replace,old,Substring to replace,"string array, character vector, cell array of character vectors, pattern array (since R2020b)"
replace,str,Input text,"string array, character vector, cell array of character vectors"
replaceBetween,endPat,Text or pattern that marks end position,"string array, character vector, cell array of character vectors, pattern array (since R2020b)"
replaceBetween,endPos,End position,numeric array
replaceBetween,newText,Replacement text,"string array, character vector, cell array of character vectors"
replaceBetween,startPat,Text or pattern that marks start position,"string array, character vector, cell array of character vectors, pattern array (since R2020b)"
replaceBetween,startPos,Start position,numeric array
replaceBetween,str,Input text,"string array, character vector, cell array of character vectors"
repmat,A,Input array,"scalar, vector, matrix, multidimensional array"
repmat,n,Number of times to repeat input array in row and column dimensions,integer value
repmat,r,Vector of repetition factors for each dimension (as a row vector),integer values
repmat,"r1,...,rN",Repetition factors for each dimension (as separate arguments),integer values
rescale,A,Input array,"scalar, vector, matrix, multidimensional array"
rescale,l,Lower bound,"0, scalar, vector, matrix, multidimensional array"
rescale,u,Upper bound,"1, scalar, vector, matrix, multidimensional array"
reset,h,,numeric
reshape,A,Input array,"vector, matrix, multidimensional array"
reshape,sz,Output size,row vector of integers
reshape,"sz1,...,szN",Size of each dimension,"two or more integers, [] (optional)"
residue,a,Coefficients of denominator polynomial,vector of numbers
residue,b,Coefficients of numerator polynomial,vector of numbers
reverse,str,Input text,"string array, character vector, cell array of character vectors"
rgb2gray,RGB,Truecolor image,m-by-n-by-3 numeric array
rgb2gray,map,Colormap,c-by-3 numeric matrix
rgb2hsv,RGB,RGB image,m-by-n-by-3 numeric array
rgb2hsv,rgbmap,RGB colormap,c-by-3 numeric matrix
rgb2ind,Q,Number of quantized colors,positive integer
rgb2ind,RGB,RGB image,m-by-n-by-3 array
rgb2ind,dithering,Perform dithering,"'dither', 'nodither'"
rgb2ind,inmap,Input colormap,c-by-3 matrix
rgb2ind,tol,Tolerance,"number in the range [0, 1]"
rgbplot,map,Colormap,three-column matrix of RGB triplets
ribbon,ax,ordered,matlab.graphics.axis.Axes
ribbon,width,ordered,"numeric, scalar"
rlim,limits,Minimum and maximum limits,two-element vector
rlim,pax,Polar axes,"polar axes, array of polar axes"
rmappdata,name,Name identifier,"character vector, string scalar"
rmappdata,obj,Graphics object storing the data,"Figure object, Panel object, ButtonGroup object, UIControl object"
rmdir,folderName,Folder name,"character vector, string scalar"
rmfield,field,Field name or names,"character array, cell array of character vectors, string array"
rmfield,s,Input structure,structure array
rmmissing,A,Input data,"vector, matrix, cell array of character vectors, table, timetable"
rmmissing,dim,Dimension to operate along,"1, 2"
rmoutliers,A,Input data,"vector, matrix, table, timetable"
rmoutliers,dim,Operating dimension,"1, 2"
rmoutliers,method,Method for detecting outliers,"'median', 'mean', 'quartiles', 'grubbs', 'gesd'"
rmoutliers,movmethod,Moving method,"'movmedian', 'movmean'"
rmoutliers,threshold,Percentile thresholds,two-element row vector
rmoutliers,window,Window length,"scalar, two-element vector"
rmpath,folderName,Name of folder,"character vector, string scalar"
rmpref,group,Custom preference group name,"character vector, string scalar"
rmpref,pref,Custom preference name,"character vector, cell array of character vectors, string array"
rmprop,T,Input table,"table, timetable"
rmprop,propertyNames,Names of custom properties,"character vector, cell array of character vectors, string array"
rng,generator,Random number algorithm,"'twister', 'simdTwister', 'combRecursive', 'multFibonacci', 'philox', 'threefry'"
rng,seed,Generator initialization,"0, positive integer, 'default', 'shuffle', structure"
roots,p,Polynomial coefficients,vector
rose,varargin,,
rosser,classname,Input class,"'double', 'single'"
rot90,A,Input array,"vector, matrix, multidimensional array"
rot90,k,Rotation constant,integer
rotate,alpha,,
rotate,azel,,
rotate,h,,
rotate,origin,,
rotate3d,varargin,,
round,N,Number of digits,scalar integer
round,X,Input array,"scalar, vector, matrix, multidimensional array"
round,t,Input duration,duration array
round,type,Rounding type,"'decimals', 'significant'"
round,unit,Unit of time,"'seconds', 'minutes', 'hours', 'days', 'years'"
rowfun,A,Input table,"table, timetable"
rowfun,func,Function,function handle
rows2vars,T1,Input table,"table, timetable"
rref,A,Input matrix,matrix
rref,tol,Pivot tolerance,"max(size(A))*eps*norm(A,inf), scalar"
rsf2csf,T,Schur form,matrix
rsf2csf,U,Unitary matrix,matrix
rtickangle,angle,Rotation of tick labels,"0, scalar value in degrees"
rtickangle,pax,Polar axes,"polar axes, array of polar axes"
rtickformat,fmt,Format for numeric tick labels,"'%g', character vector, string"
rtickformat,pax,Polar axes,"polar axes, array of polar axes"
rticklabels,labels,Tick labels,"cell array of character vectors, string array, categorical array"
rticklabels,pax,Polar axes,"polar axes, array of polar axes"
rticks,pax,Polar axes,"polar axes, array of polar axes"
rticks,ticks,Tick values,vector of increasing values
ruler2num,data,Input array,"scalar, vector, matrix"
ruler2num,ruler,Ruler,"DatetimeRuler object, DurationRuler object, NumericRuler object, GeographicRuler object"
run,scriptname,Full or relative script path,"character vector, string scalar"
runperf,tests,Suite of tests,"character vector, cell array of character vectors"
runtests,tests,Array of tests,"character vector, cell array of character vectors"
save,filename,Name of file,"'matlab.mat', character vector, string scalar"
save,fmt,File format,"'-mat', '-ascii', '-ascii','-tabs', '-ascii','-double', '-ascii','-double','-tabs'"
save,variables,Names of variables to save,"character vector, string scalar"
save,version,MAT-file version,"'-v7', '-v7.3', '-v6', '-v4'"
saveas,fig,Figure to save,"figure object, Simulink block diagram"
saveas,filename,File name,"character vector, string"
saveas,formattype,File format,"'fig', 'm', 'mfig', bitmap image file format, vector graphics file format"
savefig,'compact',File format for R2014b or later releases,'compact'
savefig,H,One or more figures,"single figure, array of figures"
savefig,filename,File name,"'Untitled.fig', character vector, string"
saveobj,a,required,
savepath,folderName,Folder name,"string array, character vector"
scatter,'filled',Option to fill interior of markers,'filled'
scatter,ax,Target axes,"Axes object, PolarAxes object, GeographicAxes object"
scatter,c,Marker color,"color name, RGB triplet, matrix of RGB triplets, vector of colormap indices"
scatter,mkr,Marker symbol,"'o', '+', '*', '.', 'x'"
scatter,sz,Marker size,"36, numeric scalar, row or column vector, matrix, []"
scatter,tbl,Source table,"table, timetable"
scatter,x,x-coordinates,"scalar, vector, matrix"
scatter,xvar,Table variables containing x-coordinates,one or more table variable indices
scatter,y,y-coordinates,"scalar, vector, matrix"
scatter,yvar,Table variables containing y-coordinates,one or more table variable indices
scatter3,'filled',Option to fill interior of markers,'filled'
scatter3,C,Marker color,"[0 0.4470 0.7410], RGB triplet, three-column matrix of RGB triplets, vector, 'r', 'g', 'b'"
scatter3,S,Marker area,"36, scalar, vector, []"
scatter3,X,x values,vector
scatter3,Y,y values,vector
scatter3,Z,z values,vector
scatter3,ax,Axes object,axes object
scatter3,markertype,Marker,"'o', '+', '*', '.', 'x'"
scatter3,tbl,Source table,"table, timetable"
scatter3,xvar,Table variables containing x-coordinates,one or more table variable indices
scatter3,yvar,Table variables containing y-coordinates,one or more table variable indices
scatter3,zvar,Table variables containing z-coordinates,one or more table variable indices
scatterhistogram,grpvalues,Group values,"numeric vector, logical vector, categorical array, string array, cell array of character vectors"
scatterhistogram,grpvar,Table variable for grouping data,"character vector, string scalar, numeric scalar, logical vector"
scatterhistogram,parent,Parent container,"Figure object, Panel object, Tab object, TiledChartLayout object, GridLayout object"
scatterhistogram,tbl,Source table,table
scatterhistogram,xvalues,Values appearing along x-axis,"numeric vector, categorical array"
scatterhistogram,xvar,Table variable for x-axis,"character vector, string scalar, numeric scalar, logical vector"
scatterhistogram,yvalues,Values appearing along y-axis,"numeric vector, categorical array"
scatterhistogram,yvar,Table variable for y-axis,"character vector, string scalar, numeric scalar, logical vector"
schur,A,required,"numeric, square"
schur,complexity,ordered,"char, choices={'real','complex'}"
sec,X,Input angle in radians,"scalar, vector, matrix, multidimensional array"
secd,X,Angle in degrees,"scalar value, vector, matrix, N-D array"
sech,X,Input angles in radians,"scalar, vector, matrix, multidimensional array"
semilogx,LineSpec,"Line style, marker, and color","character vector, string"
semilogx,X,Log scale coordinates,"scalar, vector, matrix"
semilogx,Y,Linear scale coordinates,"scalar, vector, matrix"
semilogx,ax,Target axes,Axes object
semilogy,LineSpec,"Line style, marker, and color","character vector, string"
semilogy,X,Linear scale coordinates,"scalar, vector, matrix"
semilogy,Y,Log scale coordinates,"scalar, vector, matrix"
semilogy,ax,Target axes,Axes object
sendmail,attachments,,
sendmail,subject,,
sendmail,theMessage,,
sendmail,to,,
serial,'port',Serial port name,"character vector, string"
serialbreak,obj,required,serial
serialbreak,time,ordered,double
seriallist,ports,ordered,"choices={'all','available'}"
serialportlist,ports,ordered,"choices={'all','available'}"
setappdata,name,Name identifier,"character vector, string scalar"
setappdata,obj,Graphics object in which to store the value,"Figure object, Panel object, ButtonGroup object, UIControl object"
setappdata,val,Value to store,any MATLAB data type
setenv,name,Environment variable name,"string, character vector"
setenv,value,Environment variable value,"string, character vector"
setfield,S,Structure array,structure array
setfield,field,Field name,"character vector, string scalar"
setfield,idx,Indices,cell array of numeric or logical values
setfield,value,Values,array
setpixelposition,c,UI component,UI component object
setpixelposition,isrecursive,Set position relative to figure,"false or 0, true or 1"
setpixelposition,position,New position (in pixels),[left bottom width height]
setpref,group,Custom preference group name,"character vector, string scalar"
setpref,pref,Custom preference name,"character vector, cell array of character vectors, string array"
setpref,value,Custom preference value,any MATLAB data type
setup,obj,System object to set up,System object
sgtitle,target,Subplot grid container,"Figure object, Panel object, Tab object"
sgtitle,txt,Text to display,"character vector, cell array of character vectors, string array, numeric value"
shading,ax,ordered,matlab.graphics.axis.Axes
shading,style,required,"choices={'flat','faceted','interp'}"
sheetnames,filename,Name of file to read,"character vector, string scalar"
shiftdim,A,Input array,"vector, matrix, multidimensional array"
shiftdim,n,Number of positions,integer
showplottool,varargin,,
shrinkfaces,varargin,,
sign,x,Input,"scalar, vector, matrix, multidimensional array"
sin,X,Input angle in radians,"scalar, vector, matrix, multidimensional array"
sind,X,Angle in degrees,"scalar value, vector, matrix, N-D array"
sinh,X,Input angles in radians,"scalar, vector, matrix, multidimensional array"
size,A,Input array,"scalar, vector, matrix, multidimensional array"
size,dim,Queried dimensions,"positive integer scalar, vector of positive integer scalars"
size,"dim1,dim2,…,dimN",List of queried dimensions,positive integer scalars
slice,V,Volume data,3-D array
slice,X,x-axis coordinate data,"vector, 3-D array"
slice,Y,y-axis coordinate data,"vector, 3-D array"
slice,Z,z-axis coordinate data,"vector, 3-D array"
slice,ax,Target axes,"current axes, Axes object"
slice,method,Interpolation method,"'linear', 'cubic', 'nearest'"
slice,xslice,x-axis slice values,"scalar, vector, [], matrix"
slice,yslice,y-axis slice values,"scalar, vector, [], matrix"
slice,zslice,z-axis slice values,"scalar, vector, [], matrix"
smooth3,arg,,
smooth3,data,,
smooth3,filt,,
smooth3,sz,,
smoothdata,A,Input array,"vector, matrix, multidimensional array, table, timetable"
smoothdata,dim,Dimension to operate along,positive integer scalar
smoothdata,method,Smoothing method,"'movmean', 'movmedian', 'gaussian', 'lowess', 'loess', 'rlowess', 'rloess', 'sgolay'"
smoothdata,nanflag,NaN condition,"'omitnan', 'includenan'"
smoothdata,window,Window length,"positive integer scalar, two-element vector of positive integers, positive duration scalar, two-element vector of positive durations"
snapnow,varargin,,
sort,A,Input array,"vector, matrix, multidimensional array"
sort,dim,Dimension to operate along,positive integer scalar
sort,direction,Sorting direction,"'ascend', 'descend'"
sortx,direction,Direction to sort,"'ascend', 'descend', cell array of character vectors, string array"
sortx,h,Heatmap,HeatmapChart object
sortx,lcn,NaN placement,"'auto', 'first', 'last'"
sortx,row,Row to sort,"character vector, cell array of character vectors, string array"
sorty,column,Column to sort,"character vector, cell array of character vectors, string array"
sorty,direction,Direction to sort,"'ascend', 'descend', cell array of character vectors, string array"
sorty,h,Heatmap,HeatmapChart object
sorty,lcn,NaN placement,"'auto', 'first', 'last'"
sound,Fs,Sample rate,"8192, positive number"
sound,nBits,Bit depth of sample values,"8, 16, 24"
sound,y,Audio data,"column vector, m-by-2 matrix"
soundsc,Fs,Sample rate,"8192, positive number"
soundsc,nBits,Bit depth of sample values,"8, 16, 24"
soundsc,y,Audio data,"column vector, m-by-2 matrix"
soundsc,yRange,Range of audio data to scale,"[-max(abs(y)),max(abs(y))], two-element vector"
spalloc,m,Number of matrix rows,nonnegative integer
spalloc,n,Number of matrix columns,nonnegative integer
spalloc,nz,Storage allocation for nonzero elements,nonnegative integer
sparse,A,Input matrix,"full matrix, sparse matrix"
sparse,"i,j",Subscript pairs (as separate arguments),"scalars, vectors, matrices"
sparse,"m,n",Size of each dimension (as separate arguments),integer values
sparse,nz,Storage allocation for nonzero elements,nonnegative integer
sparse,v,Values,"scalar, vector, matrix"
spaugment,A,,
spaugment,c,,
spconvert,D,Input matrix,matrix
spdiags,A,Input matrix,matrix
spdiags,Bin,Diagonal elements,matrix
spdiags,d,Diagonal numbers,"scalar, vector"
spdiags,m,Dimension sizes,nonnegative scalar integers
spdiags,n,Dimension sizes,nonnegative scalar integers
specular,k,,
specular,nx,,
specular,ny,,
specular,nz,,
specular,s,,
specular,v,,
speye,m,Dimension sizes,nonnegative integer scalars
speye,n,Dimension sizes,nonnegative integer scalars
speye,sz,Dimension sizes,two-element row vector
spfun,S,Input matrix,"sparse matrix, full matrix"
spfun,func,Function to apply,function handle
sph2cart,azimuth,Azimuth angle,"scalar, vector, matrix, multidimensional array"
sph2cart,elevation,Elevation angle,"scalar, vector, matrix, multidimensional array"
sph2cart,r,Radius,"scalar, vector, matrix, multidimensional array"
sphere,ax,Target axes,Axes object
sphere,n,Number of faces,positive integer
spinmap,n,Rotation amount,"2, scalar numeric value"
spinmap,t,Rotation duration,"3, scalar numeric value, 'inf'"
spline,x,x-coordinates,vector
spline,xq,Query points,"scalar, vector, matrix, array"
spline,y,Function values at x-coordinates,"vector, matrix, array"
split,delimiter,Delimiting substrings,"string array, character vector, cell array of character vectors, pattern array (since R2020b)"
split,dim,Dimension along which to split strings,positive integer
split,str,Input text,"string array, character vector, cell array of character vectors"
splitapply,G,Group numbers,vector of positive integers
splitapply,T,Data variables,table
splitapply,X,Data variable,"vector, matrix, cell array"
splitapply,func,Function to apply to groups of data,function handle
splitlines,str,Input text,"string array, character vector, cell array of character vectors"
spones,S,required,logical
spparms,arg1,,
spparms,arg2,,
sprand,S,Input matrix,"full matrix, sparse matrix"
sprand,density,Density of nonzero elements,scalar
sprand,m,Number of matrix rows,nonnegative integer
sprand,n,Number of matrix columns,nonnegative integer
sprand,rc,Reciprocal condition number,"scalar, vector"
sprandn,S,Input matrix,"full matrix, sparse matrix"
sprandn,density,Density of nonzero elements,scalar
sprandn,m,Number of matrix rows,nonnegative integer
sprandn,n,Number of matrix columns,nonnegative integer
sprandn,rc,Reciprocal condition number,"scalar, vector"
sprandsym,arg1,,
sprandsym,density,,
sprandsym,kind,,
sprandsym,rcond,,
sprank,A,Input matrix,sparse matrix
spring,m,Number of colors,"256, scalar integer value"
sprintf,"A1,...,An","Numeric, character, or string arrays",arrays
sprintf,formatSpec,Format of output fields,formatting operators
sprintf,literalText,Input text without formatting operators,"character vector, string scalar"
spy,LineSpec,Marker symbol and color,"character vector, string"
spy,MarkerSize,Size of markers,positive integer scalar
spy,S,Input matrix,matrix
sqrt,X,Input array,"scalar, vector, matrix, multidimensional array"
sqrtm,A,Input matrix,square matrix
squeeze,A,Input array,multidimensional array
ss2tf,A,State matrix,matrix
ss2tf,B,Input-to-state matrix,matrix
ss2tf,C,State-to-output matrix,matrix
ss2tf,D,Feedthrough matrix,matrix
ss2tf,ni,Input index,"1, integer scalar"
sscanf,formatSpec,Format of input fields,formatting operators
sscanf,sizeA,Dimensions of output array,"Inf, integer, two-element row vector"
sscanf,str,Input text to scan,"character array, string scalar"
stackedplot,LineSpec,"Line style, marker, and color","character vector, string"
stackedplot,X,x-values,"numeric vector, datetime vector, duration vector, logical vector"
stackedplot,Y,y-values,"numeric array, datetime array, duration array, categorical array, logical array"
stackedplot,parent,Parent container,"Figure object, Panel object, Tab object, TiledChartLayout object, GridLayout object"
stackedplot,tbl,Input table or timetable,"table, timetable"
stackedplot,vars,Variables in input table or timetable,"string array, numeric array, logical array, cell array"
stackedplot,xvar,Table variable that contains x-values,"string scalar, character vector, integer, logical array"
stairs,LineSpec,"Line style, marker, and color","character vector, string"
stairs,X,x values,vector or matrix
stairs,Y,y values,vector or matrix
stairs,ax,Axes object,Axes object
standardizeMissing,A,Input data,"vector, matrix, multidimensional array, table, timetable"
standardizeMissing,datavars,Table variables to operate on,"scalar, vector, cell array, function handle, table vartype subscript"
standardizeMissing,indicator,Nonstandard missing value indicator,"scalar, vector, cell array"
startsWith,pat,Search pattern,"string array, character vector, cell array of character vectors, pattern array (since R2020b)"
startsWith,str,Input text,"string array, character vector, cell array of character vectors"
stats,mfcn,Function with memoization semantics,MemoizedFunction object
std,A,Input array,"vector, matrix, multidimensional array"
std,dim,Dimension to operate along,positive integer scalar
std,nanflag,NaN condition,"'includenan', 'omitnan'"
std,vecdim,Vector of dimensions,vector of positive integers
std,w,Weight,"0, 1, vector"
stem,LineSpec,"Line style, marker, and color","character vector, string"
stem,X,Locations to plot data values in Y,vector or matrix
stem,Y,Data sequence to display,vector or matrix
stem,ax,Axes object,Axes object
stem3,LineSpec,"Line style, marker, and color","character vector, string"
stem3,X,Locations to plot values of Z,vector or matrix
stem3,Y,Locations to plot values of Z,vector or matrix
stem3,Z,Data sequence to display,vector or matrix
stem3,ax,Axes object,Axes object
step,obj,System object to run,System object
stlread,filename,STL file name,"character vector, scalar string"
stlwrite,TR,Triangulation,"triangulation object, 2-D delaunayTriangulation object"
stlwrite,fileformat,File format,"'binary', 'text'"
stlwrite,filename,STL file name,"character vector, scalar string"
stopasync,obj,required,serial
str2double,str,Text that represents numbers,"character vector, cell array of character vectors, string array"
str2func,str,Text to convert to function handle,"function name, character vector representation of anonymous function, string scalar representation of anonymous function"
str2mat,varargin,,
str2num,chr,Representation of numeric matrix,"character array, string scalar"
strcat,"s1,...,sN",Input text,"character arrays, cell array of character vectors, string arrays"
strcmp,"s1,s2",Input text,"character vector, character array, cell array of character vectors, string array"
strcmpi,"s1,s2",Input text,"character vector, character array, cell array of character vectors, string array"
stream2,varargin,,
stream3,varargin,,
streamline,U,x-components,"2-D array, 3-D array"
streamline,V,y-components,"2-D array, 3-D array"
streamline,W,z-components,3-D array
streamline,X,x-coordinates of vector data,"2-D array, 3-D array"
streamline,Y,y-coordinates of vector data,"2-D array, 3-D array"
streamline,Z,z-coordinates of vector data,3-D array
streamline,ax,Target axes,Axes object
streamline,options,streamline drawing options,"[.1, 1000], one-element vector, two-element vector"
streamline,startx,x-axis streamline starting positions,"vector, matrix"
streamline,starty,y-axis streamline starting positions,"vector, matrix"
streamline,startz,z-axis streamline starting positions,"vector, matrix"
streamline,verts,Streamline vertices,cell array
streamparticles,Animate,namevalue,"numeric, scalar, >=0"
streamparticles,FrameRate,namevalue,"numeric, scalar, >=0"
streamparticles,ParticleAlignment,namevalue · default off,"choices={'on','off'}"
streamparticles,n,ordered,"numeric, scalar"
streamparticles,opts,properties,matlab.graphics.primitive.Line
streamparticles,vertices,required,cell
streamribbon,axes_handle,ordered,matlab.graphics.axis.Axes
streamribbon,width,ordered,"numeric, scalar"
streamslice,U,x-components,"2-D array, 3-D array"
streamslice,V,y-components,"2-D array, 3-D array"
streamslice,W,z-components,3-D array
streamslice,X,x-coordinates of vector data,"2-D array, 3-D array"
streamslice,Y,y-coordinates of vector data,"2-D array, 3-D array"
streamslice,Z,z-coordinates of vector data,3-D array
streamslice,arrowsmode,Arrow display mode,"'arrows', 'noarrows'"
streamslice,ax,Target axes,"current axes, Axes object"
streamslice,density,Density of streamlines,"1, scalar"
streamslice,method,Interpolation method,"'linear', 'cubic', 'nearest'"
streamslice,xslice,x-axis slice values,"scalar, vector, []"
streamslice,yslice,y-axis slice values,"scalar, vector, []"
streamslice,zslice,z-axis slice values,"scalar, vector, []"
streamtube,[scale n],ordered,"numeric, vector, numel=2"
streamtube,axes_handle,ordered,matlab.graphics.axis.Axes
strfind,cellOutput,Indicator for forcing output to be returned as cell array,"false, true, 0, 1"
strfind,pat,Search pattern,"string scalar, character vector, pattern scalar (since R2020b)"
strfind,str,Input text,"string array, character vector, cell array of character vectors"
strings,n,Size of square array,nonnegative integer
strings,sz,Size of each dimension (as a row vector),nonnegative integers
strings,"sz1,...,szN",Size of each dimension (as separate arguments),nonnegative integers
strip,side,Side of string to strip,"'left', 'right', 'both'"
strip,str,Input text,"string array, character vector, cell array of character vectors"
strip,stripCharacter,Character to strip from input text,"' ', character, string"
strjoin,C,Input text,"1-by-n cell array of character vectors, 1-by-n string array"
strjoin,delimiter,Delimiting characters,"character vector, 1-by-n cell array of character vectors, 1-by-n string array"
strjust,side,Side to justify text on,"'left', 'right', 'center'"
strjust,str,Input text,"character array, cell array of character vectors, string array"
strlength,str,Input text,"string array, character vector, cell array of character vectors"
strmatch,str,Pattern Text,"character vector, string scalar, cell array of character vectors"
strmatch,strarray,Text Array,"character array, string array, cell array of character vectors"
strncmp,n,Maximum number of characters to compare,integer
strncmp,"s1,s2",Input text,"character vector, character array, cell array of character vectors, string array"
strncmpi,n,Maximum number of characters to compare,integer
strncmpi,"s1,s2",Input text,"character vector, character array, cell array of character vectors, string array"
strread,N,Number of Values,integer greater than zero
strread,format,Output format,"character array, string scalar"
strread,str,Input text,"character array, string scalar"
strrep,new,New substring,"string array, character vector, cell array of character vectors"
strrep,old,Substring to replace,"string array, character vector, cell array of character vectors"
strrep,str,Input text,"string array, character vector, cell array of character vectors"
strsplit,delimiter,Delimiting characters,"character vector, 1-by-n cell array of character vectors, 1-by-n string array"
strsplit,str,Input text,"character vector, string scalar"
strtok,delimiters,Delimiting characters,"string array, character vector, cell array of character vectors"
strtok,str,Input text,"string array, character vector, cell array of character vectors"
strtrim,str,Input text,"character array, cell array of character arrays, string array"
struct2cell,S,Input structure array,structure array
struct2table,S,Structure array,structure array
structfun,S,Input structure,scalar structure
structfun,func,Function to apply,function handle
strvcat,"str1,...,strN",Input text,"character arrays, string scalar"
strvcat,txt,Text array,"cell array of character vectors, string array"
sub2ind,"I1,I2,...,In",Multidimensional subscripts,"scalar, vector, matrix, multidimensional array"
sub2ind,col,Column subscripts,"scalar, vector, matrix, multidimensional array"
sub2ind,row,Row subscripts,"scalar, vector, matrix, multidimensional array"
sub2ind,sz,Size of array,vector of positive integers
subplot,ax,Existing axes to make current or convert to subplot,"Axes object, PolarAxes object, GeographicAxes object, graphics object"
subplot,m,Number of grid rows,"1, positive integer"
subplot,n,Number of grid columns,"1, positive integer"
subplot,p,Grid position for new axes,"scalar, vector"
subplot,pos,Custom position for new axes,four-element vector
subsasgn,A,,
subsasgn,B,,
subsasgn,S,,
subspace,A,,
subspace,B,,
subsref,A,Indexed object array,any object
subsref,S,Indexing structure,specialized indexing structure
substruct,subs,,
substruct,type,,
substruct,varargin,,
subtitle,target,Target for the subtitle,"axes, tiled chart layout, array of objects"
subtitle,txt,Subtitle text,"character vector, cell array of character vectors, string array"
subvolume,varargin,,
sum,A,Input array,"vector, matrix, multidimensional array"
sum,dim,Dimension to operate along,positive integer scalar
sum,nanflag,NaN condition,"‘includenan’, ‘omitnan’"
sum,outtype,Output data type,"'default', 'double', 'native'"
sum,vecdim,Vector of dimensions,vector of positive integers
summer,m,Number of colors,"256, scalar integer value"
superclasses,ClassName,Class name,"character vector, string"
superclasses,obj,Object,object
supportPackageInstaller,varargin,,
surf,C,Color array,"matrix, m-by-n-by-3 array of RGB triplets"
surf,X,x-coordinates,"matrix, vector"
surf,Y,y-coordinates,"matrix, vector"
surf,Z,z-coordinates,matrix
surf,ax,Axes to plot in,axes object
surf2patch,varargin,,
surface,C,Color array,"matrix, m-by-n-by-3 array of RGB triplets"
surface,X,x-coordinates,"matrix, vector"
surface,Y,y-coordinates,"matrix, vector"
surface,Z,z-coordinates,matrix
surface,ax,Axes to plot in,axes object
surfc,C,Color array,"matrix, m-by-n-by-3 array of RGB triplets"
surfc,X,x-coordinates,"matrix, vector"
surfc,Y,y-coordinates,"matrix, vector"
surfc,Z,z-coordinates,matrix
surfc,ax,Axes to plot in,axes object
surfl,X,x-coordinates,"matrix, vector"
surfl,Y,y-coordinates,"matrix, vector"
surfl,Z,z-coordinates,matrix
surfl,ax,Axes to plot in,axes object
surfl,k,Reflectance constant,"[.55 .6 .4 10], four-element vector"
surfl,s,Direction to light source,"two-element vector, three-element vector"
surfnorm,X,x-coordinates,matrix
surfnorm,Y,y-coordinates,matrix
surfnorm,Z,z-coordinates,matrix
surfnorm,ax,Axes to plot in,axes object
svds,A,Input matrix,matrix
svds,Afun,Matrix function,function handle
svds,k,Number of singular values to compute,scalar
svds,n,Size of matrix used by Afun,two-element vector
svds,opts,Options structure,structure
svds,sigma,Type of singular values,"'largest', 'smallest', 'smallestnz', scalar"
svdsketch,A,Input matrix,matrix
svdsketch,tol,Matrix sketch tolerance,"eps(class(A))^(1/4), real numeric scalar"
swapbytes,X,Numeric value,"scalar, vector, matrix, multidimensional array"
swarmchart,'filled',Option to fill interior of markers,'filled'
swarmchart,ax,Target axes,"Axes object, PolarAxes object, GeographicAxes object"
swarmchart,c,Marker color,"color name, RGB triplet, matrix of RGB triplets, vector of colormap indices"
swarmchart,mkr,Marker type,"'o', '+', '*', '.', 'x'"
swarmchart,sz,Marker size,"36, numeric scalar, row or column vector, matrix, []"
swarmchart,tbl,Source table,"table, timetable"
swarmchart,x,x-coordinates,"scalar, vector, matrix"
swarmchart,xvar,Table variables containing x-coordinates,one or more table variable indices
swarmchart,y,y-coordinates,"scalar, vector, matrix"
swarmchart,yvar,Table variables containing y-coordinates,one or more table variable indices
swarmchart3,'filled',Option to fill interior of markers,'filled'
swarmchart3,ax,Target axes,Axes object
swarmchart3,c,Marker color,"[0 0.4470 0.7410], RGB triplet, three-column matrix of RGB triplets, vector, 'r', 'g', 'b'"
swarmchart3,mkr,Marker type,"'o', '+', '*', '.', 'x'"
swarmchart3,sz,Marker size,"36, numeric scalar, row or column vector, []"
swarmchart3,tbl,Source table,"table, timetable"
swarmchart3,x,x-coordinates,"scalar, vector"
swarmchart3,xvar,Table variables containing x-coordinates,one or more table variable indices
swarmchart3,y,y-coordinates,"scalar, vector"
swarmchart3,yvar,Table variables containing y-coordinates,one or more table variable indices
swarmchart3,z,z-coordinates,"scalar, vector"
swarmchart3,zvar,Table variables containing z-coordinates,one or more table variable indices
sylvester,"A,B,C",Input matrices,matrices
symamd,S,,
symamd,varargin,,
symmlq,A,Coefficient matrix,"matrix, function handle"
symmlq,M,Preconditioner matrices (as separate arguments),"eye(size(A)), matrices, function handles"
symmlq,M1,Preconditioner matrices (as separate arguments),"eye(size(A)), matrices, function handles"
symmlq,M2,Preconditioner matrices (as separate arguments),"eye(size(A)), matrices, function handles"
symmlq,b,Right-hand side of linear equation,column vector
symmlq,maxit,Maximum number of iterations,"[] or min(size(A,1),20), positive scalar integer"
symmlq,tol,Method tolerance,"[] or 1e-6, positive scalar"
symmlq,x0,Initial guess,"[] or a column vector of zeros, column vector"
symvar,expr,Input expression,"character vector, string scalar"
sysobjupdate,actionKey,Update action to perform,keyword
sysobjupdate,command,Command to run,full path to a command
sysobjupdate,folder,Folder of objects to update,full path to folder
sysobjupdate,object,Object to update,"System object name, System object file name"
sysobjupdate,package,System object package to update,"System object package name, full path to folder"
system,command,Operating system command,"string, character vector"
table2array,T,Input table,table
table2cell,T,Input table,table
table2struct,T,Input table,table
table2timetable,Fs,Sample rate,positive numeric scalar
table2timetable,T,Input table,table
table2timetable,dt,Time step,"datetime scalar, duration scalar"
table2timetable,rowTimes,Row times assigned to output timetable,"datetime vector, duration vector"
table2timetable,t0,Start time,"datetime scalar, duration scalar"
table2timetable,timeVarName,Name of variable from input table,"character vector, string scalar"
tallrng,generator,Random number generator,"'threefry', 'multFibonacci', 'philox', 'combRecursive'"
tallrng,seed,Random number seed,nonnegative integer
tallrng,state,Previous random number generator state,structure
tan,X,Input angle in radians,"scalar, vector, matrix, multidimensional array"
tand,X,Angle in degrees,"scalar value, vector, matrix, N-D array"
tanh,X,Input angles in radians,"scalar, vector, matrix, multidimensional array"
tar,filenames,Names of files or folders,"character vector, cell array of character vectors, string array"
tar,rootfolder,Root paths,"character vector, string scalar"
tar,tarfilename,Name of tar file,"character vector, string scalar"
tempname,folderName,Folder name,"string scalar, character vector"
testrunner,runnerOption,ordered,"char, choices={'minimal','textoutput'}"
testsuite,tests,Array of tests,"string array, character vector, cell array of character vectors"
tetramesh,T,Tetrahedron connectivity,matrix
tetramesh,TR,3-D triangulation object,"triangulation, delaunayTriangulation"
tetramesh,X,Coordinates of points,matrix
tetramesh,c,Face color,vector
texlabel,f,Input MATLAB expression,"character vector, string scalar"
text,ax,Target axes,"Axes object, PolarAxes object, GeographicAxes object"
text,txt,Text to display,"character vector, string scalar, character array, string array, cell array, categorical array"
text,x,First coordinate,"scalar, vector"
text,y,Second coordinate,"scalar, vector"
text,z,Third coordinate,"0, scalar, vector"
textBoundary,type,Boundary type,"'either', 'start', 'end'"
textread,N,Number of times to read the data,positive integer
textread,filename,File name,"character vector, string scalar"
textread,format,Format,"character vector, string scalar"
textscan,N,Number of times to apply formatSpec,"Inf, positive integer"
textscan,chr,Input text,"character vector, string"
textscan,fileID,File identifier,numeric scalar
textscan,formatSpec,Format of the data fields,"character vector, string"
textwrap,c,UI control object,UIControl object
textwrap,numchar,Number of characters,positive integer
textwrap,txt,Text,"cell array of character vectors, string array"
tfqmr,A,Coefficient matrix,"matrix, function handle"
tfqmr,M,Preconditioner matrices (as separate arguments),"eye(size(A)), matrices, function handles"
tfqmr,M1,Preconditioner matrices (as separate arguments),"eye(size(A)), matrices, function handles"
tfqmr,M2,Preconditioner matrices (as separate arguments),"eye(size(A)), matrices, function handles"
tfqmr,b,Right-hand side of linear equation,column vector
tfqmr,maxit,Maximum number of iterations,"[] or min(size(A,1),20), positive scalar integer"
tfqmr,tol,Method tolerance,"[] or 1e-6, positive scalar"
tfqmr,x0,Initial guess,"[] or a column vector of zeros, column vector"
thetalim,limits,Minimum and maximum limits,two-element vector
thetalim,pax,Polar axes,"polar axes, array of polar axes"
thetatickformat,fmt,Format for numeric tick labels,"'%g', character vector, string"
thetatickformat,pax,Polar axes,"polar axes, array of polar axes"
thetaticklabels,labels,Tick labels,"cell array of character vectors, string array, categorical array"
thetaticklabels,pax,Polar axes,"polar axes, array of polar axes"
thetaticks,pax,Polar axes,"polar axes, array of polar axes"
thetaticks,ticks,Tick values,vector of increasing values
thingSpeakRead,channelID,Channel identification number,numeric
thingSpeakWrite,channel write API key,Write API key of channel,"character vector of API Key, string scalar of API Key"
thingSpeakWrite,channelID,Channel identification number,numeric
thingSpeakWrite,data,Data to write to channel,"array, numeric, table, timetable"
tiledlayout,m,Number of rows,positive whole number
tiledlayout,n,Number of columns,positive whole number
tiledlayout,parent,Parent container,"Figure object, Panel object, Tab object, TiledChartLayout object, GridLayout object"
timeit,f,function to be measured,function handle
timeit,numOutputs,Number of desired outputs from f,integer
timerange,intervalType,Type of time range interval,"character vector, string scalar"
timerange,"startPeriod,endPeriod",Start and end time periods,"pair of datetime scalars, pair of character vectors, pair of string scalars"
timerange,"startTime,endTime",Start and end times of time range,"pair of datetime scalars, pair of duration scalars, pair of character vectors, pair of string scalars"
timerange,timePeriod,Time period,"datetime scalar, character vector, string scalar"
timerange,unitOfTime,Component of time periods,"character vector, string scalar"
times,A,Operands,"scalars, vectors, matrices, multidimensional arrays"
times,B,Operands,"scalars, vectors, matrices, multidimensional arrays"
timeseries2timetable,ts,Input time series,array of timeseries objects
timetable2table,TT,Input timetable,timetable
timezones,area,Geographic area,"'All', 'Africa', 'America', 'Antarctica'"
title,subtitletext,Subtitle text,"'', character vector, cell array of character vectors, string array, categorical array, numeric value"
title,target,Target for title,"axes, legend, tiled chart layout, standalone visualization, array of objects"
title,titletext,Title text,"'', character vector, cell array of character vectors, string array, categorical array, numeric value"
toc,timerVal,Value of internal timer,8-byte (64-bit) unsigned integer
toeplitz,c,Column of Toeplitz matrix,"scalar, vector"
toeplitz,r,Row of Toeplitz matrix,"scalar, vector"
toolboxdir,toolboxName,Toolbox name,"character vector, string scalar"
transpose,A,Input array,"vector, matrix"
trapz,X,Point spacing,"1, uniform scalar spacing, vector of coordinates"
trapz,Y,Numeric data,"vector, matrix, multidimensional array"
trapz,dim,Dimension to operate along,positive integer scalar
treelayout,parent,,
treelayout,post,,
treeplot,EdgeSpec,"Edge style, marker, and color","character vector, string"
treeplot,NodeSpec,Node marker and color,"character vector, string"
treeplot,p,Indices of parent nodes,row vector
tril,A,Input matrix,matrix
tril,k,Diagonals to include,"0, scalar"
trimesh,T,Triangle connectivity,matrix
trimesh,TO,Triangulation object,"triangulation, delaunayTriangulation"
trimesh,c,Edge color,matrix
trimesh,x,x-coordinates,column vector
trimesh,y,y-coordinates,column vector
trimesh,z,z-coordinates,column vector
triplequad,intfcn,,
triplequad,quadf,,
triplequad,tol,,
triplequad,varargin,,
triplequad,xmax,,
triplequad,xmin,,
triplequad,ymax,,
triplequad,ymin,,
triplequad,zmax,,
triplequad,zmin,,
triplot,LineSpec,"Line style, marker, and color","character vector, string"
triplot,T,Triangle connectivity,matrix
triplot,TO,Triangulation object,"triangulation, delaunayTriangulation"
triplot,x,x-coordinates,column vector
triplot,y,y-coordinates,column vector
trisurf,T,Triangle connectivity,matrix
trisurf,TO,Triangulation object,"triangulation, delaunayTriangulation"
trisurf,c,Face color,matrix
trisurf,x,x-coordinates,column vector
trisurf,y,y-coordinates,column vector
trisurf,z,z-coordinates,column vector
triu,A,Input matrix,matrix
triu,k,Diagonals to include,"0, scalar"
true,n,Size of square matrix,integer
true,p,Prototype,logical variable
true,sz,Size vector,row vector of integers
true,"sz1,...,szN",Size inputs,comma-separated list of integers
tsearchn,tri,,
tsearchn,x,,
tsearchn,xi,,
turbo,m,Number of colors,"256, scalar integer value"
type,filename,File name,"character vector, string"
typecast,X,Input array,"scalar, vector"
typecast,type,New data type,"'single', 'double', 'int8', 'int16', 'int32', 'int64', 'uint8', 'uint16', 'uint32', 'uint64'"
uialert,fig,Target figure,Figure object
uialert,message,Message,"character vector, cell array of character vectors, string array"
uialert,title,Title,"character vector, string scalar"
uiaxes,parent,Parent container,"Figure object, Panel object, Tab object, GridLayout object, TiledChartLayout object"
uibutton,parent,Parent container,"Figure object, Panel object, Tab object, ButtonGroup object, GridLayout object"
uibutton,style,Style of button,"'push', 'state'"
uibuttongroup,parent,Parent container,"Figure object, Panel object, Tab object, ButtonGroup object, GridLayout object"
uicheckbox,parent,Parent container,"Figure object, Panel object, Tab object, ButtonGroup object, GridLayout object"
uiconfirm,fig,Target figure,Figure object
uiconfirm,message,Message to display,"character vector, cell array of character vectors, string array"
uiconfirm,title,Dialog box title,"character vector, string scalar"
uicontextmenu,parent,Parent figure,Figure object
uicontrol,c,User interface control object,UIControl object
uicontrol,parent,Parent object,"current figure, Figure object, Panel object, ButtonGroup object, Tab object"
uidatepicker,parent,Parent container,"Figure object, Panel object, Tab object, ButtonGroup object, GridLayout object"
uidropdown,parent,Parent container,"Figure object, Panel object, Tab object, ButtonGroup object, GridLayout object"
uieditfield,parent,Parent container,"Figure object, Panel object, Tab object, ButtonGroup object, GridLayout object"
uieditfield,style,Type of edit field,"'text', 'numeric'"
uifigure,opts,properties,matlab.ui.Figure
uigauge,parent,Parent container,"Figure object, Panel object, Tab object, ButtonGroup object, GridLayout object"
uigauge,style,Style of gauge,"'circular', 'linear', 'ninetydegree', 'semicircular'"
uigetdir,path,Initial folder,"current working directory, character vector, string scalar"
uigetdir,title,Dialog box title,"Select Folder to Open, character vector, string scalar"
uigetfile,defname,Default File name field value,"'', character vector, string scalar"
uigetfile,filter,File filter,"character vector, cell array of character vectors, string array"
uigetfile,mode,Multiselect mode,"'off', 'on'"
uigetfile,title,Dialog box title,"'Select File to Open', character vector"
uigetpref,group,Preference group name,"character vector, string scalar"
uigetpref,pbtns,Preference button labels,"character vector, cell array of character vectors, vertical bar-delimited character vector, string array"
uigetpref,pref,Preference name,"character vector, string scalar"
uigetpref,quest,Dialog box question,"character vector, cell array of character vectors, string array"
uigetpref,title,Dialog box title,"character vector, string scalar"
uigridlayout,parent,Parent container,"Figure object, Panel object, Tab object, ButtonGroup object, GridLayout object"
uigridlayout,sz,Size,"[2 2], two-element vector"
uihtml,parent,Parent container,"Figure object, Panel object, Tab object, ButtonGroup object, GridLayout object"
uihyperlink,parent,Parent container,"Figure object, Panel object, Tab object, ButtonGroup object, GridLayout object"
uiimage,parent,Parent container,"Figure object, Panel object, Tab object, ButtonGroup object, GridLayout object"
uiimport,filename,required,file
uiimport,varargin,ordered,
uiknob,parent,Parent container,"Figure object, Panel object, Tab object, ButtonGroup object, GridLayout object"
uiknob,style,Style of knob,"'continuous', 'discrete'"
uilabel,parent,Parent container,"Figure object, Panel object, Tab object, ButtonGroup object, GridLayout object"
uilamp,parent,Parent container,"Figure object, Panel object, Tab object, ButtonGroup object, GridLayout object"
uilistbox,parent,Parent container,"Figure object, Panel object, Tab object, ButtonGroup object, GridLayout object"
uimenu,parent,Parent container,"Figure object, Menu object, ContextMenu object"
uiopen,file,File name,"character vector, string scalar"
uiopen,tf,Logical open file,"0, 1, true, false"
uiopen,type,file filter,"'matlab', 'load', 'figure', 'simulink', 'editor'"
uipanel,parent,Parent container,"Figure object, Panel object, Tab object, ButtonGroup object, GridLayout object"
uiprogressdlg,fig,Target figure,Figure object
uipushtool,parent,Parent toolbar,Toolbar object
uiputfile,defname,Default file name,"character vector, string scalar"
uiputfile,filter,File type filter specification,"All MATLAB Files, character vector, cell array of character vectors, string array"
uiputfile,title,Dialog box title,"Select File to Write, character vector, string scalar"
uiradiobutton,parent,Parent container,ButtonGroup object
uiresume,f,Figure object,Figure object
uisave,file,file name,"'matlab.mat', character vector, string scalar"
uisave,vars,Set of workspace variables,"all workspace variables, character vector, cell array of character vectors, string array"
uisetcolor,RGB,Default color,"[1 1 1], RGB triplet"
uisetcolor,obj,Source object for default color,graphics object
uisetcolor,title,Title of dialog box,"'Color', character vector, string scalar"
uisetfont,h,Target object,"axes object, text object, uicontrol object"
uisetfont,optsin,Font,structure
uisetfont,title,Dialog box title,"'Font', character vector, string scalar"
uisetpref,clearall,required,choices={'clearall'}
uislider,parent,Parent container,"Figure object, Panel object, Tab object, ButtonGroup object, GridLayout object"
uispinner,parent,Parent container,"Figure object, Panel object, Tab object, ButtonGroup object, GridLayout object"
uistack,comp,UI component,"single object, vector of objects"
uistack,moveto,Location,"'up', 'down', 'top', 'bottom'"
uistack,step,Number of levels to shift,"1, positive integer"
uistyle,properties,properties,matlab.ui.style.Style
uiswitch,parent,Parent container,"Figure object, Panel object, Tab object, ButtonGroup object, GridLayout object"
uiswitch,style,Style of switch,"'slider', 'rocker', 'toggle'"
uitab,parent,Parent container,TabGroup object
uitabgroup,parent,Parent container,"Figure object, Panel object, Tab object, ButtonGroup object, GridLayout object"
uitable,parent,Parent container,"Figure object, Panel object, Tab object, ButtonGroup object, GridLayout object"
uitextarea,parent,Parent container,"Figure object, Panel object, Tab object, ButtonGroup object, GridLayout object"
uitogglebutton,parent,Parent container,ButtonGroup object
uitoggletool,parent,Parent toolbar,Toolbar object
uitoolbar,parent,Parent figure,Figure object
uitree,parent,Parent container,"Figure object, Panel object, Tab object, ButtonGroup object, GridLayout object"
uitree,style,Style of tree,"'tree', 'checkbox'"
uitreenode,location,Location relative to sibling,"'after', 'before'"
uitreenode,parent,Parent object,"Tree object, TreeNode object"
uitreenode,sibling,Sibling node,TreeNode
uiwait,f,Figure object,Figure object
uiwait,timeout,Timeout duration,numeric value
uminus,A,Input array,"scalar, vector, matrix, multidimensional array"
underlyingType,X,Input array or object,"variable, expression"
underlyingValue,cppEnum,C++ enumeration created in MATLAB,C++ enumeration object
unicode2native,encoding,ordered,"char, char, choices={'UTF-8','ISO-8859-1','windows-1251','GB2312','Shift_JIS','windows-1252','EUC-KR','GBK','EUC-JP'}"
unicode2native,unicodestr,required,char
uniquetol,A,Query array,"scalar, vector, matrix, multidimensional array"
uniquetol,occurrence,Occurrence of unique values,"'lowest', 'highest'"
uniquetol,tol,Comparison tolerance,"positive, real scalar"
unix,command,UNIX command,character vector
unloadlibrary,libname,Name of shared library,character vector
unmesh,M,,
unmkpp,pp,Piecewise polynomial,structure
unregisterallevents,c,COM object,function handle
unregisterevent,c,COM object,function handle
unregisterevent,eventhandler,Function to call when event occurs,cell array
unstack,S,Input table,"table, timetable"
unstack,ivar,Indicator variable in S,"positive integer, character vector, string scalar"
unstack,vars,Variables in S to unstack,"positive integer, vector of positive integers, character vector, cell array of character vectors, string array, logical vector"
untar,outputfolder,Target folder,"character vector, string scalar"
untar,tarfilename,Name of tar file,"character vector, string scalar"
unwrap,P,Input array,"vector, matrix, multidimensional array"
unwrap,dim,Dimension to operate along,positive integer scalar
unwrap,tol,Jump threshold to apply phase shift,"pi, scalar"
unzip,outputfolder,Target folder,"character vector, string scalar"
unzip,zipfilename,Name of zip file,"character vector, string scalar"
uplus,A,Input array,"scalar, vector, matrix, multidimensional array"
upper,str,Input array,"string array, character array, cell array of character vectors"
urlread,URL,Content location,character vector
urlwrite,URL,Content location,character vector
urlwrite,filename,Name of file to store web content,character vector
usejava,feature,Java feature,"'awt', 'desktop', 'jvm', 'swing'"
userpath,newpath,New value for the userpath folder,"character vector, string scalar"
validateFunctionSignaturesJSON,filenames,Path to functionSignatures.json files,"string array, character vector, cell array of character vectors"
validateattributes,A,Input,any type of array
validateattributes,argIndex,Position of input argument,positive integer
validateattributes,attributes,Valid attributes,"cell array, string array"
validateattributes,classes,Valid data types,"character vector, cell array of character vectors, string array"
validateattributes,funcName,Name of function for validation,"character vector, string scalar"
validateattributes,varName,Name of input variable,"character vector, string scalar"
validatecolor,colors,Color values,"1-by-3 vector, m-by-3 matrix, character vector, cell array of character vectors, string array"
validatecolor,sz,Size option,"'one', 'multiple'"
validatestring,argIdx,Position of input argument,positive integer
validatestring,funcName,Name of function,"string scalar, character vector"
validatestring,str,Text to validate,"string scalar, character vector"
validatestring,validStrings,Text to match,"string array, cell array of character vectors"
validatestring,varName,Name of input variable,"string scalar, character vector"
vander,v,Input,numeric vector
var,A,Input array,"vector, matrix, multidimensional array"
var,dim,Dimension to operate along,positive integer scalar
var,nanflag,NaN condition,"'includenan', 'omitnan'"
var,vecdim,Vector of dimensions,vector of positive integers
var,w,Weight,"0, 1, vector"
varfun,A,Input table,"table, timetable"
varfun,func,Function,function handle
vartype,type,Type of variables to select from a table or a timetable,"character vector, string scalar"
vecnorm,A,Input array,"vector, matrix, multidimensional array"
vecnorm,dim,Dimension to operate along,positive integer scalar
vecnorm,p,Norm type,"2, positive scalar, Inf"
vectorize,c,Input,"character vector, string scalar, inline function object"
ver,product,product-specific information,"string scalar, character vector"
verLessThan,toolbox,Name of MATLAB toolbox folder,character vector
verLessThan,version,Version number,character vector
verctrl,varargin,,
version,versionOption,Version option,"'-date', '-description', '-release', '-java'"
vertcat,A,First input,"scalar, vector, matrix, multidimensional array, table, timetable"
vertcat,"A1,A2,…,An",List of inputs,comma-separated list
vertcat,B,Second input,"scalar, vector, matrix, multidimensional array, table, timetable"
view,ax,Target axes,Axes object
view,az,Azimuth,number
view,dim,Dimensions,"2, 3"
view,el,Elevation,number
view,v,Line-of-sight vector,"[az el], [x y z]"
viewmtx,az,,
viewmtx,el,,
viewmtx,phi,,
viewmtx,target,,
visdiff,name,File or folder name,character vector
visdiff,type,Comparison type,"'text', 'binary', 'xml'"
volumebounds,u,,
volumebounds,v,,
volumebounds,w,,
volumebounds,x,,
volumebounds,y,,
volumebounds,z,,
voronoi,T,Delaunay triangulation,matrix
voronoi,TO,Constrained Delaunay triangulation object,delaunayTriangulation object
voronoi,x,x-coordinates,column vector
voronoi,y,y-coordinates,column vector
voronoin,P,Points,matrix
voronoin,opts,Qhull options,cell array of character vectors
waitbar,f,Figure object,figure object
waitbar,msg,Wait bar message,"character vector, cell array of character vectors, string array"
waitbar,x,Fractional wait bar length,real number
waitfor,obj,Object,object
waitfor,propname,Property name,"character vector, string scalar"
waitfor,propvalue,Property value,valid property value associated with propname
warndlg,msg,Warning message,"'This is the default warning', character vector, cell array of character vectors, string array"
warndlg,opts,Dialog box settings,"'non-modal', 'modal', 'replace', structure array"
warndlg,title,Dialog box title,"'Warning Dialog', character vector, string scalar"
warning,"A1,...,An",Values,"character vector, string scalar, numeric scalar"
warning,mode,Verbosity and stack trace display settings,"'backtrace', 'verbose'"
warning,msg,Information about cause of warning,"character vector, string scalar"
warning,state,Warning control indicator,"'on', 'off', 'query'"
warning,warnID,Identifier for warning,"character vector, string scalar, 'all', 'last'"
warning,warnStruct,Warning settings,"structure, array of structures"
waterfall,C,Color indexing array,matrix
waterfall,X,x-coordinates,"matrix, vector"
waterfall,Y,y-coordinates,"matrix, vector"
waterfall,Z,z-coordinates,matrix
waterfall,ax,Target axes,Axes object
web,opt,Browser option,"'-browser', '-new', '-noaddressbox', '-notoolbar'"
web,url,Web page address or file location,"character vector, string"
weboptions,name,properties,weboptions
webread,"QueryName1,QueryValue1,...,QueryNameN,QueryValueN",Web service query parameters,name-value pairs
webread,options,Additional HTTP request options,weboptions object
webread,url,URL to web service,"character vector, string scalar"
websave,"QueryName1,QueryValue1,...,QueryNameN,QueryValueN",Web service query parameters,name-value pairs
websave,filename,Name of file to save content to,"character vector, string scalar"
websave,options,Additional HTTP request options,weboptions object
websave,url,URL to web service,"character vector, string scalar"
webwrite,"PostName1,PostValue1,...,PostNameN,PostValueN",Web service post parameters,name-value pairs
webwrite,data,Data to write to web service,"character vector, string scalar"
webwrite,options,Additional HTTP request options,weboptions object
webwrite,url,URL to web service,"character vector, string scalar"
weekday,D,Serial date numbers or text representing dates and times,"vector, matrix, character vector, cell array of character vectors, string array, character array"
weekday,DayForm,Format of output day names,"'short', 'long'"
weekday,language,Output language of day names,"'en_US', 'local'"
what,folderName,Name of folder,"character vector, string scalar"
whatsnew,arg,,
which,fun1,Function to locate,"character vector, string scalar"
which,fun2,Calling file,"character vector, string scalar"
which,item,Function or file to locate,"character vector, string scalar"
whitebg,c,,
whitebg,fig,,
whitespaceBoundary,type,Boundary type,"'either', 'start', 'end'"
whitespacePattern,N,Exact number of characters to match,nonnegative integer scalar
whitespacePattern,maxCharacters,Maximum number of characters to match,nonnegative integer scalar
whitespacePattern,minCharacters,Minimum number of characters to match,nonnegative integer scalar
who,expr1 ... exprN,Regular expressions,"character vectors, string scalars"
who,filename,Name of MAT-file,"character vector, string scalar"
who,var1 ... varN,Variables to display,"character vectors, string scalars"
whos,expr1 ... exprN,Regular expressions,"character vectors, string scalars"
whos,filename,Name of MAT-file,"character vector, string scalar"
whos,var1 ... varN,Variables to display,"character vectors, string scalars"
width,T,Input table or array,"table, array"
wildcardPattern,N,Exact number of characters to match,nonnegative integer scalar
wildcardPattern,exceptPat,Exception to wildcard matching,"pattern object, character vector, string scalar"
wildcardPattern,maxCharacters,Maximum number of characters to match,nonnegative integer scalar
wildcardPattern,minCharacters,Minimum number of characters to match,nonnegative integer scalar
wilkinson,classname,Matrix class,"'double', 'single'"
wilkinson,n,Matrix order,"scalar, nonnegative integer"
winopen,name,Name of file,character vector
winqueryreg,rootkey,Root key name,"string, character vector"
winqueryreg,subkey,Subkey name,"string, character vector"
winqueryreg,valname,Name of value,"string, character vector"
winter,m,Number of colors,"256, scalar integer value"
withtol,rowTimes,Times to match in timetable,"datetime array, duration array, cell array of character vectors, string array"
withtol,tol,Tolerance for matching times to row times of timetable,"duration, character vector, string scalar"
wordcloud,C,Input categorical data,categorical array
wordcloud,parent,Parent container,"Figure object, Panel object, Tab object, TiledChartLayout object, GridLayout object"
wordcloud,sizeData,Word size data,numeric vector
wordcloud,sizeVar,Table variable for size data,"string scalar, character vector, numeric index, logical vector"
wordcloud,tbl,Input table,table
wordcloud,wordVar,Table variable for word data,"string scalar, character vector, numeric index, logical vector"
wordcloud,words,Input words,"string vector, cell array of character vectors"
writecell,C,Input cell array,cell array
writecell,filename,File name,"character vector, string scalar"
writematrix,A,Input data,matrix
writematrix,filename,File name,"character vector, string scalar"
writestruct,S,Input structure,MATLAB structure
writestruct,filename,File name,"character vector, string scalar"
writetable,T,Input data,table
writetable,filename,File name,"character vector, string scalar"
writetimetable,TT,Input timetable,timetable
writetimetable,filename,File name,"character vector, string scalar"
xcorr,maxlag,Maximum lag,integer scalar
xcorr,scaleopt,Normalization option,"'none', 'biased', 'unbiased', 'normalized', 'coeff'"
xcorr,x,Input array,"vector, matrix, multidimensional array"
xcorr,y,Input array,vector
xcov,maxlag,Maximum lag,integer scalar
xcov,scaleopt,Normalization option,"'none', 'biased', 'unbiased', 'normalized', 'coeff'"
xcov,x,Input array,"vector, matrix, multidimensional array"
xcov,y,Input array,vector
xlabel,target,Target for label,"Axes object, TiledChartLayout object, standalone visualization, array of objects"
xlabel,txt,Axis label,"string scalar, character vector, string array, character array, cell array, categorical array, numeric value"
xlim,limitmethod,Limit selection method,"'tickaligned', 'padded', 'tight'"
xlim,limitmode,Limit mode,"'auto', 'manual'"
xlim,limits,Minimum and maximum limits,two-element vector
xlim,target,Target axes or chart,"axes object, standalone visualization, array of axes or standalone visualizations"
xline,LineSpec,Line style and color,"character vector, string scalar"
xline,ax,Target axes,Axes object
xline,labels,Line labels,"'', character vector, string scalar, cell array of character vectors, string array"
xline,x,x-coordinates,"scalar, vector"
xlsfinfo,filename,Name of file,"character vector, string"
xlsread,'basic',Flag to request reading in basic mode,"character vector, string"
xlsread,filename,File name,"character vector, string"
xlsread,processFcn,Handle to a custom function,function handle
xlsread,sheet,Worksheet,"character vector, string, positive integer"
xlsread,xlRange,Rectangular range,"character vector, string"
xlswrite,A,Input matrix,matrix
xlswrite,filename,File name,"character vector, string"
xlswrite,sheet,Worksheet name,"character vector, string, positive integer"
xlswrite,xlRange,Rectangular range,"character vector, string"
xmlread,filename,File name,"character vector, string scalar"
xmlwrite,DOMnode,Document Object Model(DOM) node,DOM node object
xmlwrite,filename,File name,"character vector, string scalar"
xor,A,Operands,"scalars, vectors, matrices, multidimensional arrays"
xor,B,Operands,"scalars, vectors, matrices, multidimensional arrays"
xslt,'-web',ordered,choices={'-web'}
xslt,source,required,"file, char"
xslt,style,required,"file, char"
xtickangle,angle,Rotation of tick labels,"0, scalar value in degrees"
xtickangle,ax,Target axes,"Axes object, array of Axes objects"
xtickformat,ax,Target axes,"Axes object, array of Axes objects"
xtickformat,datefmt,Format for dates and times,"'auto', character vector, string scalar"
xtickformat,durationfmt,Format for duration values,"character vector, string scalar"
xtickformat,fmt,Format for numeric tick labels,"'%g', character vector, string scalar"
xticklabels,ax,Target axes,"Axes object, array of Axes objects"
xticklabels,labels,Tick labels,"cell array of character vectors, string array, categorical array"
xticks,ax,Target axes,"Axes object, array of Axes objects"
xticks,ticks,Tick values,vector of increasing values
ylabel,target,Target for label,"Axes object, TiledChartLayout object, standalone visualization, array of objects"
ylabel,txt,Axis label,"string scalar, character vector, string array, character array, cell array, categorical array, numeric value"
ylim,limitmethod,Limit selection method,"'tickaligned', 'padded', 'tight'"
ylim,limitmode,Limit mode,"'auto', 'manual'"
ylim,limits,Minimum and maximum limits,two-element vector
ylim,target,Target axes or chart,"axes object, standalone visualization, array of axes or standalone visualizations"
yline,LineSpec,Line style and color,"character vector, string scalar"
yline,ax,Target axes,"current axes, Axes object"
yline,labels,Line labels,"'', character vector, string scalar, cell array of character vectors, string array"
yline,y,y-coordinates,"scalar, vector"
ytickangle,angle,Rotation of tick labels,"0, scalar value in degrees"
ytickangle,ax,Target axes,"Axes object, array of Axes objects"
ytickformat,ax,Target axes,"Axes object, array of Axes objects"
ytickformat,datefmt,Format for dates and times,"'auto', character vector, string scalar"
ytickformat,durationfmt,Format for duration values,"character vector, string scalar"
ytickformat,fmt,Format for numeric tick labels,"'%g', character vector, string scalar"
yticklabels,ax,Target axes,"Axes object, array of Axes objects"
yticklabels,labels,Tick labels,"cell array of character vectors, string array, categorical array"
yticks,ax,Target axes,"Axes object, array of Axes objects"
yticks,ticks,Tick values,vector of increasing values
yyaxis,ax,Target axes,"current axes, Axes object"
zeros,n,Size of square matrix,integer value
zeros,p,Prototype of array to create,array
zeros,sz,Size of each dimension (as a row vector),integer values
zeros,"sz1,...,szN",Size of each dimension (as separate arguments),integer values
zeros,typename,Data type (class) to create,"'double', 'single', 'logical', 'int8', 'uint8'"
zip,filenames,Names of files or folders,"character vector, cell array of character vectors, string array"
zip,rootfolder,Root paths,"character vector, string scalar"
zip,zipfilename,Name of zip file,"character vector, string scalar"
zlabel,ax,Target axes,"Axes object, array of Axes objects"
zlabel,txt,Axis label,"string scalar, character vector, string array, character array, cell array, categorical array, numeric value"
zlim,ax,Target axes,"Axes object, array of Axes objects"
zlim,limitmethod,Limit selection method,"'tickaligned', 'padded', 'tight'"
zlim,limitmode,Limit mode,"'auto', 'manual'"
zlim,limits,Minimum and maximum limits,two-element vector
ztickangle,angle,Rotation of tick labels,"0, scalar value in degrees"
ztickangle,ax,Target axes,"Axes object, array of Axes objects"
ztickformat,ax,Target axes,"Axes object, array of Axes objects"
ztickformat,datefmt,Format for dates and times,"'auto', character vector, string"
ztickformat,durationfmt,Format for duration values,"character vector, string"
ztickformat,fmt,Format for numeric tick labels,"'%g', character vector, string"
zticklabels,ax,Target axes,"Axes object, array of Axes objects"
zticklabels,labels,Tick labels,"cell array of character vectors, string array, categorical array"
zticks,ax,Target axes,"Axes object, array of Axes objects"
zticks,ticks,Tick values,vector of increasing values
|,A,Operands,"scalars, vectors, matrices, multidimensional arrays"
|,B,Operands,"scalars, vectors, matrices, multidimensional arrays"
~,A,Input array,"scalar, vector, matrix, multidimensional array"
~=,A,Operands,"scalars, vectors, matrices, multidimensional arrays"
~=,B,Operands,"scalars, vectors, matrices, multidimensional arrays"
