name,kind,folder,graphics,form_index,syntax,name_value
&,operator,,no,0,A & B,no
&,operator,,no,1,"and(A,B)",no
',operator,,no,0,B = A',no
',operator,,no,1,B = ctranspose(A),no
*,operator,,no,0,C = A*B,no
*,operator,,no,1,"C = mtimes(A,B)",no
+,operator,,no,0,C = A + B,no
+,operator,,no,1,"C = plus(A,B)",no
-,operator,,no,0,C = A - B,no
-,operator,,no,1,"C = minus(A,B)",no
.',operator,,no,0,B = A.',no
.',operator,,no,1,B = transpose(A),no
.*,operator,,no,0,C = A.*B,no
.*,operator,,no,1,"C = times(A,B)",no
./,operator,,no,0,x = A./B,no
./,operator,,no,1,"x = rdivide(A,B)",no
.\,operator,,no,0,x = B.\A,no
.\,operator,,no,1,"x = ldivide(B,A)",no
.^,operator,,no,0,C = A.^B,no
.^,operator,,no,1,"C = power(A,B)",no
/,operator,,no,0,x = B/A,no
/,operator,,no,1,"x = mrdivide(B,A)",no
:,operator,,no,0,x = j:k,no
:,operator,,no,1,x = j:i:k,no
:,operator,,no,2,"x = colon(j,k)",no
:,operator,,no,3,"x = colon(j,i,k)",no
:,operator,,no,4,"A(:,n)",no
:,operator,,no,5,"A(m,:)",no
:,operator,,no,6,A(:),no
:,operator,,no,7,A(j:k),no
<,operator,,no,0,A < B,no
<,operator,,no,1,"lt(A,B)",no
<=,operator,,no,0,A <= B,no
<=,operator,,no,1,"le(A,B)",no
==,operator,,no,0,A == B,no
==,operator,,no,1,"eq(A,B)",no
>,operator,,no,0,A > B,no
>,operator,,no,1,"gt(A,B)",no
>=,operator,,no,0,A >= B,no
>=,operator,,no,1,"ge(A,B)",no
BeginInvoke,function,,no,0,"result = BeginInvoke(arg1,...,argN,callback,object)",no
Combine,function,,no,0,"result = Combine(delegateA,delegateB)",no
EndInvoke,function,,no,0,result = EndInvoke(asyncResult),no
EndInvoke,function,,no,1,"[res0,...,resN] = EndInvoke(res0,...,resN,asyncResult)",no
Inf,builtin,,no,0,X = Inf,no
Inf,builtin,,no,1,X = Inf(n),no
Inf,builtin,,no,2,"X = Inf(sz1,...,szN)",no
Inf,builtin,,no,3,X = Inf(sz),no
Inf,builtin,,no,4,"X = Inf(___,typename)",no
Inf,builtin,,no,5,"X = Inf(___,'like',p)",no
Logical Operators: Short-Circuit && ||,function,,no,0,expr1 && expr2,no
Logical Operators: Short-Circuit && ||,function,,no,1,expr1 || expr2,no
NET.addAssembly,builtin,+NET,no,0,asmInfo = NET.addAssembly(globalName),no
NET.addAssembly,builtin,+NET,no,1,asmInfo = NET.addAssembly(privateName),no
NET.convertArray,builtin,+NET,no,0,"arrObj = NET.convertArray(V,arrType,m,n,p,...)",no
NET.createArray,builtin,+NET,no,0,"array = NET.createArray(typeName,[m,n,p,...])",no
NET.createArray,builtin,+NET,no,1,"array = NET.createArray(typeName,m,n,p,...)",no
NET.createGeneric,builtin,+NET,no,0,"genObj = createGeneric(className,paramTypes)",no
NET.createGeneric,builtin,+NET,no,1,"genObj = createGeneric(className,paramTypes,ctorArgs)",no
NET.disableAutoRelease,builtin,+NET,no,0,NET.disableAutoRelease(obj),no
NET.enableAutoRelease,builtin,+NET,no,0,NET.enableAutoRelease(obj),no
NET.invokeGenericMethod,builtin,+NET,no,0,"outargs = NET.invokeGenericMethod(obj,genericMethodName,paramTypes)",no
NET.invokeGenericMethod,builtin,+NET,no,1,"outargs = NET.invokeGenericMethod(obj,genericMethodName,paramTypes,args)",no
NET.isNETSupported,builtin,+NET,no,0,tf = NET.isNETSupported,no
NET.setStaticProperty,builtin,+NET,no,0,"NET.setStaticProperty(propName,value)",no
NaN,builtin,,no,0,X = NaN,no
NaN,builtin,,no,1,X = NaN(n),no
NaN,builtin,,no,2,"X = NaN(sz1,...,szN)",no
NaN,builtin,,no,3,X = NaN(sz),no
NaN,builtin,,no,4,"X = NaN(___,typename)",no
NaN,builtin,,no,5,"X = NaN(___,'like',p)",no
NaT,function,datetime,no,0,NaT,no
NaT,function,datetime,no,1,t = NaT(n),no
NaT,function,datetime,no,2,"t = NaT(sz1,...,szN)",no
NaT,function,datetime,no,3,t = NaT(sz),no
NaT,function,datetime,no,4,"t = NaT(___,'Format',fmt)",no
NaT,function,datetime,no,5,"t = NaT(___,'TimeZone',tz)",no
Remove,function,,no,0,"result = Remove(combinedDelegate,removedDelegate)",no
RemoveAll,function,,no,0,"result = RemoveAll(combinedDelegate,removedDelegate)",no
VideoReader.getFileFormats,function,audiovideo,no,0,formats = VideoReader.getFileFormats(),no
VideoWriter.getProfiles,function,audiovideo,no,0,profiles = VideoWriter.getProfiles(),no
\,operator,,no,0,x = A\B,no
\,operator,,no,1,"x = mldivide(A,B)",no
^,operator,,no,0,C = A^B,no
^,operator,,no,1,"C = mpower(A,B)",no
abs,builtin,elfun,no,0,Y = abs(X),no
accumarray,builtin,elmat,no,0,"B = accumarray(ind,data)",no
accumarray,builtin,elmat,no,1,"B = accumarray(ind,data,sz)",no
accumarray,builtin,elmat,no,2,"B = accumarray(ind,data,sz,fun)",no
accumarray,builtin,elmat,no,3,"B = accumarray(ind,data,sz,fun,fillval)",no
accumarray,builtin,elmat,no,4,"B = accumarray(ind,data,sz,fun,fillval,issparse)",no
acos,builtin,elfun,no,0,Y = acos(X),no
acosd,builtin,elfun,no,0,Y = acosd(X),no
acosh,builtin,elfun,no,0,Y = acosh(X),no
acot,builtin,elfun,no,0,Y = acot(X),no
acotd,builtin,elfun,no,0,Y = acotd(X),no
acoth,builtin,elfun,no,0,Y = acoth(X),no
acsc,builtin,elfun,no,0,Y = acsc(X),no
acscd,builtin,elfun,no,0,Y = acscd(X),no
acsch,builtin,elfun,no,0,Y = acsch(X),no
actxGetRunningServer,builtin,winfun,no,0,c = actxGetRunningServer(progid),no
actxcontrol,function,winfun,no,0,c = actxcontrol(progid),no
actxcontrol,function,winfun,no,1,"c = actxcontrol(progid,Name,Value)",yes
actxcontrollist,function,winfun,no,0,info = actxcontrollist,no
actxcontrolselect,function,winfun,no,0,c = actxcontrolselect,no
actxcontrolselect,function,winfun,no,1,"[c, info] = actxcontrolselect",no
actxserver,function,winfun,no,0,c = actxserver(progid),no
actxserver,function,winfun,no,1,"c = actxserver(progid,'machine',machineName)",no
addToolbarExplorationButtons,function,plottools,yes,0,addToolbarExplorationButtons(fig),no
addpath,function,general,no,0,"addpath(folderName1,...,folderNameN)",no
addpath,function,general,no,1,"addpath(folderName1,...,folderNameN,position)",no
addpath,function,general,no,2,"addpath(___,'-frozen')",no
addpath,function,general,no,3,oldpath = addpath(___),no
addpoints,builtin,graphics,yes,0,"addpoints(an,x,y)",no
addpoints,builtin,graphics,yes,1,"addpoints(an,x,y,z)",no
addpref,function,uitools,no,0,"addpref(group,pref,value)",no
addprop,function,,no,0,"T = addprop(T,propertyNames,propertyTypes)",no
addtodate,function,timefun,no,0,"R = addtodate(D, Q, F)",no
airy,builtin,specfun,no,0,W = airy(Z),no
airy,builtin,specfun,no,1,"W = airy(k,Z)",no
airy,builtin,specfun,no,2,"W = airy(k,Z,scale)",no
align,function,uitools,no,0,"align(components,valign,spacing)",no
align,function,uitools,no,1,"align(components,valign,'fixed',distance)",no
align,function,uitools,no,2,"align(components,spacing,halign)",no
align,function,uitools,no,3,"align(components,'fixed',distance,halign)",no
align,function,uitools,no,4,"align(components,valign,halign)",no
align,function,uitools,no,5,positions = align(___),no
align,function,uitools,no,6,"positions = align(cpositions,___)",no
alim,function,graph3d,yes,0,alpha_limits = alim,no
alim,function,graph3d,yes,1,alim([amin amax]),no
alim,function,graph3d,yes,2,alim_mode = alim('mode'),no
alim,function,graph3d,yes,3,alim('alim_mode'),no
alim,function,graph3d,yes,4,"alim(ax,...)",no
all,builtin,ops,no,0,B = all(A),no
all,builtin,ops,no,1,"B = all(A,'all')",no
all,builtin,ops,no,2,"B = all(A,dim)",no
all,builtin,ops,no,3,"B = all(A,vecdim)",no
allchild,function,uitools,no,0,child_handles = allchild(handle_list),no
alpha,function,graph3d,yes,0,alpha value,no
alpha,function,graph3d,yes,1,alpha alphadata,no
alpha,function,graph3d,yes,2,alpha facealpha,no
alpha,function,graph3d,yes,3,alpha alphadatamapping,no
alpha,function,graph3d,yes,4,"alpha(obj,___)",no
alpha,function,graph3d,yes,5,"alpha(ax,___)",no
alphamap,function,graph3d,yes,0,alphamap(alpha_map),no
alphamap,function,graph3d,yes,1,alphamap('parameter'),no
alphamap,function,graph3d,yes,2,"alphamap('parameter',length)",no
alphamap,function,graph3d,yes,3,"alphamap('parameter',delta)",no
alphamap,function,graph3d,yes,4,"alphamap(fig,...)",no
alphamap,function,graph3d,yes,5,"alphamap(ax,...)",no
alphamap,function,graph3d,yes,6,alpha_map = alphamap,no
alphamap,function,graph3d,yes,7,alpha_map = alphamap(fig),no
alphamap,function,graph3d,yes,8,alpha_map = alphamap(ax),no
alphamap,function,graph3d,yes,9,alpha_map = alphamap('parameter'),no
alphanumericBoundary,builtin,pattern,no,0,pat = alphanumericBoundary,no
alphanumericBoundary,builtin,pattern,no,1,pat = alphanumericBoundary(type),no
alphanumericsPattern,builtin,pattern,no,0,pat = alphanumericsPattern,no
alphanumericsPattern,builtin,pattern,no,1,pat = alphanumericsPattern(N),no
alphanumericsPattern,builtin,pattern,no,2,"pat = alphanumericsPattern(minCharacters,maxCharacters)",no
amd,builtin,sparfun,no,0,P = amd(A),no
amd,builtin,sparfun,no,1,"P = amd(A,opts)",no
ancestor,builtin,objectsystem,yes,0,"p = ancestor(h,type)",no
ancestor,builtin,objectsystem,yes,1,"p = ancestor(h,type,'toplevel')",no
and,builtin,ops,no,0,A & B,no
and,builtin,ops,no,1,"and(A,B)",no
angle,function,elfun,no,0,theta = angle(z),no
animatedline,builtin,graphics,yes,0,an = animatedline,no
animatedline,builtin,graphics,yes,1,"an = animatedline(x,y)",no
animatedline,builtin,graphics,yes,2,"an = animatedline(x,y,z)",no
animatedline,builtin,graphics,yes,3,"an = animatedline(___,Name,Value)",yes
animatedline,builtin,graphics,yes,4,"an = animatedline(ax,___)",no
annotation,function,scribe,yes,0,"annotation(lineType,x,y)",no
annotation,function,scribe,yes,1,annotation(lineType),no
annotation,function,scribe,yes,2,"annotation(shapeType,dim)",no
annotation,function,scribe,yes,3,annotation(shapeType),no
annotation,function,scribe,yes,4,"annotation(___,Name,Value)",yes
annotation,function,scribe,yes,5,"annotation(container,___)",no
annotation,function,scribe,yes,6,an = annotation(___),no
ans,keyword,lang,no,0,ans,no
any,builtin,ops,no,0,B = any(A),no
any,builtin,ops,no,1,"B = any(A,'all')",no
any,builtin,ops,no,2,"B = any(A,dim)",no
any,builtin,ops,no,3,"B = any(A,vecdim)",no
appdesigner,function,appdesigner,no,0,appdesigner,no
appdesigner,function,appdesigner,no,1,appdesigner(filename),no
appdesigner.customcomponent.configureMetadata,function,+customcomponent,no,0,appdesigner.customcomponent.configureMetadata(classfile),no
appdesigner.customcomponent.removeMetadata,function,+customcomponent,no,0,appdesigner.customcomponent.removeMetadata(classfile),no
append,function,strfun,no,0,"str = append(str1,...,strN)",no
area,function,specgraph,yes,0,"area(X,Y)",no
area,function,specgraph,yes,1,area(Y),no
area,function,specgraph,yes,2,"area(___,basevalue)",no
area,function,specgraph,yes,3,"area(___,Name,Value)",yes
area,function,specgraph,yes,4,"area(ax,___)",no
area,function,specgraph,yes,5,a = area(___),no
arguments,keyword,lang,no,0,arguments ... end,no
arguments,keyword,lang,no,1,arguments (Repeating) ... end,no
array2table,function,tabular,no,0,T = array2table(A),no
array2table,function,tabular,no,1,"T = array2table(A,Name,Value)",yes
array2timetable,function,tabular,no,0,"TT = array2timetable(X,'RowTimes',rowTimes)",no
array2timetable,function,tabular,no,1,"TT = array2timetable(X,'SampleRate',Fs)",no
array2timetable,function,tabular,no,2,"TT = array2timetable(X,'TimeStep',dt)",no
array2timetable,function,tabular,no,3,"TT = array2timetable(___,'StartTime',t0)",no
array2timetable,function,tabular,no,4,"T = array2timetable(X,Name,Value)",yes
arrayfun,builtin,datatypes,no,0,"B = arrayfun(func,A)",no
arrayfun,builtin,datatypes,no,1,"B = arrayfun(func,A1,...,An)",no
arrayfun,builtin,datatypes,no,2,"B = arrayfun(___,Name,Value)",yes
arrayfun,builtin,datatypes,no,3,"[B1,...,Bm] = arrayfun(___)",no
asFewOfPattern,builtin,pattern,no,0,newpat = asFewOfPattern(pat),no
asFewOfPattern,builtin,pattern,no,1,"newpat = asFewOfPattern(pat,minPattern)",no
asFewOfPattern,builtin,pattern,no,2,"newpat = asFewOfPattern(pat,minPattern,maxPattern)",no
asManyOfPattern,builtin,pattern,no,0,newpat = asManyOfPattern(pat),no
asManyOfPattern,builtin,pattern,no,1,"newpat = asManyOfPattern(pat,minPattern)",no
asManyOfPattern,builtin,pattern,no,2,"newpat = asManyOfPattern(pat,minPattern,maxPattern)",no
asec,builtin,elfun,no,0,Y = asec(X),no
asecd,builtin,elfun,no,0,Y = asecd(X),no
asech,builtin,elfun,no,0,Y = asech(X),no
asin,builtin,elfun,no,0,Y = asin(X),no
asind,builtin,elfun,no,0,Y = asind(X),no
asinh,builtin,elfun,no,0,Y = asinh(X),no
assert,builtin,lang,no,0,assert(cond),no
assert,builtin,lang,no,1,"assert(cond,msg)",no
assert,builtin,lang,no,2,"assert(cond,msg,A1,...,An)",no
assert,builtin,lang,no,3,"assert(cond,errID,msg)",no
assert,builtin,lang,no,4,"assert(cond,errID,msg,A1,...,An)",no
assignin,builtin,lang,no,0,"assignin(ws,var,val)",no
atan,builtin,elfun,no,0,Y = atan(X),no
atan2,builtin,elfun,no,0,"P = atan2(Y,X)",no
atan2d,builtin,elfun,no,0,"D = atan2d(Y,X)",no
atand,builtin,elfun,no,0,Y = atand(X),no
atanh,builtin,elfun,no,0,Y = atanh(X),no
audiodevinfo,function,audiovideo,no,0,info = audiodevinfo,no
audiodevinfo,function,audiovideo,no,1,nDevices = audiodevinfo(IO),no
audiodevinfo,function,audiovideo,no,2,"name = audiodevinfo(IO,ID)",no
audiodevinfo,function,audiovideo,no,3,"DriverVersion = audiodevinfo(IO,ID,'DriverVersion')",no
audiodevinfo,function,audiovideo,no,4,"support = audiodevinfo(IO,ID,Fs,nBits,nChannels)",no
audiodevinfo,function,audiovideo,no,5,"ID = audiodevinfo(IO,name)",no
audiodevinfo,function,audiovideo,no,6,"ID = audiodevinfo(IO,Fs,nBits,nChannels)",no
audiodevreset,function,audiovideo,no,0,audiodevreset,no
audioinfo,function,audiovideo,no,0,info = audioinfo(filename),no
audioread,function,audiovideo,no,0,"[y,Fs] = audioread(filename)",no
audioread,function,audiovideo,no,1,"[y,Fs] = audioread(filename,samples)",no
audioread,function,audiovideo,no,2,"[y,Fs] = audioread(___,dataType)",no
audiowrite,function,audiovideo,no,0,"audiowrite(filename,y,Fs)",no
audiowrite,function,audiovideo,no,1,"audiowrite(filename,y,Fs,Name,Value)",yes
autumn,function,color,yes,0,c = autumn,no
autumn,function,color,yes,1,c = autumn(m),no
aviinfo,function,audiovideo,no,0,fileinfo = aviinfo(filename),no
axes,builtin,axis,yes,0,axes,no
axes,builtin,axis,yes,1,"axes(Name,Value)",yes
axes,builtin,axis,yes,2,"axes(parent,Name,Value)",yes
axes,builtin,axis,yes,3,ax = axes(___),no
axes,builtin,axis,yes,4,axes(cax),no
axis,function,graph2d,yes,0,axis(limits),no
axis,function,graph2d,yes,1,axis style,no
axis,function,graph2d,yes,2,axis mode,no
axis,function,graph2d,yes,3,axis ydirection,no
axis,function,graph2d,yes,4,axis visibility,no
axis,function,graph2d,yes,5,lim = axis,no
axis,function,graph2d,yes,6,"[m,v,d] = axis('state')",no
axis,function,graph2d,yes,7,"___ = axis(ax,___)",no
axtoolbar,function,plottools,yes,0,tb = axtoolbar(buttons),no
axtoolbar,function,plottools,yes,1,"tb = axtoolbar(ax,buttons)",no
axtoolbar,function,plottools,yes,2,tb = axtoolbar,no
axtoolbar,function,plottools,yes,3,tb = axtoolbar(ax),no
axtoolbar,function,plottools,yes,4,"tb = axtoolbar(___,Name,Value)",yes
axtoolbar,function,plottools,yes,5,"[tb,btns] = axtoolbar(___)",no
axtoolbarbtn,function,plottools,yes,0,btn = axtoolbarbtn(tb),no
axtoolbarbtn,function,plottools,yes,1,"btn = axtoolbarbtn(tb,style)",no
axtoolbarbtn,function,plottools,yes,2,"btn = axtoolbarbtn(tb,style,Name,Value)",yes
balance,builtin,matfun,no,0,"[T,B] = balance(A)",no
balance,builtin,matfun,no,1,"[S,P,B] = balance(A)",no
balance,builtin,matfun,no,2,B = balance(A),no
balance,builtin,matfun,no,3,"B = balance(A,'noperm')",no
bandwidth,builtin,matfun,no,0,"B = bandwidth(A,type)",no
bandwidth,builtin,matfun,no,1,"[lower,upper] = bandwidth(A)",no
bar,function,specgraph,yes,0,bar(y),no
bar,function,specgraph,yes,1,"bar(x,y)",no
bar,function,specgraph,yes,2,"bar(___,width)",no
bar,function,specgraph,yes,3,"bar(___,style)",no
bar,function,specgraph,yes,4,"bar(___,color)",no
bar,function,specgraph,yes,5,"bar(___,Name,Value)",yes
bar,function,specgraph,yes,6,"bar(ax,___)",no
bar,function,specgraph,yes,7,b = bar(___),no
bar3,function,specgraph,yes,0,bar3(Z),no
bar3,function,specgraph,yes,1,"bar3(Y,Z)",no
bar3,function,specgraph,yes,2,"bar3(...,width)",no
bar3,function,specgraph,yes,3,"bar3(...,style)",no
bar3,function,specgraph,yes,4,"bar3(...,color)",no
bar3,function,specgraph,yes,5,"bar3(ax,...)",no
bar3,function,specgraph,yes,6,h = bar3(...),no
bar3h,function,specgraph,yes,0,bar3h(Y),no
bar3h,function,specgraph,yes,1,"bar3h(Z,Y)",no
bar3h,function,specgraph,yes,2,"bar3h(...,width)",no
bar3h,function,specgraph,yes,3,"bar3h(...,style)",no
bar3h,function,specgraph,yes,4,"bar3h(...,color)",no
bar3h,function,specgraph,yes,5,"bar3h(ax,...)",no
bar3h,function,specgraph,yes,6,h = bar3h(...),no
barh,function,specgraph,yes,0,barh(y),no
barh,function,specgraph,yes,1,"barh(x,y)",no
barh,function,specgraph,yes,2,"barh(___,width)",no
barh,function,specgraph,yes,3,"barh(___,style)",no
barh,function,specgraph,yes,4,"barh(___,color)",no
barh,function,specgraph,yes,5,"barh(___,Name,Value)",yes
barh,function,specgraph,yes,6,"barh(ax,___)",no
barh,function,specgraph,yes,7,b = barh(___),no
base2dec,function,strfun,no,0,"D = base2dec(baseStr,n)",no
batchStartupOptionUsed,builtin,general,no,0,batchStartupOptionUsed,no
beep,builtin,general,no,0,beep,no
beep,builtin,general,no,1,beep on,no
beep,builtin,general,no,2,beep off,no
beep,builtin,general,no,3,status = beep,no
bench,function,general,no,0,t = bench,no
bench,function,general,no,1,t = bench(N),no
besselh,builtin,specfun,no,0,"H = besselh(nu,Z)",no
besselh,builtin,specfun,no,1,"H = besselh(nu,K,Z)",no
besselh,builtin,specfun,no,2,"H = besselh(nu,K,Z,scale)",no
besseli,builtin,specfun,no,0,"I = besseli(nu,Z)",no
besseli,builtin,specfun,no,1,"I = besseli(nu,Z,scale)",no
besselj,builtin,specfun,no,0,"J = besselj(nu,Z)",no
besselj,builtin,specfun,no,1,"J = besselj(nu,Z,scale)",no
besselk,builtin,specfun,no,0,"K = besselk(nu,Z)",no
besselk,builtin,specfun,no,1,"K = besselk(nu,Z,scale)",no
bessely,builtin,specfun,no,0,"Y = bessely(nu,Z)",no
bessely,builtin,specfun,no,1,"Y = bessely(nu,Z,scale)",no
beta,function,specfun,no,0,"B = beta(Z,W)",no
betainc,builtin,specfun,no,0,"I = betainc(X,Z,W)",no
betainc,builtin,specfun,no,1,"I = betainc(X,Z,W,tail)",no
betaincinv,builtin,specfun,no,0,"x = betaincinv(y,z,w)",no
betaincinv,builtin,specfun,no,1,"x = betaincinv(y,z,w,tail)",no
betaln,function,specfun,no,0,"L = betaln(Z,W)",no
bicg,function,sparfun,no,0,"x = bicg(A,b)",no
bicg,function,sparfun,no,1,"x = bicg(A,b,tol)",no
bicg,function,sparfun,no,2,"x = bicg(A,b,tol,maxit)",no
bicg,function,sparfun,no,3,"x = bicg(A,b,tol,maxit,M)",no
bicg,function,sparfun,no,4,"x = bicg(A,b,tol,maxit,M1,M2)",no
bicg,function,sparfun,no,5,"x = bicg(A,b,tol,maxit,M1,M2,x0)",no
bicg,function,sparfun,no,6,"[x,flag] = bicg(___)",no
bicg,function,sparfun,no,7,"[x,flag,relres] = bicg(___)",no
bicg,function,sparfun,no,8,"[x,flag,relres,iter] = bicg(___)",no
bicg,function,sparfun,no,9,"[x,flag,relres,iter,resvec] = bicg(___)",no
bicgstab,function,sparfun,no,0,"x = bicgstab(A,b)",no
bicgstab,function,sparfun,no,1,"x = bicgstab(A,b,tol)",no
bicgstab,function,sparfun,no,2,"x = bicgstab(A,b,tol,maxit)",no
bicgstab,function,sparfun,no,3,"x = bicgstab(A,b,tol,maxit,M)",no
bicgstab,function,sparfun,no,4,"x = bicgstab(A,b,tol,maxit,M1,M2)",no
bicgstab,function,sparfun,no,5,"x = bicgstab(A,b,tol,maxit,M1,M2,x0)",no
bicgstab,function,sparfun,no,6,"[x,flag] = bicgstab(___)",no
bicgstab,function,sparfun,no,7,"[x,flag,relres] = bicgstab(___)",no
bicgstab,function,sparfun,no,8,"[x,flag,relres,iter] = bicgstab(___)",no
bicgstab,function,sparfun,no,9,"[x,flag,relres,iter,resvec] = bicgstab(___)",no
bicgstabl,function,sparfun,no,0,"x = bicgstabl(A,b)",no
bicgstabl,function,sparfun,no,1,"x = bicgstabl(A,b,tol)",no
bicgstabl,function,sparfun,no,2,"x = bicgstabl(A,b,tol,maxit)",no
bicgstabl,function,sparfun,no,3,"x = bicgstabl(A,b,tol,maxit,M)",no
bicgstabl,function,sparfun,no,4,"x = bicgstabl(A,b,tol,maxit,M1,M2)",no
bicgstabl,function,sparfun,no,5,"x = bicgstabl(A,b,tol,maxit,M1,M2,x0)",no
bicgstabl,function,sparfun,no,6,"[x,flag] = bicgstabl(___)",no
bicgstabl,function,sparfun,no,7,"[x,flag,relres] = bicgstabl(___)",no
bicgstabl,function,sparfun,no,8,"[x,flag,relres,iter] = bicgstabl(___)",no
bicgstabl,function,sparfun,no,9,"[x,flag,relres,iter,resvec] = bicgstabl(___)",no
bin2dec,builtin,strfun,no,0,D = bin2dec(binStr),no
binscatter,function,specgraph,yes,0,"binscatter(x,y)",no
binscatter,function,specgraph,yes,1,"binscatter(x,y,N)",no
binscatter,function,specgraph,yes,2,"binscatter(___,Name,Value)",yes
binscatter,function,specgraph,yes,3,"binscatter(ax,___)",no
binscatter,function,specgraph,yes,4,h = binscatter(___),no
bitand,builtin,ops,no,0,"C = bitand(A,B)",no
bitand,builtin,ops,no,1,"C = bitand(A,B,assumedtype)",no
bitand,builtin,ops,no,2,"objout = bitand(netobj1,netobj2)",no
bitcmp,builtin,ops,no,0,cmp = bitcmp(A),no
bitcmp,builtin,ops,no,1,"cmp = bitcmp(A,assumedtype)",no
bitget,builtin,ops,no,0,"b = bitget(A,bit)",no
bitget,builtin,ops,no,1,"b = bitget(A,bit,assumedtype)",no
bitnot,function,,no,0,objout = bitnot(netobj),no
bitor,builtin,ops,no,0,"C = bitor(A,B)",no
bitor,builtin,ops,no,1,"C = bitor(A,B,assumedtype)",no
bitor,builtin,ops,no,2,"objout = bitor(netobj1,netobj2)",no
bitset,builtin,ops,no,0,"intout = bitset(A,bit)",no
bitset,builtin,ops,no,1,"intout = bitset(A,bit,assumedtype)",no
bitset,builtin,ops,no,2,"intout = bitset(A,bit,V)",no
bitset,builtin,ops,no,3,"intout = bitset(A,bit,V,assumedtype)",no
bitshift,builtin,ops,no,0,"intout = bitshift(A,k)",no
bitshift,builtin,ops,no,1,"intout = bitshift(A,k,assumedtype)",no
bitxor,builtin,ops,no,0,"C = bitxor(A,B)",no
bitxor,builtin,ops,no,1,"C = bitxor(A,B,assumedtype)",no
bitxor,builtin,ops,no,2,"objout = bitxor(netobj1,netobj2)",no
blanks,function,strfun,no,0,chr = blanks(n),no
blelist,function,blelib,no,0,list = blelist,no
blelist,function,blelib,no,1,"list = blelist(Name,Value)",yes
blkdiag,function,elmat,no,0,"B = blkdiag(A1,...,AN)",no
bluetoothlist,function,bluetooth,no,0,devlist = bluetoothlist,no
bluetoothlist,function,bluetooth,no,1,"devlist = bluetoothlist(""Timeout"",time)",no
bone,function,color,yes,0,c = bone,no
bone,function,color,yes,1,c = bone(m),no
boundary,function,polyfun,no,0,"k = boundary(x,y)",no
boundary,function,polyfun,no,1,"k = boundary(x,y,z)",no
boundary,function,polyfun,no,2,k = boundary(P),no
boundary,function,polyfun,no,3,"k = boundary(___,s)",no
boundary,function,polyfun,no,4,"[k,v] = boundary(___)",no
boundaryshape,function,polyfun,no,0,polyout = boundaryshape(TR),no
boundaryshape,function,polyfun,no,1,"[polyout,vertexID] = boundaryshape(TR)",no
bounds,function,datafun,no,0,"[minA,maxA] = bounds(A)",no
bounds,function,datafun,no,1,"[minA,maxA] = bounds(A,'all')",no
bounds,function,datafun,no,2,"[minA,maxA] = bounds(A,dim)",no
bounds,function,datafun,no,3,"[minA,maxA] = bounds(A,vecdim)",no
bounds,function,datafun,no,4,"[minA,maxA] = bounds(___,nanflag)",no
box,function,graph2d,yes,0,box on,no
box,function,graph2d,yes,1,box off,no
box,function,graph2d,yes,2,box,no
box,function,graph2d,yes,3,"box(ax,___)",no
boxchart,function,specgraph,yes,0,boxchart(ydata),no
boxchart,function,specgraph,yes,1,"boxchart(xgroupdata,ydata)",no
boxchart,function,specgraph,yes,2,"boxchart(___,'GroupByColor',cgroupdata)",no
boxchart,function,specgraph,yes,3,"boxchart(___,Name,Value)",yes
boxchart,function,specgraph,yes,4,"boxchart(ax,___)",no
boxchart,function,specgraph,yes,5,b = boxchart(___),no
break,keyword,lang,no,0,break,no
brighten,function,graph3d,yes,0,brighten(beta),no
brighten,function,graph3d,yes,1,"brighten(map,beta)",no
brighten,function,graph3d,yes,2,newmap = brighten(___),no
brighten,function,graph3d,yes,3,"brighten(f,beta)",no
bsxfun,builtin,elmat,no,0,"C = bsxfun(fun,A,B)",no
bubblechart,function,graphics,yes,0,"bubblechart(x,y,sz)",no
bubblechart,function,graphics,yes,1,"bubblechart(x,y,sz,c)",no
bubblechart,function,graphics,yes,2,"bubblechart(tbl,xvar,yvar,sizevar)",no
bubblechart,function,graphics,yes,3,"bubblechart(tbl,xvar,yvar,sizevar,cvar)",no
bubblechart,function,graphics,yes,4,"bubblechart(ax,___)",no
bubblechart,function,graphics,yes,5,"bubblechart(___,Name,Value)",yes
bubblechart,function,graphics,yes,6,bc = bubblechart(___),no
bubblechart3,function,graphics,yes,0,"bubblechart3(x,y,z,sz)",no
bubblechart3,function,graphics,yes,1,"bubblechart3(x,y,z,sz,c)",no
bubblechart3,function,graphics,yes,2,"bubblechart3(tbl,xvar,yvar,zvar,sizevar)",no
bubblechart3,function,graphics,yes,3,"bubblechart3(tbl,xvar,yvar,zvar,sizevar,cvar)",no
bubblechart3,function,graphics,yes,4,"bubblechart3(ax,___)",no
bubblechart3,function,graphics,yes,5,"bubblechart3(___,Name,Value)",yes
bubblechart3,function,graphics,yes,6,bc = bubblechart3(___),no
bubblecloud,function,graphics,yes,0,"bubblecloud(tbl,szvar)",no
bubblecloud,function,graphics,yes,1,"bubblecloud(tbl,szvar,labelvar)",no
bubblecloud,function,graphics,yes,2,"bubblecloud(tbl,szvar,labelvar,groupvar)",no
bubblecloud,function,graphics,yes,3,bubblecloud(sz),no
bubblecloud,function,graphics,yes,4,"bubblecloud(sz,labels)",no
bubblecloud,function,graphics,yes,5,"bubblecloud(sz,labels,groups)",no
bubblecloud,function,graphics,yes,6,"bubblecloud(___,Name,Value)",yes
bubblecloud,function,graphics,yes,7,b = bubblecloud(___),no
bubblelegend,function,scribe,yes,0,bubblelegend,no
bubblelegend,function,scribe,yes,1,bubblelegend(titletext),no
bubblelegend,function,scribe,yes,2,"bubblelegend(___,Name,Value)",yes
bubblelegend,function,scribe,yes,3,"bubblelegend(ax,___)",no
bubblelegend,function,scribe,yes,4,blgd = bubblelegend(___),no
bubblelim,function,graphics,yes,0,bubblelim(limits),no
bubblelim,function,graphics,yes,1,lim = bubblelim,no
bubblelim,function,graphics,yes,2,bubblelim(modevalue),no
bubblelim,function,graphics,yes,3,mv = bubblelim('mode'),no
bubblelim,function,graphics,yes,4,"___ = bubblelim(ax,___)",no
bubblesize,function,graphics,yes,0,bubblesize(sizerange),no
bubblesize,function,graphics,yes,1,"bubblesize(ax,sizerange)",no
bubblesize,function,graphics,yes,2,sz = bubblesize,no
bubblesize,function,graphics,yes,3,sz = bubblesize(ax),no
builddocsearchdb,function,helptools,no,0,builddocsearchdb(folder),no
builtin,builtin,lang,no,0,"builtin(function,x1,...,xn)",no
builtin,builtin,lang,no,1,"[y1,...,yn] = builtin(function,x1,...,xn)",no
bvp4c,function,funfun,no,0,"sol = bvp4c(odefun,bcfun,solinit)",no
bvp4c,function,funfun,no,1,"sol = bvp4c(odefun,bcfun,solinit,options)",no
bvp5c,function,funfun,no,0,"sol = bvp5c(odefun,bcfun,solinit)",no
bvp5c,function,funfun,no,1,"sol = bvp5c(odefun,bcfun,solinit,options)",no
bvpget,function,funfun,no,0,"val = bvpget(options,'name')",no
bvpget,function,funfun,no,1,"val = bvpget(options,'name',default)",no
bvpinit,function,funfun,no,0,"solinit = bvpinit(x,yinit)",no
bvpinit,function,funfun,no,1,"solinit = bvpinit(sol,[anew bnew])",no
bvpinit,function,funfun,no,2,"solinit = bvpinit(___,parameters)",no
bvpset,function,funfun,no,0,"options = bvpset('name1',value1,'name2',value2,...)",no
bvpset,function,funfun,no,1,"options = bvpset(oldopts,'name1',value1,...)",no
bvpset,function,funfun,no,2,"options = bvpset(oldopts,newopts)",no
bvpset,function,funfun,no,3,bvpset,no
bvpxtend,function,funfun,no,0,"solinit = bvpxtend(sol,xnew,ynew)",no
bvpxtend,function,funfun,no,1,"solinit = bvpxtend(sol,xnew,extrap)",no
bvpxtend,function,funfun,no,2,"solinit = bvpxtend(sol,xnew)",no
bvpxtend,function,funfun,no,3,"solinit = bvpxtend(sol,xnew,ynew,pnew)",no
bvpxtend,function,funfun,no,4,"solinit = bvpxtend(sol,xnew,extrap,pnew)",no
calendar,function,timefun,no,0,c = calendar,no
calendar,function,timefun,no,1,c = calendar(d),no
calendar,function,timefun,no,2,"c = calendar(y, m)",no
callSoapService,function,iofun,no,0,"response = callSoapService(endpoint,soapAction,message)",no
calllib,builtin,general,no,0,"[x1,...,xN] = calllib(libname,funcname,arg1,...,argN)",no
camdolly,function,graph3d,yes,0,"camdolly(dx,dy,dz)",no
camdolly,function,graph3d,yes,1,"camdolly(dx,dy,dz,'targetmode')",no
camdolly,function,graph3d,yes,2,"camdolly(dx,dy,dz,targetmode,coordsys)",no
camdolly,function,graph3d,yes,3,"camdolly(ax,...)",no
cameratoolbar,function,graph3d,yes,0,cameratoolbar,no
cameratoolbar,function,graph3d,yes,1,cameratoolbar('NoReset'),no
cameratoolbar,function,graph3d,yes,2,"cameratoolbar('SetMode',mode)",no
cameratoolbar,function,graph3d,yes,3,"cameratoolbar('SetCoordSys',coordsys)",no
cameratoolbar,function,graph3d,yes,4,cameratoolbar('Show'),no
cameratoolbar,function,graph3d,yes,5,cameratoolbar('Hide'),no
cameratoolbar,function,graph3d,yes,6,cameratoolbar('Toggle'),no
cameratoolbar,function,graph3d,yes,7,cameratoolbar('ResetCameraAndSceneLight'),no
cameratoolbar,function,graph3d,yes,8,cameratoolbar('ResetCamera'),no
cameratoolbar,function,graph3d,yes,9,cameratoolbar('ResetSceneLight'),no
cameratoolbar,function,graph3d,yes,10,cameratoolbar('ResetTarget'),no
cameratoolbar,function,graph3d,yes,11,h = cameratoolbar(...),no
cameratoolbar,function,graph3d,yes,12,mode = cameratoolbar('GetMode'),no
cameratoolbar,function,graph3d,yes,13,paxis = cameratoolbar('GetCoordsys'),no
camlight,function,graph3d,yes,0,camlight('headlight'),no
camlight,function,graph3d,yes,1,camlight('right'),no
camlight,function,graph3d,yes,2,camlight('left'),no
camlight,function,graph3d,yes,3,camlight,no
camlight,function,graph3d,yes,4,"camlight(az,el)",no
camlight,function,graph3d,yes,5,"camlight(...,'style')",no
camlight,function,graph3d,yes,6,"camlight(lgt,...)",no
camlight,function,graph3d,yes,7,"camlight(ax,...)",no
camlight,function,graph3d,yes,8,lgt = camlight(...),no
camlookat,function,graph3d,yes,0,camlookat(object_handles),no
camlookat,function,graph3d,yes,1,camlookat(axes_handle),no
camlookat,function,graph3d,yes,2,camlookat,no
camorbit,function,graph3d,yes,0,"camorbit(dtheta,dphi)",no
camorbit,function,graph3d,yes,1,"camorbit(dtheta,dphi,'coordsys')",no
camorbit,function,graph3d,yes,2,"camorbit(dtheta,dphi,'coordsys','direction')",no
camorbit,function,graph3d,yes,3,"camorbit(axes_handle,...)",no
campan,function,graph3d,yes,0,"campan(dtheta,dphi)",no
campan,function,graph3d,yes,1,"campan(dtheta,dphi,coordsys)",no
campan,function,graph3d,yes,2,"campan(dtheta,dphi,coordsys,direction)",no
campan,function,graph3d,yes,3,"campan(ax,...)",no
campos,function,graph3d,yes,0,campos,no
campos,function,graph3d,yes,1,campos([camera_position]),no
campos,function,graph3d,yes,2,campos('mode'),no
campos,function,graph3d,yes,3,campos('auto'),no
campos,function,graph3d,yes,4,campos('manual'),no
campos,function,graph3d,yes,5,"campos(ax,...)",no
camproj,function,graph3d,yes,0,camproj,no
camproj,function,graph3d,yes,1,camproj('projection_type'),no
camproj,function,graph3d,yes,2,"camproj(axes_handle,...)",no
camroll,function,graph3d,yes,0,camroll(dtheta),no
camroll,function,graph3d,yes,1,"camroll(ax,dtheta)",no
camtarget,function,graph3d,yes,0,camtarget,no
camtarget,function,graph3d,yes,1,camtarget([camera_target]),no
camtarget,function,graph3d,yes,2,camtarget('mode'),no
camtarget,function,graph3d,yes,3,camtarget('auto'),no
camtarget,function,graph3d,yes,4,camtarget('manual'),no
camtarget,function,graph3d,yes,5,"camtarget(axes_handle,...)",no
camup,function,graph3d,yes,0,camup,no
camup,function,graph3d,yes,1,camup([up_vector]),no
camup,function,graph3d,yes,2,camup('mode'),no
camup,function,graph3d,yes,3,camup('auto'),no
camup,function,graph3d,yes,4,camup('manual'),no
camup,function,graph3d,yes,5,"camup(axes_handle,...)",no
camva,function,graph3d,yes,0,camva,no
camva,function,graph3d,yes,1,camva(view_angle),no
camva,function,graph3d,yes,2,camva('mode'),no
camva,function,graph3d,yes,3,camva('auto'),no
camva,function,graph3d,yes,4,camva('manual'),no
camva,function,graph3d,yes,5,"camva(axes_handle,...)",no
camzoom,function,graph3d,yes,0,camzoom(zoom_factor),no
camzoom,function,graph3d,yes,1,"camzoom(axes_handle,...)",no
canUseGPU,function,parallel,no,0,tf = canUseGPU(),no
canUseParallelPool,function,parallel,no,0,tf = canUseParallelPool(),no
cart2pol,function,specfun,no,0,"[theta,rho] = cart2pol(x,y)",no
cart2pol,function,specfun,no,1,"[theta,rho,z] = cart2pol(x,y,z)",no
cart2sph,function,specfun,no,0,"[azimuth,elevation,r] = cart2sph(x,y,z)",no
case,keyword,lang,no,0,"switch switch_expression, case case_expression, end",no
caseInsensitivePattern,builtin,pattern,no,0,newpat = caseInsensitivePattern(pat),no
caseSensitivePattern,builtin,pattern,no,0,newpat = caseSensitivePattern(pat),no
cast,builtin,datatypes,no,0,"B = cast(A,newclass)",no
cast,builtin,datatypes,no,1,"B = cast(A,'like',p)",no
catch,keyword,lang,no,0,"try statements, catch statements end",no
caxis,function,graph3d,yes,0,caxis(limits),no
caxis,function,graph3d,yes,1,caxis('auto'),no
caxis,function,graph3d,yes,2,caxis('manual'),no
caxis,function,graph3d,yes,3,"caxis(target,___)",no
caxis,function,graph3d,yes,4,cl = caxis,no
cd,builtin,general,no,0,cd,no
cd,builtin,general,no,1,cd newFolder,no
cd,builtin,general,no,2,oldFolder = cd(newFolder),no
cdf2rdf,function,matfun,no,0,"[Vnew,Dnew] = cdf2rdf(V,D)",no
cdfepoch,function,@cdfepoch,no,0,E = cdfepoch(date),no
cdfinfo,function,imagesci,no,0,info = cdfinfo(filename),no
cdflib,function,,no,0,,no
cdflib.SetVarReservePercent,function,,no,0,"cdflib.setVarReservePercent(cdfId,varNum,percent)",no
cdflib.close,function,+cdflib,no,0,cdflib.close(cdfId),no
cdflib.closeVar,function,+cdflib,no,0,"cdflib.closeVar(cdfId,varNum)",no
cdflib.computeEpoch,function,+cdflib,no,0,epoch = cdflib.computeEpoch(timeval),no
cdflib.computeEpoch16,function,+cdflib,no,0,epoch16 = cdflib.computeEpoch16(timeval),no
cdflib.create,function,+cdflib,no,0,cdfId = cdflib.create(filename),no
cdflib.createAttr,function,+cdflib,no,0,"attrnum = cdflib.createAttr(cdfId,attrName,scope)",no
cdflib.createVar,function,+cdflib,no,0,"varnum = cdflib.createVar(cdfId, varname, datatype, numElements, dims, recVariance, dimVariance)",no
cdflib.delete,function,+cdflib,no,0,cdflib.delete(cdfId),no
cdflib.deleteAttr,function,+cdflib,no,0,"cdflib.deleteAttr(cdfId,attrNum)",no
cdflib.deleteAttrEntry,function,+cdflib,no,0,"cdflib.deleteAttrEntry(cdfId,attrNum,entryNum)",no
cdflib.deleteAttrgEntry,function,+cdflib,no,0,"cdflib.deleteAttrgEntry(cdfId,attrNum,entryNum)",no
cdflib.deleteVar,function,+cdflib,no,0,"cdflib.deleteVar(cdfId,varNum)",no
cdflib.deleteVarRecords,function,+cdflib,no,0,"cdflib.deleteVarRecords(cdfId,varNum,startRec,endRec)",no
cdflib.epoch16Breakdown,function,+cdflib,no,0,timeVec = cdflib.epoch16Breakdown(epoch16Time),no
cdflib.epochBreakdown,function,+cdflib,no,0,timeVec = cdflib.epochBreakdown(epochTime),no
cdflib.getAttrEntry,function,+cdflib,no,0,"value = cdflib.getAttrEntry(cdfId,attrNum,entryNum)",no
cdflib.getAttrMaxEntry,function,+cdflib,no,0,"maxEntry = cdflib.getAttrMaxEntry(cdfId,attrNum)",no
cdflib.getAttrMaxgEntry,function,+cdflib,no,0,"maxEntry = cdflib.getAttrMaxgEntry(cdfId,attrNum)",no
cdflib.getAttrName,function,+cdflib,no,0,"name = cdflib.getAttrName(cdfId,attrNum)",no
cdflib.getAttrNum,function,+cdflib,no,0,"attrNum = cdflib.getAttrNum(cdfId,attrName)",no
cdflib.getAttrScope,function,+cdflib,no,0,"scope = cdflib.getAttrScope(cdfId,attrNum)",no
cdflib.getAttrgEntry,function,+cdflib,no,0,"value = cdflib.getAttrgEntry(cdfId,attrNum,entryNum)",no
cdflib.getCacheSize,function,+cdflib,no,0,numBuffers = cdflib.getCacheSize(cdfId),no
cdflib.getChecksum,function,+cdflib,no,0,mode = cdflib.getChecksum(cdfId),no
cdflib.getCompression,function,+cdflib,no,0,"[ctype,cparms,cpercentage] = cdflib.getCompression(cdfId)",no
cdflib.getCompressionCacheSize,function,+cdflib,no,0,numBuffers = cdflib.getCompressionCacheSize(cdfId),no
cdflib.getConstantNames,function,+cdflib,no,0,names = cdflib.getConstantNames(),no
cdflib.getConstantValue,function,+cdflib,no,0,value = cdflib.getConstantValue(constantName),no
cdflib.getCopyright,function,+cdflib,no,0,copyright = cdflib.getCopyright(cdfId),no
cdflib.getFileBackward,function,+cdflib,no,0,mode = cdflib.getFileBackward(),no
cdflib.getFormat,function,+cdflib,no,0,format = cdflib.setFormat(cdfId),no
cdflib.getLibraryCopyright,function,+cdflib,no,0,copyright = cdflib.getLibraryCopyright(),no
cdflib.getLibraryVersion,function,+cdflib,no,0,"[version,release,increment] = cdflib.getLibraryVersion()",no
cdflib.getMajority,function,+cdflib,no,0,majority = cdflib.getMajority(cdfId),no
cdflib.getName,function,+cdflib,no,0,name = cdflib.getName(cdfId),no
cdflib.getNumAttrEntries,function,+cdflib,no,0,"nentries = cdflib.getNumAttrEntries(cdfId,attrNum)",no
cdflib.getNumAttrgEntries,function,+cdflib,no,0,"nentries = cdflib.getNumAttrgEntries(cdfId,attrNum)",no
cdflib.getNumAttributes,function,+cdflib,no,0,numAtts = cdflib.getNumAttributes(cdfId),no
cdflib.getNumgAttributes,function,+cdflib,no,0,ngatts = cdflib.getNumgAttributes(cdfId),no
cdflib.getReadOnlyMode,function,+cdflib,no,0,mode = cdflib.getReadOnlyMode(cdfId),no
cdflib.getStageCacheSize,function,+cdflib,no,0,numBuffers = cdflib.getStageCacheSize(cdfId),no
cdflib.getValidate,function,+cdflib,no,0,mode = cdflib.getValidate(),no
cdflib.getVarAllocRecords,function,+cdflib,no,0,"numrecs = cdflib.getVarAllocRecords(cdfId, varNum)",no
cdflib.getVarBlockingFactor,function,+cdflib,no,0,"blockingFactor = cdflib.getVarBlockingFactor(cdfId,varNum)",no
cdflib.getVarCacheSize,function,+cdflib,no,0,"numBuffers = cdflib.getVarCacheSize(cdfId,varNum)",no
cdflib.getVarCompression,function,+cdflib,no,0,"[ctype,cparams,percent] = cdflib.getVarCompression(cdfId, varNum)",no
cdflib.getVarData,function,+cdflib,no,0,"datum = cdflib.getVarData(cdfId,varNum,recNum,indices)",no
cdflib.getVarData,function,+cdflib,no,1,"datum = cdflib.getVarData(cdfId,varNum,recNum)",no
cdflib.getVarMaxAllocRecNum,function,+cdflib,no,0,"maxrec = cdflib.getVarMaxAllocRecNum(cdfId,varNum)",no
cdflib.getVarMaxWrittenRecNum,function,+cdflib,no,0,"maxrec = cdflib.getVarMaxwrittenRecNum(cdfId,varNum)",no
cdflib.getVarName,function,+cdflib,no,0,"name = cdflib.getVarName(cdfId,varNum)",no
cdflib.getVarNum,function,+cdflib,no,0,"varNum = cdflib.getVarNum(cdfId,varname)",no
cdflib.getVarNumRecsWritten,function,+cdflib,no,0,"numrecs = cdflib.getVarNumRecsWritten(cdfId,varNum)",no
cdflib.getVarPadValue,function,+cdflib,no,0,"padvalue = cdflib.getVarPadValue(cdfId,varNum)",no
cdflib.getVarRecordData,function,+cdflib,no,0,"data = cdflib.getVarRecordData(cdfId,varNum,recNum)",no
cdflib.getVarReservePercent,function,+cdflib,no,0,"percent = cdflib.getVarReservePercent(cdfId,varNum)",no
cdflib.getVarSparseRecords,function,+cdflib,no,0,"stype = cdflib.getVarSparseRecords(cdfId,varNum)",no
cdflib.getVarsMaxWrittenRecNum,function,+cdflib,no,0,maxrec = cdflib.getVarsMaxwrittenRecNum(cdfId),no
cdflib.getVersion,function,+cdflib,no,0,"[version,release,increment] = cdflib.getVersion(cdfId)",no
cdflib.hyperGetVarData,function,+cdflib,no,0,"data = cdflib.hyperGetVarData(cdfId,varNum,recSpec,dimSpec)",no
cdflib.hyperGetVarData,function,+cdflib,no,1,"data = cdflib.hyperGetVarData(cdfId,varNum,recSpec)",no
cdflib.hyperPutVarData,function,+cdflib,no,0,"cdflib.hyperPutVarData(cdfId,varNum,recSpec,dimSpec,data)",no
cdflib.inquire,function,+cdflib,no,0,info = cdflib.inquire(cdfId),no
cdflib.inquireAttr,function,+cdflib,no,0,"info = cdflib.inquireAttr(cdfId,attrNum)",no
cdflib.inquireAttrEntry,function,+cdflib,no,0,"[datatype,numElements] = cdflib.inquireAttrEntry(cdfId,attrNum,entryNum)",no
cdflib.inquireAttrgEntry,function,+cdflib,no,0,"[datatype,numElements] = cdflib.inquireAttrgEntry(cdfId,attrNum,entryNum)",no
cdflib.inquireVar,function,+cdflib,no,0,"info = cdflib.inquireVar(cdfId,varNum)",no
cdflib.open,function,+cdflib,no,0,cdfId = cdflib.open(filename),no
cdflib.putAttrEntry,function,+cdflib,no,0,"cdflib.putAttrEntry(cdfId,attrNum,entryNum,CDFDataType,entryVal)",no
cdflib.putAttrgEntry,function,+cdflib,no,0,"cdflib.putAttrgEntry(cdfId,attrNum,entryNum,cdfDataType,entryVal)",no
cdflib.putVarData,function,+cdflib,no,0,"cdflib.putVarData(cdfId,varNum,recNum,indices,datum)",no
cdflib.putVarRecordData,function,+cdflib,no,0,"cdflib.putVarRecordData(cdfId,varNum,recNum,recordData)",no
cdflib.renameAttr,function,+cdflib,no,0,"cdflib.renameAttr(cdfId,attrNum,newName)",no
cdflib.renameVar,function,+cdflib,no,0,"cdflib.renameVar(cdfId,varNum,newName)",no
cdflib.setCacheSize,function,+cdflib,no,0,"cdflib.setCacheSize(cdfId,numBuffers)",no
cdflib.setChecksum,function,+cdflib,no,0,"cdflib.setChecksum(cdfId,mode)",no
cdflib.setCompression,function,+cdflib,no,0,"cdflib.setCompression(cdfId,ctype,cparms)",no
cdflib.setCompressionCacheSize,function,+cdflib,no,0,"cdflib.setCompressionCacheSize(cdfId,numBuffers)",no
cdflib.setFileBackward,function,+cdflib,no,0,cdflib.setFileBackward(mode),no
cdflib.setFormat,function,+cdflib,no,0,"cdflib.setFormat(cdfId,format)",no
cdflib.setMajority,function,+cdflib,no,0,"cdflib.setMajority(cdfId,majority)",no
cdflib.setReadOnlyMode,function,+cdflib,no,0,"cdflib.setReadOnlyMode(cdfId,mode)",no
cdflib.setStageCacheSize,function,+cdflib,no,0,"cdflib.setStageCacheSize(cdfId,numBuffers)",no
cdflib.setValidate,function,+cdflib,no,0,cdflib.setValidate(mode),no
cdflib.setVarAllocBlockRecords,function,+cdflib,no,0,"cdflib.setVarAllocBlockRecords(cdfId,varNum,firstrec,lastrec)",no
cdflib.setVarBlockingFactor,function,+cdflib,no,0,"cdflib.setVarBlockingFactor(cdfId,varNum,blockingFactor)",no
cdflib.setVarCacheSize,function,+cdflib,no,0,"cdflib.setVarCacheSize(cdfId,varNum,numBuffers)",no
cdflib.setVarCompression,function,+cdflib,no,0,"cdflib.setVarCompression(cdfId,varNum,ctype,cparams)",no
cdflib.setVarInitialRecs,function,+cdflib,no,0,"cdflib.setVarInitialRecs(cdfId,varNum,numrecs)",no
cdflib.setVarPadValue,function,+cdflib,no,0,"cdflib.setVarPadValue(cdfId,varNum,padvalue)",no
cdflib.setVarSparseRecords,function,+cdflib,no,0,"cdflib.getVarSparseRecords(cdfId,varNum,stype)",no
cdflib.setVarsCacheSize,function,+cdflib,no,0,"cdflib.setVarsCacheSize(cdfId,varNum,numBuffers)",no
cdfread,function,imagesci,no,0,data = cdfread(filename),no
cdfread,function,imagesci,no,1,"data = cdfread(filename, param1, val1, param2, val2, ...)",no
cdfread,function,imagesci,no,2,"[data, info] = cdfread(filename, ...)",no
cdfwrite,function,imagesci,no,0,"cdfwrite(filename,variablelist)",no
cdfwrite,function,imagesci,no,1,"cdfwrite(...,'PadValues',padvals)",no
cdfwrite,function,imagesci,no,2,"cdfwrite(...,'GlobalAttributes',gattrib)",no
cdfwrite,function,imagesci,no,3,"cdfwrite(..., 'VariableAttributes', vattrib)",no
cdfwrite,function,imagesci,no,4,"cdfwrite(...,'WriteMode',mode)",no
cdfwrite,function,imagesci,no,5,"cdfwrite(...,'Format',format)",no
ceil,builtin,elfun,no,0,Y = ceil(X),no
ceil,builtin,elfun,no,1,Y = ceil(t),no
ceil,builtin,elfun,no,2,"Y = ceil(t,unit)",no
cell2mat,function,datatypes,no,0,A = cell2mat(C),no
cell2struct,builtin,datatypes,no,0,"structArray = cell2struct(cellArray, fields, dim)",no
cell2table,function,tabular,no,0,T = cell2table(C),no
cell2table,function,tabular,no,1,"T = cell2table(C,Name,Value)",yes
celldisp,function,datatypes,no,0,celldisp(C),no
celldisp,function,datatypes,no,1,"celldisp(C,displayName)",no
cellfun,builtin,datatypes,no,0,"A = cellfun(func,C)",no
cellfun,builtin,datatypes,no,1,"A = cellfun(func,C1,...,Cn)",no
cellfun,builtin,datatypes,no,2,"A = cellfun(___,Name,Value)",yes
cellfun,builtin,datatypes,no,3,"[A1,...,Am] = cellfun(___)",no
cellplot,function,datatypes,no,0,cellplot(c),no
cellplot,function,datatypes,no,1,"cellplot(c, 'legend')",no
cellplot,function,datatypes,no,2,handles = cellplot(c),no
cellstr,function,strfun,no,0,C = cellstr(A),no
cellstr,function,strfun,no,1,"C = cellstr(A, dateFmt)",no
cgs,function,sparfun,no,0,"x = cgs(A,b)",no
cgs,function,sparfun,no,1,"x = cgs(A,b,tol)",no
cgs,function,sparfun,no,2,"x = cgs(A,b,tol,maxit)",no
cgs,function,sparfun,no,3,"x = cgs(A,b,tol,maxit,M)",no
cgs,function,sparfun,no,4,"x = cgs(A,b,tol,maxit,M1,M2)",no
cgs,function,sparfun,no,5,"x = cgs(A,b,tol,maxit,M1,M2,x0)",no
cgs,function,sparfun,no,6,"[x,flag] = cgs(___)",no
cgs,function,sparfun,no,7,"[x,flag,relres] = cgs(___)",no
cgs,function,sparfun,no,8,"[x,flag,relres,iter] = cgs(___)",no
cgs,function,sparfun,no,9,"[x,flag,relres,iter,resvec] = cgs(___)",no
characterListPattern,builtin,pattern,no,0,pat = characterListPattern(characters),no
characterListPattern,builtin,pattern,no,1,"pat = characterListPattern(startCharacter,endCharacter)",no
checkcode,function,codetools,no,0,checkcode(filename),no
checkcode,function,codetools,no,1,"checkcode(filename1,...,filenameN)",no
checkcode,function,codetools,no,2,"checkcode(___,option1,...,optionN)",no
checkcode,function,codetools,no,3,"info = checkcode(___,'-struct')",no
checkcode,function,codetools,no,4,"msg = checkcode(___,'-string')",no
checkcode,function,codetools,no,5,"[___, filepaths] = checkcode(___)",no
checkin,function,,no,0,"checkin('filename','comments','comment_text')",no
checkin,function,,no,1,"checkin({'filename1','filename2'},'comments','comment_text')",no
checkin,function,,no,2,"checkin('filename','comments', 'comment_text','option','value')",no
checkout,function,,no,0,checkout('filename'),no
checkout,function,,no,1,"checkout({'filename1','filename2', ...})",no
checkout,function,,no,2,"checkout('filename','option','value',...)",no
chol,builtin,matfun,no,0,R = chol(A),no
chol,builtin,matfun,no,1,"R = chol(A,triangle)",no
chol,builtin,matfun,no,2,"[R,flag] = chol(___)",no
chol,builtin,matfun,no,3,"[R,flag,P] = chol(S)",no
chol,builtin,matfun,no,4,"[R,flag,P] = chol(___,outputForm)",no
cholupdate,builtin,matfun,no,0,"R1 = cholupdate(R,x)",no
cholupdate,builtin,matfun,no,1,"R1 = cholupdate(R,x,'+')",no
cholupdate,builtin,matfun,no,2,"R1 = cholupdate(R,x,'-')",no
cholupdate,builtin,matfun,no,3,"[R1,p] = cholupdate(R,x,'-')",no
circshift,function,elmat,no,0,"Y = circshift(A,K)",no
circshift,function,elmat,no,1,"Y = circshift(A,K,dim)",no
cla,function,graphics,yes,0,cla,no
cla,function,graphics,yes,1,cla(ax),no
cla,function,graphics,yes,2,cla reset,no
cla,function,graphics,yes,3,"cla(ax,'reset')",no
clabel,function,specgraph,yes,0,"clabel(C,h)",no
clabel,function,specgraph,yes,1,"clabel(C,h,v)",no
clabel,function,specgraph,yes,2,"clabel(C,h,'manual')",no
clabel,function,specgraph,yes,3,"t = clabel(C,h,'manual')",no
clabel,function,specgraph,yes,4,clabel(C),no
clabel,function,specgraph,yes,5,"clabel(C,v)",no
clabel,function,specgraph,yes,6,"clabel(C,'manual')",no
clabel,function,specgraph,yes,7,tl = clabel(___),no
clabel,function,specgraph,yes,8,"clabel(___,Name,Value)",yes
class,builtin,datatypes,no,0,className = class(obj),no
classdef,keyword,lang,no,0,classdef ... end,no
clc,builtin,iofun,no,0,clc,no
clear,builtin,general,no,0,clear,no
clear,builtin,general,no,1,clear name1 ... nameN,no
clear,builtin,general,no,2,clear -regexp expr1 ... exprN,no
clear,builtin,general,no,3,clear ItemType,no
clearAllMemoizedCaches,function,lang,no,0,clearAllMemoizedCaches,no
clearCache,function,,no,0,clearCache(mfcn),no
clearpoints,builtin,graphics,yes,0,clearpoints(an),no
clearvars,function,general,no,0,clearvars,no
clearvars,function,general,no,1,clearvars variables,no
clearvars,function,general,no,2,clearvars -except keepVariables,no
clearvars,function,general,no,3,clearvars variables -except keepVariables,no
clearvars,function,general,no,4,clearvars -global ___,no
clf,function,graphics,yes,0,clf,no
clf,function,graphics,yes,1,clf(fig),no
clf,function,graphics,yes,2,clf('reset'),no
clf,function,graphics,yes,3,"clf(fig,'reset')",no
clf,function,graphics,yes,4,f = clf(___),no
clibArray,builtin,cpp,no,0,"cArray = clibArray(elementTypeName,dimensions)",no
clibConvertArray,builtin,cpp,no,0,"cArray = clibConvertArray(elementTypeName,A)",no
clibIsNull,builtin,cpp,no,0,tf = clibIsNull(cppObj),no
clibIsReadOnly,builtin,cpp,no,0,tf = clibIsReadOnly(cppObj),no
clibRelease,builtin,cpp,no,0,clibRelease(cppObj),no
clibgen.buildInterface,function,+clibgen,no,0,"clibgen.buildInterface(HeaderFiles,'Libraries',Libraries)",no
clibgen.buildInterface,function,+clibgen,no,1,"clibgen.buildInterface(HeaderFiles,'Libraries',Libraries,'SupportingSourceFiles',SupportingSourceFiles)",no
clibgen.buildInterface,function,+clibgen,no,2,clibgen.buildInterface(HeaderFiles),no
clibgen.buildInterface,function,+clibgen,no,3,"clibgen.buildInterface(HeaderFiles,___,Name,Value)",yes
clibgen.generateLibraryDefinition,function,+clibgen,no,0,"clibgen.generateLibraryDefinition(InterfaceGenerationFiles,'Libraries',LibraryFiles)",no
clibgen.generateLibraryDefinition,function,+clibgen,no,1,"clibgen.generateLibraryDefinition(InterfaceGenerationFiles,'Libraries',LibraryFiles,'SupportingSourceFiles',SupportingSourceFiles)",no
clibgen.generateLibraryDefinition,function,+clibgen,no,2,clibgen.generateLibraryDefinition(InterfaceGenerationFiles),no
clibgen.generateLibraryDefinition,function,+clibgen,no,3,"clibgen.generateLibraryDefinition(InterfaceGenerationFiles,___,Name,Value)",yes
clipboard,function,uitools,no,0,"clipboard('copy',data)",no
clipboard,function,uitools,no,1,contents = clipboard('paste'),no
clipboard,function,uitools,no,2,importedcontents = clipboard('pastespecial'),no
clock,builtin,timefun,no,0,c = clock,no
clock,builtin,timefun,no,1,[c tf] = clock,no
clone,function,,no,0,objClone = clone(obj),no
close,function,graphics,yes,0,close,no
close,function,graphics,yes,1,close(fig),no
close,function,graphics,yes,2,close all,no
close,function,graphics,yes,3,close all hidden,no
close,function,graphics,yes,4,close all force,no
close,function,graphics,yes,5,status = close(___),no
cmap2gray,function,images,no,0,newmap = cmap2gray(map),no
cmopts,function,verctrl,no,0,cmopts,no
cmpermute,function,graph3d,yes,0,"[Y,newmap] = cmpermute(X,map)",no
cmpermute,function,graph3d,yes,1,"[Y,newmap] = cmpermute(X,map,index)",no
cmunique,function,graph3d,yes,0,"[Y,newmap] = cmunique(X,map)",no
cmunique,function,graph3d,yes,1,"[Y,newmap] = cmunique(RGB)",no
cmunique,function,graph3d,yes,2,"[Y,newmap] = cmunique(I)",no
codeCompatibilityReport,function,analysis,no,0,codeCompatibilityReport,no
codeCompatibilityReport,function,analysis,no,1,codeCompatibilityReport(names),no
codeCompatibilityReport,function,analysis,no,2,"codeCompatibilityReport(___,'IncludeSubfolders',tf)",no
codeCompatibilityReport,function,analysis,no,3,codeCompatibilityReport(cca),no
colamd,function,sparfun,no,0,p = colamd(S),no
colon,builtin,ops,no,0,x = j:k,no
colon,builtin,ops,no,1,x = j:i:k,no
colon,builtin,ops,no,2,"x = colon(j,k)",no
colon,builtin,ops,no,3,"x = colon(j,i,k)",no
colon,builtin,ops,no,4,"A(:,n)",no
colon,builtin,ops,no,5,"A(m,:)",no
colon,builtin,ops,no,6,A(:),no
colon,builtin,ops,no,7,A(j:k),no
colorbar,function,scribe,yes,0,colorbar,no
colorbar,function,scribe,yes,1,colorbar(location),no
colorbar,function,scribe,yes,2,"colorbar(___,Name,Value)",yes
colorbar,function,scribe,yes,3,"colorbar(target,___)",no
colorbar,function,scribe,yes,4,c = colorbar(___),no
colorbar,function,scribe,yes,5,colorbar('off'),no
colorbar,function,scribe,yes,6,"colorbar(target,'off')",no
colorcube,function,color,yes,0,c = colorcube,no
colorcube,function,color,yes,1,c = colorcube(m),no
colordef,function,graph3d,yes,0,colordef white,no
colordef,function,graph3d,yes,1,colordef black,no
colordef,function,graph3d,yes,2,colordef none,no
colordef,function,graph3d,yes,3,"colordef(fig,color_option)",no
colordef,function,graph3d,yes,4,"h = colordef('new',color_option)",no
colormap,function,graph3d,yes,0,colormap map,no
colormap,function,graph3d,yes,1,colormap(map),no
colormap,function,graph3d,yes,2,"colormap(target,map)",no
colormap,function,graph3d,yes,3,cmap = colormap,no
colormap,function,graph3d,yes,4,cmap = colormap(target),no
colororder,function,color,yes,0,colororder(newcolors),no
colororder,function,color,yes,1,"colororder(target,newcolors)",no
colororder,function,color,yes,2,C = colororder,no
colororder,function,color,yes,3,C = colororder(target),no
colperm,function,sparfun,no,0,j = colperm(S),no
comet,function,specgraph,yes,0,comet(y),no
comet,function,specgraph,yes,1,"comet(x,y)",no
comet,function,specgraph,yes,2,"comet(x,y,p)",no
comet,function,specgraph,yes,3,"comet(ax,x,y,p)",no
comet3,function,specgraph,yes,0,comet3(z),no
comet3,function,specgraph,yes,1,"comet3(x,y,z)",no
comet3,function,specgraph,yes,2,"comet3(x,y,z,p)",no
comet3,function,specgraph,yes,3,"comet3(ax,x,y,z,p)",no
compan,function,elmat,no,0,A = compan(u),no
compass,function,specgraph,yes,0,"compass(U,V)",no
compass,function,specgraph,yes,1,compass(Z),no
compass,function,specgraph,yes,2,"compass(___,LineSpec)",no
compass,function,specgraph,yes,3,"compass(ax,___)",no
compass,function,specgraph,yes,4,c = compass(___),no
complex,builtin,elfun,no,0,"z = complex(a,b)",no
complex,builtin,elfun,no,1,z = complex(x),no
compose,function,strfun,no,0,"str = compose(formatSpec,A)",no
compose,function,strfun,no,1,"str = compose(formatSpec,A1,...,AN)",no
compose,function,strfun,no,2,str = compose(txt),no
computer,builtin,general,no,0,str = computer,no
computer,builtin,general,no,1,archstr = computer('arch'),no
computer,builtin,general,no,2,"[str,maxsize] = computer",no
computer,builtin,general,no,3,"[str,maxsize,endian] = computer",no
comserver,function,winfun,no,0,comserver(action),no
comserver,function,winfun,no,1,"comserver(action,'User','all')",no
comserver,function,winfun,no,2,comserver('query'),no
comserver,function,winfun,no,3,s = comserver('query'),no
cond,function,matfun,no,0,C = cond(A),no
cond,function,matfun,no,1,"C = cond(A,p)",no
condeig,function,matfun,no,0,c = condeig(A),no
condeig,function,matfun,no,1,"[V,D,s] = condeig(A)",no
condest,function,matfun,no,0,c = condest(A),no
condest,function,matfun,no,1,"c = condest(A,t)",no
condest,function,matfun,no,2,"[c,v] = condest(A)",no
coneplot,function,specgraph,yes,0,"coneplot(X,Y,Z,U,V,W,Cx,Cy,Cz)",no
coneplot,function,specgraph,yes,1,"coneplot(U,V,W,Cx,Cy,Cz)",no
coneplot,function,specgraph,yes,2,"coneplot(...,s)",no
coneplot,function,specgraph,yes,3,"coneplot(...,color)",no
coneplot,function,specgraph,yes,4,"coneplot(...,'quiver')",no
coneplot,function,specgraph,yes,5,"coneplot(...,'method')",no
coneplot,function,specgraph,yes,6,"coneplot(X,Y,Z,U,V,W,'nointerp')",no
coneplot,function,specgraph,yes,7,"coneplot(axes_handle,...)",no
coneplot,function,specgraph,yes,8,h = coneplot(...),no
conj,builtin,elfun,no,0,Zc = conj(Z),no
contains,builtin,strfun,no,0,"TF = contains(str,pat)",no
contains,builtin,strfun,no,1,"TF = contains(str,pat,'IgnoreCase',true)",no
continue,keyword,lang,no,0,continue,no
contour,function,specgraph,yes,0,contour(Z),no
contour,function,specgraph,yes,1,"contour(X,Y,Z)",no
contour,function,specgraph,yes,2,"contour(___,levels)",no
contour,function,specgraph,yes,3,"contour(___,LineSpec)",no
contour,function,specgraph,yes,4,"contour(___,Name,Value)",yes
contour,function,specgraph,yes,5,"contour(ax,___)",no
contour,function,specgraph,yes,6,M = contour(___),no
contour,function,specgraph,yes,7,"[M,c] = contour(___)",no
contour3,function,specgraph,yes,0,contour3(Z),no
contour3,function,specgraph,yes,1,"contour3(X,Y,Z)",no
contour3,function,specgraph,yes,2,"contour3(___,levels)",no
contour3,function,specgraph,yes,3,"contour3(___,LineSpec)",no
contour3,function,specgraph,yes,4,"contour3(___,Name,Value)",yes
contour3,function,specgraph,yes,5,"contour3(ax,___)",no
contour3,function,specgraph,yes,6,M = contour3(___),no
contour3,function,specgraph,yes,7,"[M,c] = contour3(___)",no
contourc,builtin,specgraph,yes,0,C = contourc(Z),no
contourc,builtin,specgraph,yes,1,"C = contourc(Z,n)",no
contourc,builtin,specgraph,yes,2,"C = contourc(Z,v)",no
contourc,builtin,specgraph,yes,3,"C = contourc(x,y,Z)",no
contourc,builtin,specgraph,yes,4,"C = contourc(x,y,Z,n)",no
contourc,builtin,specgraph,yes,5,"C = contourc(x,y,Z,v)",no
contourf,function,specgraph,yes,0,contourf(Z),no
contourf,function,specgraph,yes,1,"contourf(X,Y,Z)",no
contourf,function,specgraph,yes,2,"contourf(___,levels)",no
contourf,function,specgraph,yes,3,"contourf(___,LineSpec)",no
contourf,function,specgraph,yes,4,"contourf(___,Name,Value)",yes
contourf,function,specgraph,yes,5,"contourf(ax,___)",no
contourf,function,specgraph,yes,6,M = contourf(___),no
contourf,function,specgraph,yes,7,"[M,c] = contourf(___)",no
contourslice,function,specgraph,yes,0,"contourslice(X,Y,Z,V,xslice,yslice,zslice)",no
contourslice,function,specgraph,yes,1,"contourslice(V,xslice,yslice,zslice)",no
contourslice,function,specgraph,yes,2,"contourslice(___,num)",no
contourslice,function,specgraph,yes,3,"contourslice(___,lvls)",no
contourslice,function,specgraph,yes,4,"contourslice(___,method)",no
contourslice,function,specgraph,yes,5,"contourslice(ax,___)",no
contourslice,function,specgraph,yes,6,s = contourslice(___),no
contrast,function,specgraph,yes,0,newmap = contrast(I),no
contrast,function,specgraph,yes,1,"newmap = contrast(I,m)",no
conv,function,datafun,no,0,"w = conv(u,v)",no
conv,function,datafun,no,1,"w = conv(u,v,shape)",no
conv2,builtin,datafun,no,0,"C = conv2(A,B)",no
conv2,builtin,datafun,no,1,"C = conv2(u,v,A)",no
conv2,builtin,datafun,no,2,"C = conv2(___,shape)",no
convertCharsToStrings,builtin,strfun,no,0,B = convertCharsToStrings(A),no
convertCharsToStrings,builtin,strfun,no,1,"[B1,...,Bn] = convertCharsToStrings(A1,...,An)",no
convertContainedStringsToChars,builtin,strfun,no,0,B = convertContainedStringsToChars(A),no
convertContainedStringsToChars,builtin,strfun,no,1,"[B1,...,Bn] = convertContainedStringsToChars(A1,...,An)",no
convertStringsToChars,builtin,strfun,no,0,B = convertStringsToChars(A),no
convertStringsToChars,builtin,strfun,no,1,"[B1,...,Bn] = convertStringsToChars(A1,...,An)",no
convertvars,function,,no,0,"T2 = convertvars(T1,vars,dataType)",no
convhull,builtin,polyfun,no,0,k = convhull(P),no
convhull,builtin,polyfun,no,1,"k = convhull(x,y)",no
convhull,builtin,polyfun,no,2,"k = convhull(x,y,z)",no
convhull,builtin,polyfun,no,3,"k = convhull(___,'Simplify',tf)",no
convhull,builtin,polyfun,no,4,"[k,av] = convhull(___)",no
convhulln,function,polyfun,no,0,k = convhulln(P),no
convhulln,function,polyfun,no,1,"k = convhulln(P,opts)",no
convhulln,function,polyfun,no,2,"[k,vol] = convhulln(___)",no
convn,function,datafun,no,0,"C = convn(A,B)",no
convn,function,datafun,no,1,"C = convn(A,B,shape)",no
cool,function,color,yes,0,c = cool,no
cool,function,color,yes,1,c = cool(m),no
copper,function,color,yes,0,c = copper,no
copper,function,color,yes,1,c = copper(m),no
copyfile,builtin,general,no,0,copyfile source,no
copyfile,builtin,general,no,1,copyfile source destination,no
copyfile,builtin,general,no,2,copyfile source destination f,no
copyfile,builtin,general,no,3,status = copyfile(___),no
copyfile,builtin,general,no,4,"[status,msg] = copyfile(___)",no
copyfile,builtin,general,no,5,"[status,msg,msgID] = copyfile(___)",no
copygraphics,function,printing,yes,0,copygraphics(obj),no
copygraphics,function,printing,yes,1,"copygraphics(obj,Name,Value)",yes
copyobj,builtin,objectsystem,yes,0,"new_handle = copyobj(h,p)",no
copyobj,builtin,objectsystem,yes,1,"copyobj(___,'legacy')",no
corrcoef,function,datafun,no,0,R = corrcoef(A),no
corrcoef,function,datafun,no,1,"R = corrcoef(A,B)",no
corrcoef,function,datafun,no,2,"[R,P] = corrcoef(___)",no
corrcoef,function,datafun,no,3,"[R,P,RL,RU] = corrcoef(___)",no
corrcoef,function,datafun,no,4,"___ = corrcoef(___,Name,Value)",yes
cosd,builtin,elfun,no,0,Y = cosd(X),no
cosh,builtin,elfun,no,0,Y = cosh(X),no
cot,function,elfun,no,0,Y = cot(X),no
cotd,function,elfun,no,0,Y = cotd(X),no
coth,function,elfun,no,0,Y = coth(X),no
count,builtin,strfun,no,0,"A = count(str,pat)",no
count,builtin,strfun,no,1,"A = count(str,pat,'IgnoreCase',true)",no
cov,function,datafun,no,0,C = cov(A),no
cov,function,datafun,no,1,"C = cov(A,B)",no
cov,function,datafun,no,2,"C = cov(___,w)",no
cov,function,datafun,no,3,"C = cov(___,nanflag)",no
cplxpair,function,elfun,no,0,B = cplxpair(A),no
cplxpair,function,elfun,no,1,"B = cplxpair(A,tol)",no
cplxpair,function,elfun,no,2,"B = cplxpair(A,[],dim)",no
cplxpair,function,elfun,no,3,"B = cplxpair(A,tol,dim)",no
cputime,builtin,timefun,no,0,t = cputime,no
createClassFromWsdl,function,iofun,no,0,createClassFromWsdl(source),no
createSoapMessage,function,iofun,no,0,"message = createSoapMessage(namespace,method,values,names,types)",no
createSoapMessage,function,iofun,no,1,"message = createSoapMessage(namespace,method,values,names,types,style)",no
cross,function,specfun,no,0,"C = cross(A,B)",no
cross,function,specfun,no,1,"C = cross(A,B,dim)",no
csc,function,elfun,no,0,Y = csc(X),no
cscd,function,elfun,no,0,Y = cscd(X),no
csch,function,elfun,no,0,Y = csch(X),no
csvread,function,iofun,no,0,M = csvread(filename),no
csvread,function,iofun,no,1,"M = csvread(filename,R1,C1)",no
csvread,function,iofun,no,2,"M = csvread(filename,R1,C1,[R1 C1 R2 C2])",no
csvwrite,function,iofun,no,0,"csvwrite(filename,M)",no
csvwrite,function,iofun,no,1,"csvwrite(filename,M,row,col)",no
ctranspose,builtin,ops,no,0,B = A',no
ctranspose,builtin,ops,no,1,B = ctranspose(A),no
cummax,builtin,datafun,no,0,M = cummax(A),no
cummax,builtin,datafun,no,1,"M = cummax(A,dim)",no
cummax,builtin,datafun,no,2,"M = cummax(___,direction)",no
cummax,builtin,datafun,no,3,"M = cummax(___,nanflag)",no
cummin,builtin,datafun,no,0,M = cummin(A),no
cummin,builtin,datafun,no,1,"M = cummin(A,dim)",no
cummin,builtin,datafun,no,2,"M = cummin(___,direction)",no
cummin,builtin,datafun,no,3,"M = cummin(___,nanflag)",no
cumprod,builtin,datafun,no,0,B = cumprod(A),no
cumprod,builtin,datafun,no,1,"B = cumprod(A,dim)",no
cumprod,builtin,datafun,no,2,"B = cumprod(___,direction)",no
cumprod,builtin,datafun,no,3,"B = cumprod(___,nanflag)",no
cumsum,builtin,datafun,no,0,B = cumsum(A),no
cumsum,builtin,datafun,no,1,"B = cumsum(A,dim)",no
cumsum,builtin,datafun,no,2,"B = cumsum(___,direction)",no
cumsum,builtin,datafun,no,3,"B = cumsum(___,nanflag)",no
cumtrapz,function,datafun,no,0,Q = cumtrapz(Y),no
cumtrapz,function,datafun,no,1,"Q = cumtrapz(X,Y)",no
cumtrapz,function,datafun,no,2,"Q = cumtrapz(___,dim)",no
curl,function,specgraph,yes,0,"[curlx,curly,curlz,cav] = curl(X,Y,Z,Fx,Fy,Fz)",no
curl,function,specgraph,yes,1,"[curlx,curly,curlz,cav] = curl(Fx,Fy,Fz)",no
curl,function,specgraph,yes,2,"[curlz,cav] = curl(X,Y,Fx,Fy)",no
curl,function,specgraph,yes,3,"[curlz,cav] = curl(Fx,Fy)",no
curl,function,specgraph,yes,4,cav = curl(___),no
currentProject,function,project,no,0,proj = currentProject,no
customverctrl,function,,no,0,customverctrl,no
cylinder,function,specgraph,yes,0,"[X,Y,Z] = cylinder",no
cylinder,function,specgraph,yes,1,"[X,Y,Z] = cylinder(r)",no
cylinder,function,specgraph,yes,2,"[X,Y,Z] = cylinder(r,n)",no
cylinder,function,specgraph,yes,3,cylinder(___),no
cylinder,function,specgraph,yes,4,"cylinder(ax,___)",no
daqread,function,iofun,no,0,data = daqread('filename'),no
daqread,function,iofun,no,1,"[data,time] = daqread(...)",no
daqread,function,iofun,no,2,"[data,time,abstime] = daqread(...)",no
daqread,function,iofun,no,3,"[data,time,abstime,events] = daqread(...)",no
daqread,function,iofun,no,4,"[data,time,abstime,events,daqinfo] = daqread(...)",no
daqread,function,iofun,no,5,"data = daqread(...,'Param1', Val1,...)",no
daqread,function,iofun,no,6,"daqinfo = daqread('filename','info')",no
daspect,function,graph3d,yes,0,daspect(ratio),no
daspect,function,graph3d,yes,1,d = daspect,no
daspect,function,graph3d,yes,2,daspect auto,no
daspect,function,graph3d,yes,3,daspect manual,no
daspect,function,graph3d,yes,4,m = daspect('mode'),no
daspect,function,graph3d,yes,5,"___ = daspect(ax,___)",no
datacursormode,function,graphics,yes,0,datacursormode on,no
datacursormode,function,graphics,yes,1,datacursormode off,no
datacursormode,function,graphics,yes,2,datacursormode,no
datacursormode,function,graphics,yes,3,"datacursormode(fig,___)",no
datacursormode,function,graphics,yes,4,dcm = datacursormode,no
datacursormode,function,graphics,yes,5,dcm = datacursormode(fig),no
datastore,function,datastoreio,no,0,ds = datastore(location),no
datastore,function,datastoreio,no,1,"ds = datastore(location,Name,Value)",yes
date,function,timefun,no,0,c = date,no
datenum,function,timefun,no,0,DateNumber = datenum(t),no
datenum,function,timefun,no,1,DateNumber = datenum(DateString),no
datenum,function,timefun,no,2,"DateNumber = datenum(DateString,formatIn)",no
datenum,function,timefun,no,3,"DateNumber = datenum(DateString,PivotYear)",no
datenum,function,timefun,no,4,"DateNumber = datenum(DateString,formatIn,PivotYear)",no
datenum,function,timefun,no,5,DateNumber = datenum(DateVector),no
datenum,function,timefun,no,6,"DateNumber = datenum(Y,M,D)",no
datenum,function,timefun,no,7,"DateNumber = datenum(Y,M,D,H,MN,S)",no
datestr,function,timefun,no,0,DateString = datestr(t),no
datestr,function,timefun,no,1,DateString = datestr(DateVector),no
datestr,function,timefun,no,2,DateString = datestr(DateNumber),no
datestr,function,timefun,no,3,"DateString = datestr(___,formatOut)",no
datestr,function,timefun,no,4,DateString = datestr(DateStringIn),no
datestr,function,timefun,no,5,"DateString = datestr(DateStringIn,formatOut,PivotYear)",no
datestr,function,timefun,no,6,"DateString = datestr(___,'local')",no
datetick,function,timefun,no,0,datetick(tickaxis),no
datetick,function,timefun,no,1,"datetick(tickaxis,dateFormat)",no
datetick,function,timefun,no,2,"datetick(___,'keeplimits')",no
datetick,function,timefun,no,3,"datetick(___,'keepticks')",no
datetick,function,timefun,no,4,"datetick(axes_handle,___)",no
datevec,function,timefun,no,0,DateVector = datevec(t),no
datevec,function,timefun,no,1,DateVector = datevec(DateNumber),no
datevec,function,timefun,no,2,DateVector = datevec(DateString),no
datevec,function,timefun,no,3,"DateVector = datevec(DateString,formatIn)",no
datevec,function,timefun,no,4,"DateVector = datevec(DateString,PivotYear)",no
datevec,function,timefun,no,5,"DateVector = datevec(DateString,formatIn,PivotYear)",no
datevec,function,timefun,no,6,"[Y,M,D,H,MN,S] = datevec(___)",no
dbclear,builtin,codetools,no,0,dbclear all,no
dbclear,builtin,codetools,no,1,dbclear in file,no
dbclear,builtin,codetools,no,2,dbclear in file at location,no
dbclear,builtin,codetools,no,3,dbclear if condition,no
dbcont,builtin,codetools,no,0,dbcont,no
dbdown,builtin,codetools,no,0,dbdown,no
dbdown,builtin,codetools,no,1,dbdown n,no
dblquad,function,funfun,no,0,"q = dblquad(fun,xmin,xmax,ymin,ymax)",no
dblquad,function,funfun,no,1,"q = dblquad(fun,xmin,xmax,ymin,ymax,tol)",no
dblquad,function,funfun,no,2,"q = dblquad(fun,xmin,xmax,ymin,ymax,tol,method)",no
dbmex,function,codetools,no,0,dbmex state,no
dbquit,builtin,codetools,no,0,dbquit,no
dbquit,builtin,codetools,no,1,dbquit all,no
dbstack,builtin,codetools,no,0,dbstack,no
dbstack,builtin,codetools,no,1,dbstack(n),no
dbstack,builtin,codetools,no,2,"dbstack(___, '-completenames')",no
dbstack,builtin,codetools,no,3,ST = dbstack(___),no
dbstack,builtin,codetools,no,4,"[ST,I] = dbstack(___)",no
dbstatus,builtin,codetools,no,0,dbstatus,no
dbstatus,builtin,codetools,no,1,dbstatus file,no
dbstatus,builtin,codetools,no,2,dbstatus -completenames,no
dbstatus,builtin,codetools,no,3,dbstatus file -completenames,no
dbstatus,builtin,codetools,no,4,b = dbstatus(___),no
dbstep,builtin,codetools,no,0,dbstep,no
dbstep,builtin,codetools,no,1,dbstep in,no
dbstep,builtin,codetools,no,2,dbstep out,no
dbstep,builtin,codetools,no,3,dbstep nlines,no
dbstop,builtin,codetools,no,0,dbstop in file,no
dbstop,builtin,codetools,no,1,dbstop in file at location,no
dbstop,builtin,codetools,no,2,dbstop in file if expression,no
dbstop,builtin,codetools,no,3,dbstop in file at location if expression,no
dbstop,builtin,codetools,no,4,dbstop if condition,no
dbstop,builtin,codetools,no,5,dbstop(b),no
dbtype,builtin,codetools,no,0,dbtype filename,no
dbtype,builtin,codetools,no,1,dbtype filename start:end,no
dbup,builtin,codetools,no,0,dbup,no
dbup,builtin,codetools,no,1,dbup n,no
dde23,function,funfun,no,0,"sol = dde23(ddefun,lags,history,tspan)",no
dde23,function,funfun,no,1,"sol = dde23(ddefun,lags,history,tspan,options)",no
ddeget,function,funfun,no,0,"val = ddeget(options,'name')",no
ddeget,function,funfun,no,1,"val = ddeget(options,'name',default)",no
ddensd,function,funfun,no,0,"sol = ddensd(ddefun,dely,delyp,history,tspan)",no
ddensd,function,funfun,no,1,"sol = ddensd(ddefun,dely,delyp,history,tspan,options)",no
ddesd,function,funfun,no,0,"sol = ddesd(ddefun,delays,history,tspan)",no
ddesd,function,funfun,no,1,"sol = ddesd(ddefun,delays,history,tspan,options)",no
ddeset,function,funfun,no,0,"options = ddeset('name1',value1,'name2',value2,...)",no
ddeset,function,funfun,no,1,"options = ddeset(oldopts,'name1',value1,...)",no
ddeset,function,funfun,no,2,"options = ddeset(oldopts,newopts)",no
ddeset,function,funfun,no,3,ddeset,no
deal,function,datatypes,no,0,"[B1,...,Bn] = deal(A1,...,An)",no
deal,function,datatypes,no,1,"[B1,...,Bn] = deal(A)",no
deblank,builtin,strfun,no,0,newStr = deblank(str),no
dec2base,function,strfun,no,0,"baseStr = dec2base(D,n)",no
dec2base,function,strfun,no,1,"baseStr = dec2base(D,n,minDigits)",no
dec2bin,function,strfun,no,0,binStr = dec2bin(D),no
dec2bin,function,strfun,no,1,"binStr = dec2bin(D,minDigits)",no
dec2hex,function,strfun,no,0,hexStr = dec2hex(D),no
dec2hex,function,strfun,no,1,"hexStr = dec2hex(D,minDigits)",no
decic,function,funfun,no,0,"[y0_new,yp0_new] = decic(odefun,t0,y0,fixed_y0,yp0,fixed_yp0)",no
decic,function,funfun,no,1,"[y0_new,yp0_new] = decic(odefun,t0,y0,fixed_y0,yp0,fixed_yp0,options)",no
decic,function,funfun,no,2,"[y0_new,yp0_new,resnrm] = decic(___)",no
deconv,function,datafun,no,0,"[q,r] = deconv(u,v)",no
deg2rad,function,elfun,no,0,R = deg2rad(D),no
del2,function,datafun,no,0,L = del2(U),no
del2,function,datafun,no,1,"L = del2(U,h)",no
del2,function,datafun,no,2,"L = del2(U,hx,hy,...,hN)",no
delaunay,builtin,polyfun,no,0,DT = delaunay(P),no
delaunay,builtin,polyfun,no,1,"DT = delaunay(x,y)",no
delaunay,builtin,polyfun,no,2,"DT = delaunay(x,y,z)",no
delaunayn,function,polyfun,no,0,T = delaunayn(X),no
delaunayn,function,polyfun,no,1,"T = delaunayn(X,options)",no
delete,builtin,general,no,0,delete filename,no
delete,builtin,general,no,1,delete filename1 ... filenamen,no
delete,builtin,general,no,2,delete(obj),no
demo,function,helptools,no,0,demo,no
demo,function,helptools,no,1,demo type,no
demo,function,helptools,no,2,demo type name,no
det,builtin,matfun,no,0,d = det(A),no
details,function,lang,no,0,details(A),no
detectImportOptions,function,general,no,0,opts = detectImportOptions(filename),no
detectImportOptions,function,general,no,1,"opts = detectImportOptions(filename,Name,Value)",yes
detrend,function,datafun,no,0,y = detrend(x),no
detrend,function,datafun,no,1,"y = detrend(x,n)",no
detrend,function,datafun,no,2,"y = detrend(x,n,bp)",no
detrend,function,datafun,no,3,"y = detrend(___,nanflag)",no
detrend,function,datafun,no,4,"y = detrend(___,Name,Value)",yes
deval,function,funfun,no,0,"y = deval(sol,x)",no
deval,function,funfun,no,1,"y = deval(x,sol)",no
deval,function,funfun,no,2,"y = deval(___,idx)",no
deval,function,funfun,no,3,"[y,yp] = deval(___)",no
diag,builtin,elmat,no,0,D = diag(v),no
diag,builtin,elmat,no,1,"D = diag(v,k)",no
diag,builtin,elmat,no,2,x = diag(A),no
diag,builtin,elmat,no,3,"x = diag(A,k)",no
dialog,function,uitools,no,0,d = dialog,no
dialog,function,uitools,no,1,"d = dialog(Name,Value)",yes
diary,builtin,general,no,0,diary,no
diary,builtin,general,no,1,diary filename,no
diary,builtin,general,no,2,diary off,no
diary,builtin,general,no,3,diary on,no
diff,builtin,datafun,no,0,Y = diff(X),no
diff,builtin,datafun,no,1,"Y = diff(X,n)",no
diff,builtin,datafun,no,2,"Y = diff(X,n,dim)",no
diffuse,function,graph3d,yes,0,"R = diffuse(Nx,Ny,Nz,S)",no
digitBoundary,builtin,pattern,no,0,pat = digitBoundary,no
digitBoundary,builtin,pattern,no,1,pat = digitBoundary(type),no
digitsPattern,builtin,pattern,no,0,pat = digitsPattern,no
digitsPattern,builtin,pattern,no,1,pat = digitsPattern(N),no
digitsPattern,builtin,pattern,no,2,"pat = digitsPattern(minCharacters,maxCharacters)",no
dir,builtin,general,no,0,dir,no
dir,builtin,general,no,1,dir name,no
dir,builtin,general,no,2,listing = dir(name),no
disableDefaultInteractivity,function,graphics,yes,0,disableDefaultInteractivity(ax),no
disp,builtin,lang,no,0,disp(X),no
display,builtin,lang,no,0,display(X),no
dissect,builtin,sparfun,no,0,p = dissect(A),no
dissect,builtin,sparfun,no,1,"p = dissect(A,Name,Value)",yes
dither,function,specgraph,yes,0,"X = dither(RGB,map)",no
dither,function,specgraph,yes,1,"X = dither(RGB,map,Qm,Qe)",no
dither,function,specgraph,yes,2,BW = dither(I),no
divergence,function,specgraph,yes,0,"div = divergence(X,Y,Z,Fx,Fy,Fz)",no
divergence,function,specgraph,yes,1,"div = divergence(Fx,Fy,Fz)",no
divergence,function,specgraph,yes,2,"div = divergence(X,Y,Fx,Fy)",no
divergence,function,specgraph,yes,3,"div = divergence(Fx,Fy)",no
dlmread,function,iofun,no,0,M = dlmread(filename),no
dlmread,function,iofun,no,1,"M = dlmread(filename,delimiter)",no
dlmread,function,iofun,no,2,"M = dlmread(filename,delimiter,R1,C1)",no
dlmread,function,iofun,no,3,"M = dlmread(filename,delimiter,[R1 C1 R2 C2])",no
dlmwrite,function,iofun,no,0,"dlmwrite(filename,M)",no
dlmwrite,function,iofun,no,1,"dlmwrite(filename,M,'-append')",no
dlmwrite,function,iofun,no,2,"dlmwrite(___,Name,Value)",yes
dlmwrite,function,iofun,no,3,"dlmwrite(filename,M,delimiter)",no
dlmwrite,function,iofun,no,4,"dlmwrite(filename,M,delimiter,row,col)",no
dmperm,builtin,sparfun,no,0,p = dmperm(A),no
dmperm,builtin,sparfun,no,1,"[p,q,r,s,cc,rr] = dmperm(A)",no
doc,function,helptools,no,0,doc,no
doc,function,helptools,no,1,doc name,no
docsearch,function,helptools,no,0,docsearch,no
docsearch,function,helptools,no,1,docsearch expression,no
dos,function,general,no,0,"[status,cmdout] = dos(command)",no
dot,function,specfun,no,0,"C = dot(A,B)",no
dot,function,specfun,no,1,"C = dot(A,B,dim)",no
dragrect,function,uitools,no,0,[finalrect] = dragrect(initialrect),no
dragrect,function,uitools,no,1,"[finalrect] = dragrect(initialrect,stepsize)",no
drawnow,builtin,graphics,yes,0,drawnow,no
drawnow,builtin,graphics,yes,1,drawnow limitrate,no
drawnow,builtin,graphics,yes,2,drawnow nocallbacks,no
drawnow,builtin,graphics,yes,3,drawnow limitrate nocallbacks,no
drawnow,builtin,graphics,yes,4,drawnow update,no
drawnow,builtin,graphics,yes,5,drawnow expose,no
dsearchn,function,polyfun,no,0,"k = dsearchn(P,PQ)",no
dsearchn,function,polyfun,no,1,"k = dsearchn(P,T,PQ)",no
dsearchn,function,polyfun,no,2,"k = dsearchn(P,T,PQ,outind)",no
dsearchn,function,polyfun,no,3,"[k,dist] = dsearchn(___)",no
echo,builtin,general,no,0,echo on,no
echo,builtin,general,no,1,echo off,no
echo,builtin,general,no,2,echo,no
echo,builtin,general,no,3,echo filename on,no
echo,builtin,general,no,4,echo filename off,no
echo,builtin,general,no,5,echo filename,no
echo,builtin,general,no,6,echo on all,no
echo,builtin,general,no,7,echo off all,no
echodemo,function,helptools,no,0,echodemo filename,no
echodemo,function,helptools,no,1,"echodemo(filename,index)",no
echotcpip,function,networklib,no,0,"echotcpip(""on"",port)",no
echotcpip,function,networklib,no,1,"echotcpip(""off"")",no
edit,function,codetools,no,0,edit,no
edit,function,codetools,no,1,edit file,no
edit,function,codetools,no,2,edit file1 ... fileN,no
eig,builtin,matfun,no,0,e = eig(A),no
eig,builtin,matfun,no,1,"[V,D] = eig(A)",no
eig,builtin,matfun,no,2,"[V,D,W] = eig(A)",no
eig,builtin,matfun,no,3,"e = eig(A,B)",no
eig,builtin,matfun,no,4,"[V,D] = eig(A,B)",no
eig,builtin,matfun,no,5,"[V,D,W] = eig(A,B)",no
eig,builtin,matfun,no,6,"[___] = eig(A,balanceOption)",no
eig,builtin,matfun,no,7,"[___] = eig(A,B,algorithm)",no
eig,builtin,matfun,no,8,"[___] = eig(___,outputForm)",no
eigs,function,sparfun,no,0,d = eigs(A),no
eigs,function,sparfun,no,1,"d = eigs(A,k)",no
eigs,function,sparfun,no,2,"d = eigs(A,k,sigma)",no
eigs,function,sparfun,no,3,"d = eigs(A,k,sigma,Name,Value)",yes
eigs,function,sparfun,no,4,"d = eigs(A,k,sigma,opts)",no
eigs,function,sparfun,no,5,"d = eigs(A,B,___)",no
eigs,function,sparfun,no,6,"d = eigs(Afun,n,___)",no
eigs,function,sparfun,no,7,"[V,D] = eigs(___)",no
eigs,function,sparfun,no,8,"[V,D,flag] = eigs(___)",no
ellipj,function,specfun,no,0,"[SN,CN,DN] = ellipj(U,M)",no
ellipj,function,specfun,no,1,"[SN,CN,DN] = ellipj(U,M,tol)",no
ellipke,function,specfun,no,0,K = ellipke(M),no
ellipke,function,specfun,no,1,"[K,E] = ellipke(M)",no
ellipke,function,specfun,no,2,"[K,E] = ellipke(M,tol)",no
ellipsoid,function,specgraph,yes,0,"[X,Y,Z] = ellipsoid(xc,yc,zc,xr,yr,zr)",no
ellipsoid,function,specgraph,yes,1,"[X,Y,Z] = ellipsoid(xc,yc,zc,xr,yr,zr,n)",no
ellipsoid,function,specgraph,yes,2,ellipsoid(___),no
ellipsoid,function,specgraph,yes,3,"ellipsoid(ax,___)",no
else,keyword,lang,no,0,"if expression, statements, end",no
elseif,keyword,lang,no,0,"if expression, statements, end",no
empty,builtin,lang,no,0,A = ClassName.empty,no
empty,builtin,lang,no,1,"A = ClassName.empty(sz1,...,szN)",no
empty,builtin,lang,no,2,A = ClassName.empty(sizeVector),no
enableDefaultInteractivity,function,graphics,yes,0,enableDefaultInteractivity(ax),no
enableLegacyExplorationModes,function,graphics,yes,0,enableLegacyExplorationModes(fig),no
enableNETfromNetworkDrive,function,NET,no,0,enableNETfromNetworkDrive,no
enableservice,function,winfun,no,0,"enableservice('AutomationServer',enable)",no
enableservice,function,winfun,no,1,state = enableservice('AutomationServer'),no
end,keyword,lang,no,0,end,no
endsWith,builtin,strfun,no,0,"TF = endsWith(str,pat)",no
endsWith,builtin,strfun,no,1,"TF = endsWith(str,pat,'IgnoreCase',true)",no
enumeration,keyword,datatypes,no,0,enumeration ClassName,no
enumeration,keyword,datatypes,no,1,enumeration(obj),no
enumeration,keyword,datatypes,no,2,m = enumeration(___),no
enumeration,keyword,datatypes,no,3,"[m,s] = enumeration(___)",no
eomday,function,timefun,no,0,"E = eomday(Y,M)",no
eps,builtin,elmat,no,0,d = eps,no
eps,builtin,elmat,no,1,d = eps(x),no
eps,builtin,elmat,no,2,d = eps(datatype),no
eq,builtin,ops,no,0,A == B,no
eq,builtin,ops,no,1,"eq(A,B)",no
equilibrate,function,sparfun,no,0,"[P,R,C] = equilibrate(A)",no
erase,function,strfun,no,0,"newStr = erase(str,match)",no
eraseBetween,function,strfun,no,0,"newStr = eraseBetween(str,startPat,endPat)",no
eraseBetween,function,strfun,no,1,"newStr = eraseBetween(str,startPos,endPos)",no
eraseBetween,function,strfun,no,2,"newStr = eraseBetween(___,'Boundaries',bounds)",no
erf,builtin,specfun,no,0,erf(x),no
erfc,builtin,specfun,no,0,erfc(x),no
erfcinv,builtin,specfun,no,0,erfcinv(x),no
erfcx,builtin,specfun,no,0,erfcx(x),no
erfinv,builtin,specfun,no,0,erfinv(x),no
error,builtin,lang,no,0,error(msg),no
error,builtin,lang,no,1,"error(msg,A1,...,An)",no
error,builtin,lang,no,2,"error(errID,___)",no
error,builtin,lang,no,3,error(errorStruct),no
error,builtin,lang,no,4,"error(correction,___)",no
errorbar,function,specgraph,yes,0,"errorbar(y,err)",no
errorbar,function,specgraph,yes,1,"errorbar(x,y,err)",no
errorbar,function,specgraph,yes,2,"errorbar(x,y,neg,pos)",no
errorbar,function,specgraph,yes,3,"errorbar(___,ornt)",no
errorbar,function,specgraph,yes,4,"errorbar(x,y,yneg,ypos,xneg,xpos)",no
errorbar,function,specgraph,yes,5,"errorbar(___,LineSpec)",no
errorbar,function,specgraph,yes,6,"errorbar(___,Name,Value)",yes
errorbar,function,specgraph,yes,7,"errorbar(ax,___)",no
errorbar,function,specgraph,yes,8,e = errorbar(___),no
errordlg,function,uitools,no,0,f = errordlg(msg),no
errordlg,function,uitools,no,1,"f = errordlg(msg,title)",no
errordlg,function,uitools,no,2,"f = errordlg(msg,title,opts)",no
errordlg,function,uitools,no,3,f = errordlg,no
etime,function,timefun,no,0,"e = etime(t2,t1)",no
etree,builtin,sparfun,no,0,p = etree(A),no
etree,builtin,sparfun,no,1,"p = etree(A,'col')",no
etree,builtin,sparfun,no,2,"p = etree(A,'sym')",no
etree,builtin,sparfun,no,3,"[p,q] = etree(...)",no
etreeplot,function,sparfun,no,0,etreeplot(A),no
etreeplot,function,sparfun,no,1,"etreeplot(A,nodeSpec,edgeSpec)",no
eval,builtin,lang,no,0,eval(expression),no
eval,builtin,lang,no,1,"[output1,...,outputN] = eval(expression)",no
evalc,builtin,lang,no,0,results = evalc(expression),no
evalc,builtin,lang,no,1,"[results,output1,...,outputN] = evalc(expression)",no
evalin,builtin,lang,no,0,"evalin(workspace,expression)",no
evalin,builtin,lang,no,1,"[output1,...,outputN] = evalin(workspace,expression)",no
event.hasListener,builtin,+event,no,0,"tf = event.hasListener(src,EventName)",no
event.proplistener,function,@proplistener,no,0,"lh = event.proplistener(Hobj,Properties,'PropEvent',@CallbackFunction)",no
eventlisteners,function,winfun,no,0,info = eventlisteners(c),no
events,keyword,datatypes,no,0,events(ClassName),no
events,keyword,datatypes,no,1,events(obj),no
events,keyword,datatypes,no,2,e = events(___),no
exist,builtin,lang,no,0,exist name,no
exist,builtin,lang,no,1,exist name searchType,no
exist,builtin,lang,no,2,A = exist(___),no
exit,builtin,general,no,0,exit,no
exp,builtin,elfun,no,0,Y = exp(X),no
expint,function,specfun,no,0,Y = expint(X),no
expm,function,matfun,no,0,Y = expm(X),no
expm1,builtin,elfun,no,0,y = expm1(x),no
export2wsdlg,function,uitools,no,0,"export2wsdlg(labels,vars,vals)",no
export2wsdlg,function,uitools,no,1,"export2wsdlg(labels,vars,vals,title)",no
export2wsdlg,function,uitools,no,2,"export2wsdlg(labels,vars,vals,title,defs)",no
export2wsdlg,function,uitools,no,3,"export2wsdlg(labels,vars,vals,title,defs,helpfcn)",no
export2wsdlg,function,uitools,no,4,"export2wsdlg(labels,vars,vals,title,defs,helpfcn,flist)",no
export2wsdlg,function,uitools,no,5,f = export2wsdlg(___),no
export2wsdlg,function,uitools,no,6,"[f,tf] = export2wsdlg(___)",no
exportapp,function,printing,yes,0,"exportapp(fig,filename)",no
exportgraphics,function,printing,yes,0,"exportgraphics(obj,filename)",no
exportgraphics,function,printing,yes,1,"exportgraphics(obj,filename,Name,Value)",yes
exportsetupdlg,function,printing,yes,0,exportsetupdlg(f),no
exportsetupdlg,function,printing,yes,1,exportsetupdlg,no
extract,function,strfun,no,0,"newStr = extract(str,pat)",no
extract,function,strfun,no,1,"newStr = extract(str,pos)",no
extractAfter,function,strfun,no,0,"newStr = extractAfter(str,pat)",no
extractAfter,function,strfun,no,1,"newStr = extractAfter(str,pos)",no
extractBefore,function,strfun,no,0,"newStr = extractBefore(str,pat)",no
extractBefore,function,strfun,no,1,"newStr = extractBefore(str,pos)",no
extractBetween,function,strfun,no,0,"newStr = extractBetween(str,startPat,endPat)",no
extractBetween,function,strfun,no,1,"newStr = extractBetween(str,startPos,endPos)",no
extractBetween,function,strfun,no,2,"newStr = extractBetween(___,'Boundaries',bounds)",no
eye,builtin,elmat,no,0,I = eye,no
eye,builtin,elmat,no,1,I = eye(n),no
eye,builtin,elmat,no,2,"I = eye(n,m)",no
eye,builtin,elmat,no,3,I = eye(sz),no
eye,builtin,elmat,no,4,"I = eye(___,typename)",no
eye,builtin,elmat,no,5,"I = eye(___,'like',p)",no
ezcontour,function,specgraph,yes,0,ezcontour(f),no
ezcontour,function,specgraph,yes,1,"ezcontour(f,xyinterval)",no
ezcontour,function,specgraph,yes,2,"ezcontour(___,n)",no
ezcontour,function,specgraph,yes,3,"ezcontour(ax,___)",no
ezcontour,function,specgraph,yes,4,c = ezcontour(___),no
ezcontourf,function,specgraph,yes,0,ezcontourf(f),no
ezcontourf,function,specgraph,yes,1,"ezcontourf(f,xyinterval)",no
ezcontourf,function,specgraph,yes,2,"ezcontourf(___,n)",no
ezcontourf,function,specgraph,yes,3,"ezcontourf(ax,___)",no
ezcontourf,function,specgraph,yes,4,c = ezcontourf(___),no
ezmesh,function,specgraph,yes,0,ezmesh(f),no
ezmesh,function,specgraph,yes,1,"ezmesh(f,xyinterval)",no
ezmesh,function,specgraph,yes,2,"ezmesh(funx,funy,funz)",no
ezmesh,function,specgraph,yes,3,"ezmesh(funx,funy,funz,uvinterval)",no
ezmesh,function,specgraph,yes,4,"ezmesh(___,n)",no
ezmesh,function,specgraph,yes,5,"ezmesh(___,'circ')",no
ezmesh,function,specgraph,yes,6,"ezmesh(ax,___)",no
ezmesh,function,specgraph,yes,7,s = ezmesh(___),no
ezmeshc,function,specgraph,yes,0,ezmeshc(f),no
ezmeshc,function,specgraph,yes,1,"ezmeshc(f,xyinterval)",no
ezmeshc,function,specgraph,yes,2,"ezmeshc(funx,funy,funz)",no
ezmeshc,function,specgraph,yes,3,"ezmeshc(funx,funy,funz,uvinterval)",no
ezmeshc,function,specgraph,yes,4,"ezmeshc(___,n)",no
ezmeshc,function,specgraph,yes,5,"ezmeshc(___,'circ')",no
ezmeshc,function,specgraph,yes,6,"ezmeshc(ax,___)",no
ezmeshc,function,specgraph,yes,7,sc = ezmeshc(___),no
ezplot,function,specgraph,yes,0,ezplot(f),no
ezplot,function,specgraph,yes,1,"ezplot(f,xinterval)",no
ezplot,function,specgraph,yes,2,ezplot(f2),no
ezplot,function,specgraph,yes,3,"ezplot(f2,xyinterval)",no
ezplot,function,specgraph,yes,4,"ezplot(funx,funy)",no
ezplot,function,specgraph,yes,5,"ezplot(funx,funy,uinterval)",no
ezplot,function,specgraph,yes,6,"ezplot(___,fig)",no
ezplot,function,specgraph,yes,7,"ezplot(ax,___)",no
ezplot,function,specgraph,yes,8,h = ezplot(___),no
ezplot3,function,specgraph,yes,0,"ezplot3(funx,funy,funz)",no
ezplot3,function,specgraph,yes,1,"ezplot3(funx,funy,funz,uinterval)",no
ezplot3,function,specgraph,yes,2,"ezplot3(___,'animate')",no
ezplot3,function,specgraph,yes,3,"ezplot3(ax,___)",no
ezplot3,function,specgraph,yes,4,h = ezplot3(___),no
ezpolar,function,specgraph,yes,0,ezpolar(fun),no
ezpolar,function,specgraph,yes,1,"ezpolar(fun,[a,b])",no
ezpolar,function,specgraph,yes,2,"ezpolar(axes_handle,...)",no
ezpolar,function,specgraph,yes,3,h = ezpolar(...),no
ezsurf,function,specgraph,yes,0,ezsurf(f),no
ezsurf,function,specgraph,yes,1,"ezsurf(f,xyinterval)",no
ezsurf,function,specgraph,yes,2,"ezsurf(funx,funy,funz)",no
ezsurf,function,specgraph,yes,3,"ezsurf(funx,funy,funz,uvinterval)",no
ezsurf,function,specgraph,yes,4,"ezsurf(___,n)",no
ezsurf,function,specgraph,yes,5,"ezsurf(___,'circ')",no
ezsurf,function,specgraph,yes,6,"ezsurf(ax,___)",no
ezsurf,function,specgraph,yes,7,s = ezsurf(___),no
ezsurfc,function,specgraph,yes,0,ezsurfc(f),no
ezsurfc,function,specgraph,yes,1,"ezsurfc(f,xyinterval)",no
ezsurfc,function,specgraph,yes,2,"ezsurfc(funx,funy,funz)",no
ezsurfc,function,specgraph,yes,3,"ezsurfc(funx,funy,funz,uvinterval)",no
ezsurfc,function,specgraph,yes,4,"ezsurfc(___,n)",no
ezsurfc,function,specgraph,yes,5,"ezsurfc(___,'circ')",no
ezsurfc,function,specgraph,yes,6,"ezsurfc(ax,___)",no
ezsurfc,function,specgraph,yes,7,sc = ezsurfc(___),no
factor,function,specfun,no,0,f = factor(n),no
factorial,function,specfun,no,0,f = factorial(n),no
false,builtin,elmat,no,0,false,no
false,builtin,elmat,no,1,F = false(n),no
false,builtin,elmat,no,2,F = false(sz),no
false,builtin,elmat,no,3,"F = false(sz1,...,szN)",no
false,builtin,elmat,no,4,"F = false(___,'like',p)",no
fclose,builtin,iofun,no,0,fclose(fileID),no
fclose,builtin,iofun,no,1,fclose('all'),no
fclose,builtin,iofun,no,2,status = fclose(___),no
fclose (serial),function,,no,0,fclose(obj),no
fcontour,function,function,yes,0,fcontour(f),no
fcontour,function,function,yes,1,"fcontour(f,xyinterval)",no
fcontour,function,function,yes,2,"fcontour(___,LineSpec)",no
fcontour,function,function,yes,3,"fcontour(___,Name,Value)",yes
fcontour,function,function,yes,4,"fcontour(ax,___)",no
fcontour,function,function,yes,5,fc = fcontour(___),no
feather,function,specgraph,yes,0,"feather(U,V)",no
feather,function,specgraph,yes,1,feather(Z),no
feather,function,specgraph,yes,2,"feather(___,LineSpec)",no
feather,function,specgraph,yes,3,"feather(ax,___)",no
feather,function,specgraph,yes,4,f = feather(___),no
feof,builtin,iofun,no,0,status = feof(fileID),no
ferror,builtin,iofun,no,0,message = ferror(fileID),no
ferror,builtin,iofun,no,1,"[message,errnum] = ferror(fileID)",no
ferror,builtin,iofun,no,2,"[message,errnum] = ferror(fileID,'clear')",no
feval,builtin,lang,no,0,"[y1,...,yN] = feval(fun,x1,...,xM)",no
fft,builtin,datafun,no,0,Y = fft(X),no
fft,builtin,datafun,no,1,"Y = fft(X,n)",no
fft,builtin,datafun,no,2,"Y = fft(X,n,dim)",no
fft2,function,datafun,no,0,Y = fft2(X),no
fft2,function,datafun,no,1,"Y = fft2(X,m,n)",no
fftn,builtin,datafun,no,0,Y = fftn(X),no
fftn,builtin,datafun,no,1,"Y = fftn(X,sz)",no
fftshift,function,datafun,no,0,Y = fftshift(X),no
fftshift,function,datafun,no,1,"Y = fftshift(X,dim)",no
fftw,builtin,datafun,no,0,method = fftw('planner'),no
fftw,builtin,datafun,no,1,"previous = fftw('planner',method)",no
fftw,builtin,datafun,no,2,fftinfo = fftw(wisdom),no
fftw,builtin,datafun,no,3,"previous = fftw(wisdom,fftinfo)",no
fgetl,function,iofun,no,0,tline = fgetl(fileID),no
fgetl (serial),function,,no,0,tline = fgetl(obj),no
fgetl (serial),function,,no,1,"[tline,count] = fgetl(obj)",no
fgetl (serial),function,,no,2,"[tline,count,msg] = fgetl(obj)",no
fgets,builtin,iofun,no,0,tline = fgets(fileID),no
fgets,builtin,iofun,no,1,"tline = fgets(fileID,nchar)",no
fgets,builtin,iofun,no,2,"[tline,ltout] = fgets(___)",no
fgets (serial),function,,no,0,tline = fgets(obj),no
fgets (serial),function,,no,1,"[tline,count] = fgets(obj)",no
fgets (serial),function,,no,2,"[tline,count,msg] = fgets(obj)",no
fieldnames,builtin,datatypes,no,0,fields = fieldnames(S),no
fieldnames,builtin,datatypes,no,1,"fields = fieldnames(obj,'-full')",no
figure,builtin,graphics,yes,0,figure,no
figure,builtin,graphics,yes,1,"figure(Name,Value)",yes
figure,builtin,graphics,yes,2,f = figure(___),no
figure,builtin,graphics,yes,3,figure(f),no
figure,builtin,graphics,yes,4,figure(n),no
figurepalette,function,plottools,yes,0,figurepalette('show'),no
figurepalette,function,plottools,yes,1,figurepalette('hide'),no
figurepalette,function,plottools,yes,2,figurepalette('toggle'),no
figurepalette,function,plottools,yes,3,figurepalette,no
figurepalette,function,plottools,yes,4,"figurepalette(figure_handle,...)",no
fileattrib,builtin,general,no,0,fileattrib,no
fileattrib,builtin,general,no,1,fileattrib filename,no
fileattrib,builtin,general,no,2,fileattrib filename attribs,no
fileattrib,builtin,general,no,3,fileattrib filename attribs users,no
fileattrib,builtin,general,no,4,fileattrib filename attribs users s,no
fileattrib,builtin,general,no,5,"[status,values] = fileattrib(filename)",no
fileattrib,builtin,general,no,6,"[status,msg,msgID] = fileattrib(filename,attribs,___)",no
filemarker,builtin,iofun,no,0,m = filemarker,no
fileparts,function,iofun,no,0,"[filepath,name,ext] = fileparts(filename)",no
fileread,function,iofun,no,0,text = fileread(filename),no
filesep,builtin,iofun,no,0,f = filesep,no
fill,builtin,specgraph,yes,0,"fill(X,Y,C)",no
fill,builtin,specgraph,yes,1,"fill(X,Y,ColorSpec)",no
fill,builtin,specgraph,yes,2,"fill(X1,Y1,C1,X2,Y2,C2,...)",no
fill,builtin,specgraph,yes,3,"fill(...,'PropertyName',PropertyValue)",no
fill,builtin,specgraph,yes,4,"fill(ax,...)",no
fill,builtin,specgraph,yes,5,h = fill(...),no
fill3,builtin,graph3d,yes,0,"fill3(X,Y,Z,C)",no
fill3,builtin,graph3d,yes,1,"fill3(X,Y,Z,ColorSpec)",no
fill3,builtin,graph3d,yes,2,"fill3(X1,Y1,Z1,C1,X2,Y2,Z2,C2,...)",no
fill3,builtin,graph3d,yes,3,"fill3(...,'PropertyName',PropertyValue)",no
fill3,builtin,graph3d,yes,4,"fill3(ax,...)",no
fill3,builtin,graph3d,yes,5,h = fill3(...),no
fillmissing,function,datafun,no,0,"F = fillmissing(A,'constant',v)",no
fillmissing,function,datafun,no,1,"F = fillmissing(A,method)",no
fillmissing,function,datafun,no,2,"F = fillmissing(A,movmethod,window)",no
fillmissing,function,datafun,no,3,"F = fillmissing(A,fillfun,gapwindow)",no
fillmissing,function,datafun,no,4,"F = fillmissing(___,dim)",no
fillmissing,function,datafun,no,5,"F = fillmissing(___,Name,Value)",yes
fillmissing,function,datafun,no,6,"[F,TF] = fillmissing(___)",no
filloutliers,function,datafun,no,0,"B = filloutliers(A,fillmethod)",no
filloutliers,function,datafun,no,1,"B = filloutliers(A,fillmethod,findmethod)",no
filloutliers,function,datafun,no,2,"B = filloutliers(A,fillmethod,'percentiles',threshold)",no
filloutliers,function,datafun,no,3,"B = filloutliers(A,fillmethod,movmethod,window)",no
filloutliers,function,datafun,no,4,"B = filloutliers(___,dim)",no
filloutliers,function,datafun,no,5,"B = filloutliers(___,Name,Value)",yes
filloutliers,function,datafun,no,6,"[B,TF,L,U,C] = filloutliers(___)",no
filter,builtin,datafun,no,0,"y = filter(b,a,x)",no
filter,builtin,datafun,no,1,"y = filter(b,a,x,zi)",no
filter,builtin,datafun,no,2,"y = filter(b,a,x,zi,dim)",no
filter,builtin,datafun,no,3,"[y,zf] = filter(___)",no
filter2,function,datafun,no,0,"Y = filter2(H,X)",no
filter2,function,datafun,no,1,"Y = filter2(H,X,shape)",no
fimplicit,function,function,yes,0,fimplicit(f),no
fimplicit,function,function,yes,1,"fimplicit(f,interval)",no
fimplicit,function,function,yes,2,"fimplicit(ax,___)",no
fimplicit,function,function,yes,3,"fimplicit(___,LineSpec)",no
fimplicit,function,function,yes,4,"fimplicit(___,Name,Value)",yes
fimplicit,function,function,yes,5,fp = fimplicit(___),no
fimplicit3,function,function,yes,0,fimplicit3(f),no
fimplicit3,function,function,yes,1,"fimplicit3(f,interval)",no
fimplicit3,function,function,yes,2,"fimplicit3(ax,___)",no
fimplicit3,function,function,yes,3,"fimplicit3(___,LineSpec)",no
fimplicit3,function,function,yes,4,"fimplicit3(___,Name,Value)",yes
fimplicit3,function,function,yes,5,fs = fimplicit3(___),no
find,builtin,elmat,no,0,k = find(X),no
find,builtin,elmat,no,1,"k = find(X,n)",no
find,builtin,elmat,no,2,"k = find(X,n,direction)",no
find,builtin,elmat,no,3,"[row,col] = find(___)",no
find,builtin,elmat,no,4,"[row,col,v] = find(___)",no
findall,function,objectsystem,yes,0,h = findall(objhandles),no
findall,function,objectsystem,yes,1,"h = findall(objhandles,prop1,value1,...,propN,valueN)",no
findfigs,function,uitools,no,0,findfigs,no
findgroups,function,datafun,no,0,G = findgroups(A),no
findgroups,function,datafun,no,1,"G = findgroups(A1,...,AN)",no
findgroups,function,datafun,no,2,"[G,ID] = findgroups(A)",no
findgroups,function,datafun,no,3,"[G,ID1,...,IDN] = findgroups(A1,...,AN)",no
findgroups,function,datafun,no,4,G = findgroups(T),no
findgroups,function,datafun,no,5,"[G,TID] = findgroups(T)",no
findobj,builtin,objectsystem,yes,0,h = findobj,no
findobj,builtin,objectsystem,yes,1,"h = findobj(prop,value)",no
findobj,builtin,objectsystem,yes,2,"h = findobj('-not',prop,value)",no
findobj,builtin,objectsystem,yes,3,"h = findobj(prop1,value1,oper,prop2,value2)",no
findobj,builtin,objectsystem,yes,4,"h = findobj('-regexp',prop,expr)",no
findobj,builtin,objectsystem,yes,5,"h = findobj('-property',prop)",no
findobj,builtin,objectsystem,yes,6,"h = findobj(prop1,value1,...,propN,valueN)",no
findobj,builtin,objectsystem,yes,7,"h = findobj(objhandles,___)",no
findobj,builtin,objectsystem,yes,8,"h = findobj(objhandles,'-depth',d,___)",no
findobj,builtin,objectsystem,yes,9,"h = findobj(objhandles,'flat',___)",no
findstr,builtin,strfun,no,0,"k = findstr(str1,str2)",no
finish,function,,no,0,finish,no
fitsdisp,function,imagesci,no,0,fitsdisp(filename),no
fitsdisp,function,imagesci,no,1,"fitsdisp(filename,Name,Value)",yes
fitsinfo,function,imagesci,no,0,info = fitsinfo(filename),no
fitsread,function,imagesci,no,0,data = fitsread(filename),no
fitsread,function,imagesci,no,1,"data = fitsread(filename,'raw')",no
fitsread,function,imagesci,no,2,"data = fitsread(filename,extname)",no
fitsread,function,imagesci,no,3,"data = fitsread(filename,extname,index)",no
fitsread,function,imagesci,no,4,"data = fitsread(filename,___,Name,Value)",yes
fitswrite,function,imagesci,no,0,"fitswrite(imagedata,filename)",no
fitswrite,function,imagesci,no,1,"fitswrite(imagedata,filename,Name,Value)",yes
fix,builtin,elfun,no,0,Y = fix(X),no
flag,function,color,yes,0,c = flag,no
flag,function,color,yes,1,c = flag(m),no
flintmax,builtin,elmat,no,0,f = flintmax,no
flintmax,builtin,elmat,no,1,f = flintmax(precision),no
flip,function,elmat,no,0,B = flip(A),no
flip,function,elmat,no,1,"B = flip(A,dim)",no
flipdim,function,elmat,no,0,"B = flipdim(A,dim)",no
fliplr,function,elmat,no,0,B = fliplr(A),no
flipud,function,elmat,no,0,B = flipud(A),no
floor,builtin,elfun,no,0,Y = floor(X),no
floor,builtin,elfun,no,1,Y = floor(t),no
floor,builtin,elfun,no,2,"Y = floor(t,unit)",no
flow,function,demos,no,0,v = flow,no
flow,function,demos,no,1,v = flow(n),no
flow,function,demos,no,2,"v = flow(x,y,z)",no
flow,function,demos,no,3,"[x,y,z,v] = flow(...)",no
fmesh,function,function,yes,0,fmesh(f),no
fmesh,function,function,yes,1,"fmesh(f,xyinterval)",no
fmesh,function,function,yes,2,"fmesh(funx,funy,funz)",no
fmesh,function,function,yes,3,"fmesh(funx,funy,funz,uvinterval)",no
fmesh,function,function,yes,4,"fmesh(___,LineSpec)",no
fmesh,function,function,yes,5,"fmesh(___,Name,Value)",yes
fmesh,function,function,yes,6,"fmesh(ax,___)",no
fmesh,function,function,yes,7,fs = fmesh(___),no
fminbnd,function,optimfun,no,0,"x = fminbnd(fun,x1,x2)",no
fminbnd,function,optimfun,no,1,"x = fminbnd(fun,x1,x2,options)",no
fminbnd,function,optimfun,no,2,x = fminbnd(problem),no
fminbnd,function,optimfun,no,3,"[x,fval] = fminbnd(___)",no
fminbnd,function,optimfun,no,4,"[x,fval,exitflag] = fminbnd(___)",no
fminbnd,function,optimfun,no,5,"[x,fval,exitflag,output] = fminbnd(___)",no
fminsearch,function,optimfun,no,0,"x = fminsearch(fun,x0)",no
fminsearch,function,optimfun,no,1,"x = fminsearch(fun,x0,options)",no
fminsearch,function,optimfun,no,2,x = fminsearch(problem),no
fminsearch,function,optimfun,no,3,"[x,fval] = fminsearch(___)",no
fminsearch,function,optimfun,no,4,"[x,fval,exitflag] = fminsearch(___)",no
fminsearch,function,optimfun,no,5,"[x,fval,exitflag,output] = fminsearch(___)",no
fopen,builtin,iofun,no,0,fileID = fopen(filename),no
fopen,builtin,iofun,no,1,"fileID = fopen(filename,permission)",no
fopen,builtin,iofun,no,2,"fileID = fopen(filename,permission,machinefmt,encodingIn)",no
fopen,builtin,iofun,no,3,"[fileID,errmsg] = fopen(___)",no
fopen,builtin,iofun,no,4,fIDs = fopen('all'),no
fopen,builtin,iofun,no,5,filename = fopen(fileID),no
fopen,builtin,iofun,no,6,"[filename,permission,machinefmt,encodingOut] = fopen(fileID)",no
fopen (serial),function,,no,0,fopen(obj),no
for,keyword,lang,no,0,"for index = values, statements, end",no
format,builtin,general,no,0,format(style),no
format,builtin,general,no,1,fmt = format,no
format,builtin,general,no,2,fmt = format(style),no
formattedDisplayText,function,datatypes,no,0,str = formattedDisplayText(X),no
formattedDisplayText,function,datatypes,no,1,"str = formattedDisplayText(X,Name,Value)",yes
fplot,function,function,yes,0,fplot(f),no
fplot,function,function,yes,1,"fplot(f,xinterval)",no
fplot,function,function,yes,2,"fplot(funx,funy)",no
fplot,function,function,yes,3,"fplot(funx,funy,tinterval)",no
fplot,function,function,yes,4,"fplot(___,LineSpec)",no
fplot,function,function,yes,5,"fplot(___,Name,Value)",yes
fplot,function,function,yes,6,"fplot(ax,___)",no
fplot,function,function,yes,7,fp = fplot(___),no
fplot,function,function,yes,8,"[x,y] = fplot(___)",no
fplot3,function,function,yes,0,"fplot3(funx,funy,funz)",no
fplot3,function,function,yes,1,"fplot3(funx,funy,funz,tinterval)",no
fplot3,function,function,yes,2,"fplot3(___,LineSpec)",no
fplot3,function,function,yes,3,"fplot3(___,Name,Value)",yes
fplot3,function,function,yes,4,"fplot3(ax,___)",no
fplot3,function,function,yes,5,fp = fplot3(___),no
fprintf,builtin,iofun,no,0,"fprintf(fileID,formatSpec,A1,...,An)",no
fprintf,builtin,iofun,no,1,"fprintf(formatSpec,A1,...,An)",no
fprintf,builtin,iofun,no,2,nbytes = fprintf(___),no
fprintf (serial),function,,no,0,"fprintf(obj,'cmd')",no
fprintf (serial),function,,no,1,"fprintf(obj,'format','cmd')",no
fprintf (serial),function,,no,2,"fprintf(obj,'cmd','mode')",no
fprintf (serial),function,,no,3,"fprintf(obj,'format','cmd','mode')",no
frame2im,builtin,specgraph,yes,0,RGB = frame2im(F),no
frame2im,builtin,specgraph,yes,1,"[X,map] = frame2im(F)",no
fread,builtin,iofun,no,0,A = fread(fileID),no
fread,builtin,iofun,no,1,"A = fread(fileID,sizeA)",no
fread,builtin,iofun,no,2,"A = fread(fileID,precision)",no
fread,builtin,iofun,no,3,"A = fread(fileID,sizeA,precision)",no
fread,builtin,iofun,no,4,"A = fread(___,skip)",no
fread,builtin,iofun,no,5,"A = fread(___,machinefmt)",no
fread,builtin,iofun,no,6,"[A,count] = fread(___)",no
fread (serial),function,,no,0,A = fread(obj),no
fread (serial),function,,no,1,"A = fread(obj,size,'precision')",no
fread (serial),function,,no,2,"[A,count] = fread(...)",no
fread (serial),function,,no,3,"[A,count,msg] = fread(...)",no
freqspace,function,elmat,no,0,"[f1,f2] = freqspace(n)",no
freqspace,function,elmat,no,1,"[f1,f2] = freqspace([m n])",no
freqspace,function,elmat,no,2,"[x,y] = freqspace(___,'meshgrid')",no
freqspace,function,elmat,no,3,f = freqspace(N),no
freqspace,function,elmat,no,4,"f = freqspace(N,'whole')",no
frewind,function,iofun,no,0,frewind(fileID),no
fscanf,builtin,iofun,no,0,"A = fscanf(fileID,formatSpec)",no
fscanf,builtin,iofun,no,1,"A = fscanf(fileID,formatSpec,sizeA)",no
fscanf,builtin,iofun,no,2,"[A,count] = fscanf(___)",no
fscanf (serial),function,,no,0,A = fscanf(obj),no
fscanf (serial),function,,no,1,"A = fscanf(obj,'format')",no
fscanf (serial),function,,no,2,"A = fscanf(obj,'format',size)",no
fscanf (serial),function,,no,3,"[A,count] = fscanf(...)",no
fscanf (serial),function,,no,4,"[A,count,msg] = fscanf(...)",no
fseek,builtin,iofun,no,0,"fseek(fileID, offset, origin)",no
fseek,builtin,iofun,no,1,status = fseek(___),no
fsurf,function,function,yes,0,fsurf(f),no
fsurf,function,function,yes,1,"fsurf(f,xyinterval)",no
fsurf,function,function,yes,2,"fsurf(funx,funy,funz)",no
fsurf,function,function,yes,3,"fsurf(funx,funy,funz,uvinterval)",no
fsurf,function,function,yes,4,"fsurf(___,LineSpec)",no
fsurf,function,function,yes,5,"fsurf(___,Name,Value)",yes
fsurf,function,function,yes,6,"fsurf(ax,___)",no
fsurf,function,function,yes,7,fs = fsurf(___),no
ftell,builtin,iofun,no,0,position = ftell(fileID),no
full,builtin,sparfun,no,0,A = full(S),no
fullfile,function,iofun,no,0,"f = fullfile(filepart1,...,filepartN)",no
func2str,builtin,datatypes,no,0,c = func2str(fh),no
function,keyword,lang,no,0,"function [y1,...,yN] = myfun(x1,...,xM)",no
functions,builtin,datatypes,no,0,s = functions(fh),no
functiontests,function,core,no,0,tests = functiontests(f),no
funm,function,matfun,no,0,"F = funm(A,fun)",no
funm,function,matfun,no,1,"F = funm(A,fun,options)",no
funm,function,matfun,no,2,"F = funm(A,fun,options,p1,p2,...)",no
funm,function,matfun,no,3,"[F,exitflag] = funm(...)",no
funm,function,matfun,no,4,"[F,exitflag,output] = funm(...)",no
fwrite,builtin,iofun,no,0,"fwrite(fileID,A)",no
fwrite,builtin,iofun,no,1,"fwrite(fileID,A,precision)",no
fwrite,builtin,iofun,no,2,"fwrite(fileID,A,precision,skip)",no
fwrite,builtin,iofun,no,3,"fwrite(fileID,A,precision,skip,machinefmt)",no
fwrite,builtin,iofun,no,4,count = fwrite(___),no
fwrite (serial),function,,no,0,"fwrite(obj,A)",no
fwrite (serial),function,,no,1,"fwrite(obj,A,'precision')",no
fwrite (serial),function,,no,2,"fwrite(obj,A,'mode')",no
fwrite (serial),function,,no,3,"fwrite(obj,A,'precision','mode')",no
fzero,function,optimfun,no,0,"x = fzero(fun,x0)",no
fzero,function,optimfun,no,1,"x = fzero(fun,x0,options)",no
fzero,function,optimfun,no,2,x = fzero(problem),no
fzero,function,optimfun,no,3,"[x,fval,exitflag,output] = fzero(___)",no
gallery,function,elmat,no,0,"[A1,A2,...,Am] = gallery(matrixname,P1,P2,...,Pn)",no
gallery,function,elmat,no,1,"[A1,A2,...,Am] = gallery(matrixname,P1,P2,...,Pn,typename)",no
gallery,function,elmat,no,2,A = gallery(3),no
gallery,function,elmat,no,3,A = gallery(5),no
gamma,builtin,specfun,no,0,Y = gamma(X),no
gammainc,builtin,specfun,no,0,"Y = gammainc(X,A)",no
gammainc,builtin,specfun,no,1,"Y = gammainc(X,A,type)",no
gammainc,builtin,specfun,no,2,"Y = gammainc(X,A,scale)",no
gammaincinv,builtin,specfun,no,0,"X = gammaincinv(Y,A)",no
gammaincinv,builtin,specfun,no,1,"X = gammaincinv(Y,A,type)",no
gammaln,builtin,specfun,no,0,Y = gammaln(A),no
gca,function,graphics,yes,0,ax = gca,no
gcbf,function,graphics,yes,0,fig = gcbf,no
gcbo,builtin,graphics,yes,0,h = gcbo,no
gcbo,builtin,graphics,yes,1,"[h,figure] = gcbo",no
gcd,function,specfun,no,0,"G = gcd(A,B)",no
gcd,function,specfun,no,1,"[G,U,V] = gcd(A,B)",no
gcf,builtin,graphics,yes,0,fig = gcf,no
gcmr,function,mapreduceio,no,0,mr = gcmr,no
gcmr,function,mapreduceio,no,1,mr = gcmr('nocreate'),no
gco,builtin,graphics,yes,0,h = gco,no
gco,builtin,graphics,yes,1,h = gco(figure_handle),no
ge,builtin,ops,no,0,A >= B,no
ge,builtin,ops,no,1,"ge(A,B)",no
genpath,function,general,no,0,p = genpath,no
genpath,function,general,no,1,p = genpath(folderName),no
genvarname,function,lang,no,0,varname = genvarname(str),no
genvarname,function,lang,no,1,"varname = genvarname(str, exclusions)",no
geoaxes,function,maps,yes,0,geoaxes,no
geoaxes,function,maps,yes,1,"geoaxes(Name,Value)",yes
geoaxes,function,maps,yes,2,"geoaxes(parent,___)",no
geoaxes,function,maps,yes,3,gx = geoaxes(___),no
geoaxes,function,maps,yes,4,geoaxes(gx),no
geobasemap,function,maps,yes,0,geobasemap basemap,no
geobasemap,function,maps,yes,1,geobasemap(basemap),no
geobasemap,function,maps,yes,2,"geobasemap(gx,basemap)",no
geobasemap,function,maps,yes,3,bmap = geobasemap,no
geobasemap,function,maps,yes,4,bmap = geobasemap(gx),no
geobubble,function,maps,yes,0,"geobubble(tbl,latvar,lonvar)",no
geobubble,function,maps,yes,1,"geobubble(lat,lon)",no
geobubble,function,maps,yes,2,"geobubble(lat,lon,sizedata)",no
geobubble,function,maps,yes,3,"geobubble(lat,lon,sizedata,colordata)",no
geobubble,function,maps,yes,4,"geobubble(___,Name,Value)",yes
geobubble,function,maps,yes,5,"geobubble(parent,___)",no
geobubble,function,maps,yes,6,gb = geobubble(___),no
geodensityplot,function,maps,yes,0,"geodensityplot(lat,lon)",no
geodensityplot,function,maps,yes,1,"geodensityplot(lat,lon,weights)",no
geodensityplot,function,maps,yes,2,"geodensityplot(___,Name,Value)",yes
geodensityplot,function,maps,yes,3,"geodensityplot(gx,___)",no
geodensityplot,function,maps,yes,4,dp = geodensityplot(___),no
geolimits,function,maps,yes,0,"geolimits(latlim,lonlim)",no
geolimits,function,maps,yes,1,"[latitudeLimits,longitudeLimits] = geolimits",no
geolimits,function,maps,yes,2,geolimits('auto'),no
geolimits,function,maps,yes,3,geolimits('manual'),no
geolimits,function,maps,yes,4,"[latitudeLimits,longitudeLimits] = geolimits(___)",no
geolimits,function,maps,yes,5,"___ = geolimits(gx,___)",no
geoplot,function,maps,yes,0,"geoplot(lat,lon)",no
geoplot,function,maps,yes,1,"geoplot(lat,lon,LineSpec)",no
geoplot,function,maps,yes,2,"geoplot(lat1,lon1,...,latN,lonN)",no
geoplot,function,maps,yes,3,"geoplot(lat1,lon1,LineSpec1,...,latN,lonN,LineSpecN)",no
geoplot,function,maps,yes,4,"geoplot(___,Name,Value)",yes
geoplot,function,maps,yes,5,"geoplot(gx,___)",no
geoplot,function,maps,yes,6,h = geoplot(___),no
geoscatter,function,maps,yes,0,"geoscatter(lat,lon)",no
geoscatter,function,maps,yes,1,"geoscatter(lat,lon,A)",no
geoscatter,function,maps,yes,2,"geoscatter(lat,lon,A,C)",no
geoscatter,function,maps,yes,3,"geoscatter(___,M)",no
geoscatter,function,maps,yes,4,"geoscatter(___,'filled')",no
geoscatter,function,maps,yes,5,"geoscatter(___,Name,Value)",yes
geoscatter,function,maps,yes,6,"geoscatter(gx,___)",no
geoscatter,function,maps,yes,7,s = geoscatter(___),no
geotickformat,function,maps,yes,0,geotickformat fmt,no
geotickformat,function,maps,yes,1,geotickformat(fmt),no
geotickformat,function,maps,yes,2,"geotickformat(gx,fmt)",no
geotickformat,function,maps,yes,3,tickLabelFormat = geotickformat,no
geotickformat,function,maps,yes,4,tickLabelFormat = geotickformat(gx),no
get,builtin,objectsystem,yes,0,v = get(h),no
get,builtin,objectsystem,yes,1,"v = get(h,propertyName)",no
get,builtin,objectsystem,yes,2,"v = get(h,propertyArray)",no
get,builtin,objectsystem,yes,3,"v = get(h,'default')",no
get,builtin,objectsystem,yes,4,"v = get(h,defaultTypeProperty)",no
get,builtin,objectsystem,yes,5,"v = get(groot,'factory')",no
get,builtin,objectsystem,yes,6,"v = get(groot,factoryTypeProperty)",no
getNumInputs,function,,no,0,num = getNumInputs(obj),no
getNumOutputs,function,,no,0,num = getNumOutputs(obj),no
getappdata,function,objectsystem,yes,0,"val = getappdata(obj,name)",no
getappdata,function,objectsystem,yes,1,vals = getappdata(obj),no
getenv,builtin,general,no,0,value = getenv(name),no
getfield,function,datatypes,no,0,"value = getfield(S,field)",no
getfield,function,datatypes,no,1,"value = getfield(S,field1,...,fieldN)",no
getfield,function,datatypes,no,2,"value = getfield(S,idx,field1,...,fieldN)",no
getfield,function,datatypes,no,3,"value = getfield(S,idx,field1,idx1,...,fieldN,idxN)",no
getframe,function,printing,yes,0,F = getframe,no
getframe,function,printing,yes,1,F = getframe(ax),no
getframe,function,printing,yes,2,F = getframe(fig),no
getframe,function,printing,yes,3,"F = getframe(___,rect)",no
getpixelposition,function,uitools,no,0,pos = getpixelposition(c),no
getpixelposition,function,uitools,no,1,"pos = getpixelposition(c,isrecursive)",no
getpoints,builtin,graphics,yes,0,"[x,y] = getpoints(an)",no
getpoints,builtin,graphics,yes,1,"[x,y,z] = getpoints(an)",no
getpref,function,uitools,no,0,"prefvalue = getpref(group,pref)",no
getpref,function,uitools,no,1,"prefvalue = getpref(group,pref,value)",no
getrangefromclass,function,images,no,0,range = getrangefromclass(I),no
ginput,function,uitools,no,0,"[x,y] = ginput(n)",no
ginput,function,uitools,no,1,"[x,y] = ginput",no
ginput,function,uitools,no,2,"[x,y,button] = ginput(___)",no
global,keyword,lang,no,0,global var1 ... varN,no
gmres,function,sparfun,no,0,"x = gmres(A,b)",no
gmres,function,sparfun,no,1,"x = gmres(A,b,restart)",no
gmres,function,sparfun,no,2,"x = gmres(A,b,restart,tol)",no
gmres,function,sparfun,no,3,"x = gmres(A,b,restart,tol,maxit)",no
gmres,function,sparfun,no,4,"x = gmres(A,b,restart,tol,maxit,M)",no
gmres,function,sparfun,no,5,"x = gmres(A,b,restart,tol,maxit,M1,M2)",no
gmres,function,sparfun,no,6,"x = gmres(A,b,restart,tol,maxit,M1,M2,x0)",no
gmres,function,sparfun,no,7,"[x,flag] = gmres(___)",no
gmres,function,sparfun,no,8,"[x,flag,relres] = gmres(___)",no
gmres,function,sparfun,no,9,"[x,flag,relres,iter] = gmres(___)",no
gmres,function,sparfun,no,10,"[x,flag,relres,iter,resvec] = gmres(___)",no
gobjects,function,objectsystem,yes,0,H = gobjects(n),no
gobjects,function,objectsystem,yes,1,"H = gobjects(s1,...,sn)",no
gobjects,function,objectsystem,yes,2,H = gobjects(v),no
gobjects,function,objectsystem,yes,3,H = gobjects,no
gobjects,function,objectsystem,yes,4,H = gobjects(0),no
gplot,function,sparfun,no,0,"gplot(A,XYCoords)",no
gplot,function,sparfun,no,1,"gplot(A,XYCoords,LineSpec)",no
gplot,function,sparfun,no,2,"[x,y] = gplot(A,XYCoords)",no
grabcode,function,codetools,no,0,grabcode filename,no
grabcode,function,codetools,no,1,grabcode url,no
grabcode,function,codetools,no,2,code = grabcode(filename),no
gradient,function,datafun,no,0,FX = gradient(F),no
gradient,function,datafun,no,1,"[FX,FY] = gradient(F)",no
gradient,function,datafun,no,2,"[FX,FY,FZ,...,FN] = gradient(F)",no
gradient,function,datafun,no,3,"[___] = gradient(F,h)",no
gradient,function,datafun,no,4,"[___] = gradient(F,hx,hy,...,hN)",no
gray,function,color,yes,0,c = gray,no
gray,function,color,yes,1,c = gray(m),no
graymon,function,graph3d,yes,0,graymon,no
grid,function,graph2d,yes,0,grid on,no
grid,function,graph2d,yes,1,grid off,no
grid,function,graph2d,yes,2,grid,no
grid,function,graph2d,yes,3,grid minor,no
grid,function,graph2d,yes,4,"grid(target,___)",no
griddata,function,polyfun,no,0,"vq = griddata(x,y,v,xq,yq)",no
griddata,function,polyfun,no,1,"vq = griddata(x,y,z,v,xq,yq,zq)",no
griddata,function,polyfun,no,2,"vq = griddata(___,method)",no
griddata,function,polyfun,no,3,"[Xq,Yq,vq] = griddata(x,y,v,xq,yq)",no
griddata,function,polyfun,no,4,"[Xq,Yq,vq] = griddata(x,y,v,xq,yq,method)",no
griddatan,function,polyfun,no,0,"vq = griddatan(x,v,xq)",no
griddatan,function,polyfun,no,1,"vq = griddatan(x,v,xq,method)",no
griddatan,function,polyfun,no,2,"vq = griddatan(x,v,xq,method,options)",no
groot,builtin,objectsystem,yes,0,groot,no
groot,builtin,objectsystem,yes,1,r = groot,no
gsvd,function,matfun,no,0,"[U,V,X,C,S] = gsvd(A,B)",no
gsvd,function,matfun,no,1,"[U,V,X,C,S] = gsvd(A,B,0)",no
gsvd,function,matfun,no,2,"sigma = gsvd(A,B)",no
gt,builtin,ops,no,0,A > B,no
gt,builtin,ops,no,1,"gt(A,B)",no
gtext,function,graph2d,yes,0,gtext(str),no
gtext,function,graph2d,yes,1,"gtext(str,Name,Value)",yes
gtext,function,graph2d,yes,2,t = gtext(___),no
guidata,function,uitools,no,0,"guidata(obj,data)",no
guidata,function,uitools,no,1,data = guidata(obj),no
guide,function,guide,no,0,guide,no
guide,function,guide,no,1,guide(filename),no
guide,function,guide,no,2,guide(figs),no
guihandles,function,uitools,no,0,handles = guihandles(object_handle),no
guihandles,function,uitools,no,1,handles = guihandles,no
gunzip,function,archive,no,0,gunzip(gzipfilenames),no
gunzip,function,archive,no,1,"gunzip(gzipfilenames,outputfolder)",no
gunzip,function,archive,no,2,filenames = gunzip(___),no
gzip,function,archive,no,0,gzip(filenames),no
gzip,function,archive,no,1,"gzip(filenames,outputfolder)",no
gzip,function,archive,no,2,entrynames = gzip(___),no
h5create,function,imagesci,no,0,"h5create(filename,ds,sz)",no
h5create,function,imagesci,no,1,"h5create(filename,ds,sz,Name,Value)",yes
h5disp,function,imagesci,no,0,h5disp(filename),no
h5disp,function,imagesci,no,1,"h5disp(filename,loc)",no
h5disp,function,imagesci,no,2,"h5disp(filename,loc,mode)",no
h5disp,function,imagesci,no,3,"h5disp(___,'TextEncoding','UTF-8')",no
h5info,function,imagesci,no,0,info = h5info(filename),no
h5info,function,imagesci,no,1,"info = h5info(filename,loc)",no
h5info,function,imagesci,no,2,"info = h5info(filename,loc,'TextEncoding','UTF-8')",no
h5read,function,imagesci,no,0,"data = h5read(filename,ds)",no
h5read,function,imagesci,no,1,"data = h5read(filename,ds,start,count)",no
h5read,function,imagesci,no,2,"data = h5read(filename,ds,start,count,stride)",no
h5readatt,function,imagesci,no,0,"attval = h5readatt(filename,loc,attr)",no
h5write,function,imagesci,no,0,"h5write(filename,ds,data)",no
h5write,function,imagesci,no,1,"h5write(filename,ds,data,start,count)",no
h5write,function,imagesci,no,2,"h5write(filename,ds,data,start,count,stride)",no
h5writeatt,function,imagesci,no,0,"h5writeatt(filename,loc,attr,val)",no
h5writeatt,function,imagesci,no,1,"h5writeatt(filename,loc,attr,val,'TextEncoding',encoding)",no
hadamard,function,elmat,no,0,H = hadamard(n),no
hadamard,function,elmat,no,1,"H = hadamard(n,classname)",no
hankel,function,elmat,no,0,H = hankel(c),no
hankel,function,elmat,no,1,"H = hankel(c,r)",no
hdf5info,function,imagesci,no,0,fileinfo = hdf5info(filename),no
hdf5info,function,imagesci,no,1,"fileinfo = hdf5info(...,'ReadAttributes',BOOL)",no
hdf5info,function,imagesci,no,2,"[...] = hdf5info(..., 'V71Dimensions', BOOL)",no
hdf5read,function,imagesci,no,0,"data = hdf5read(filename,datasetname)",no
hdf5read,function,imagesci,no,1,"attr = hdf5read(filename,attributename)",no
hdf5read,function,imagesci,no,2,"[data, attr] = hdf5read(...,'ReadAttributes',BOOL)",no
hdf5read,function,imagesci,no,3,data = hdf5read(hinfo),no
hdf5read,function,imagesci,no,4,"[...] = hdf5read(..., 'V71Dimensions', BOOL)",no
hdf5write,function,imagesci,no,0,"hdf5write(filename,location,dataset)",no
hdf5write,function,imagesci,no,1,"hdf5write(filename,details,dataset)",no
hdf5write,function,imagesci,no,2,"hdf5write(filename,details,attribute)",no
hdf5write,function,imagesci,no,3,"hdf5write(filename, details1, dataset1, details2, dataset2,...)",no
hdf5write,function,imagesci,no,4,"hdf5write(filename,...,'WriteMode',mode,...)",no
hdf5write,function,imagesci,no,5,"hdf5write(..., 'V71Dimensions', BOOL)",no
hdfan,function,imagesci,no,0,"[out1,...,outN] = hdfan(funcstr,input1,...,inputN)",no
hdfdf24,function,imagesci,no,0,"[out1,...,outN] = hdfdf24(funcstr,input1,...,inputN)",no
hdfdfr8,function,imagesci,no,0,"[out1,...,outN] = hdfdfr8(funcstr,input1,...,inputN)",no
hdfh,function,imagesci,no,0,"[out1,...,outN] = hdfh(funcstr,input1,...,inputN)",no
hdfhd,function,imagesci,no,0,"[out1,...,outN] = hdfhd(funcstr,input1,...,inputN)",no
hdfhe,function,imagesci,no,0,"[out1,...,outN] = hdfhe(funcstr,input1,...,inputN)",no
hdfhx,function,imagesci,no,0,"[out1,...,outN] = hdfhx(funcstr,input1,...,inputN)",no
hdfinfo,function,imagesci,no,0,S = hdfinfo(filename),no
hdfinfo,function,imagesci,no,1,"S = hdfinfo(filename,mode)",no
hdfml,function,imagesci,no,0,hdfml('closeall'),no
hdfml,function,imagesci,no,1,hdfml('listinfo'),no
hdfml,function,imagesci,no,2,"tag = hdfml('tagnum',tagname)",no
hdfml,function,imagesci,no,3,"nbytes = hdfml('sizeof',data_type)",no
hdfml,function,imagesci,no,4,"hdfml('defaultchartype',char_type)",no
hdfpt,function,imagesci,no,0,"[out1,...,outN] = hdfpt(funcstr,input1,...,inputN)",no
hdfread,function,imagesci,no,0,"data = hdfread(filename, datasetname)",no
hdfread,function,imagesci,no,1,data = hdfread(hinfo),no
hdfread,function,imagesci,no,2,"data = hdfread(...,param,value,...)",no
hdfread,function,imagesci,no,3,"data = hdfread(filename,EOSname,param,value,...)",no
hdfread,function,imagesci,no,4,"[data,map] = hdfread(...)",no
hdftool,function,,no,0,hdftool,no
hdftool,function,,no,1,hdftool(filename),no
hdftool,function,,no,2,h = hdftool(___),no
hdfv,function,imagesci,no,0,"[out1,...,outN] = hdfv(funcstr,input1,...,inputN)",no
hdfvf,function,imagesci,no,0,"[out1,...,outN] = hdfvf(funcstr,input1,...,inputN)",no
hdfvh,function,imagesci,no,0,"[out1,...,outN] = hdfvh(funcstr,input1,...,inputN)",no
hdfvs,function,imagesci,no,0,"[out1,...,outN] = hdfvs(funcstr,input1,...,inputN)",no
heatmap,function,specgraph,yes,0,"heatmap(tbl,xvar,yvar)",no
heatmap,function,specgraph,yes,1,"heatmap(tbl,xvar,yvar,'ColorVariable',cvar)",no
heatmap,function,specgraph,yes,2,heatmap(cdata),no
heatmap,function,specgraph,yes,3,"heatmap(xvalues,yvalues,cdata)",no
heatmap,function,specgraph,yes,4,"heatmap(___,Name,Value)",yes
heatmap,function,specgraph,yes,5,"heatmap(parent,___)",no
heatmap,function,specgraph,yes,6,h = heatmap(___),no
height,function,elmat,no,0,H = height(T),no
help,function,helptools,no,0,help name,no
help,function,helptools,no,1,help,no
helpbrowser,function,helptools,no,0,helpbrowser,no
helpdesk,function,helptools,no,0,helpdesk,no
helpdlg,function,uitools,no,0,helpdlg,no
helpdlg,function,uitools,no,1,helpdlg(msg),no
helpdlg,function,uitools,no,2,"helpdlg(msg,title)",no
helpdlg,function,uitools,no,3,f = helpdlg(___),no
helpwin,function,helptools,no,0,helpwin,no
helpwin,function,helptools,no,1,helpwin topic,no
hess,builtin,matfun,no,0,H = hess(A),no
hess,builtin,matfun,no,1,"[P,H] = hess(A)",no
hess,builtin,matfun,no,2,"[AA,BB,Q,Z] = hess(A,B)",no
hex2dec,builtin,strfun,no,0,D = hex2dec(hexStr),no
hex2num,function,strfun,no,0,X = hex2num(hexStr),no
hgexport,function,printing,yes,0,"hgexport(fig,filename)",no
hgexport,function,printing,yes,1,"hgexport(fig,'-clipboard')",no
hggroup,builtin,primitive,yes,0,h = hggroup,no
hggroup,builtin,primitive,yes,1,"h = hggroup(...,'PropertyName',propertyvalue,...)",no
hggroup,builtin,primitive,yes,2,"h = hggroup(ax,...)",no
hgload,function,objectsystem,yes,0,h = hgload(filename),no
hgload,function,objectsystem,yes,1,"[h,old_prop_values] = hgload(...,property_structure)",no
hgsave,function,objectsystem,yes,0,hgsave(filename),no
hgsave,function,objectsystem,yes,1,"hgsave(h,filename)",no
hgsave,function,objectsystem,yes,2,"hgsave(...,'-v6')",no
hgsave,function,objectsystem,yes,3,"hgsave(...,'-v7.3')",no
hgsetget,builtin,,no,0,classdef myclass < hgsetget,no
hgtransform,builtin,primitive,yes,0,h = hgtransform,no
hgtransform,builtin,primitive,yes,1,"h = hgtransform('PropertyName',propertyvalue,...)",no
hgtransform,builtin,primitive,yes,2,"h = hgtransform(ax,...)",no
hidden,function,graph3d,yes,0,hidden on,no
hidden,function,graph3d,yes,1,hidden off,no
hidden,function,graph3d,yes,2,hidden,no
hidden,function,graph3d,yes,3,"hidden(ax,...)",no
hilb,function,elmat,no,0,H = hilb(n),no
hilb,function,elmat,no,1,"H = hilb(n,classname)",no
hist,function,datafun,no,0,hist(x),no
hist,function,datafun,no,1,"hist(x,nbins)",no
hist,function,datafun,no,2,"hist(x,xbins)",no
hist,function,datafun,no,3,"hist(ax,___)",no
hist,function,datafun,no,4,counts = hist(___),no
hist,function,datafun,no,5,"[counts,centers] = hist(___)",no
histc,builtin,datafun,no,0,"bincounts = histc(x,binranges)",no
histc,builtin,datafun,no,1,"bincounts = histc(x,binranges,dim)",no
histc,builtin,datafun,no,2,"[bincounts,ind]= histc(___)",no
histcounts,function,datafun,no,0,"[N,edges] = histcounts(X)",no
histcounts,function,datafun,no,1,"[N,edges] = histcounts(X,nbins)",no
histcounts,function,datafun,no,2,"[N,edges] = histcounts(X,edges)",no
histcounts,function,datafun,no,3,"[N,edges,bin] = histcounts(___)",no
histcounts,function,datafun,no,4,N = histcounts(C),no
histcounts,function,datafun,no,5,"N = histcounts(C,Categories)",no
histcounts,function,datafun,no,6,"[N,Categories] = histcounts(___)",no
histcounts,function,datafun,no,7,"[___] = histcounts(___,Name,Value)",yes
histcounts2,function,datafun,no,0,"[N,Xedges,Yedges] = histcounts2(X,Y)",no
histcounts2,function,datafun,no,1,"[N,Xedges,Yedges] = histcounts2(X,Y,nbins)",no
histcounts2,function,datafun,no,2,"[N,Xedges,Yedges] = histcounts2(X,Y,Xedges,Yedges)",no
histcounts2,function,datafun,no,3,"[N,Xedges,Yedges] = histcounts2(___,Name,Value)",yes
histcounts2,function,datafun,no,4,"[N,Xedges,Yedges,binX,binY] = histcounts2(___)",no
hold,function,axis,yes,0,hold on,no
hold,function,axis,yes,1,hold off,no
hold,function,axis,yes,2,hold all,no
hold,function,axis,yes,3,hold,no
hold,function,axis,yes,4,"hold(ax,___)",no
home,builtin,iofun,no,0,home,no
horzcat,builtin,ops,no,0,"C = horzcat(A,B)",no
horzcat,builtin,ops,no,1,"C = horzcat(A1,A2,…,An)",no
hot,function,color,yes,0,c = hot,no
hot,function,color,yes,1,c = hot(m),no
hsv,function,color,yes,0,c = hsv,no
hsv,function,color,yes,1,c = hsv(m),no
hsv2rgb,function,images,no,0,RGB = hsv2rgb(HSV),no
hsv2rgb,function,images,no,1,rgbmap = hsv2rgb(hsvmap),no
hypot,builtin,elfun,no,0,"C = hypot(A,B)",no
i,builtin,elmat,no,0,1i,no
i,builtin,elmat,no,1,z = a + bi,no
i,builtin,elmat,no,2,z = x + 1i*y,no
ichol,builtin,sparfun,no,0,L = ichol(A),no
ichol,builtin,sparfun,no,1,"L = ichol(A,options)",no
idivide,function,ops,no,0,"C = idivide(A,B)",no
idivide,function,ops,no,1,"C = idivide(A,B,opt)",no
if,keyword,lang,no,0,"if expression, statements, end",no
ifft,builtin,datafun,no,0,X = ifft(Y),no
ifft,builtin,datafun,no,1,"X = ifft(Y,n)",no
ifft,builtin,datafun,no,2,"X = ifft(Y,n,dim)",no
ifft,builtin,datafun,no,3,"X = ifft(___,symflag)",no
ifft2,function,datafun,no,0,X = ifft2(Y),no
ifft2,function,datafun,no,1,"X = ifft2(Y,m,n)",no
ifft2,function,datafun,no,2,"X = ifft2(___,symflag)",no
ifftn,builtin,datafun,no,0,X = ifftn(Y),no
ifftn,builtin,datafun,no,1,"X = ifftn(Y,sz)",no
ifftn,builtin,datafun,no,2,"X = ifftn(___,symflag)",no
ifftshift,function,datafun,no,0,X = ifftshift(Y),no
ifftshift,function,datafun,no,1,"X = ifftshift(Y,dim)",no
ilu,builtin,sparfun,no,0,"ilu(A,options)",no
ilu,builtin,sparfun,no,1,"[L,U] = ilu(A,options)",no
ilu,builtin,sparfun,no,2,"[L,U,P] = ilu(A,options)",no
im2double,function,images,no,0,I2 = im2double(I),no
im2double,function,images,no,1,"I2 = im2double(I,'indexed')",no
im2frame,builtin,specgraph,yes,0,F = im2frame(RGB),no
im2frame,builtin,specgraph,yes,1,"F = im2frame(X,map)",no
im2frame,builtin,specgraph,yes,2,F = im2frame(X),no
im2gray,function,images,no,0,I = im2gray(RGB),no
im2java,function,specgraph,yes,0,jimage = im2java(RGB),no
im2java,function,specgraph,yes,1,jimage = im2java(I),no
im2java,function,specgraph,yes,2,"jimage = im2java(X,map)",no
imag,builtin,elfun,no,0,Y = imag(Z),no
image,builtin,specgraph,yes,0,image(C),no
image,builtin,specgraph,yes,1,"image(x,y,C)",no
image,builtin,specgraph,yes,2,"image('CData',C)",no
image,builtin,specgraph,yes,3,"image('XData',x,'YData',y,'CData',C)",no
image,builtin,specgraph,yes,4,"image(___,Name,Value)",yes
image,builtin,specgraph,yes,5,"image(ax,___)",no
image,builtin,specgraph,yes,6,im = image(___),no
imagesc,function,specgraph,yes,0,imagesc(C),no
imagesc,function,specgraph,yes,1,"imagesc(x,y,C)",no
imagesc,function,specgraph,yes,2,"imagesc('CData',C)",no
imagesc,function,specgraph,yes,3,"imagesc('XData',x,'YData',y,'CData',C)",no
imagesc,function,specgraph,yes,4,"imagesc(___,Name,Value)",yes
imagesc,function,specgraph,yes,5,"imagesc(___,clims)",no
imagesc,function,specgraph,yes,6,"imagesc(ax,___)",no
imagesc,function,specgraph,yes,7,im = imagesc(___),no
imapprox,function,graph3d,yes,0,"[Y,newmap] = imapprox(X,map,Q)",no
imapprox,function,graph3d,yes,1,"[Y,newmap] = imapprox(X,map,tol)",no
imapprox,function,graph3d,yes,2,"Y = imapprox(X,map,inmap)",no
imapprox,function,graph3d,yes,3,"___ = imapprox(___,dithering)",no
imfinfo,function,imagesci,no,0,info = imfinfo(filename),no
imfinfo,function,imagesci,no,1,"info = imfinfo(filename,fmt)",no
imformats,function,imagesci,no,0,imformats,no
imformats,function,imagesci,no,1,formatStruct = imformats(fmt),no
imformats,function,imagesci,no,2,registry = imformats,no
imformats,function,imagesci,no,3,registry = imformats(formatStruct),no
imformats,function,imagesci,no,4,"registry = imformats('add',formatStruct)",no
imformats,function,imagesci,no,5,"registry = imformats('remove',fmt)",no
imformats,function,imagesci,no,6,"registry = imformats('update',fmt,formatStruct)",no
imformats,function,imagesci,no,7,registry = imformats('factory'),no
import,builtin,general,no,0,import PackageName.ClassName,no
import,builtin,general,no,1,import PackageName.FunctionName,no
import,builtin,general,no,2,import PackageName.ClassName.staticMethodName,no
import,builtin,general,no,3,import PackageName.*,no
import,builtin,general,no,4,import,no
import,builtin,general,no,5,L = import,no
importdata,function,iofun,no,0,A = importdata(filename),no
importdata,function,iofun,no,1,A = importdata('-pastespecial'),no
importdata,function,iofun,no,2,"A = importdata(___,delimiterIn)",no
importdata,function,iofun,no,3,"A = importdata(___,delimiterIn,headerlinesIn)",no
importdata,function,iofun,no,4,"[A,delimiterOut,headerlinesOut] = importdata(___)",no
imread,function,imagesci,no,0,A = imread(filename),no
imread,function,imagesci,no,1,"A = imread(filename,fmt)",no
imread,function,imagesci,no,2,"A = imread(___,idx)",no
imread,function,imagesci,no,3,"A = imread(___,Name,Value)",yes
imread,function,imagesci,no,4,"[A,map] = imread(___)",no
imread,function,imagesci,no,5,"[A,map,transparency] = imread(___)",no
imresize,function,images,no,0,"B = imresize(A,scale)",no
imresize,function,images,no,1,"B = imresize(A,[numrows numcols])",no
imresize,function,images,no,2,"[Y,newmap] = imresize(X,map,___)",no
imresize,function,images,no,3,"___ = imresize(___,method)",no
imresize,function,images,no,4,"___ = imresize(___,Name,Value)",yes
imshow,function,images,no,0,imshow(I),no
imshow,function,images,no,1,"imshow(I,[low high])",no
imshow,function,images,no,2,"imshow(I,[])",no
imshow,function,images,no,3,imshow(RGB),no
imshow,function,images,no,4,imshow(BW),no
imshow,function,images,no,5,"imshow(X,map)",no
imshow,function,images,no,6,imshow(filename),no
imshow,function,images,no,7,"imshow(___,Name,Value)",yes
imshow,function,images,no,8,himage = imshow(___),no
imtile,function,images,no,0,out = imtile(filenames),no
imtile,function,images,no,1,out = imtile(I),no
imtile,function,images,no,2,out = imtile(images),no
imtile,function,images,no,3,out = imtile(imds),no
imtile,function,images,no,4,"out = imtile(___,map)",no
imtile,function,images,no,5,"out = imtile(___,Name,Value)",yes
imwrite,function,imagesci,no,0,"imwrite(A,filename)",no
imwrite,function,imagesci,no,1,"imwrite(A,map,filename)",no
imwrite,function,imagesci,no,2,"imwrite(___,fmt)",no
imwrite,function,imagesci,no,3,"imwrite(___,Name,Value)",yes
ind2rgb,function,images,no,0,"RGB = ind2rgb(X,map)",no
ind2sub,function,elmat,no,0,"[row,col] = ind2sub(sz,ind)",no
ind2sub,function,elmat,no,1,"[I1,I2,...,In] = ind2sub(sz,ind)",no
info,function,helptools,no,0,info,no
inline,function,@inline,no,0,f = inline(expr),no
inline,function,@inline,no,1,"f = inline(expr,arg1,arg2,…,argN)",no
inline,function,@inline,no,2,"f = inline(expr,N)",no
inmem,builtin,general,no,0,"[F,M,C] = inmem",no
inmem,builtin,general,no,1,"[F,M,C] = inmem(""-completenames"")",no
innerjoin,function,,no,0,"T = innerjoin(Tleft,Tright)",no
innerjoin,function,,no,1,"T = innerjoin(Tleft,Tright,Name,Value)",yes
innerjoin,function,,no,2,"[T,ileft,iright] = innerjoin(___)",no
inpolygon,function,polyfun,no,0,"in = inpolygon(xq,yq,xv,yv)",no
inpolygon,function,polyfun,no,1,"[in,on] = inpolygon(xq,yq,xv,yv)",no
input,builtin,lang,no,0,x = input(prompt),no
input,builtin,lang,no,1,"str = input(prompt,'s')",no
inputdlg,function,uitools,no,0,answer = inputdlg(prompt),no
inputdlg,function,uitools,no,1,"answer = inputdlg(prompt,dlgtitle)",no
inputdlg,function,uitools,no,2,"answer = inputdlg(prompt,dlgtitle,dims)",no
inputdlg,function,uitools,no,3,"answer = inputdlg(prompt,dlgtitle,dims,definput)",no
inputdlg,function,uitools,no,4,"answer = inputdlg(prompt,dlgtitle,dims,definput,opts)",no
inputname,builtin,lang,no,0,s = inputname(argNumber),no
insertAfter,function,strfun,no,0,"newStr = insertAfter(str,pat,newText)",no
insertAfter,function,strfun,no,1,"newStr = insertAfter(str,pos,newText)",no
insertBefore,function,strfun,no,0,"newStr = insertBefore(str,pat,newText)",no
insertBefore,function,strfun,no,1,"newStr = insertBefore(str,pos,newText)",no
inspect,function,uitools,no,0,inspect,no
inspect,function,uitools,no,1,inspect(obj),no
inspect,function,uitools,no,2,inspect -close,no
instrcallback,function,,no,0,"instrcallback(obj,event)",no
instrfind,function,serial,no,0,out = instrfind,no
instrfind,function,serial,no,1,"out = instrfind('PropertyName',PropertyValue,...)",no
instrfind,function,serial,no,2,out = instrfind(S),no
instrfind,function,serial,no,3,"out = instrfind(obj,'PropertyName',PropertyValue,...)",no
instrfindall,function,serial,no,0,out = instrfindall,no
instrfindall,function,serial,no,1,"out = instrfindall('P1',V1,...)",no
instrfindall,function,serial,no,2,out = instrfindall(s),no
instrfindall,function,serial,no,3,"out = instrfindall(objs,'P1',V1,...)",no
int2str,function,strfun,no,0,chr = int2str(N),no
integral,function,funfun,no,0,"q = integral(fun,xmin,xmax)",no
integral,function,funfun,no,1,"q = integral(fun,xmin,xmax,Name,Value)",yes
integral2,function,funfun,no,0,"q = integral2(fun,xmin,xmax,ymin,ymax)",no
integral2,function,funfun,no,1,"q = integral2(fun,xmin,xmax,ymin,ymax,Name,Value)",yes
integral3,function,funfun,no,0,"q = integral3(fun,xmin,xmax,ymin,ymax,zmin,zmax)",no
integral3,function,funfun,no,1,"q = integral3(fun,xmin,xmax,ymin,ymax,zmin,zmax,Name,Value)",yes
interp1,function,polyfun,no,0,"vq = interp1(x,v,xq)",no
interp1,function,polyfun,no,1,"vq = interp1(x,v,xq,method)",no
interp1,function,polyfun,no,2,"vq = interp1(x,v,xq,method,extrapolation)",no
interp1,function,polyfun,no,3,"vq = interp1(v,xq)",no
interp1,function,polyfun,no,4,"vq = interp1(v,xq,method)",no
interp1,function,polyfun,no,5,"vq = interp1(v,xq,method,extrapolation)",no
interp1,function,polyfun,no,6,"pp = interp1(x,v,method,'pp')",no
interp1q,function,polyfun,no,0,"yi = interp1q(x,Y,xi)",no
interp2,function,polyfun,no,0,"Vq = interp2(X,Y,V,Xq,Yq)",no
interp2,function,polyfun,no,1,"Vq = interp2(V,Xq,Yq)",no
interp2,function,polyfun,no,2,Vq = interp2(V),no
interp2,function,polyfun,no,3,"Vq = interp2(V,k)",no
interp2,function,polyfun,no,4,"Vq = interp2(___,method)",no
interp2,function,polyfun,no,5,"Vq = interp2(___,method,extrapval)",no
interp3,function,polyfun,no,0,"Vq = interp3(X,Y,Z,V,Xq,Yq,Zq)",no
interp3,function,polyfun,no,1,"Vq = interp3(V,Xq,Yq,Zq)",no
interp3,function,polyfun,no,2,Vq = interp3(V),no
interp3,function,polyfun,no,3,"Vq = interp3(V,k)",no
interp3,function,polyfun,no,4,"Vq = interp3(___,method)",no
interp3,function,polyfun,no,5,"Vq = interp3(___,method,extrapval)",no
interpft,function,polyfun,no,0,"y = interpft(X,n)",no
interpft,function,polyfun,no,1,"y = interpft(X,n,dim)",no
interpn,function,polyfun,no,0,"Vq = interpn(X1,X2,...,Xn,V,Xq1,Xq2,...,Xqn)",no
interpn,function,polyfun,no,1,"Vq = interpn(V,Xq1,Xq2,...,Xqn)",no
interpn,function,polyfun,no,2,Vq = interpn(V),no
interpn,function,polyfun,no,3,"Vq = interpn(V,k)",no
interpn,function,polyfun,no,4,"Vq = interpn(___,method)",no
interpn,function,polyfun,no,5,"Vq = interpn(___,method,extrapval)",no
interpstreamspeed,function,specgraph,yes,0,"interpstreamspeed(X,Y,Z,U,V,W,vertices)",no
interpstreamspeed,function,specgraph,yes,1,"interpstreamspeed(U,V,W,vertices)",no
interpstreamspeed,function,specgraph,yes,2,"interpstreamspeed(X,Y,Z,speed,vertices)",no
interpstreamspeed,function,specgraph,yes,3,"interpstreamspeed(speed,vertices)",no
interpstreamspeed,function,specgraph,yes,4,"interpstreamspeed(X,Y,U,V,vertices)",no
interpstreamspeed,function,specgraph,yes,5,"interpstreamspeed(U,V,vertices)",no
interpstreamspeed,function,specgraph,yes,6,"interpstreamspeed(X,Y,speed,vertices)",no
interpstreamspeed,function,specgraph,yes,7,"interpstreamspeed(...,sf)",no
interpstreamspeed,function,specgraph,yes,8,vertsout = interpstreamspeed(...),no
intmax,builtin,elmat,no,0,v = intmax,no
intmax,builtin,elmat,no,1,v = intmax(type),no
intmin,builtin,elmat,no,0,v = intmin,no
intmin,builtin,elmat,no,1,v = intmin('classname'),no
inv,builtin,matfun,no,0,Y = inv(X),no
invhilb,function,elmat,no,0,H = invhilb(n),no
invhilb,function,elmat,no,1,"H = invhilb(n,classname)",no
ipermute,function,elmat,no,0,"A = ipermute(B,dimorder)",no
is*,function,,no,0,,no
isDone,function,,no,0,tf = isDone(obj),no
isLocked,function,,no,0,tf = isLocked(obj),no
isMATLABReleaseOlderThan,function,general,no,0,tf = isMATLABReleaseOlderThan(release),no
isMATLABReleaseOlderThan,function,general,no,1,"tf = isMATLABReleaseOlderThan(release,stage)",no
isMATLABReleaseOlderThan,function,general,no,2,"tf = isMATLABReleaseOlderThan(release,stage,update)",no
isStringScalar,function,strfun,no,0,tf = isStringScalar(A),no
isUnderlyingType,function,datatypes,no,0,"tf = isUnderlyingType(X,typename)",no
isa,builtin,datatypes,no,0,"tf = isa(A,dataType)",no
isa,builtin,datatypes,no,1,"tf = isa(A,typeCategory)",no
isappdata,function,objectsystem,yes,0,"tf = isappdata(obj,name)",no
isbanded,builtin,matfun,no,0,"tf = isbanded(A,lower,upper)",no
iscalendarduration,function,calendarDuration,no,0,tf = iscalendarduration(t),no
iscategorical,function,categorical,no,0,tf = iscategorical(A),no
iscell,builtin,datatypes,no,0,tf = iscell(A),no
iscellstr,builtin,strfun,no,0,tf = iscellstr(A),no
ischange,function,datafun,no,0,TF = ischange(A),no
ischange,function,datafun,no,1,"TF = ischange(A,method)",no
ischange,function,datafun,no,2,"TF = ischange(___,dim)",no
ischange,function,datafun,no,3,"TF = ischange(___,Name,Value)",yes
ischange,function,datafun,no,4,"[TF,S1] = ischange(___)",no
ischange,function,datafun,no,5,"[TF,S1,S2] = ischange(___)",no
ischar,builtin,strfun,no,0,tf = ischar(A),no
iscolumn,builtin,elmat,no,0,iscolumn(V),no
iscom,function,datatypes,no,0,tf = iscom(c),no
isdatetime,function,datetime,no,0,tf = isdatetime(t),no
isdiag,builtin,matfun,no,0,tf = isdiag(A),no
isdir,function,general,no,0,result = isdir(folderName),no
isduration,function,duration,no,0,tf = isduration(t),no
isempty,builtin,elmat,no,0,TF = isempty(A),no
isenum,function,datatypes,no,0,tf = isenum(e),no
isequal,builtin,elmat,no,0,"tf = isequal(A,B)",no
isequal,builtin,elmat,no,1,"tf = isequal(A1,A2,...,An)",no
isequaln,builtin,elmat,no,0,"tf = isequaln(A,B)",no
isequaln,builtin,elmat,no,1,"tf = isequaln(A1,A2,...,An)",no
isequalwithequalnans,builtin,elmat,no,0,"tf = isequalwithequalnans(A, B, ...)",no
isevent,function,winfun,no,0,"tf = isevent(c,eventname)",no
isfield,builtin,datatypes,no,0,"TF = isfield(S,field)",no
isfile,builtin,general,no,0,result = isfile(fileName),no
isfinite,builtin,elmat,no,0,TF = isfinite(A),no
isfloat,builtin,datatypes,no,0,tf = isfloat(A),no
isfolder,builtin,general,no,0,result = isfolder(folderName),no
isgraphics,builtin,objectsystem,yes,0,tf = isgraphics(H),no
isgraphics,builtin,objectsystem,yes,1,"tf = isgraphics(H,type)",no
ishandle,builtin,objectsystem,yes,0,ishandle(H),no
ishermitian,builtin,matfun,no,0,tf = ishermitian(A),no
ishermitian,builtin,matfun,no,1,"tf = ishermitian(A,skewOption)",no
ishghandle,builtin,objectsystem,yes,0,ishghandle(h),no
ishold,function,axis,yes,0,tf = ishold,no
ishold,function,axis,yes,1,tf = ishold(ax),no
isinf,builtin,elmat,no,0,TF = isinf(A),no
isinteger,builtin,datatypes,no,0,TF = isinteger(A),no
isinterface,function,datatypes,no,0,tf = isinterface(c),no
isjava,builtin,datatypes,no,0,tf = isjava(A),no
iskeyword,function,lang,no,0,tf = iskeyword(txt),no
iskeyword,function,lang,no,1,iskeyword,no
isletter,builtin,strfun,no,0,TF = isletter(A),no
islocalmax,function,datafun,no,0,TF = islocalmax(A),no
islocalmax,function,datafun,no,1,"TF = islocalmax(A,dim)",no
islocalmax,function,datafun,no,2,"TF = islocalmax(___,Name,Value)",yes
islocalmax,function,datafun,no,3,"[TF,P] = islocalmax(___)",no
islocalmin,function,datafun,no,0,TF = islocalmin(A),no
islocalmin,function,datafun,no,1,"TF = islocalmin(A,dim)",no
islocalmin,function,datafun,no,2,"TF = islocalmin(___,Name,Value)",yes
islocalmin,function,datafun,no,3,"[TF,P] = islocalmin(___)",no
islogical,builtin,datatypes,no,0,tf = islogical(A),no
ismac,builtin,general,no,0,tf = ismac,no
ismatrix,builtin,elmat,no,0,TF = ismatrix(A),no
ismembertol,builtin,ops,no,0,"LIA = ismembertol(A,B,tol)",no
ismembertol,builtin,ops,no,1,"LIA = ismembertol(A,B)",no
ismembertol,builtin,ops,no,2,"[LIA,LocB] = ismembertol(___)",no
ismembertol,builtin,ops,no,3,"[___] = ismembertol(___,Name,Value)",yes
ismethod,function,datatypes,no,0,"tf = ismethod(obj,methodName)",no
ismissing,function,datafun,no,0,TF = ismissing(A),no
ismissing,function,datafun,no,1,"TF = ismissing(A,indicator)",no
isnan,builtin,elmat,no,0,TF = isnan(A),no
isnumeric,builtin,datatypes,no,0,TF = isnumeric(A),no
isobject,function,datatypes,no,0,tf = isobject(A),no
isocaps,function,specgraph,yes,0,"fvc = isocaps(X,Y,Z,V,isovalue)",no
isocaps,function,specgraph,yes,1,"fvc = isocaps(V,isovalue)",no
isocaps,function,specgraph,yes,2,"fvc = isocaps(...,'enclose')",no
isocaps,function,specgraph,yes,3,"fvc = isocaps(...,'whichplane')",no
isocaps,function,specgraph,yes,4,"[f,v,c] = isocaps(...)",no
isocaps,function,specgraph,yes,5,isocaps(...),no
isocolors,function,specgraph,yes,0,"nc = isocolors(X,Y,Z,C,vertices)",no
isocolors,function,specgraph,yes,1,"nc = isocolors(X,Y,Z,R,G,B,vertices)",no
isocolors,function,specgraph,yes,2,"nc = isocolors(C,vertices)",no
isocolors,function,specgraph,yes,3,"nc = isocolors(R,G,B,vertices)",no
isocolors,function,specgraph,yes,4,"nc = isocolors(...,PatchHandle)",no
isocolors,function,specgraph,yes,5,"isocolors(...,PatchHandle)",no
isonormals,function,specgraph,yes,0,"n = isonormals(X,Y,Z,V,vertices)",no
isonormals,function,specgraph,yes,1,"n = isonormals(V,vertices)",no
isonormals,function,specgraph,yes,2,"n = isonormals(V,p)",no
isonormals,function,specgraph,yes,3,"n = isonormals(X,Y,Z,V,p)",no
isonormals,function,specgraph,yes,4,"n = isonormals(...,'negate')",no
isonormals,function,specgraph,yes,5,"isonormals(V,p)",no
isonormals,function,specgraph,yes,6,"isonormals(X,Y,Z,V,p)",no
isosurface,function,specgraph,yes,0,"isosurface(X,Y,Z,V,isovalue)",no
isosurface,function,specgraph,yes,1,"s = isosurface(X,Y,Z,V,isovalue)",no
isosurface,function,specgraph,yes,2,"s = isosurface(X,Y,Z,V)",no
isosurface,function,specgraph,yes,3,"s = isosurface(V,isovalue)",no
isosurface,function,specgraph,yes,4,s = isosurface(V),no
isosurface,function,specgraph,yes,5,"s = isosurface(___,colors)",no
isosurface,function,specgraph,yes,6,"s = isosurface(___,'verbose')",no
isosurface,function,specgraph,yes,7,"s = isosurface(___,'noshare')",no
isosurface,function,specgraph,yes,8,"[faces,verts] = isosurface(___)",no
isosurface,function,specgraph,yes,9,"[faces,verts,colors] = isosurface(___)",no
isoutlier,function,datafun,no,0,TF = isoutlier(A),no
isoutlier,function,datafun,no,1,"TF = isoutlier(A,method)",no
isoutlier,function,datafun,no,2,"TF = isoutlier(A,'percentiles',threshold)",no
isoutlier,function,datafun,no,3,"TF = isoutlier(A,movmethod,window)",no
isoutlier,function,datafun,no,4,"TF = isoutlier(___,dim)",no
isoutlier,function,datafun,no,5,"TF = isoutlier(___,Name,Value)",yes
isoutlier,function,datafun,no,6,"[TF,L,U,C] = isoutlier(___)",no
ispc,builtin,general,no,0,tf = ispc,no
ispref,function,uitools,no,0,"ispref(group,pref)",no
ispref,function,uitools,no,1,ispref(group),no
isprime,function,specfun,no,0,TF = isprime(X),no
isprop,function,datatypes,no,0,"tf = isprop(obj,PropertyName)",no
isreal,builtin,elfun,no,0,tf = isreal(A),no
isrow,builtin,elmat,no,0,isrow(V),no
isscalar,builtin,elmat,no,0,TF = isscalar(A),no
issorted,builtin,datafun,no,0,TF = issorted(A),no
issorted,builtin,datafun,no,1,"TF = issorted(A,dim)",no
issorted,builtin,datafun,no,2,"TF = issorted(___,direction)",no
issorted,builtin,datafun,no,3,"TF = issorted(___,Name,Value)",yes
issorted,builtin,datafun,no,4,"TF = issorted(A,'rows')",no
issortedrows,builtin,datafun,no,0,TF = issortedrows(A),no
issortedrows,builtin,datafun,no,1,"TF = issortedrows(A,column)",no
issortedrows,builtin,datafun,no,2,"TF = issortedrows(___,direction)",no
issortedrows,builtin,datafun,no,3,"TF = issortedrows(___,Name,Value)",yes
issortedrows,builtin,datafun,no,4,TF = issortedrows(tblA),no
issortedrows,builtin,datafun,no,5,"TF = issortedrows(tblA,'RowNames')",no
issortedrows,builtin,datafun,no,6,"TF = issortedrows(tblA,rowDimName)",no
issortedrows,builtin,datafun,no,7,"TF = issortedrows(tblA,vars)",no
isspace,builtin,strfun,no,0,TF = isspace(A),no
issparse,builtin,sparfun,no,0,TF = issparse(S),no
isstr,builtin,strfun,no,0,,no
isstring,builtin,strfun,no,0,tf = isstring(A),no
isstrprop,builtin,strfun,no,0,"TF = isstrprop(str,category)",no
isstrprop,builtin,strfun,no,1,"TF = isstrprop(str,category,'ForceCellOutput',tf)",no
isstruct,builtin,datatypes,no,0,tf = isstruct(A),no
isstudent,builtin,general,no,0,tf = isstudent,no
issymmetric,builtin,matfun,no,0,tf = issymmetric(A),no
issymmetric,builtin,matfun,no,1,"tf = issymmetric(A,skewOption)",no
istable,function,tabular,no,0,tf = istable(A),no
istabular,function,tabular,no,0,tf = istabular(A),no
istimetable,function,tabular,no,0,tf = istimetable(A),no
istril,builtin,matfun,no,0,tf = istril(A),no
istriu,builtin,matfun,no,0,tf = istriu(A),no
isunix,builtin,general,no,0,tf = isunix,no
isvarname,function,lang,no,0,tf = isvarname(s),no
isvarname,function,lang,no,1,isvarname s,no
isvector,builtin,elmat,no,0,TF = isvector(A),no
j,builtin,elmat,no,0,1j,no
j,builtin,elmat,no,1,z = a + bj,no
j,builtin,elmat,no,2,z = x + 1j*y,no
javaArray,builtin,datatypes,no,0,"ObjArr = javaArray(PackageName.ClassName,x1,...,xN)",no
javaMethod,builtin,datatypes,no,0,"javaMethod(MethodName,JavaObj,x1,...,xN)",no
javaMethod,builtin,datatypes,no,1,"javaMethod(StaticMethodName,ClassName,x1,...,xN)",no
javaMethodEDT,builtin,datatypes,no,0,"javaMethodEDT(MethodName,JavaObj,x1,...,xN)",no
javaMethodEDT,builtin,datatypes,no,1,"javaMethodEDT(StaticMethodName,ClassName,x1,...,xN)",no
javaObject,builtin,datatypes,no,0,"JavaObj = javaObject(ClassName,x1,...,xN)",no
javaObjectEDT,builtin,datatypes,no,0,"JavaObj = javaObjectEDT(ClassName,x1,...,xN)",no
javaaddpath,function,general,no,0,javaaddpath(dpath),no
javaaddpath,function,general,no,1,"javaaddpath(dpath,'-end')",no
javachk,function,lang,no,0,MSG = javachk(feature),no
javachk,function,lang,no,1,"javachk(feature,component)",no
javaclasspath,function,general,no,0,javaclasspath,no
javaclasspath,function,general,no,1,javaclasspath('-dynamic'),no
javaclasspath,function,general,no,2,javaclasspath('-static'),no
javaclasspath,function,general,no,3,dpath = javaclasspath,no
javaclasspath,function,general,no,4,spath = javaclasspath('-static'),no
javaclasspath,function,general,no,5,jpath = javaclasspath('-all'),no
javaclasspath,function,general,no,6,javaclasspath(dpath),no
javaclasspath,function,general,no,7,"javaclasspath(dpath1,dpath2)",no
javaclasspath,function,general,no,8,javaclasspath(statusmsg),no
javarmpath,function,general,no,0,"javarmpath(dpath1,...,dpathN)",no
jenv,builtin,jmi,no,0,jenv version,no
jenv,builtin,jmi,no,1,jenv jrePath,no
jenv,builtin,jmi,no,2,jenv -allusers ___,no
jet,function,color,yes,0,c = jet,no
jet,function,color,yes,1,c = jet(m),no
join,function,strfun,no,0,newStr = join(str),no
join,function,strfun,no,1,"newStr = join(str,delimiter)",no
join,function,strfun,no,2,"newStr = join(str,dim)",no
join,function,strfun,no,3,"newStr = join(str,delimiter,dim)",no
jsondecode,builtin,json,no,0,value = jsondecode(txt),no
jsonencode,builtin,json,no,0,txt = jsonencode(data),no
jsonencode,builtin,json,no,1,"txt = jsonencode(data,Name,Value)",yes
keyboard,builtin,lang,no,0,keyboard,no
kron,function,ops,no,0,"K = kron(A,B)",no
lasterr,builtin,lang,no,0,msgstr = lasterr,no
lasterr,builtin,lang,no,1,"[msgstr,errID] = lasterr",no
lasterr,builtin,lang,no,2,lasterr('new_msgstr'),no
lasterr,builtin,lang,no,3,"lasterr('new_msgstr','new_errID')",no
lasterr,builtin,lang,no,4,"[msgstr,errID] = lasterr('new_msgstr','new_errID')",no
lasterror,builtin,lang,no,0,s = lasterror,no
lasterror,builtin,lang,no,1,s = lasterror(err),no
lasterror,builtin,lang,no,2,s = lasterror('reset'),no
lastwarn,builtin,lang,no,0,msg = lastwarn,no
lastwarn,builtin,lang,no,1,"[msg,warnID] = lastwarn",no
lastwarn,builtin,lang,no,2,"[___] = lastwarn(newMsg,newID)",no
lcm,function,specfun,no,0,"L = lcm(A,B)",no
ldivide,builtin,ops,no,0,x = B.\A,no
ldivide,builtin,ops,no,1,"x = ldivide(B,A)",no
ldl,builtin,matfun,no,0,L = ldl(A),no
ldl,builtin,matfun,no,1,"[L,D] = ldl(A)",no
ldl,builtin,matfun,no,2,"[L,D,P] = ldl(A)",no
ldl,builtin,matfun,no,3,"[L,D,p] = ldl(A,'vector')",no
ldl,builtin,matfun,no,4,"[U,D,P] = ldl(A,'upper')",no
ldl,builtin,matfun,no,5,"[U,D,p] = ldl(A,'upper','vector')",no
ldl,builtin,matfun,no,6,"[L,D,P,S] = ldl(A)",no
ldl,builtin,matfun,no,7,"[L,D,P,S] = LDL(A,THRESH)",no
ldl,builtin,matfun,no,8,"[U,D,p,S] = LDL(A,THRESH,'upper','vector')",no
le,builtin,ops,no,0,A <= B,no
le,builtin,ops,no,1,"le(A,B)",no
leapseconds,function,datetime,no,0,T = leapseconds,no
leapseconds,function,datetime,no,1,"[T,vers] = leapseconds",no
legend,function,scribe,yes,0,legend,no
legend,function,scribe,yes,1,"legend(label1,...,labelN)",no
legend,function,scribe,yes,2,legend(labels),no
legend,function,scribe,yes,3,"legend(subset,___)",no
legend,function,scribe,yes,4,"legend(target,___)",no
legend,function,scribe,yes,5,"legend(___,'Location',lcn)",no
legend,function,scribe,yes,6,"legend(___,'Orientation',ornt)",no
legend,function,scribe,yes,7,"legend(___,Name,Value)",yes
legend,function,scribe,yes,8,legend(bkgd),no
legend,function,scribe,yes,9,lgd = legend(___),no
legend,function,scribe,yes,10,legend(vsbl),no
legend,function,scribe,yes,11,legend('off'),no
legendre,function,specfun,no,0,"P = legendre(n,X)",no
legendre,function,specfun,no,1,"P = legendre(n,X,normalization)",no
length,builtin,elmat,no,0,L = length(X),no
letterBoundary,builtin,pattern,no,0,pat = letterBoundary,no
letterBoundary,builtin,pattern,no,1,pat = letterBoundary(type),no
lettersPattern,builtin,pattern,no,0,pat = lettersPattern,no
lettersPattern,builtin,pattern,no,1,pat = lettersPattern(N),no
lettersPattern,builtin,pattern,no,2,"pat = lettersPattern(minCharacters,maxCharacters)",no
libfunctions,function,general,no,0,libfunctions libname,no
libfunctions,function,general,no,1,m = libfunctions(libname),no
libfunctions,function,general,no,2,"m = libfunctions(libname,'-full')",no
libfunctionsview,function,general,no,0,libfunctionsview libname,no
libisloaded,builtin,general,no,0,tf = libisloaded(libname),no
libpointer,function,general,no,0,p = libpointer,no
libpointer,function,general,no,1,p = libpointer(DataType),no
libpointer,function,general,no,2,"p = libpointer(DataType,Value)",no
libstruct,function,general,no,0,S = libstruct(structtype),no
libstruct,function,general,no,1,"S = libstruct(structtype,mlstruct)",no
license,builtin,local,no,0,license,no
license,builtin,local,no,1,license('inuse'),no
license,builtin,local,no,2,S = license('inuse'),no
license,builtin,local,no,3,"S = license('inuse',feature)",no
license,builtin,local,no,4,"status = license('test',feature)",no
license,builtin,local,no,5,"license('test',feature,toggle)",no
license,builtin,local,no,6,"[status,errmsg] = license('checkout',feature)",no
light,builtin,primitive,yes,0,"light('PropertyName',propertyvalue,...)",no
light,builtin,primitive,yes,1,"light(ax,...)",no
light,builtin,primitive,yes,2,handle = light(...),no
lightangle,function,graph3d,yes,0,"lightangle(az,el)",no
lightangle,function,graph3d,yes,1,"lightangle(ax,az,el)",no
lightangle,function,graph3d,yes,2,lgt = lightangle(...),no
lightangle,function,graph3d,yes,3,"lightangle(lgt,az,el)",no
lightangle,function,graph3d,yes,4,"[az,el] = lightangle(lgt)",no
lighting,function,graph3d,yes,0,lighting flat,no
lighting,function,graph3d,yes,1,lighting gouraud,no
lighting,function,graph3d,yes,2,lighting none,no
lighting,function,graph3d,yes,3,"lighting(ax,...)",no
lin2mu,function,audiovideo,no,0,mu = lin2mu(y),no
line,builtin,primitive,yes,0,"line(x,y)",no
line,builtin,primitive,yes,1,"line(x,y,z)",no
line,builtin,primitive,yes,2,line,no
line,builtin,primitive,yes,3,"line(___,Name,Value)",yes
line,builtin,primitive,yes,4,"line(ax,___)",no
line,builtin,primitive,yes,5,pl = line(___),no
lineBoundary,builtin,pattern,no,0,pat = lineBoundary,no
lineBoundary,builtin,pattern,no,1,pat = lineBoundary(type),no
lines,function,color,yes,0,c = lines,no
lines,function,color,yes,1,c = lines(m),no
linkaxes,function,graphics,yes,0,linkaxes(ax),no
linkaxes,function,graphics,yes,1,"linkaxes(ax,dimension)",no
linkprop,function,graphics,yes,0,"hlink = linkprop(obj_handles,'PropertyName')",no
linkprop,function,graphics,yes,1,"hlink = linkprop(obj_handles,{'PropertyName1','PropertyName2',...})",no
linsolve,builtin,matfun,no,0,"X = linsolve(A,B)",no
linsolve,builtin,matfun,no,1,"X = linsolve(A,B,opts)",no
linsolve,builtin,matfun,no,2,"[X,r] = linsolve(___)",no
linspace,function,elmat,no,0,"y = linspace(x1,x2)",no
linspace,function,elmat,no,1,"y = linspace(x1,x2,n)",no
listLength,builtin,indexing,no,0,"n = listLength(obj,indexOp,indexContext)",no
listdlg,function,uitools,no,0,"[indx,tf] = listdlg('ListString',list)",no
listdlg,function,uitools,no,1,"[indx,tf] = listdlg('ListString',list,Name,Value)",yes
listfonts,function,uitools,no,0,d = listfonts,no
listfonts,function,uitools,no,1,d = listfonts(obj),no
load,builtin,general,no,0,load(filename),no
load,builtin,general,no,1,"load(filename,variables)",no
load,builtin,general,no,2,"load(filename,'-ascii')",no
load,builtin,general,no,3,"load(filename,'-mat')",no
load,builtin,general,no,4,"load(filename,'-mat',variables)",no
load,builtin,general,no,5,S = load(___),no
load,builtin,general,no,6,load filename,no
loadlibrary,function,general,no,0,"loadlibrary(libname,hfile)",no
loadlibrary,function,general,no,1,loadlibrary(libname),no
loadlibrary,function,general,no,2,"loadlibrary(libname,hfile,Name,Value)",yes
loadlibrary,function,general,no,3,"loadlibrary(libname,@protofile)",no
loadlibrary,function,general,no,4,"[notfound,warnings] = loadlibrary(___)",no
loadobj,builtin,datatypes,no,0,b = loadobj(a),no
localfunctions,builtin,lang,no,0,fcns = localfunctions,no
log,builtin,elfun,no,0,Y = log(X),no
log10,builtin,elfun,no,0,Y = log10(X),no
log1p,builtin,elfun,no,0,y = log1p(x),no
log2,builtin,elfun,no,0,Y = log2(X),no
log2,builtin,elfun,no,1,"[F,E] = log2(X)",no
logical,builtin,datatypes,no,0,L = logical(A),no
loglog,builtin,graph2d,yes,0,"loglog(X,Y)",no
loglog,builtin,graph2d,yes,1,"loglog(X,Y,LineSpec)",no
loglog,builtin,graph2d,yes,2,"loglog(X1,Y1,...,Xn,Yn)",no
loglog,builtin,graph2d,yes,3,"loglog(X1,Y1,LineSpec1,...,Xn,Yn,LineSpecn)",no
loglog,builtin,graph2d,yes,4,loglog(Y),no
loglog,builtin,graph2d,yes,5,"loglog(Y,LineSpec)",no
loglog,builtin,graph2d,yes,6,"loglog(___,Name,Value)",yes
loglog,builtin,graph2d,yes,7,"loglog(ax,___)",no
loglog,builtin,graph2d,yes,8,lineobj = loglog(___),no
logm,function,matfun,no,0,L = logm(A),no
logm,function,matfun,no,1,"[L,exitflag] = logm(A)",no
logspace,function,elmat,no,0,"y = logspace(a,b)",no
logspace,function,elmat,no,1,"y = logspace(a,b,n)",no
logspace,function,elmat,no,2,"y = logspace(a,pi)",no
logspace,function,elmat,no,3,"y = logspace(a,pi,n)",no
lookAheadBoundary,builtin,pattern,no,0,newpat = lookAheadBoundary(pat),no
lookBehindBoundary,builtin,pattern,no,0,newpat = lookBehindBoundary(pat),no
lookfor,builtin,helptools,no,0,lookfor keyword,no
lookfor,builtin,helptools,no,1,lookfor keyword -all,no
lower,builtin,strfun,no,0,newStr = lower(str),no
ls,function,general,no,0,ls,no
ls,function,general,no,1,ls name,no
ls,function,general,no,2,list = ls(___),no
lscov,function,matfun,no,0,"x = lscov(A,B)",no
lscov,function,matfun,no,1,"x = lscov(A,B,w)",no
lscov,function,matfun,no,2,"x = lscov(A,B,V)",no
lscov,function,matfun,no,3,"x = lscov(A,B,V,alg)",no
lscov,function,matfun,no,4,"[x,stdx] = lscov(...)",no
lscov,function,matfun,no,5,"[x,stdx,mse] = lscov(...)",no
lscov,function,matfun,no,6,"[x,stdx,mse,S] = lscov(...)",no
lsqminnorm,function,matfun,no,0,"X = lsqminnorm(A,B)",no
lsqminnorm,function,matfun,no,1,"X = lsqminnorm(A,B,tol)",no
lsqminnorm,function,matfun,no,2,"X = lsqminnorm(___,rankWarn)",no
lsqnonneg,function,optimfun,no,0,"x = lsqnonneg(C,d)",no
lsqnonneg,function,optimfun,no,1,"x = lsqnonneg(C,d,options)",no
lsqnonneg,function,optimfun,no,2,x = lsqnonneg(problem),no
lsqnonneg,function,optimfun,no,3,"[x,resnorm,residual] = lsqnonneg(___)",no
lsqnonneg,function,optimfun,no,4,"[x,resnorm,residual,exitflag,output] = lsqnonneg(___)",no
lsqnonneg,function,optimfun,no,5,"[x,resnorm,residual,exitflag,output,lambda] = lsqnonneg(___)",no
lsqr,function,sparfun,no,0,"x = lsqr(A,b)",no
lsqr,function,sparfun,no,1,"x = lsqr(A,b,tol)",no
lsqr,function,sparfun,no,2,"x = lsqr(A,b,tol,maxit)",no
lsqr,function,sparfun,no,3,"x = lsqr(A,b,tol,maxit,M)",no
lsqr,function,sparfun,no,4,"x = lsqr(A,b,tol,maxit,M1,M2)",no
lsqr,function,sparfun,no,5,"x = lsqr(A,b,tol,maxit,M1,M2,x0)",no
lsqr,function,sparfun,no,6,"[x,flag] = lsqr(___)",no
lsqr,function,sparfun,no,7,"[x,flag,relres] = lsqr(___)",no
lsqr,function,sparfun,no,8,"[x,flag,relres,iter] = lsqr(___)",no
lsqr,function,sparfun,no,9,"[x,flag,relres,iter,resvec] = lsqr(___)",no
lsqr,function,sparfun,no,10,"[x,flag,relres,iter,resvec,lsvec] = lsqr(___)",no
lt,builtin,ops,no,0,A < B,no
lt,builtin,ops,no,1,"lt(A,B)",no
lu,builtin,matfun,no,0,"[L,U] = lu(A)",no
lu,builtin,matfun,no,1,"[L,U,P] = lu(A)",no
lu,builtin,matfun,no,2,"[L,U,P] = lu(A,outputForm)",no
lu,builtin,matfun,no,3,"[L,U,P,Q] = lu(S)",no
lu,builtin,matfun,no,4,"[L,U,P,Q,D] = lu(S)",no
lu,builtin,matfun,no,5,"[___] = lu(S,thresh)",no
lu,builtin,matfun,no,6,"[___] = lu(___,outputForm)",no
magic,function,elmat,no,0,M = magic(n),no
makehgtform,function,primitive,yes,0,M = makehgtform,no
makehgtform,function,primitive,yes,1,"M = makehgtform('translate',[tx ty tz])",no
makehgtform,function,primitive,yes,2,"M = makehgtform('scale',s)",no
makehgtform,function,primitive,yes,3,"M = makehgtform('scale',[sx,sy,sz])",no
makehgtform,function,primitive,yes,4,"M = makehgtform('xrotate',t)",no
makehgtform,function,primitive,yes,5,"M = makehgtform('yrotate',t)",no
makehgtform,function,primitive,yes,6,"M = makehgtform('zrotate',t)",no
makehgtform,function,primitive,yes,7,"M = makehgtform('axisrotate',[ax,ay,az],t)",no
makima,function,polyfun,no,0,"yq = makima(x,y,xq)",no
makima,function,polyfun,no,1,"pp = makima(x,y)",no
mapreduce,function,mapreduceio,no,0,"outds = mapreduce(ds,mapfun,reducefun)",no
mapreduce,function,mapreduceio,no,1,"outds = mapreduce(ds,mapfun,reducefun,mr)",no
mapreduce,function,mapreduceio,no,2,"outds = mapreduce(___,Name,Value)",yes
mapreducer,function,mapreduceio,no,0,mapreducer,no
mapreducer,function,mapreduceio,no,1,mapreducer(0),no
mapreducer,function,mapreduceio,no,2,mapreducer(mr),no
mapreducer,function,mapreduceio,no,3,mr = mapreducer(___),no
mapreducer,function,mapreduceio,no,4,"mr = mapreducer(___,'ObjectVisibility','Off')",no
maskedPattern,function,pattern,no,0,newpat = maskedPattern(pat),no
maskedPattern,function,pattern,no,1,"newpat = maskedPattern(pat,mask)",no
mat2cell,function,datatypes,no,0,"C = mat2cell(A,dim1Dist,...,dimNDist)",no
mat2cell,function,datatypes,no,1,"C = mat2cell(A,rowDist)",no
mat2str,function,strfun,no,0,chr = mat2str(X),no
mat2str,function,strfun,no,1,"chr = mat2str(X,n)",no
mat2str,function,strfun,no,2,"chr = mat2str(___,'class')",no
matches,builtin,strfun,no,0,"TF = matches(str,pat)",no
matches,builtin,strfun,no,1,"TF = matches(str,pat,'IgnoreCase',true)",no
matchpairs,function,specfun,no,0,"M = matchpairs(Cost,costUnmatched)",no
matchpairs,function,specfun,no,1,"[M,uR,uC] = matchpairs(Cost,costUnmatched)",no
matchpairs,function,specfun,no,2,"[___] = matchpairs(Cost,costUnmatched,goal)",no
material,function,graph3d,yes,0,material shiny,no
material,function,graph3d,yes,1,material dull,no
material,function,graph3d,yes,2,material metal,no
material,function,graph3d,yes,3,material([ka kd ks]),no
material,function,graph3d,yes,4,material([ka kd ks n]),no
material,function,graph3d,yes,5,material([ka kd ks n sc]),no
material,function,graph3d,yes,6,material default,no
material,function,graph3d,yes,7,"material(obj,...)",no
matlab (Linux),keyword,,no,0,matlab,no
matlab (Linux),keyword,,no,1,matlab option1 ... optionN,no
matlab (Windows),keyword,,no,0,matlab,no
matlab (Windows),keyword,,no,1,matlab option1 ... optionN,no
matlab (macOS),keyword,,no,0,matlab,no
matlab (macOS),keyword,,no,1,matlab option1 ... optionN,no
matlab.System.nargin,keyword,,no,0,numInputs = nargin(obj),no
matlab.System.nargin,keyword,,no,1,nargin,no
matlab.System.nargout,keyword,,no,0,numOutputs = nargout(obj),no
matlab.System.nargout,keyword,,no,1,nargout,no
matlab.addons.disableAddon,function,+addons,no,0,matlab.addons.disableAddon(name),no
matlab.addons.disableAddon,function,+addons,no,1,matlab.addons.disableAddon(identifier),no
matlab.addons.disableAddon,function,+addons,no,2,"matlab.addons.disableAddon(___,version)",no
matlab.addons.enableAddon,function,+addons,no,0,matlab.addons.enableAddon(name),no
matlab.addons.enableAddon,function,+addons,no,1,matlab.addons.enableAddon(identifier),no
matlab.addons.enableAddon,function,+addons,no,2,"matlab.addons.enableAddon(___,version)",no
matlab.addons.install,function,+addons,no,0,newAddon = matlab.addons.install(fileName),no
matlab.addons.install,function,+addons,no,1,"newAddon = matlab.addons.install(fileName,agreeToLicense)",no
matlab.addons.install,function,+addons,no,2,"newAddon = matlab.addons.install(fileName,installOption)",no
matlab.addons.install,function,+addons,no,3,"newAddon = matlab.addons.install(fileName,agreeToLicense,installOption)",no
matlab.addons.installedAddons,function,+addons,no,0,addons = matlab.addons.installedAddons,no
matlab.addons.isAddonEnabled,function,+addons,no,0,isenabled = matlab.addons.isAddonEnabled(name),no
matlab.addons.isAddonEnabled,function,+addons,no,1,isenabled = matlab.addons.isAddonEnabled(identifier),no
matlab.addons.isAddonEnabled,function,+addons,no,2,"isenabled = matlab.addons.isAddonEnabled(___,version)",no
matlab.addons.toolbox.installToolbox,function,+toolbox,no,0,installedToolbox = matlab.addons.toolbox.installToolbox(toolboxFile),no
matlab.addons.toolbox.installToolbox,function,+toolbox,no,1,"installedToolbox = matlab.addons.toolbox.installToolbox(toolboxFile,agreeToLicense)",no
matlab.addons.toolbox.installedToolboxes,function,+toolbox,no,0,toolboxes = matlab.addons.toolbox.installedToolboxes,no
matlab.addons.toolbox.packageToolbox,function,+toolbox,no,0,matlab.addons.toolbox.packageToolbox(projectFile),no
matlab.addons.toolbox.packageToolbox,function,+toolbox,no,1,"matlab.addons.toolbox.packageToolbox(projectFile,outputFile)",no
matlab.addons.toolbox.toolboxVersion,function,+toolbox,no,0,currentVersion = matlab.addons.toolbox.toolboxVersion(toolboxFile),no
matlab.addons.toolbox.toolboxVersion,function,+toolbox,no,1,"previousVersion = matlab.addons.toolbox.toolboxVersion(toolboxFile,newVersion)",no
matlab.addons.toolbox.uninstallToolbox,function,+toolbox,no,0,matlab.addons.toolbox.uninstallToolbox(installedToolbox),no
matlab.addons.uninstall,function,+addons,no,0,matlab.addons.uninstall(name),no
matlab.addons.uninstall,function,+addons,no,1,matlab.addons.uninstall(identifier),no
matlab.addons.uninstall,function,+addons,no,2,"matlab.addons.uninstall(___,version)",no
matlab.addons.uninstall,function,+addons,no,3,"matlab.addons.uninstall(___,'All')",no
matlab.apputil.create,function,+apputil,no,0,matlab.apputil.create,no
matlab.apputil.create,function,+apputil,no,1,matlab.apputil.create(prjfile),no
matlab.apputil.getInstalledAppInfo,function,+apputil,no,0,matlab.apputil.getInstalledAppInfo,no
matlab.apputil.getInstalledAppInfo,function,+apputil,no,1,appinfo = matlab.apputil.getInstalledAppInfo,no
matlab.apputil.install,function,+apputil,no,0,appinfo = matlab.apputil.install(appfile),no
matlab.apputil.package,function,+apputil,no,0,matlab.apputil.package(prjfile),no
matlab.apputil.run,function,+apputil,no,0,matlab.apputil.run(appid),no
matlab.apputil.uninstall,function,+apputil,no,0,matlab.apputil.uninstall(appid),no
matlab.codetools.requiredFilesAndProducts,function,+codetools,no,0,fList = matlab.codetools.requiredFilesAndProducts(files),no
matlab.codetools.requiredFilesAndProducts,function,+codetools,no,1,"[fList, pList] = matlab.codetools.requiredFilesAndProducts(files)",no
matlab.codetools.requiredFilesAndProducts,function,+codetools,no,2,"[fList, pList] = matlab.codetools.requiredFilesAndProducts(___,'toponly')",no
matlab.engine.connect_matlab,function,,no,0,eng = matlab.engine.connect_matlab(name=None),no
matlab.engine.connect_matlab,function,,no,1,"eng = matlab.engine.connect_matlab(___,background)",no
matlab.engine.connect_matlab,function,,no,2,"eng = matlab.engine.connect_matlab(___,async)",no
matlab.engine.engineName,function,+engine,no,0,name = matlab.engine.engineName,no
matlab.engine.find_matlab,function,,no,0,names = matlab.engine.find_matlab(),no
matlab.engine.isEngineShared,function,+engine,no,0,tf = matlab.engine.isEngineShared,no
matlab.engine.shareEngine,function,+engine,no,0,matlab.engine.shareEngine,no
matlab.engine.shareEngine,function,+engine,no,1,matlab.engine.shareEngine(name),no
matlab.engine.start_matlab,function,,no,0,eng = matlab.engine.start_matlab(),no
matlab.engine.start_matlab,function,,no,1,eng = matlab.engine.start_matlab(option),no
matlab.engine.start_matlab,function,,no,2,eng = matlab.engine.start_matlab(background),no
matlab.engine.start_matlab,function,,no,3,eng = matlab.engine.start_matlab(async),no
matlab.engine.start_matlab,function,,no,4,eng = matlab.engine.start_matlab(___),no
matlab.io.fits.closeFile,function,+fits,no,0,closeFile(fptr),no
matlab.io.fits.copyHDU,function,+fits,no,0,"copyHDU(infptr,outfptr)",no
matlab.io.fits.createFile,function,+fits,no,0,fptr = createFile(filename),no
matlab.io.fits.createImg,function,+fits,no,0,"createImg(fptr,bitpix,naxes)",no
matlab.io.fits.createTbl,function,+fits,no,0,"fptr = createTbl(fptr,tbltype,nrows,ttype,tform,tunit,extname)",no
matlab.io.fits.deleteCol,function,+fits,no,0,"deleteCol(fptr,colnum)",no
matlab.io.fits.deleteFile,function,+fits,no,0,deleteFile(fptr),no
matlab.io.fits.deleteHDU,function,+fits,no,0,HDU_TYPE = deleteHDU(fptr),no
matlab.io.fits.deleteKey,function,+fits,no,0,"deleteKey(fptr,keyname)",no
matlab.io.fits.deleteRecord,function,+fits,no,0,"deleteRecord(fptr,keynum)",no
matlab.io.fits.deleteRows,function,+fits,no,0,"deleteRows(fptr,firstrow,nrows)",no
matlab.io.fits.fileMode,function,+fits,no,0,mode = fileMode(fptr),no
matlab.io.fits.fileName,function,+fits,no,0,name = fileName(fptr),no
matlab.io.fits.getAColParms,function,+fits,no,0,"[ttype,tbcol,tunit,tform,scale,zero,nulstr,tdisp] = getAColParms(fptr,colnum)",no
matlab.io.fits.getBColParms,function,+fits,no,0,"[ttype,tunit,typechar,repeat,scale,zero,nulval,tdisp] = getBColParms(fptr,colnum)",no
matlab.io.fits.getColName,function,+fits,no,0,"[colnum,colname] = getColNum(fptr,templt,casesen)",no
matlab.io.fits.getColType,function,+fits,no,0,"[dtype,repeat,width] = getColType(fptr,colnum)",no
matlab.io.fits.getConstantValue,function,+fits,no,0,N = getConstantValue(name),no
matlab.io.fits.getEqColType,function,+fits,no,0,"[dtype,repeat,width] = getEqColType(fptr,colnum)",no
matlab.io.fits.getHDUnum,function,+fits,no,0,N = getHDUnum(fptr),no
matlab.io.fits.getHDUtype,function,+fits,no,0,htype = getHDUtype(fptr),no
matlab.io.fits.getHdrSpace,function,+fits,no,0,"[nkeys,morekeys] = fits.getHdrSpace(fptr)",no
matlab.io.fits.getImgSize,function,+fits,no,0,imagesize = getImgSize(fptr),no
matlab.io.fits.getImgType,function,+fits,no,0,datatype = getImgType(fptr),no
matlab.io.fits.getNumCols,function,+fits,no,0,ncols = getNumCols(fptr),no
matlab.io.fits.getNumHDUs,function,+fits,no,0,N = getNumHDUs(fptr),no
matlab.io.fits.getNumRows,function,+fits,no,0,nrows = getNumRows(fptr),no
matlab.io.fits.getOpenFiles,function,+fits,no,0,fptrs = getOpenFiles(),no
matlab.io.fits.getVersion,function,+fits,no,0,V = getVersion(),no
matlab.io.fits.imgCompress,function,+fits,no,0,"imgCompress(infptr,outfptr)",no
matlab.io.fits.insertATbl,function,+fits,no,0,"insertATbl(fptr,rowlen,nrows,ttype,tbcol,tform,tunit,extname)",no
matlab.io.fits.insertBTbl,function,+fits,no,0,"insertBTbl(fptr,nrows,ttype,tform,tunit,extname,pcount)",no
matlab.io.fits.insertCol,function,+fits,no,0,"insertCol(fptr,colnum,ttype,tform)",no
matlab.io.fits.insertImg,function,+fits,no,0,"insertImg(fptr,bitpix,naxes)",no
matlab.io.fits.insertRows,function,+fits,no,0,"insertRows(fptr,firstrow,nrows)",no
matlab.io.fits.isCompressedImg,function,+fits,no,0,TF = isCompressedImg(fptr),no
matlab.io.fits.movAbsHDU,function,+fits,no,0,"htype = fits.movAbsHDU(fptr,HDUNUM)",no
matlab.io.fits.movNamHDU,function,+fits,no,0,"movNamHDU(fptr,hdutype,EXTNAME,EXTVER)",no
matlab.io.fits.movRelHDU,function,+fits,no,0,"htype = moveRelHDU(fptr,nmove)",no
matlab.io.fits.openDiskFile,function,+fits,no,0,fptr = openDiskFile(filename),no
matlab.io.fits.openDiskFile,function,+fits,no,1,"fptr = openDiskFile(filename,mode)",no
matlab.io.fits.openFile,function,+fits,no,0,fptr = openFile(filename),no
matlab.io.fits.openFile,function,+fits,no,1,"fptr = openFile(filename,mode)",no
matlab.io.fits.readATblHdr,function,+fits,no,0,"[rowlen,nrows,ttype,tbcol,tform,tunit,extname] = readATblHdr(fptr)",no
matlab.io.fits.readBTblHdr,function,+fits,no,0,"[nrows,ttype,tform,tunit,extname,pcount] = readBTblHdr(fptr)",no
matlab.io.fits.readCard,function,+fits,no,0,"card = readCard(fptr,keyname)",no
matlab.io.fits.readCol,function,+fits,no,0,"[coldata,nullval] = readCol(fptr,colnum)",no
matlab.io.fits.readCol,function,+fits,no,1,"[coldata,nullval] = readCol(fptr,colnum,firstrow,numrows)",no
matlab.io.fits.readImg,function,+fits,no,0,imgdata = readImg(fptr),no
matlab.io.fits.readImg,function,+fits,no,1,"imgdata = readImg(fptr,fpixel,lpixel)",no
matlab.io.fits.readImg,function,+fits,no,2,"imgdata = readImg(fptr,fpixel,lpixel,inc)",no
matlab.io.fits.readKey,function,+fits,no,0,"[value,comment] = readKey(fptr,keyname)",no
matlab.io.fits.readKeyCmplx,function,+fits,no,0,"[value,comment] = readKeyCmplx(fptr,keyname)",no
matlab.io.fits.readKeyDbl,function,+fits,no,0,"[value,comment] = readKeyDbl(fptr,keyname)",no
matlab.io.fits.readKeyLongLong,function,+fits,no,0,"[value,comment] = readKeyLongLong(fptr,keyname)",no
matlab.io.fits.readKeyLongStr,function,+fits,no,0,"[value,comment] = readKeyLongStr(fptr,keyname)",no
matlab.io.fits.readKeyUnit,function,+fits,no,0,"units = readKeyUnit(fptr,keyname)",no
matlab.io.fits.readRecord,function,+fits,no,0,"card = readRecord(fptr,keynum)",no
matlab.io.fits.setBscale,function,+fits,no,0,"setBscale(fptr,BSCALE,BZERO)",no
matlab.io.fits.setCompressionType,function,+fits,no,0,"setCompressionType(fptr,comptype)",no
matlab.io.fits.setHCompScale,function,+fits,no,0,"setHCompScale(fptr,scale)",no
matlab.io.fits.setHCompSmooth,function,+fits,no,0,"setHCompSmooth(fptr,smooth)",no
matlab.io.fits.setTileDim,function,+fits,no,0,"fits.setTileDim(fptr,tiledims)",no
matlab.io.fits.setTscale,function,+fits,no,0,"setTscale(fptr,colnum,tscale,tzero)",no
matlab.io.fits.writeChecksum,function,+fits,no,0,writeChecksum(fptr),no
matlab.io.fits.writeCol,function,+fits,no,0,"writeCol(fptr,colnum,firstrow,coldata)",no
matlab.io.fits.writeComment,function,+fits,no,0,"writeComment(fptr,comment)",no
matlab.io.fits.writeDate,function,+fits,no,0,writeDate(FPTR),no
matlab.io.fits.writeHistory,function,+fits,no,0,"writeHistory(fptr,history)",no
matlab.io.fits.writeImg,function,+fits,no,0,"writeImg(fptr,data)",no
matlab.io.fits.writeImg,function,+fits,no,1,"writeImg(fptr,data,fpixel)",no
matlab.io.fits.writeKey,function,+fits,no,0,"writeKey(fptr,keyname,value,comment)",no
matlab.io.fits.writeKey,function,+fits,no,1,"writeKey(fptr,keyname,value,comment,decimals)",no
matlab.io.fits.writeKeyUnit,function,+fits,no,0,"writeKeyUnit(fptr,keyname,unit)",no
matlab.io.hdf4.sd,function,,no,0,,no
matlab.io.hdf4.sd.attrInfo,function,+sd,no,0,"[name,datatype,nelts] = attrInfo(objID,idx)",no
matlab.io.hdf4.sd.close,function,+sd,no,0,sd.close(sdID),no
matlab.io.hdf4.sd.create,function,+sd,no,0,"sdsID = create(sdID,name,datatype,dims)",no
matlab.io.hdf4.sd.dimInfo,function,+sd,no,0,"[name,dimlen,datatype,nattrs] = dimInfo(dimID)",no
matlab.io.hdf4.sd.endAccess,function,+sd,no,0,sd.endAccess(sdsID),no
matlab.io.hdf4.sd.fileInfo,function,+sd,no,0,"[ndatasets,ngatts] = fileInfo(sdID)",no
matlab.io.hdf4.sd.findAttr,function,+sd,no,0,"idx = findAttr(objID,attrname)",no
matlab.io.hdf4.sd.getCal,function,+sd,no,0,"[cal,calErr,offset,offsetErr,datatype] = getCal(sdsID)",no
matlab.io.hdf4.sd.getChunkInfo,function,+sd,no,0,chunkDims = getChunkInfo(sdsID),no
matlab.io.hdf4.sd.getCompInfo,function,+sd,no,0,"[comptype,compparms] = getCompType(sdsID)",no
matlab.io.hdf4.sd.getDataStrs,function,+sd,no,0,"[label,unit,format,coordsys] = getDataStrs(sdsID)",no
matlab.io.hdf4.sd.getDataStrs,function,+sd,no,1,"[label,unit,format,coordsys] = getDataStrs(sdsID,maxlen)",no
matlab.io.hdf4.sd.getDimID,function,+sd,no,0,"dimID = getDimID(sdsID,dimnumber)",no
matlab.io.hdf4.sd.getDimScale,function,+sd,no,0,scale = getDimScale(dimID),no
matlab.io.hdf4.sd.getDimStrs,function,+sd,no,0,"[label,unit,format] = getDimStrs(dimID)",no
matlab.io.hdf4.sd.getFilename,function,+sd,no,0,filename = getFilename(sdID),no
matlab.io.hdf4.sd.getFillValue,function,+sd,no,0,fillvalue = getFillValue(sdsID),no
matlab.io.hdf4.sd.getInfo,function,+sd,no,0,"[name,dims,datatype,nattrs] = getInfo(sdsID)",no
matlab.io.hdf4.sd.getRange,function,+sd,no,0,"[maxval,minval] = getRange(sdsID)",no
matlab.io.hdf4.sd.idToRef,function,+sd,no,0,ref = idToRef(sdsID),no
matlab.io.hdf4.sd.idType,function,+sd,no,0,objtype = idType(objID),no
matlab.io.hdf4.sd.isCoordVar,function,+sd,no,0,TF = isCoordVar(sdsID),no
matlab.io.hdf4.sd.isRecord,function,+sd,no,0,TF = isRecord(sdsID),no
matlab.io.hdf4.sd.nameToIndex,function,+sd,no,0,"idx = nameToIndex(sdID,sdsname)",no
matlab.io.hdf4.sd.nameToIndices,function,+sd,no,0,"varstruct = nameToIndices(sdID,sdsname)",no
matlab.io.hdf4.sd.readAttr,function,+sd,no,0,"data = readAttr(objID,idx)",no
matlab.io.hdf4.sd.readChunk,function,+sd,no,0,"datachunk = readChunk(sdsID,origin)",no
matlab.io.hdf4.sd.readData,function,+sd,no,0,data = readData(sdsID),no
matlab.io.hdf4.sd.readData,function,+sd,no,1,"data = readData(sdsID,start,count)",no
matlab.io.hdf4.sd.readData,function,+sd,no,2,"data = readData(sdsID,start,count,stride)",no
matlab.io.hdf4.sd.refToIndex,function,+sd,no,0,"idx = refToIndex(sdID,ref)",no
matlab.io.hdf4.sd.select,function,+sd,no,0,"sdsID = select(sdID,IDX)",no
matlab.io.hdf4.sd.setAttr,function,+sd,no,0,"setAttr(objID,name,value)",no
matlab.io.hdf4.sd.setCal,function,+sd,no,0,"setCal(sdsID,cal,calErr,offset,offsetErr,datatype)",no
matlab.io.hdf4.sd.setChunk,function,+sd,no,0,"setChunk(sdsID,chunkSize,comptype,compparm)",no
matlab.io.hdf4.sd.setCompress,function,+sd,no,0,"setCompress(sdsID,comptype,compparm)",no
matlab.io.hdf4.sd.setDataStrs,function,+sd,no,0,"setDataStrs(sdsID,label,unit,format,coordsys)",no
matlab.io.hdf4.sd.setDimName,function,+sd,no,0,"setDimName(dimID,dimname)",no
matlab.io.hdf4.sd.setDimScale,function,+sd,no,0,"setDimScale(dimID,scaledata)",no
matlab.io.hdf4.sd.setDimStrs,function,+sd,no,0,"setDimStrs(dimID,label,unit,format)",no
matlab.io.hdf4.sd.setExternalFile,function,+sd,no,0,"setExternalFile(sdsID,extfile,offset)",no
matlab.io.hdf4.sd.setFillMode,function,+sd,no,0,"prevmode = setFillMode(sdID,fillmode)",no
matlab.io.hdf4.sd.setFillValue,function,+sd,no,0,"setFillValue(sdsID,fillValue)",no
matlab.io.hdf4.sd.setNBitDataSet,function,+sd,no,0,"setNBitDataSet(sdsID,startBit,bitlen,ext,fillone)",no
matlab.io.hdf4.sd.setRange,function,+sd,no,0,"setRange(sdsID,maxval,minval)",no
matlab.io.hdf4.sd.start,function,+sd,no,0,sdID = start(filename),no
matlab.io.hdf4.sd.start,function,+sd,no,1,"sdID = start(filename,access)",no
matlab.io.hdf4.sd.writeChunk,function,+sd,no,0,"writeChunk(sdsID,origin,dataChunk)",no
matlab.io.hdf4.sd.writeData,function,+sd,no,0,"writeData(sdsID,data)",no
matlab.io.hdf4.sd.writeData,function,+sd,no,1,"writeData(sdsID,start,data)",no
matlab.io.hdf4.sd.writeData,function,+sd,no,2,"writeData(sdsID,start,stride,data)",no
matlab.io.hdfeos.gd,function,,no,0,,no
matlab.io.hdfeos.gd.attach,function,+gd,no,0,"gridID = attach(gfID,gridName)",no
matlab.io.hdfeos.gd.close,function,+gd,no,0,close(gfID),no
matlab.io.hdfeos.gd.compInfo,function,+gd,no,0,"[compCode,parms] = compInfo(gridID,fieldname)",no
matlab.io.hdfeos.gd.create,function,+gd,no,0,"gridID = create(gfID,gridName,xdim,ydim,upLeft,lowRight)",no
matlab.io.hdfeos.gd.defBoxRegion,function,+gd,no,0,"regionID = defBoxRegion(gridID,cornerLat,cornerLon)",no
matlab.io.hdfeos.gd.defComp,function,+gd,no,0,"defComp(gridID,compscheme,compparm)",no
matlab.io.hdfeos.gd.defDim,function,+gd,no,0,"defDim(gridID,dimname,dimlen)",no
matlab.io.hdfeos.gd.defField,function,+gd,no,0,"defField(gridID,fieldname,dimlist,dtype)",no
matlab.io.hdfeos.gd.defField,function,+gd,no,1,"defField(gridID,fieldname,dimlist,dtype,mergeCode)",no
matlab.io.hdfeos.gd.defOrigin,function,+gd,no,0,"defOrigin(gridID,originCode)",no
matlab.io.hdfeos.gd.defPixReg,function,+gd,no,0,"defPixReg(gridID,pixRegCode)",no
matlab.io.hdfeos.gd.defProj,function,+gd,no,0,"defProj(gridID,projCode,zoneCode,sphereCode,projParm)",no
matlab.io.hdfeos.gd.defTile,function,+gd,no,0,"defTile(gridID,tileDims)",no
matlab.io.hdfeos.gd.defVrtRegion,function,+gd,no,0,"out_RID = defVrtRegion(gridID,regionID,vobj,vRange)",no
matlab.io.hdfeos.gd.detach,function,+gd,no,0,detach(gridID),no
matlab.io.hdfeos.gd.dimInfo,function,+gd,no,0,"dimlen = diminfo(gridID,dimname)",no
matlab.io.hdfeos.gd.extractRegion,function,+gd,no,0,"data = extractRegion(gridID,regionID,fieldname)",no
matlab.io.hdfeos.gd.fieldInfo,function,+gd,no,0,"[dims,ntype,dimlist] = fieldInfo(gridID,fieldname)",no
matlab.io.hdfeos.gd.getFillValue,function,+gd,no,0,"fillvalue = getFillValue(gridID,fieldname)",no
matlab.io.hdfeos.gd.getPixValues,function,+gd,no,0,"data = getPixValues(gridID,rows,cols,fieldname)",no
matlab.io.hdfeos.gd.getPixels,function,+gd,no,0,"[row,col] = getPixels(gridID,lat,lon)",no
matlab.io.hdfeos.gd.gridInfo,function,+gd,no,0,"[xDim,yDim,upLeft,lowRight] = gridInfo(gridID)",no
matlab.io.hdfeos.gd.ij2ll,function,+gd,no,0,"[lat,lon] = ij2ll(gridID,row,col)",no
matlab.io.hdfeos.gd.inqAttrs,function,+gd,no,0,attrList = inqAttrs(gridID),no
matlab.io.hdfeos.gd.inqDims,function,+gd,no,0,"[dimnames,dimlens] = inqDims(gridID)",no
matlab.io.hdfeos.gd.inqFields,function,+gd,no,0,"[fldList,fldRank,fldType] = inqFields(gridID)",no
matlab.io.hdfeos.gd.inqGrid,function,+gd,no,0,grids = inqGrid(filename),no
matlab.io.hdfeos.gd.interpolate,function,+gd,no,0,"data = interpolate(gridID,lat,lon,fieldname)",no
matlab.io.hdfeos.gd.ll2ij,function,+gd,no,0,"[row,col] = ll2ij(gridID,lat,lon)",no
matlab.io.hdfeos.gd.nEntries,function,+gd,no,0,"nentries = nEntries(gridID,entType)",no
matlab.io.hdfeos.gd.open,function,+gd,no,0,"gfid = open(filename,access)",no
matlab.io.hdfeos.gd.originInfo,function,+gd,no,0,originCode = originInfo(gridID),no
matlab.io.hdfeos.gd.pixRegInfo,function,+gd,no,0,pixRegCode = pixRegInfo(gridID),no
matlab.io.hdfeos.gd.projInfo,function,+gd,no,0,"[projCode,zoneCode,sphereName,projParm] = projInfo(gridID)",no
matlab.io.hdfeos.gd.readAttr,function,+gd,no,0,"data = readAttr(gridID,attrname)",no
matlab.io.hdfeos.gd.readBlkSomOffset,function,+gd,no,0,offset = readBlkSomOffset(GID),no
matlab.io.hdfeos.gd.readField,function,+gd,no,0,"data = readField(gridID,fieldname)",no
matlab.io.hdfeos.gd.readField,function,+gd,no,1,"data = readField(gridID,fieldname,start,count)",no
matlab.io.hdfeos.gd.readField,function,+gd,no,2,"data = readField(gridID,fieldname,start,count,stride)",no
matlab.io.hdfeos.gd.readField,function,+gd,no,3,"[data,lat,lon] = readField(___)",no
matlab.io.hdfeos.gd.readTile,function,+gd,no,0,"data = readTile(gridID,fieldname,tileCoords)",no
matlab.io.hdfeos.gd.regionInfo,function,+gd,no,0,"[dims,upLeft,lowRight] = regionInfo(gridID,regionID,fieldname)",no
matlab.io.hdfeos.gd.setFillValue,function,+gd,no,0,"setFillValue(gridID,fieldname,fillvalue)",no
matlab.io.hdfeos.gd.setTileComp,function,+gd,no,0,"setTileComp(gridID,fieldname,tilesize,compCode,compParm)",no
matlab.io.hdfeos.gd.sphereCodeToName,function,+gd,no,0,name = sphereCodeToName(code),no
matlab.io.hdfeos.gd.sphereNameToCode,function,+gd,no,0,code = sphereNameToCode(name),no
matlab.io.hdfeos.gd.tileInfo,function,+gd,no,0,"tileDims = tileInfo(gridID,fieldname)",no
matlab.io.hdfeos.gd.writeAttr,function,+gd,no,0,"writeAttr(gridID,attrname,data)",no
matlab.io.hdfeos.gd.writeBlkSomOffset,function,+gd,no,0,"writeBlkSomOffset(gridID,offset)",no
matlab.io.hdfeos.gd.writeField,function,+gd,no,0,"writeField(gridID,fieldname,data)",no
matlab.io.hdfeos.gd.writeField,function,+gd,no,1,"writeField(gridID,fieldname,start,data)",no
matlab.io.hdfeos.gd.writeField,function,+gd,no,2,"writeField(gridID,fieldname,start,stride,data)",no
matlab.io.hdfeos.gd.writeTile,function,+gd,no,0,"writeTile(gridID,fieldname,tileCoords,data)",no
matlab.io.hdfeos.sw,function,,no,0,,no
matlab.io.hdfeos.sw.attach,function,+sw,no,0,"swathID = attach(swfID,swathname)",no
matlab.io.hdfeos.sw.close,function,+sw,no,0,close(swfID),no
matlab.io.hdfeos.sw.compInfo,function,+sw,no,0,"[code,parms] = compInfo(swathID,fieldname)",no
matlab.io.hdfeos.sw.create,function,+sw,no,0,"swathID = create(swfID,swathname)",no
matlab.io.hdfeos.sw.defBoxRegion,function,+sw,no,0,"regionID = defBoxRegion(swathID,lat,lon,mode)",no
matlab.io.hdfeos.sw.defComp,function,+sw,no,0,"defComp(swathID,compscheme,compparm)",no
matlab.io.hdfeos.sw.defDataField,function,+sw,no,0,"defDataField(swathID,fieldname,dimlist,dtype)",no
matlab.io.hdfeos.sw.defDataField,function,+sw,no,1,"defDataField(swathID,fieldname,dimlist,dtype,mergeCode)",no
matlab.io.hdfeos.sw.defDim,function,+sw,no,0,"defDim(swathID,dimname,dimlen)",no
matlab.io.hdfeos.sw.defDimMap,function,+sw,no,0,"defDimMap(swathID,geoDim,dataDim,offset,increment)",no
matlab.io.hdfeos.sw.defGeoField,function,+sw,no,0,"defGeoField(swathID,fieldname,dimlist,dtype)",no
matlab.io.hdfeos.sw.defGeoField,function,+sw,no,1,"defGeoField(swathID,fieldname,dimlist,dtype,mergeCode)",no
matlab.io.hdfeos.sw.defTimePeriod,function,+sw,no,0,"outpID = defTimePeriod(swathID,start,stop,mode)",no
matlab.io.hdfeos.sw.defVrtRegion,function,+sw,no,0,"regionID_out = defVrtRegion(swathID,regionID,vertObj,range)",no
matlab.io.hdfeos.sw.detach,function,+sw,no,0,detach(swathID),no
matlab.io.hdfeos.sw.dimInfo,function,+sw,no,0,"dimlen = dimInfo(swathID,dimname)",no
matlab.io.hdfeos.sw.extractPeriod,function,+sw,no,0,"data = extractPeriod(swathID,periodID,fieldname)",no
matlab.io.hdfeos.sw.extractRegion,function,+sw,no,0,"data = extractRegion(swathID,regionID,fieldname)",no
matlab.io.hdfeos.sw.fieldInfo,function,+sw,no,0,"[dimsizes,ntype,dimlist] = fieldInfo(swathID,fieldname)",no
matlab.io.hdfeos.sw.geoMapInfo,function,+sw,no,0,"mappingType = geoMapInfo(swathID,dimname)",no
matlab.io.hdfeos.sw.getFillValue,function,+sw,no,0,"fillvalue = getFillValue(swathID,fieldname)",no
matlab.io.hdfeos.sw.idxMapInfo,function,+sw,no,0,"idx = idxMapInfo(swathID,geodim,datadim)",no
matlab.io.hdfeos.sw.inqAttrs,function,+sw,no,0,attrlist = inqAttrs(swathID),no
matlab.io.hdfeos.sw.inqDataFields,function,+sw,no,0,"[fields,rank,datatype] = inqDataFields(swathID)",no
matlab.io.hdfeos.sw.inqDims,function,+sw,no,0,"[dimnames,dimlens] = inqDims(swathID)",no
matlab.io.hdfeos.sw.inqGeoFields,function,+sw,no,0,"[fields,rank,datatype] = inqGeoFields(swathID)",no
matlab.io.hdfeos.sw.inqIdxMaps,function,+sw,no,0,"[idxMap,idxSize] = inqIdxMaps(swathID)",no
matlab.io.hdfeos.sw.inqMaps,function,+sw,no,0,"[map,offset,increment] = inqMaps(swathID)",no
matlab.io.hdfeos.sw.inqSwath,function,+sw,no,0,swaths = inqSwath(filename),no
matlab.io.hdfeos.sw.mapInfo,function,+sw,no,0,"[offset,increment] = mapInfo(swathID,geodim,datadim)",no
matlab.io.hdfeos.sw.nEntries,function,+sw,no,0,"nEnts = nEntries(swathID,type)",no
matlab.io.hdfeos.sw.open,function,+sw,no,0,swfID = open(filename),no
matlab.io.hdfeos.sw.open,function,+sw,no,1,"swfID = open(filename,access)",no
matlab.io.hdfeos.sw.periodInfo,function,+sw,no,0,"[datatype,dims] = periodInfo(swathID,periodID,fieldname)",no
matlab.io.hdfeos.sw.readAttr,function,+sw,no,0,"data = readAttr(swathID,attrname)",no
matlab.io.hdfeos.sw.readField,function,+sw,no,0,"data = readField(swathID,fieldname)",no
matlab.io.hdfeos.sw.readField,function,+sw,no,1,"data = readField(swathID,fieldname,start,count)",no
matlab.io.hdfeos.sw.readField,function,+sw,no,2,"data = readField(swathID,fieldname,start,count,stride)",no
matlab.io.hdfeos.sw.regionInfo,function,+sw,no,0,"[datatype,extent] = regionInfo(swathID,regionID,fieldname)",no
matlab.io.hdfeos.sw.setFillValue,function,+sw,no,0,"setFillValue(swathID,fieldname,fillvalue)",no
matlab.io.hdfeos.sw.writeAttr,function,+sw,no,0,"writeAttr(swathID,attrname,data)",no
matlab.io.hdfeos.sw.writeField,function,+sw,no,0,"writeField(swathID,fieldname,data)",no
matlab.io.hdfeos.sw.writeField,function,+sw,no,1,"writeField(swathID,fieldname,start,data)",no
matlab.io.hdfeos.sw.writeField,function,+sw,no,2,"writeField(swathID,fieldname,start,stride,data)",no
matlab.io.saveVariablesToScript,builtin,+io,no,0,matlab.io.saveVariablesToScript(filename),no
matlab.io.saveVariablesToScript,builtin,+io,no,1,"matlab.io.saveVariablesToScript(filename,varnames)",no
matlab.io.saveVariablesToScript,builtin,+io,no,2,"matlab.io.saveVariablesToScript(filename,Name,Value)",yes
matlab.io.saveVariablesToScript,builtin,+io,no,3,"[r1,r2] = matlab.io.saveVariablesToScript(filename)",no
matlab.lang.makeUniqueStrings,function,+lang,no,0,U = matlab.lang.makeUniqueStrings(S),no
matlab.lang.makeUniqueStrings,function,+lang,no,1,"U = matlab.lang.makeUniqueStrings(S,excludedStrings)",no
matlab.lang.makeUniqueStrings,function,+lang,no,2,"U = matlab.lang.makeUniqueStrings(S,whichStringsIdx)",no
matlab.lang.makeUniqueStrings,function,+lang,no,3,"U = matlab.lang.makeUniqueStrings(S,___, maxStringLength)",no
matlab.lang.makeUniqueStrings,function,+lang,no,4,"[U, modified] = matlab.lang.makeUniqueStrings(___)",no
matlab.lang.makeValidName,function,+lang,no,0,N = matlab.lang.makeValidName(S),no
matlab.lang.makeValidName,function,+lang,no,1,"N = matlab.lang.makeValidName(S,Name,Value)",yes
matlab.lang.makeValidName,function,+lang,no,2,"[N, modified] = matlab.lang.makeValidName(___)",no
matlab.net.base64decode,function,+net,no,0,res = base64decode(V),no
matlab.net.base64encode,function,+net,no,0,res = base64encode(V),no
matlab.project.convertDefinitionFiles,function,+project,no,0,"matlab.project.convertDefinitionFiles(projectRoot,definitionType)",no
matlab.project.createProject,function,+project,no,0,proj = matlab.project.createProject,no
matlab.project.createProject,function,+project,no,1,proj = matlab.project.createProject(path),no
matlab.project.createProject,function,+project,no,2,proj = matlab.project.createProject(name),no
matlab.project.createProject,function,+project,no,3,"proj = matlab.project.createProject(Name,Value)",yes
matlab.project.deleteProject,function,+project,no,0,matlab.project.deleteProject(path),no
matlab.project.loadProject,function,+project,no,0,proj = matlab.project.loadProject(projectPath),no
matlab.project.rootProject,function,+project,no,0,proj = matlab.project.rootProject,no
matlab.settings.loadSettingsCompatibilityResults,builtin,,no,0,"results = matlab.settings.loadSettingsCompatibilityResults(toolboxName,version)",no
matlab.settings.mustBeIntegerScalar,function,,no,0,matlab.settings.mustBeIntegerScalar(settingvalue),no
matlab.settings.mustBeLogicalScalar,function,,no,0,matlab.settings.mustBeLogicalScalar(settingvalue),no
matlab.settings.mustBeNumericScalar,function,,no,0,matlab.settings.mustBeNumericScalar(settingvalue),no
matlab.settings.mustBeStringScalar,function,,no,0,matlab.settings.mustBeStringScalar(settingvalue),no
matlab.settings.reloadFactoryFile,builtin,,no,0,matlab.settings.reloadFactoryFile(toolboxName),no
matlab.tall.blockMovingWindow,function,+tall,no,0,"tA = matlab.tall.blockMovingWindow(windowfcn,blockfcn,window,tX)",no
matlab.tall.blockMovingWindow,function,+tall,no,1,"[tA,tB,...] = matlab.tall.blockMovingWindow(windowfcn,blockfcn,window,tX,tY,...)",no
matlab.tall.blockMovingWindow,function,+tall,no,2,"[___] = matlab.tall.blockMovingWindow(___,Name,Value)",yes
matlab.tall.movingWindow,function,+tall,no,0,"tA = matlab.tall.movingWindow(fcn,window,tX)",no
matlab.tall.movingWindow,function,+tall,no,1,"[tA,tB,...] = matlab.tall.movingWindow(fcn,window,tX,tY,...)",no
matlab.tall.movingWindow,function,+tall,no,2,"[___] = matlab.tall.movingWindow(___,Name,Value)",yes
matlab.tall.reduce,function,+tall,no,0,"tA = matlab.tall.reduce(fcn,reducefcn,tX)",no
matlab.tall.reduce,function,+tall,no,1,"tA = matlab.tall.reduce(fcn,reducefcn,tX,tY,...)",no
matlab.tall.reduce,function,+tall,no,2,"[tA,tB,...] = matlab.tall.reduce(fcn,reducefcn,tX,tY,...)",no
matlab.tall.reduce,function,+tall,no,3,"[tA,tB,...] = matlab.tall.reduce(___,'OutputsLike',{PA,PB,...})",no
matlab.tall.transform,function,+tall,no,0,"tA = matlab.tall.transform(fcn,tX)",no
matlab.tall.transform,function,+tall,no,1,"tA = matlab.tall.transform(fcn,tX,tY,...)",no
matlab.tall.transform,function,+tall,no,2,"[tA,tB,...] = matlab.tall.transform(fcn,tX,tY,...)",no
matlab.tall.transform,function,+tall,no,3,"[tA,tB,...] = matlab.tall.transform(___,'OutputsLike',{PA,PB,...})",no
matlab.uitest.unlock,function,+uitest,no,0,matlab.uitest.unlock(fig),no
matlab.wsdl.createWSDLClient,function,+wsdl,no,0,matlab.wsdl.createWSDLClient(wsdlURL),no
matlab.wsdl.createWSDLClient,function,+wsdl,no,1,"matlab.wsdl.createWSDLClient(wsdlURL,folder)",no
matlab.wsdl.createWSDLClient,function,+wsdl,no,2,"matlab.wsdl.createWSDLClient(wsdlURL,folder,'silent')",no
matlab.wsdl.createWSDLClient,function,+wsdl,no,3,"matlab.wsdl.createWSDLClient(___,options)",no
matlab.wsdl.createWSDLClient,function,+wsdl,no,4,classname = matlab.wsdl.createWSDLClient(___),no
matlab.wsdl.setWSDLToolPath,function,+wsdl,no,0,"matlab.wsdl.setWSDLToolPath(Name,Value)",yes
matlab.wsdl.setWSDLToolPath,function,+wsdl,no,1,paths = matlab.wsdl.setWSDLToolPath,no
matlab_jenv,keyword,,no,0,matlab_jenv version,no
matlab_jenv,keyword,,no,1,matlab_jenv jrePath,no
matlab_jenv,keyword,,no,2,matlab_jenv -allusers ___,no
matlab_jenv,keyword,,no,3,matlab_jenv -help,no
matlabdrive,builtin,matlabdrive,no,0,M = matlabdrive,no
matlabrc,function,local,no,0,matlabrc,no
matlabroot,builtin,iofun,no,0,mr = matlabroot,no
matlabshared.supportpkg.checkForUpdate,function,+supportpkg,no,0,matlabshared.supportpkg.checkForUpdate,no
matlabshared.supportpkg.checkForUpdate,function,+supportpkg,no,1,info = matlabshared.supportpkg.checkForUpdate,no
matlabshared.supportpkg.getInstalled,function,+supportpkg,no,0,matlabshared.supportpkg.getInstalled,no
matlabshared.supportpkg.getInstalled,function,+supportpkg,no,1,info = matlabshared.supportpkg.getInstalled,no
matlabshared.supportpkg.getSupportPackageRoot,function,+supportpkg,no,0,installDir = matlabshared.supportpkg.getSupportPackageRoot,no
matlabshared.supportpkg.setSupportPackageRoot,function,+supportpkg,no,0,matlabshared.supportpkg.setSupportPackageRoot(installDir),no
max,builtin,datafun,no,0,M = max(A),no
max,builtin,datafun,no,1,"M = max(A,[],dim)",no
max,builtin,datafun,no,2,"M = max(A,[],nanflag)",no
max,builtin,datafun,no,3,"M = max(A,[],dim,nanflag)",no
max,builtin,datafun,no,4,"[M,I] = max(___)",no
max,builtin,datafun,no,5,"M = max(A,[],'all')",no
max,builtin,datafun,no,6,"M = max(A,[],vecdim)",no
max,builtin,datafun,no,7,"M = max(A,[],'all',nanflag)",no
max,builtin,datafun,no,8,"M = max(A,[],vecdim,nanflag)",no
max,builtin,datafun,no,9,"[M,I] = max(A,[],'all',___)",no
max,builtin,datafun,no,10,"[M,I] = max(A,[],___,'linear')",no
max,builtin,datafun,no,11,"C = max(A,B)",no
max,builtin,datafun,no,12,"C = max(A,B,nanflag)",no
max,builtin,datafun,no,13,"___ = max(___,'ComparisonMethod',method)",no
maxNumCompThreads,builtin,elmat,no,0,N = maxNumCompThreads,no
maxNumCompThreads,builtin,elmat,no,1,LASTN = maxNumCompThreads(N),no
maxNumCompThreads,builtin,elmat,no,2,LASTN = maxNumCompThreads('automatic'),no
maxk,builtin,datafun,no,0,"B = maxk(A,k)",no
maxk,builtin,datafun,no,1,"B = maxk(A,k,dim)",no
maxk,builtin,datafun,no,2,"B = maxk(___,'ComparisonMethod',c)",no
maxk,builtin,datafun,no,3,"[B,I] = maxk(___)",no
mean,function,datafun,no,0,M = mean(A),no
mean,function,datafun,no,1,"M = mean(A,'all')",no
mean,function,datafun,no,2,"M = mean(A,dim)",no
mean,function,datafun,no,3,"M = mean(A,vecdim)",no
mean,function,datafun,no,4,"M = mean(___,outtype)",no
mean,function,datafun,no,5,"M = mean(___,nanflag)",no
median,function,datafun,no,0,M = median(A),no
median,function,datafun,no,1,"M = median(A,'all')",no
median,function,datafun,no,2,"M = median(A,dim)",no
median,function,datafun,no,3,"M = median(A,vecdim)",no
median,function,datafun,no,4,"M = median(___,nanflag)",no
memmapfile,function,@memmapfile,no,0,m = memmapfile(filename),no
memmapfile,function,@memmapfile,no,1,"m = memmapfile(filename,Name,Value)",yes
memoize,function,lang,no,0,memoizedFcn = memoize(fh),no
memory,builtin,general,no,0,memory,no
memory,builtin,general,no,1,"[userview,systemview] = memory",no
menu,function,uitools,no,0,"choice = menu(message,options)",no
menu,function,uitools,no,1,"choice = menu(message,opt1,...,optn)",no
mesh,function,graph3d,yes,0,"mesh(X,Y,Z)",no
mesh,function,graph3d,yes,1,mesh(Z),no
mesh,function,graph3d,yes,2,"mesh(Z,C)",no
mesh,function,graph3d,yes,3,"mesh(___,C)",no
mesh,function,graph3d,yes,4,"mesh(ax,___)",no
mesh,function,graph3d,yes,5,"mesh(___,Name,Value)",yes
mesh,function,graph3d,yes,6,s = mesh(___),no
meshc,function,specgraph,yes,0,"meshc(X,Y,Z)",no
meshc,function,specgraph,yes,1,meshc(Z),no
meshc,function,specgraph,yes,2,"meshc(___,C)",no
meshc,function,specgraph,yes,3,"meshc(___,Name,Value)",yes
meshc,function,specgraph,yes,4,"meshc(ax,___)",no
meshc,function,specgraph,yes,5,sc = meshc(___),no
meshgrid,function,elmat,no,0,"[X,Y] = meshgrid(x,y)",no
meshgrid,function,elmat,no,1,"[X,Y] = meshgrid(x)",no
meshgrid,function,elmat,no,2,"[X,Y,Z] = meshgrid(x,y,z)",no
meshgrid,function,elmat,no,3,"[X,Y,Z] = meshgrid(x)",no
meshz,function,specgraph,yes,0,"meshz(X,Y,Z)",no
meshz,function,specgraph,yes,1,"meshz(X,Y,Z,C)",no
meshz,function,specgraph,yes,2,meshz(Z),no
meshz,function,specgraph,yes,3,"meshz(Z,C)",no
meshz,function,specgraph,yes,4,"meshz(___,Name,Value)",yes
meshz,function,specgraph,yes,5,"meshz(ax,___)",no
meshz,function,specgraph,yes,6,s = meshz(___),no
meta.abstractDetails,function,+meta,no,0,meta.abstractDetails(ClassName),no
meta.abstractDetails,function,+meta,no,1,meta.abstractDetails(mc),no
meta.abstractDetails,function,+meta,no,2,absMembers = meta.abstractDetails(___),no
meta.class.fromName,function,@class,no,0,mcls = meta.class.fromName(ClassName),no
meta.package.getAllPackages,function,@package,no,0,P = meta.package.getAllPackages,no
metaclass,builtin,datatypes,no,0,mc = metaclass(object),no
metaclass,builtin,datatypes,no,1,mc = ?ClassName,no
methods,keyword,datatypes,no,0,methods ClassName,no
methods,keyword,datatypes,no,1,methods(obj),no
methods,keyword,datatypes,no,2,"methods(___,'-full')",no
methods,keyword,datatypes,no,3,m = methods(___),no
methodsview,function,datatypes,no,0,methodsview(packagename.classname),no
methodsview,function,datatypes,no,1,methodsview(object),no
mex,builtin,general,no,0,mex filenames,no
mex,builtin,general,no,1,mex filenames api option1 ... optionN,no
mex,builtin,general,no,2,mex -client engine filenames,no
mex,builtin,general,no,3,mex -client engine filenames api option1 ... optionN,no
mex,builtin,general,no,4,mex -setup [lang],no
mex,builtin,general,no,5,mex -setup -client engine [lang],no
mex.getCompilerConfigurations,function,+mex,no,0,cc = mex.getCompilerConfigurations,no
mex.getCompilerConfigurations,function,+mex,no,1,cc = mex.getCompilerConfigurations(lang),no
mex.getCompilerConfigurations,function,+mex,no,2,"cc = mex.getCompilerConfigurations(lang,list)",no
mexext,function,general,no,0,ext = mexext,no
mexext,function,general,no,1,extlist = mexext('all'),no
mexhost,builtin,,no,0,mh = mexhost,no
mexhost,builtin,,no,1,"mh = mexhost(""EnvironmentVariables"",envVariables)",no
mfilename,builtin,lang,no,0,mfilename,no
mfilename,builtin,lang,no,1,p = mfilename('fullpath'),no
mfilename,builtin,lang,no,2,c = mfilename('class'),no
min,builtin,datafun,no,0,M = min(A),no
min,builtin,datafun,no,1,"M = min(A,[],dim)",no
min,builtin,datafun,no,2,"M = min(A,[],nanflag)",no
min,builtin,datafun,no,3,"M = min(A,[],dim,nanflag)",no
min,builtin,datafun,no,4,"[M,I] = min(___)",no
min,builtin,datafun,no,5,"M = min(A,[],'all')",no
min,builtin,datafun,no,6,"M = min(A,[],vecdim)",no
min,builtin,datafun,no,7,"M = min(A,[],'all',nanflag)",no
min,builtin,datafun,no,8,"M = min(A,[],vecdim,nanflag)",no
min,builtin,datafun,no,9,"[M,I] = min(A,[],'all',___)",no
min,builtin,datafun,no,10,"[M,I] = min(A,[],___,'linear')",no
min,builtin,datafun,no,11,"C = min(A,B)",no
min,builtin,datafun,no,12,"C = min(A,B,nanflag)",no
min,builtin,datafun,no,13,"___ = min(___,'ComparisonMethod',method)",no
mink,builtin,datafun,no,0,"B = mink(A,k)",no
mink,builtin,datafun,no,1,"B = mink(A,k,dim)",no
mink,builtin,datafun,no,2,"B = mink(___,'ComparisonMethod',c)",no
mink,builtin,datafun,no,3,"[B,I] = mink(___)",no
minres,function,sparfun,no,0,"x = minres(A,b)",no
minres,function,sparfun,no,1,"x = minres(A,b,tol)",no
minres,function,sparfun,no,2,"x = minres(A,b,tol,maxit)",no
minres,function,sparfun,no,3,"x = minres(A,b,tol,maxit,M)",no
minres,function,sparfun,no,4,"x = minres(A,b,tol,maxit,M1,M2)",no
minres,function,sparfun,no,5,"x = minres(A,b,tol,maxit,M1,M2,x0)",no
minres,function,sparfun,no,6,"[x,flag] = minres(___)",no
minres,function,sparfun,no,7,"[x,flag,relres] = minres(___)",no
minres,function,sparfun,no,8,"[x,flag,relres,iter] = minres(___)",no
minres,function,sparfun,no,9,"[x,flag,relres,iter,resvec] = minres(___)",no
minres,function,sparfun,no,10,"[x,flag,relres,iter,resvec,resveccg] = minres(___)",no
minus,builtin,ops,no,0,C = A - B,no
minus,builtin,ops,no,1,"C = minus(A,B)",no
mislocked,builtin,lang,no,0,tf = mislocked(fun),no
mislocked,builtin,lang,no,1,tf = mislocked,no
missing,function,datatypes,no,0,m = missing,no
mkdir,builtin,general,no,0,mkdir folderName,no
mkdir,builtin,general,no,1,mkdir parentFolder folderName,no
mkdir,builtin,general,no,2,status = mkdir(___),no
mkdir,builtin,general,no,3,"[status,msg] = mkdir(___)",no
mkdir,builtin,general,no,4,"[status,msg,msgID] = mkdir(___)",no
mkpp,function,polyfun,no,0,"pp = mkpp(breaks,coefs)",no
mkpp,function,polyfun,no,1,"pp = mkpp(breaks,coefs,d)",no
mldivide,builtin,ops,no,0,x = A\B,no
mldivide,builtin,ops,no,1,"x = mldivide(A,B)",no
mlint,function,codetools,no,0,mlint('filename'),no
mlint,function,codetools,no,1,"mlint('filename','-config=settings.txt')",no
mlint,function,codetools,no,2,"mlint('filename','-config=factory')",no
mlint,function,codetools,no,3,"inform=mlint('filename','-struct')",no
mlint,function,codetools,no,4,"msg=mlint('filename','-string')",no
mlint,function,codetools,no,5,"[inform,filepaths]=mlint('filename')",no
mlint,function,codetools,no,6,"inform=mlint('filename','-id')",no
mlint,function,codetools,no,7,"inform=mlint('filename','-fullpath')",no
mlint,function,codetools,no,8,"inform=mlint('filename','-notok')",no
mlint,function,codetools,no,9,"mlint('filename','-cyc')",no
mlint,function,codetools,no,10,"mlint('filename','-codegen')",no
mlint,function,codetools,no,11,"mlint('filename','-eml')",no
mlintrpt,function,reports,no,0,mlintrpt,no
mlintrpt,function,reports,no,1,mlintrpt(f),no
mlintrpt,function,reports,no,2,"mlintrpt(f, inputType)",no
mlintrpt,function,reports,no,3,"mlintrpt(___,settingsfile)",no
mlock,builtin,lang,no,0,mlock,no
mmfileinfo,function,audiovideo,no,0,info = mmfileinfo(filename),no
mod,builtin,elfun,no,0,"b = mod(a,m)",no
mode,function,datafun,no,0,M = mode(A),no
mode,function,datafun,no,1,"M = mode(A,'all')",no
mode,function,datafun,no,2,"M = mode(A,dim)",no
mode,function,datafun,no,3,"M = mode(A,vecdim)",no
mode,function,datafun,no,4,"[M,F] = mode(___)",no
mode,function,datafun,no,5,"[M,F,C] = mode(___)",no
more,builtin,general,no,0,more on,no
more,builtin,general,no,1,more off,no
more,builtin,general,no,2,more(n),no
more,builtin,general,no,3,A = more(___),no
movefile,builtin,general,no,0,movefile source,no
movefile,builtin,general,no,1,movefile source destination,no
movefile,builtin,general,no,2,movefile source destination f,no
movefile,builtin,general,no,3,status = movefile(___),no
movefile,builtin,general,no,4,"[status,msg] = movefile(___)",no
movefile,builtin,general,no,5,"[status,msg,msgID] = movefile(___)",no
movegui,function,uitools,no,0,"movegui(f,position)",no
movegui,function,uitools,no,1,movegui(position),no
movegui,function,uitools,no,2,movegui(f),no
movegui,function,uitools,no,3,movegui,no
movie,function,specgraph,yes,0,movie(M),no
movie,function,specgraph,yes,1,"movie(M,n)",no
movie,function,specgraph,yes,2,"movie(M,n,fps)",no
movie,function,specgraph,yes,3,"movie(h,...)",no
movie,function,specgraph,yes,4,"movie(h,M,n,fps,loc)",no
movmad,builtin,datafun,no,0,"M = movmad(A,k)",no
movmad,builtin,datafun,no,1,"M = movmad(A,[kb kf])",no
movmad,builtin,datafun,no,2,"M = movmad(___,dim)",no
movmad,builtin,datafun,no,3,"M = movmad(___,nanflag)",no
movmad,builtin,datafun,no,4,"M = movmad(___,Name,Value)",yes
movmax,builtin,datafun,no,0,"M = movmax(A,k)",no
movmax,builtin,datafun,no,1,"M = movmax(A,[kb kf])",no
movmax,builtin,datafun,no,2,"M = movmax(___,dim)",no
movmax,builtin,datafun,no,3,"M = movmax(___,nanflag)",no
movmax,builtin,datafun,no,4,"M = movmax(___,Name,Value)",yes
movmean,builtin,datafun,no,0,"M = movmean(A,k)",no
movmean,builtin,datafun,no,1,"M = movmean(A,[kb kf])",no
movmean,builtin,datafun,no,2,"M = movmean(___,dim)",no
movmean,builtin,datafun,no,3,"M = movmean(___,nanflag)",no
movmean,builtin,datafun,no,4,"M = movmean(___,Name,Value)",yes
movmedian,builtin,datafun,no,0,"M = movmedian(A,k)",no
movmedian,builtin,datafun,no,1,"M = movmedian(A,[kb kf])",no
movmedian,builtin,datafun,no,2,"M = movmedian(___,dim)",no
movmedian,builtin,datafun,no,3,"M = movmedian(___,nanflag)",no
movmedian,builtin,datafun,no,4,"M = movmedian(___,Name,Value)",yes
movmin,builtin,datafun,no,0,"M = movmin(A,k)",no
movmin,builtin,datafun,no,1,"M = movmin(A,[kb kf])",no
movmin,builtin,datafun,no,2,"M = movmin(___,dim)",no
movmin,builtin,datafun,no,3,"M = movmin(___,nanflag)",no
movmin,builtin,datafun,no,4,"M = movmin(___,Name,Value)",yes
movprod,builtin,datafun,no,0,"M = movprod(A,k)",no
movprod,builtin,datafun,no,1,"M = movprod(A,[kb kf])",no
movprod,builtin,datafun,no,2,"M = movprod(___,dim)",no
movprod,builtin,datafun,no,3,"M = movprod(___,nanflag)",no
movprod,builtin,datafun,no,4,"M = movprod(___,Name,Value)",yes
movstd,builtin,datafun,no,0,"M = movstd(A,k)",no
movstd,builtin,datafun,no,1,"M = movstd(A,[kb kf])",no
movstd,builtin,datafun,no,2,"M = movstd(___,w)",no
movstd,builtin,datafun,no,3,"M = movstd(___,w,dim)",no
movstd,builtin,datafun,no,4,"M = movstd(___,nanflag)",no
movstd,builtin,datafun,no,5,"M = movstd(___,Name,Value)",yes
movsum,builtin,datafun,no,0,"M = movsum(A,k)",no
movsum,builtin,datafun,no,1,"M = movsum(A,[kb kf])",no
movsum,builtin,datafun,no,2,"M = movsum(___,dim)",no
movsum,builtin,datafun,no,3,"M = movsum(___,nanflag)",no
movsum,builtin,datafun,no,4,"M = movsum(___,Name,Value)",yes
movvar,builtin,datafun,no,0,"M = movvar(A,k)",no
movvar,builtin,datafun,no,1,"M = movvar(A,[kb kf])",no
movvar,builtin,datafun,no,2,"M = movvar(___,w)",no
movvar,builtin,datafun,no,3,"M = movvar(___,w,dim)",no
movvar,builtin,datafun,no,4,"M = movvar(___,nanflag)",no
movvar,builtin,datafun,no,5,"M = movvar(___,Name,Value)",yes
mpower,function,matfun,no,0,C = A^B,no
mpower,function,matfun,no,1,"C = mpower(A,B)",no
mrdivide,builtin,ops,no,0,x = B/A,no
mrdivide,builtin,ops,no,1,"x = mrdivide(B,A)",no
msgbox,function,uitools,no,0,f = msgbox(message),no
msgbox,function,uitools,no,1,"f = msgbox(message,title)",no
msgbox,function,uitools,no,2,"f = msgbox(message,title,icon)",no
msgbox,function,uitools,no,3,"f = msgbox(message,title,'custom',icondata,iconcmap)",no
msgbox,function,uitools,no,4,"f = msgbox(___,createmode)",no
mtimes,builtin,ops,no,0,C = A*B,no
mtimes,builtin,ops,no,1,"C = mtimes(A,B)",no
mu2lin,function,audiovideo,no,0,y = mu2lin(mu),no
multibandread,function,imagesci,no,0,"X = multibandread(filename,size,precision,offset,interleave,byteorder)",no
multibandread,function,imagesci,no,1,"X = multibandread(...,subset1,subset2,subset3)",no
multibandwrite,function,imagesci,no,0,"multibandwrite(data,filename,interleave)",no
multibandwrite,function,imagesci,no,1,"multibandwrite(data,filename,interleave,start,totalsize)",no
multibandwrite,function,imagesci,no,2,"multibandwrite(...,param,value...)",no
munlock,builtin,lang,no,0,munlock(fun),no
munlock,builtin,lang,no,1,munlock,no
mustBeA,function,validators,no,0,"mustBeA(value,classNames)",no
mustBeFile,function,validators,no,0,mustBeFile(path),no
mustBeFinite,function,validators,no,0,mustBeFinite(value),no
mustBeFloat,function,validators,no,0,mustBeFloat(value),no
mustBeFolder,function,validators,no,0,mustBeFolder(path),no
mustBeGreaterThan,function,validators,no,0,"mustBeGreaterThan(value,c)",no
mustBeGreaterThanOrEqual,function,validators,no,0,"mustBeGreaterThanOrEqual(value,c)",no
mustBeInRange,function,validators,no,0,"mustBeInRange(value,lower,upper)",no
mustBeInRange,function,validators,no,1,"mustBeInRange(value,lower,upper,boundflag1,boundflag2)",no
mustBeInteger,function,validators,no,0,mustBeInteger(value),no
mustBeLessThan,function,validators,no,0,"mustBeLessThan(value,c)",no
mustBeLessThanOrEqual,function,validators,no,0,"mustBeLessThanOrEqual(value,c)",no
mustBeMember,function,validators,no,0,"mustBeMember(value,S)",no
mustBeNegative,function,validators,no,0,mustBeNegative(value),no
mustBeNonNan,function,validators,no,0,mustBeNonNan(value),no
mustBeNonempty,function,validators,no,0,mustBeNonempty(value),no
mustBeNonmissing,function,validators,no,0,mustBeNonmissing(value),no
mustBeNonnegative,function,validators,no,0,mustBeNonnegative(value),no
mustBeNonpositive,function,validators,no,0,mustBeNonpositive(value),no
mustBeNonsparse,function,validators,no,0,mustBeNonsparse(value),no
mustBeNonzero,function,validators,no,0,mustBeNonzero(value),no
mustBeNonzeroLengthText,function,validators,no,0,mustBeNonzeroLengthText(value),no
mustBeNumeric,function,validators,no,0,mustBeNumeric(value),no
mustBeNumericOrLogical,function,validators,no,0,mustBeNumericOrLogical(value),no
mustBePositive,function,validators,no,0,mustBePositive(value),no
mustBeReal,function,validators,no,0,mustBeReal(value),no
mustBeScalarOrEmpty,function,validators,no,0,mustBeScalarOrEmpty(value),no
mustBeText,function,validators,no,0,mustBeText(value),no
mustBeTextScalar,function,validators,no,0,mustBeTextScalar(value),no
mustBeUnderlyingType,function,validators,no,0,"mustBeUnderlyingType(value,typename)",no
mustBeValidVariableName,function,validators,no,0,mustBeValidVariableName(varname),no
mustBeVector,function,validators,no,0,mustBeVector(value),no
mustBeVector,function,validators,no,1,"mustBeVector(value,""allow-all-empties"")",no
namedPattern,function,pattern,no,0,newpat = namedPattern(pat),no
namedPattern,function,pattern,no,1,"newpat = namedPattern(pat,name)",no
namedPattern,function,pattern,no,2,"newpat = namedPattern(pat,name,description)",no
namedargs2cell,builtin,datatypes,no,0,C = namedargs2cell(S),no
namelengthmax,builtin,general,no,0,l = namelengthmax,no
nargchk,builtin,lang,no,0,"msgText = nargchk(minArgs,maxArgs,numArgs)",no
nargchk,builtin,lang,no,1,"msgStruct = nargchk(minArgs,maxArgs,numArgs,'struct')",no
nargin,keyword,lang,no,0,nargin,no
nargin,keyword,lang,no,1,nargin(fun),no
narginchk,builtin,lang,no,0,"narginchk(minArgs,maxArgs)",no
nargout,keyword,lang,no,0,nargout,no
nargout,keyword,lang,no,1,nargout(fun),no
nargoutchk,builtin,lang,no,0,"nargoutchk(minArgs,maxArgs)",no
nargoutchk,builtin,lang,no,1,"msgText = nargoutchk(minArgs,maxArgs,numArgs)",no
nargoutchk,builtin,lang,no,2,"msgStruct = nargoutchk(minArgs,maxArgs,numArgs,'struct')",no
native2unicode,builtin,strfun,no,0,unicodestr = native2unicode(bytes),no
native2unicode,builtin,strfun,no,1,"unicodestr = native2unicode(bytes, encoding)",no
nccreate,function,imagesci,no,0,"nccreate(filename,varname)",no
nccreate,function,imagesci,no,1,"nccreate(filename,varname,Name,Value)",yes
ncdisp,function,imagesci,no,0,ncdisp(source),no
ncdisp,function,imagesci,no,1,"ncdisp(source,location)",no
ncdisp,function,imagesci,no,2,"ncdisp(source,location,dispFormat)",no
nchoosek,function,specfun,no,0,"b = nchoosek(n,k)",no
nchoosek,function,specfun,no,1,"C = nchoosek(v,k)",no
ncinfo,function,imagesci,no,0,finfo = ncinfo(source),no
ncinfo,function,imagesci,no,1,"vinfo = ncinfo(source,varname)",no
ncinfo,function,imagesci,no,2,"ginfo = ncinfo(source,groupname)",no
ncread,function,imagesci,no,0,"vardata = ncread(source,varname)",no
ncread,function,imagesci,no,1,"vardata = ncread(source,varname,start,count)",no
ncread,function,imagesci,no,2,"vardata = ncread(source,varname,start,count,stride)",no
ncreadatt,function,imagesci,no,0,"attvalue = ncreadatt(source,location,attname)",no
ncwrite,function,imagesci,no,0,"ncwrite(filename,varname,vardata)",no
ncwrite,function,imagesci,no,1,"ncwrite(filename,varname,vardata,start)",no
ncwrite,function,imagesci,no,2,"ncwrite(filename,varname,vardata,start,stride)",no
ncwriteatt,function,imagesci,no,0,"ncwriteatt(filename,location,attname,attvalue)",no
ncwriteatt,function,imagesci,no,1,"ncwriteatt(filename,location,attname,attvalue,'Datatype',dtype)",no
ncwriteschema,function,imagesci,no,0,"ncwriteschema(filename,schema)",no
ndgrid,function,elmat,no,0,"[X1,X2,...,Xn] = ndgrid(x1,x2,...,xn)",no
ndgrid,function,elmat,no,1,"[X1,X2,...,Xn] = ndgrid(xg)",no
ne,builtin,ops,no,0,A ~= B,no
ne,builtin,ops,no,1,"ne(A,B)",no
netcdf.abort,function,+netcdf,no,0,netcdf.abort(ncid),no
netcdf.close,function,+netcdf,no,0,netcdf.close(ncid),no
netcdf.copyAtt,function,+netcdf,no,0,"netcdf.copyAtt(ncid_in,varid_in,attname,ncid_out,varid_out)",no
netcdf.create,function,+netcdf,no,0,"ncid = netcdf.create(filename,cmode)",no
netcdf.create,function,+netcdf,no,1,"[chunksize_out,ncid] = netcdf.create(filename,cmode,initsz,chunksize)",no
netcdf.defDim,function,+netcdf,no,0,"dimid = netcdf.defDim(ncid,dimname,dimlen)",no
netcdf.defGrp,function,+netcdf,no,0,"childGrpID = netcdf.defGrp(parentGroupId,childGroupName)",no
netcdf.defVar,function,+netcdf,no,0,"varid = netcdf.defVar(ncid,varname,xtype,dimids)",no
netcdf.defVarChunking,function,+netcdf,no,0,"netcdf.defVarChunking(ncid,varid,storage,chunkDims)",no
netcdf.defVarDeflate,function,+netcdf,no,0,"netcdf.defVarDeflate(ncid,varid,shuffle,deflate,deflateLevel)",no
netcdf.defVarFill,function,+netcdf,no,0,"netcdf.defVarFill(ncid,varid,noFillMode,fillValue)",no
netcdf.defVarFletcher32,function,+netcdf,no,0,"netcdf.defVarFletcher32(ncid,varid,setting)",no
netcdf.delAtt,function,+netcdf,no,0,"netcdf.delAtt(ncid,varid,attName)",no
netcdf.endDef,function,+netcdf,no,0,netcdf.endDef(ncid),no
netcdf.endDef,function,+netcdf,no,1,"netcdf.endDef(ncid,h_minfree,v_align,v_minfree,r_align)",no
netcdf.getAtt,function,+netcdf,no,0,"attrvalue = netcdf.getAtt(ncid,varid,attname)",no
netcdf.getAtt,function,+netcdf,no,1,"attrvalue = netcdf.getAtt(ncid,varid,attname,output_datatype)",no
netcdf.getChunkCache,function,+netcdf,no,0,"[csize, nelems, premp] = netcdf.getChunkCache()",no
netcdf.getConstant,function,+netcdf,no,0,val = netcdf.getConstant(param_name),no
netcdf.getConstantNames,function,+netcdf,no,0,val = netcdf.getConstantNames,no
netcdf.getVar,function,+netcdf,no,0,"data = netcdf.getVar(ncid,varid)",no
netcdf.getVar,function,+netcdf,no,1,"data = netcdf.getVar(ncid,varid,start)",no
netcdf.getVar,function,+netcdf,no,2,"data = netcdf.getVar(ncid,varid,start,count)",no
netcdf.getVar,function,+netcdf,no,3,"data = netcdf.getVar(ncid,varid,start,count,stride)",no
netcdf.getVar,function,+netcdf,no,4,"data = netcdf.getVar(___,output_type)",no
netcdf.inq,function,+netcdf,no,0,"[ndims,nvars,ngatts,unlimdimid] = netcdf.inq(ncid)",no
netcdf.inqAtt,function,+netcdf,no,0,"[xtype,attlen] = netcdf.inqAtt(ncid,varid,attname)",no
netcdf.inqAttID,function,+netcdf,no,0,"attnum = netcdf.inqAttID(ncid,varid,attname)",no
netcdf.inqAttName,function,+netcdf,no,0,"attname = netcdf.inqAttName(ncid,varid,attnum)",no
netcdf.inqDim,function,+netcdf,no,0,"[dimname, dimlen] = netcdf.inqDim(ncid,dimid)",no
netcdf.inqDimID,function,+netcdf,no,0,"dimid = netcdf.inqDimID(ncid,dimname)",no
netcdf.inqDimIDs,function,+netcdf,no,0,dimIDs = netcdf.inqDimIDs(ncid),no
netcdf.inqDimIDs,function,+netcdf,no,1,"dimIDs = netcdf.inqDimIDs(ncid,includeParents)",no
netcdf.inqFormat,function,+netcdf,no,0,format = netcdf.inqFormat(ncid),no
netcdf.inqGrpName,function,+netcdf,no,0,groupName = netcdf.inqGrpName(ncid),no
netcdf.inqGrpNameFull,function,+netcdf,no,0,groupName = netcdf.inqGrpNameFull(ncid),no
netcdf.inqGrpParent,function,+netcdf,no,0,parentGroupID = netcdf.inqGrpParent(ncid),no
netcdf.inqGrps,function,+netcdf,no,0,childGrps = netcdf.inqGrps(ncid),no
netcdf.inqLibVers,function,+netcdf,no,0,libvers = netcdf.inqLibVers,no
netcdf.inqNcid,function,+netcdf,no,0,"childGroupId = netcdf.inqNcid(ncid,childGroupName)",no
netcdf.inqUnlimDims,function,+netcdf,no,0,unlimdimIDs = netcdf.inqUnlimDims(ncid),no
netcdf.inqVar,function,+netcdf,no,0,"[varname,xtype,dimids,natts] = netcdf.inqVar(ncid,varid)",no
netcdf.inqVarChunking,function,+netcdf,no,0,"[storage,chunkSizes] = netcdf.inqVarChunking(ncid,varid)",no
netcdf.inqVarDeflate,function,+netcdf,no,0,"[shuffle,deflate,deflateLevel] = netcdf.inqVarDeflate(ncid,varid)",no
netcdf.inqVarFill,function,+netcdf,no,0,"[noFillMode,fillValue] = netcdf.inqVarFill(ncid,varid)",no
netcdf.inqVarFletcher32,function,+netcdf,no,0,"setting = netcdf.inqVarFletcher32(ncid,varid)",no
netcdf.inqVarID,function,+netcdf,no,0,"varid = netcdf.inqVarID(ncid,varname)",no
netcdf.inqVarIDs,function,+netcdf,no,0,varids = netcdf.inqVarIDs(ncid),no
netcdf.open,function,+netcdf,no,0,ncid = netcdf.open(source),no
netcdf.open,function,+netcdf,no,1,"ncid = netcdf.open(source,mode)",no
netcdf.open,function,+netcdf,no,2,"[actualChunksize,ncid] = netcdf.open(source,mode,chunksize)",no
netcdf.putAtt,function,+netcdf,no,0,"netcdf.putAtt(ncid,varid,attrname,attrvalue)",no
netcdf.putAtt,function,+netcdf,no,1,"netcdf.putAtt(ncid,varid,attrname,attrvalue,xtype)",no
netcdf.putVar,function,+netcdf,no,0,"netcdf.putVar(ncid,varid,data)",no
netcdf.putVar,function,+netcdf,no,1,"netcdf.putVar(ncid,varid,start,data)",no
netcdf.putVar,function,+netcdf,no,2,"netcdf.putVar(ncid,varid,start,count,data)",no
netcdf.putVar,function,+netcdf,no,3,"netcdf.putVar(ncid,varid,start,count,stride,data)",no
netcdf.reDef,function,+netcdf,no,0,netcdf.reDef(ncid),no
netcdf.renameAtt,function,+netcdf,no,0,"netcdf.renameAtt(ncid,varid,oldName,newName)",no
netcdf.renameDim,function,+netcdf,no,0,"netcdf.renameDim(ncid,dimid,newName)",no
netcdf.renameVar,function,+netcdf,no,0,"netcdf.renameVar(ncid,varid,newName)",no
netcdf.setChunkCache,function,+netcdf,no,0,"netcdf.setChunkCache(csize,nelems,premp)",no
netcdf.setDefaultFormat,function,+netcdf,no,0,oldFormat = netcdf.setDefaultFormat(newFormat),no
netcdf.setFill,function,+netcdf,no,0,"old_mode = netcdf.setFill(ncid,new_mode)",no
netcdf.sync,function,+netcdf,no,0,netcdf.sync(ncid),no
newline,builtin,strfun,no,0,c = newline,no
newplot,function,axis,yes,0,newplot,no
newplot,function,axis,yes,1,h = newplot,no
newplot,function,axis,yes,2,h = newplot(target),no
nextpow2,function,elfun,no,0,P = nextpow2(A),no
nexttile,function,graphics,yes,0,nexttile,no
nexttile,function,graphics,yes,1,nexttile(span),no
nexttile,function,graphics,yes,2,nexttile(tilelocation),no
nexttile,function,graphics,yes,3,"nexttile(tilelocation,span)",no
nexttile,function,graphics,yes,4,"nexttile(t,___)",no
nexttile,function,graphics,yes,5,ax = nexttile(___),no
nnz,builtin,sparfun,no,0,N = nnz(X),no
nonzeros,builtin,sparfun,no,0,v = nonzeros(A),no
norm,builtin,matfun,no,0,n = norm(v),no
norm,builtin,matfun,no,1,"n = norm(v,p)",no
norm,builtin,matfun,no,2,n = norm(X),no
norm,builtin,matfun,no,3,"n = norm(X,p)",no
norm,builtin,matfun,no,4,"n = norm(X,'fro')",no
normest,function,matfun,no,0,n = normest(S),no
normest,function,matfun,no,1,"n = normest(S,tol)",no
normest,function,matfun,no,2,"[n,count] = normest(___)",no
not,builtin,ops,no,0,~A,no
not,builtin,ops,no,1,not(A),no
notebook,function,codetools,no,0,notebook,no
notebook,function,codetools,no,1,notebook('filename'),no
notebook,function,codetools,no,2,notebook('-setup'),no
now,function,timefun,no,0,t = now,no
nsidedpoly,function,polyfun,no,0,pgon = nsidedpoly(n),no
nsidedpoly,function,polyfun,no,1,"pgon = nsidedpoly(n,Name,Value)",yes
nthroot,function,elfun,no,0,"Y = nthroot(X,N)",no
null,function,matfun,no,0,Z = null(A),no
null,function,matfun,no,1,"Z = null(A,'r')",no
num2cell,function,datatypes,no,0,C = num2cell(A),no
num2cell,function,datatypes,no,1,"C = num2cell(A,dim)",no
num2hex,function,strfun,no,0,hexStr = num2hex(X),no
num2ruler,function,axis,yes,0,"data = num2ruler(num,ruler)",no
num2str,function,strfun,no,0,s = num2str(A),no
num2str,function,strfun,no,1,"s = num2str(A,precision)",no
num2str,function,strfun,no,2,"s = num2str(A,formatSpec)",no
numArgumentsFromSubscript,builtin,ops,no,0,"n = numArgumentsFromSubscript(obj,s,indexingContext)",no
nzmax,builtin,sparfun,no,0,n = nzmax(S),no
ode113,function,funfun,no,0,"[t,y] = ode113(odefun,tspan,y0)",no
ode113,function,funfun,no,1,"[t,y] = ode113(odefun,tspan,y0,options)",no
ode113,function,funfun,no,2,"[t,y,te,ye,ie] = ode113(odefun,tspan,y0,options)",no
ode113,function,funfun,no,3,sol = ode113(___),no
ode15i,function,funfun,no,0,"[t,y] = ode15i(odefun,tspan,y0,yp0)",no
ode15i,function,funfun,no,1,"[t,y] = ode15i(odefun,tspan,y0,yp0,options)",no
ode15i,function,funfun,no,2,"[t,y,te,ye,ie] = ode15i(odefun,tspan,y0,yp0,options)",no
ode15i,function,funfun,no,3,sol = ode15i(___),no
ode15s,function,funfun,no,0,"[t,y] = ode15s(odefun,tspan,y0)",no
ode15s,function,funfun,no,1,"[t,y] = ode15s(odefun,tspan,y0,options)",no
ode15s,function,funfun,no,2,"[t,y,te,ye,ie] = ode15s(odefun,tspan,y0,options)",no
ode15s,function,funfun,no,3,sol = ode15s(___),no
ode23,function,funfun,no,0,"[t,y] = ode23(odefun,tspan,y0)",no
ode23,function,funfun,no,1,"[t,y] = ode23(odefun,tspan,y0,options)",no
ode23,function,funfun,no,2,"[t,y,te,ye,ie] = ode23(odefun,tspan,y0,options)",no
ode23,function,funfun,no,3,sol = ode23(___),no
ode23s,function,funfun,no,0,"[t,y] = ode23s(odefun,tspan,y0)",no
ode23s,function,funfun,no,1,"[t,y] = ode23s(odefun,tspan,y0,options)",no
ode23s,function,funfun,no,2,"[t,y,te,ye,ie] = ode23s(odefun,tspan,y0,options)",no
ode23s,function,funfun,no,3,sol = ode23s(___),no
ode23t,function,funfun,no,0,"[t,y] = ode23t(odefun,tspan,y0)",no
ode23t,function,funfun,no,1,"[t,y] = ode23t(odefun,tspan,y0,options)",no
ode23t,function,funfun,no,2,"[t,y,te,ye,ie] = ode23t(odefun,tspan,y0,options)",no
ode23t,function,funfun,no,3,sol = ode23t(___),no
ode23tb,function,funfun,no,0,"[t,y] = ode23tb(odefun,tspan,y0)",no
ode23tb,function,funfun,no,1,"[t,y] = ode23tb(odefun,tspan,y0,options)",no
ode23tb,function,funfun,no,2,"[t,y,te,ye,ie] = ode23tb(odefun,tspan,y0,options)",no
ode23tb,function,funfun,no,3,sol = ode23tb(___),no
ode45,function,funfun,no,0,"[t,y] = ode45(odefun,tspan,y0)",no
ode45,function,funfun,no,1,"[t,y] = ode45(odefun,tspan,y0,options)",no
ode45,function,funfun,no,2,"[t,y,te,ye,ie] = ode45(odefun,tspan,y0,options)",no
ode45,function,funfun,no,3,sol = ode45(___),no
ode78,function,funfun,no,0,"[t,y] = ode78(odefun,tspan,y0)",no
ode78,function,funfun,no,1,"[t,y] = ode78(odefun,tspan,y0,options)",no
ode78,function,funfun,no,2,"[t,y,te,ye,ie] = ode78(odefun,tspan,y0,options)",no
ode78,function,funfun,no,3,sol = ode78(___),no
ode89,function,funfun,no,0,"[t,y] = ode89(odefun,tspan,y0)",no
ode89,function,funfun,no,1,"[t,y] = ode89(odefun,tspan,y0,options)",no
ode89,function,funfun,no,2,"[t,y,te,ye,ie] = ode89(odefun,tspan,y0,options)",no
ode89,function,funfun,no,3,sol = ode89(___),no
odeget,function,funfun,no,0,"v = odeget(options,'Name')",no
odeget,function,funfun,no,1,"v = odeget(options,'Name',default)",no
odeset,function,funfun,no,0,"options = odeset(Name,Value,...)",yes
odeset,function,funfun,no,1,"options = odeset(oldopts,Name,Value,...)",yes
odeset,function,funfun,no,2,"options = odeset(oldopts,newopts)",no
odeset,function,funfun,no,3,odeset,no
odextend,function,funfun,no,0,"solext = odextend(sol,odefun,tfinal)",no
odextend,function,funfun,no,1,"solext = odextend(sol,[],tfinal)",no
odextend,function,funfun,no,2,"solext = odextend(sol,odefun,tfinal,y0)",no
odextend,function,funfun,no,3,"solext = odextend(sol,odefun,tfinal,y0,options)",no
onCleanup,function,general,no,0,cleanupObj = onCleanup(cleanupFun),no
ones,builtin,elmat,no,0,X = ones,no
ones,builtin,elmat,no,1,X = ones(n),no
ones,builtin,elmat,no,2,"X = ones(sz1,...,szN)",no
ones,builtin,elmat,no,3,X = ones(sz),no
ones,builtin,elmat,no,4,"X = ones(___,typename)",no
ones,builtin,elmat,no,5,"X = ones(___,'like',p)",no
open,function,general,no,0,open name,no
open,function,general,no,1,A = open(name),no
openProject,function,project,no,0,proj = openProject(projectPath),no
openfig,function,objectsystem,yes,0,openfig(filename),no
openfig,function,objectsystem,yes,1,"openfig(filename,copies)",no
openfig,function,objectsystem,yes,2,"openfig(___,visibility)",no
openfig,function,objectsystem,yes,3,fig = openfig(___),no
opengl,function,graphics,yes,0,opengl info,no
opengl,function,graphics,yes,1,d = opengl('data'),no
opengl,function,graphics,yes,2,opengl software,no
opengl,function,graphics,yes,3,opengl hardware,no
opengl,function,graphics,yes,4,opengl hardwarebasic,no
opengl,function,graphics,yes,5,"opengl('save',pref)",no
openvar,function,codetools,no,0,openvar(varname),no
optimget,function,optimfun,no,0,"val = optimget(options,'param')",no
optimget,function,optimfun,no,1,"val = optimget(options,'param',default)",no
optimset,function,optimfun,no,0,"options = optimset(Name,Value)",yes
optimset,function,optimfun,no,1,optimset,no
optimset,function,optimfun,no,2,options = optimset,no
optimset,function,optimfun,no,3,options = optimset(optimfun),no
optimset,function,optimfun,no,4,"options = optimset(oldopts,Name,Value)",yes
optimset,function,optimfun,no,5,"options = optimset(oldopts,newopts)",no
optionalPattern,builtin,pattern,no,0,newpat = optionalPattern(pat),no
or,builtin,ops,no,0,A | B,no
or,builtin,ops,no,1,"or(A,B)",no
ordeig,builtin,matfun,no,0,E = ordeig(T),no
ordeig,builtin,matfun,no,1,"E = ordeig(AA,BB)",no
orderfields,function,datatypes,no,0,S = orderfields(S1),no
orderfields,function,datatypes,no,1,"S = orderfields(S1,S2)",no
orderfields,function,datatypes,no,2,"S = orderfields(S1,C)",no
orderfields,function,datatypes,no,3,"S = orderfields(S1,P)",no
orderfields,function,datatypes,no,4,"[S,Pout] = orderfields(___)",no
ordqz,builtin,matfun,no,0,"[AAS,BBS,QS,ZS] = ordqz(AA,BB,Q,Z,select)",no
ordqz,builtin,matfun,no,1,"[AAS,BBS,QS,ZS] = ordqz(AA,BB,Q,Z,keyword)",no
ordqz,builtin,matfun,no,2,"[AAS,BBS,QS,ZS] = ordqz(AA,BB,Q,Z,clusters)",no
ordschur,builtin,matfun,no,0,"[US,TS] = ordschur(U,T,select)",no
ordschur,builtin,matfun,no,1,"[US,TS] = ordschur(U,T,keyword)",no
ordschur,builtin,matfun,no,2,"[US,TS] = ordschur(U,T,clusters)",no
orient,function,printing,yes,0,orient ornt,no
orient,function,printing,yes,1,"orient(fig,ornt)",no
orient,function,printing,yes,2,or = orient,no
orient,function,printing,yes,3,or = orient(fig),no
orth,function,matfun,no,0,Q = orth(A),no
otherwise,keyword,lang,no,0,"switch switch_expression, case case_expression, end",no
outerjoin,function,,no,0,"T = outerjoin(Tleft,Tright)",no
outerjoin,function,,no,1,"T = outerjoin(Tleft,Tright,Name,Value)",yes
outerjoin,function,,no,2,"[T,ileft,iright] = outerjoin(___)",no
pack,builtin,general,no,0,pack,no
pack,builtin,general,no,1,pack filename,no
pad,function,strfun,no,0,newStr = pad(str),no
pad,function,strfun,no,1,"newStr = pad(str,numberOfCharacters)",no
pad,function,strfun,no,2,"newStr = pad(str,side)",no
pad,function,strfun,no,3,"newStr = pad(str,numberOfCharacters,side)",no
pad,function,strfun,no,4,"newStr = pad(___,padCharacter)",no
padecoef,function,general,no,0,"[num,den] = padecoef(T,N)",no
pagectranspose,function,ops,no,0,Y = pagectranspose(X),no
pagemtimes,builtin,ops,no,0,"Z = pagemtimes(X,Y)",no
pagemtimes,builtin,ops,no,1,"Z = pagemtimes(X,transpX,Y,transpY)",no
pagesetupdlg,function,printing,yes,0,dlg = pagesetupdlg(fig),no
pagesvd,builtin,matfun,no,0,S = pagesvd(X),no
pagesvd,builtin,matfun,no,1,"[U,S,V] = pagesvd(X)",no
pagesvd,builtin,matfun,no,2,"[___] = pagesvd(X,""econ"")",no
pagesvd,builtin,matfun,no,3,"[___] = pagesvd(___,outputForm)",no
pagetranspose,function,ops,no,0,Y = pagetranspose(X),no
pan,function,graph2d,yes,0,pan on,no
pan,function,graph2d,yes,1,pan xon,no
pan,function,graph2d,yes,2,pan yon,no
pan,function,graph2d,yes,3,pan off,no
pan,function,graph2d,yes,4,pan,no
pan,function,graph2d,yes,5,"pan(fig,...)",no
pan,function,graph2d,yes,6,h = pan(fig),no
parallelplot,function,specgraph,yes,0,parallelplot(tbl),no
parallelplot,function,specgraph,yes,1,"parallelplot(tbl,'CoordinateVariables',coordvars)",no
parallelplot,function,specgraph,yes,2,"parallelplot(___,'GroupVariable',grpvar)",no
parallelplot,function,specgraph,yes,3,parallelplot(data),no
parallelplot,function,specgraph,yes,4,"parallelplot(data,'CoordinateData',coorddata)",no
parallelplot,function,specgraph,yes,5,"parallelplot(___,'GroupData',grpdata)",no
parallelplot,function,specgraph,yes,6,"parallelplot(___,Name,Value)",yes
parallelplot,function,specgraph,yes,7,"parallelplot(parent,___)",no
parallelplot,function,specgraph,yes,8,p = parallelplot(___),no
pareto,function,specgraph,yes,0,pareto(y),no
pareto,function,specgraph,yes,1,"pareto(y,x)",no
pareto,function,specgraph,yes,2,"pareto(___,threshold)",no
pareto,function,specgraph,yes,3,"pareto(target,___)",no
pareto,function,specgraph,yes,4,charts = pareto(___),no
pareto,function,specgraph,yes,5,"[charts,ax] = pareto(___)",no
parfeval,function,parallel,no,0,"F = parfeval(backgroundPool,fcn,n,X1,...,Xm)",no
parfeval,function,parallel,no,1,"F = parfeval(fcn,n,X1,...,Xm)",no
parfevalOnAll,function,parallel,no,0,"F = parfevalOnAll(backgroundPool,fcn,n,X1,...,Xm)",no
parfevalOnAll,function,parallel,no,1,"F = parfevalOnAll(fcn,n,X1,...,Xm)",no
parfor,keyword,lang,no,0,parfor loopvar = initval:endval; statements; end,no
parfor,keyword,lang,no,1,"parfor (loopvar = initval:endval, M); statements; end",no
parquetread,function,parquetio,no,0,T = parquetread(filename),no
parquetread,function,parquetio,no,1,"T = parquetread(filename,Name,Value)",yes
parquetwrite,function,parquetio,no,0,"parquetwrite(filename,T)",no
parquetwrite,function,parquetio,no,1,"parquetwrite(filename,T,Name,Value)",yes
parseSoapResponse,function,iofun,no,0,data = parseSoapResponse(response),no
parula,function,color,yes,0,c = parula,no
parula,function,color,yes,1,c = parula(m),no
pascal,function,elmat,no,0,P = pascal(n),no
pascal,function,elmat,no,1,"P = pascal(n,1)",no
pascal,function,elmat,no,2,"P = pascal(n,2)",no
pascal,function,elmat,no,3,"P = pascal(___,classname)",no
patch,builtin,primitive,yes,0,"patch(X,Y,C)",no
patch,builtin,primitive,yes,1,"patch(X,Y,Z,C)",no
patch,builtin,primitive,yes,2,"patch('XData',X,'YData',Y)",no
patch,builtin,primitive,yes,3,"patch('XData',X,'YData',Y,'ZData',Z)",no
patch,builtin,primitive,yes,4,"patch('Faces',F,'Vertices',V)",no
patch,builtin,primitive,yes,5,patch(S),no
patch,builtin,primitive,yes,6,"patch(___,Name,Value)",yes
patch,builtin,primitive,yes,7,"patch(ax,___)",no
patch,builtin,primitive,yes,8,p = patch(___),no
patchdemoxmlfile,function,helptools,no,0,patchdemoxmlfile docLocation,no
path,function,general,no,0,path,no
path,function,general,no,1,path(newpath),no
path,function,general,no,2,"path(oldpath,newfolder)",no
path,function,general,no,3,"path(newfolder,oldpath)",no
path,function,general,no,4,p = path(___),no
path2rc,function,general,no,0,path2rc,no
pathsep,function,iofun,no,0,c = pathsep,no
pathtool,function,pathtool,no,0,pathtool,no
pause,builtin,timefun,no,0,pause,no
pause,builtin,timefun,no,1,pause(n),no
pause,builtin,timefun,no,2,pause(state),no
pause,builtin,timefun,no,3,oldState = pause(state),no
pbaspect,function,graph3d,yes,0,pbaspect(ratio),no
pbaspect,function,graph3d,yes,1,pb = pbaspect,no
pbaspect,function,graph3d,yes,2,pbaspect auto,no
pbaspect,function,graph3d,yes,3,pbaspect manual,no
pbaspect,function,graph3d,yes,4,m = pbaspect('mode'),no
pbaspect,function,graph3d,yes,5,"___ = pbaspect(ax,___)",no
pcg,function,sparfun,no,0,"x = pcg(A,b)",no
pcg,function,sparfun,no,1,"x = pcg(A,b,tol)",no
pcg,function,sparfun,no,2,"x = pcg(A,b,tol,maxit)",no
pcg,function,sparfun,no,3,"x = pcg(A,b,tol,maxit,M)",no
pcg,function,sparfun,no,4,"x = pcg(A,b,tol,maxit,M1,M2)",no
pcg,function,sparfun,no,5,"x = pcg(A,b,tol,maxit,M1,M2,x0)",no
pcg,function,sparfun,no,6,"[x,flag] = pcg(___)",no
pcg,function,sparfun,no,7,"[x,flag,relres] = pcg(___)",no
pcg,function,sparfun,no,8,"[x,flag,relres,iter] = pcg(___)",no
pcg,function,sparfun,no,9,"[x,flag,relres,iter,resvec] = pcg(___)",no
pchip,function,polyfun,no,0,"p = pchip(x,y,xq)",no
pchip,function,polyfun,no,1,"pp = pchip(x,y)",no
pcode,function,general,no,0,pcode(item),no
pcode,function,general,no,1,"pcode(item1,item2,...,itemN)",no
pcode,function,general,no,2,"pcode(___,'-inplace')",no
pcolor,function,specgraph,yes,0,pcolor(C),no
pcolor,function,specgraph,yes,1,"pcolor(X,Y,C)",no
pcolor,function,specgraph,yes,2,"pcolor(ax,___)",no
pcolor,function,specgraph,yes,3,s = pcolor(___),no
pdepe,function,funfun,no,0,"sol = pdepe(m,pdefun,icfun,bcfun,xmesh,tspan)",no
pdepe,function,funfun,no,1,"sol = pdepe(m,pdefun,icfun,bcfun,xmesh,tspan,options)",no
pdepe,function,funfun,no,2,"[sol,tsol,sole,te,ie] = pdepe(m,pdefun,icfun,bcfun,xmesh,tspan,options)",no
pdeval,function,funfun,no,0,"[u,dudx] = pdeval(m,xmesh,usol,xq)",no
peaks,function,specgraph,yes,0,Z = peaks,no
peaks,function,specgraph,yes,1,Z = peaks(n),no
peaks,function,specgraph,yes,2,"Z = peaks(Xm,Ym)",no
peaks,function,specgraph,yes,3,"[X,Y,Z] = peaks(___)",no
peaks,function,specgraph,yes,4,peaks(___),no
perl,function,general,no,0,perl(perlfile),no
perl,function,general,no,1,"perl(perlfile,arg1,...,argN)",no
perl,function,general,no,2,result = perl(___),no
perl,function,general,no,3,"[result, status] = perl(___)",no
perms,function,specfun,no,0,P = perms(v),no
permute,builtin,elmat,no,0,"B = permute(A,dimorder)",no
persistent,keyword,lang,no,0,persistent var1 ... varN,no
pi,builtin,elmat,no,0,p = pi,no
pie,function,specgraph,yes,0,pie(X),no
pie,function,specgraph,yes,1,"pie(X,explode)",no
pie,function,specgraph,yes,2,"pie(X,labels)",no
pie,function,specgraph,yes,3,"pie(X,explode,labels)",no
pie,function,specgraph,yes,4,"pie(ax,___)",no
pie,function,specgraph,yes,5,p = pie(___),no
pie3,function,specgraph,yes,0,pie3(X),no
pie3,function,specgraph,yes,1,"pie3(X,explode)",no
pie3,function,specgraph,yes,2,"pie3(...,labels)",no
pie3,function,specgraph,yes,3,"pie3(axes_handle,...)",no
pie3,function,specgraph,yes,4,h = pie3(...),no
pink,function,color,yes,0,c = pink,no
pink,function,color,yes,1,c = pink(m),no
pinv,function,matfun,no,0,B = pinv(A),no
pinv,function,matfun,no,1,"B = pinv(A,tol)",no
planerot,function,matfun,no,0,"[G,y] = planerot(x)",no
plot,builtin,graph2d,yes,0,"plot(X,Y)",no
plot,builtin,graph2d,yes,1,"plot(X,Y,LineSpec)",no
plot,builtin,graph2d,yes,2,"plot(X1,Y1,...,Xn,Yn)",no
plot,builtin,graph2d,yes,3,"plot(X1,Y1,LineSpec1,...,Xn,Yn,LineSpecn)",no
plot,builtin,graph2d,yes,4,plot(Y),no
plot,builtin,graph2d,yes,5,"plot(Y,LineSpec)",no
plot,builtin,graph2d,yes,6,"plot(___,Name,Value)",yes
plot,builtin,graph2d,yes,7,"plot(ax,___)",no
plot,builtin,graph2d,yes,8,p = plot(___),no
plot3,builtin,graph3d,yes,0,"plot3(X,Y,Z)",no
plot3,builtin,graph3d,yes,1,"plot3(X,Y,Z,LineSpec)",no
plot3,builtin,graph3d,yes,2,"plot3(X1,Y1,Z1,...,Xn,Yn,Zn)",no
plot3,builtin,graph3d,yes,3,"plot3(X1,Y1,Z1,LineSpec1,...,Xn,Yn,Zn,LineSpecn)",no
plot3,builtin,graph3d,yes,4,"plot3(___,Name,Value)",yes
plot3,builtin,graph3d,yes,5,"plot3(ax,___)",no
plot3,builtin,graph3d,yes,6,p = plot3(___),no
plotbrowser,function,plottools,yes,0,plotbrowser('on'),no
plotbrowser,function,plottools,yes,1,plotbrowser('off'),no
plotbrowser,function,plottools,yes,2,plotbrowser('toggle'),no
plotbrowser,function,plottools,yes,3,plotbrowser,no
plotbrowser,function,plottools,yes,4,"plotbrowser(figure_handle,...)",no
plotedit,function,graph2d,yes,0,plotedit on,no
plotedit,function,graph2d,yes,1,plotedit off,no
plotedit,function,graph2d,yes,2,plotedit,no
plotedit,function,graph2d,yes,3,plotedit(h),no
plotedit,function,graph2d,yes,4,plotedit(state),no
plotedit,function,graph2d,yes,5,"plotedit(h,state)",no
plotmatrix,function,specgraph,yes,0,"plotmatrix(X,Y)",no
plotmatrix,function,specgraph,yes,1,plotmatrix(X),no
plotmatrix,function,specgraph,yes,2,"plotmatrix(___,LineSpec)",no
plotmatrix,function,specgraph,yes,3,"plotmatrix(ax,___)",no
plotmatrix,function,specgraph,yes,4,"[S,AX,BigAx,H,HAx] = plotmatrix(___)",no
plottools,function,plottools,yes,0,plottools('on'),no
plottools,function,plottools,yes,1,plottools('off'),no
plottools,function,plottools,yes,2,plottools('toggle'),no
plottools,function,plottools,yes,3,plottools,no
plottools,function,plottools,yes,4,"plottools(figure_handle,...)",no
plottools,function,plottools,yes,5,"plottools(...,'tool')",no
plotyy,function,graph2d,yes,0,"plotyy(X1,Y1,X2,Y2)",no
plotyy,function,graph2d,yes,1,"plotyy(X1,Y1,X2,Y2,function)",no
plotyy,function,graph2d,yes,2,"plotyy(X1,Y1,X2,Y2,'function1','function2')",no
plotyy,function,graph2d,yes,3,"plotyy(AX1,___)",no
plotyy,function,graph2d,yes,4,"[AX,H1,H2] = plotyy(___)",no
plus,builtin,ops,no,0,C = A + B,no
plus,builtin,ops,no,1,"C = plus(A,B)",no
pol2cart,function,specfun,no,0,"[x,y] = pol2cart(theta,rho)",no
pol2cart,function,specfun,no,1,"[x,y,z] = pol2cart(theta,rho,z)",no
polar,function,graph2d,yes,0,"polar(theta,rho)",no
polar,function,graph2d,yes,1,"polar(theta,rho,LineSpec)",no
polar,function,graph2d,yes,2,"polar(axes_handle,...)",no
polar,function,graph2d,yes,3,h = polar(...),no
polaraxes,builtin,axis,yes,0,polaraxes,no
polaraxes,builtin,axis,yes,1,"polaraxes(Name,Value)",yes
polaraxes,builtin,axis,yes,2,"polaraxes(parent,___)",no
polaraxes,builtin,axis,yes,3,pax = polaraxes(___),no
polaraxes,builtin,axis,yes,4,polaraxes(pax_in),no
polarbubblechart,function,graphics,yes,0,"polarbubblechart(theta,rho,sz)",no
polarbubblechart,function,graphics,yes,1,"polarbubblechart(theta,rho,sz,c)",no
polarbubblechart,function,graphics,yes,2,"polarbubblechart(tbl,thetavar,rhovar,sizevar)",no
polarbubblechart,function,graphics,yes,3,"polarbubblechart(tbl,thetavar,rhovar,sizevar,cvar)",no
polarbubblechart,function,graphics,yes,4,"polarbubblechart(pax,___)",no
polarbubblechart,function,graphics,yes,5,"polarbubblechart(___,Name,Value)",yes
polarbubblechart,function,graphics,yes,6,bc = polarbubblechart(___),no
polarhistogram,function,specgraph,yes,0,polarhistogram(theta),no
polarhistogram,function,specgraph,yes,1,"polarhistogram(theta,nbins)",no
polarhistogram,function,specgraph,yes,2,"polarhistogram(theta,edges)",no
polarhistogram,function,specgraph,yes,3,"polarhistogram('BinEdges',edges,'BinCounts',counts)",no
polarhistogram,function,specgraph,yes,4,"polarhistogram(___,Name,Value)",yes
polarhistogram,function,specgraph,yes,5,"polarhistogram(pax,___)",no
polarhistogram,function,specgraph,yes,6,h = polarhistogram(___),no
polarplot,function,specgraph,yes,0,"polarplot(theta,rho)",no
polarplot,function,specgraph,yes,1,"polarplot(theta,rho,LineSpec)",no
polarplot,function,specgraph,yes,2,"polarplot(theta1,rho1,...,thetaN,rhoN)",no
polarplot,function,specgraph,yes,3,"polarplot(theta1,rho1,LineSpec1,...,thetaN,rhoN,LineSpecN)",no
polarplot,function,specgraph,yes,4,polarplot(rho),no
polarplot,function,specgraph,yes,5,"polarplot(rho,LineSpec)",no
polarplot,function,specgraph,yes,6,polarplot(Z),no
polarplot,function,specgraph,yes,7,"polarplot(Z,LineSpec)",no
polarplot,function,specgraph,yes,8,"polarplot(___,Name,Value)",yes
polarplot,function,specgraph,yes,9,"polarplot(pax,___)",no
polarplot,function,specgraph,yes,10,p = polarplot(___),no
polarscatter,function,graphics,yes,0,"polarscatter(theta,rho)",no
polarscatter,function,graphics,yes,1,"polarscatter(theta,rho,sz)",no
polarscatter,function,graphics,yes,2,"polarscatter(theta,rho,sz,c)",no
polarscatter,function,graphics,yes,3,"polarscatter(___,mkr)",no
polarscatter,function,graphics,yes,4,"polarscatter(___,'filled')",no
polarscatter,function,graphics,yes,5,"polarscatter(tbl,thetavar,rhovar)",no
polarscatter,function,graphics,yes,6,"polarscatter(tbl,thetavar,rhovar,'filled')",no
polarscatter,function,graphics,yes,7,"polarscatter(pax,___)",no
polarscatter,function,graphics,yes,8,"polarscatter(___,Name,Value)",yes
polarscatter,function,graphics,yes,9,ps = polarscatter(___),no
poly,function,polyfun,no,0,p = poly(r),no
poly,function,polyfun,no,1,p = poly(A),no
polyarea,function,polyfun,no,0,"a = polyarea(x,y)",no
polyarea,function,polyfun,no,1,"a = polyarea(x,y,dim)",no
polyder,function,polyfun,no,0,k = polyder(p),no
polyder,function,polyfun,no,1,"k = polyder(a,b)",no
polyder,function,polyfun,no,2,"[q,d] = polyder(a,b)",no
polyeig,function,matfun,no,0,"e = polyeig(A0,A1,...,Ap)",no
polyeig,function,matfun,no,1,"[X,e] = polyeig(A0,A1,...,Ap)",no
polyeig,function,matfun,no,2,"[X,e,s] = polyeig(A0,A1,...,Ap)",no
polyfit,function,polyfun,no,0,"p = polyfit(x,y,n)",no
polyfit,function,polyfun,no,1,"[p,S] = polyfit(x,y,n)",no
polyfit,function,polyfun,no,2,"[p,S,mu] = polyfit(x,y,n)",no
polyint,function,polyfun,no,0,"q = polyint(p,k)",no
polyint,function,polyfun,no,1,q = polyint(p),no
polyval,function,polyfun,no,0,"y = polyval(p,x)",no
polyval,function,polyfun,no,1,"[y,delta] = polyval(p,x,S)",no
polyval,function,polyfun,no,2,"y = polyval(p,x,[],mu)",no
polyval,function,polyfun,no,3,"[y,delta] = polyval(p,x,S,mu)",no
polyvalm,function,polyfun,no,0,"Y = polyvalm(p,X)",no
possessivePattern,builtin,pattern,no,0,newpat = possessivePattern(pat),no
pow2,builtin,elfun,no,0,Y = pow2(E),no
pow2,builtin,elfun,no,1,"Y = pow2(X,E)",no
power,builtin,ops,no,0,C = A.^B,no
power,builtin,ops,no,1,"C = power(A,B)",no
ppval,function,polyfun,no,0,"v = ppval(pp,xq)",no
prefdir,function,iofun,no,0,folder = prefdir,no
prefdir,function,iofun,no,1,folder = prefdir(1),no
primes,function,specfun,no,0,p = primes(n),no
print,function,printing,yes,0,"print(filename,formattype)",no
print,function,printing,yes,1,"print(filename,formattype,formatoptions)",no
print,function,printing,yes,2,print,no
print,function,printing,yes,3,print(printer),no
print,function,printing,yes,4,print(driver),no
print,function,printing,yes,5,"print(printer,driver)",no
print,function,printing,yes,6,"print('-clipboard',clipboardformat)",no
print,function,printing,yes,7,"print(resize,___)",no
print,function,printing,yes,8,"print(resolution,___)",no
print,function,printing,yes,9,"print(renderer,___)",no
print,function,printing,yes,10,"print('-noui',___)",no
print,function,printing,yes,11,"print(fig,___)",no
print,function,printing,yes,12,cdata = print('-RGBImage');,no
printdlg,function,printing,yes,0,printdlg,no
printdlg,function,printing,yes,1,printdlg(fig),no
printopt,function,local,no,0,"[pcmd,dev] = printopt",no
printpreview,function,printing,yes,0,printpreview,no
printpreview,function,printing,yes,1,printpreview(f),no
prism,function,color,yes,0,c = prism,no
prism,function,color,yes,1,c = prism(m),no
prod,builtin,datafun,no,0,B = prod(A),no
prod,builtin,datafun,no,1,"B = prod(A,'all')",no
prod,builtin,datafun,no,2,"B = prod(A,dim)",no
prod,builtin,datafun,no,3,"B = prod(A,vecdim)",no
prod,builtin,datafun,no,4,"B = prod(___,outtype)",no
prod,builtin,datafun,no,5,"B = prod(___,nanflag)",no
profile,function,codetools,no,0,profile action,no
profile,function,codetools,no,1,profile action option1 ... optionN,no
profile,function,codetools,no,2,profile option1 ... optionN,no
profile,function,codetools,no,3,p = profile('info'),no
profile,function,codetools,no,4,s = profile('status'),no
profsave,function,codetools,no,0,profsave,no
profsave,function,codetools,no,1,profsave(profinfo),no
profsave,function,codetools,no,2,"profsave(profinfo,foldername)",no
propedit,function,uitools,no,0,propedit,no
propedit,function,uitools,no,1,propedit(handle_list),no
properties,keyword,datatypes,no,0,properties(ClassName),no
properties,keyword,datatypes,no,1,properties(obj),no
properties,keyword,datatypes,no,2,p = properties(___),no
propertyeditor,function,plottools,yes,0,propertyeditor('on'),no
propertyeditor,function,plottools,yes,1,propertyeditor('off'),no
propertyeditor,function,plottools,yes,2,propertyeditor('toggle'),no
propertyeditor,function,plottools,yes,3,propertyeditor,no
propertyeditor,function,plottools,yes,4,"propertyeditor(figure_handle,...)",no
psi,builtin,specfun,no,0,Y = psi(X),no
psi,builtin,specfun,no,1,"Y = psi(k,X)",no
publish,function,codetools,no,0,publish(file),no
publish,function,codetools,no,1,"publish(file,format)",no
publish,function,codetools,no,2,"publish(file,Name,Value)",yes
publish,function,codetools,no,3,"publish(file,options)",no
publish,function,codetools,no,4,"my_doc = publish(file,___)",no
pwd,function,general,no,0,pwd,no
pwd,function,general,no,1,currentFolder = pwd,no
pyargs,builtin,python,no,0,"kwa = pyargs(argKey,argValue)",no
pyenv,builtin,python,no,0,pe = pyenv,no
pyenv,builtin,python,no,1,"pe = pyenv('Version',version)",no
pyenv,builtin,python,no,2,"pe = pyenv('Version',executable)",no
pyenv,builtin,python,no,3,"pe = pyenv('ExecutionMode',executionMode)",no
pyenv,builtin,python,no,4,"pe = pyenv('Version',executable,'ExecutionMode',executionMode)",no
pyrun,builtin,python,no,0,pyrun(code),no
pyrun,builtin,python,no,1,"outvars = pyrun(code,outputs)",no
pyrun,builtin,python,no,2,"outvars = pyrun(code,outputs,pyName=pyValue)",no
pyrunfile,builtin,python,no,0,pyrunfile(file),no
pyrunfile,builtin,python,no,1,pyrunfile(file input),no
pyrunfile,builtin,python,no,2,"outvars = pyrunfile(file,outputs)",no
pyrunfile,builtin,python,no,3,"outvars = pyrunfile(file,outputs,pyName=pyValue)",no
pyversion,builtin,python,no,0,pyversion,no
pyversion,builtin,python,no,1,"[version, executable, isloaded] = pyversion",no
pyversion,builtin,python,no,2,___ = pyversion version,no
pyversion,builtin,python,no,3,___ = pyversion executable,no
qmr,function,sparfun,no,0,"x = qmr(A,b)",no
qmr,function,sparfun,no,1,"x = qmr(A,b,tol)",no
qmr,function,sparfun,no,2,"x = qmr(A,b,tol,maxit)",no
qmr,function,sparfun,no,3,"x = qmr(A,b,tol,maxit,M)",no
qmr,function,sparfun,no,4,"x = qmr(A,b,tol,maxit,M1,M2)",no
qmr,function,sparfun,no,5,"x = qmr(A,b,tol,maxit,M1,M2,x0)",no
qmr,function,sparfun,no,6,"[x,flag] = qmr(___)",no
qmr,function,sparfun,no,7,"[x,flag,relres] = qmr(___)",no
qmr,function,sparfun,no,8,"[x,flag,relres,iter] = qmr(___)",no
qmr,function,sparfun,no,9,"[x,flag,relres,iter,resvec] = qmr(___)",no
qr,builtin,matfun,no,0,X = qr(A),no
qr,builtin,matfun,no,1,"[Q,R] = qr(A)",no
qr,builtin,matfun,no,2,"[Q,R,P] = qr(A)",no
qr,builtin,matfun,no,3,"[___] = qr(A,0)",no
qr,builtin,matfun,no,4,"[Q,R,P] = qr(A,outputForm)",no
qr,builtin,matfun,no,5,"[C,R] = qr(S,B)",no
qr,builtin,matfun,no,6,"[C,R,P] = qr(S,B)",no
qr,builtin,matfun,no,7,"[___] = qr(S,B,0)",no
qr,builtin,matfun,no,8,"[C,R,P] = qr(S,B,outputForm)",no
qrdelete,function,matfun,no,0,"[Q1,R1] = qrdelete(Q,R,j)",no
qrdelete,function,matfun,no,1,"[Q1,R1] = qrdelete(Q,R,j,'col')",no
qrdelete,function,matfun,no,2,"[Q1,R1] = qrdelete(Q,R,j,'row')",no
qrinsert,function,matfun,no,0,"[Q1,R1] = qrinsert(Q,R,j,x)",no
qrinsert,function,matfun,no,1,"[Q1,R1] = qrinsert(Q,R,j,x,'col')",no
qrinsert,function,matfun,no,2,"[Q1,R1] = qrinsert(Q,R,j,x,'row')",no
qrupdate,builtin,matfun,no,0,"[Q1,R1] = qrupdate(Q,R,u,v)",no
quad,function,funfun,no,0,"q = quad(fun,a,b)",no
quad,function,funfun,no,1,"q = quad(fun,a,b,tol)",no
quad,function,funfun,no,2,"q = quad(fun,a,b,tol,trace)",no
quad,function,funfun,no,3,"[q,fcnEvals] = quad(___)",no
quad2d,function,funfun,no,0,"q = quad2d(fun,a,b,c,d)",no
quad2d,function,funfun,no,1,"q = quad2d(fun,a,b,c,d,Name,Value)",yes
quad2d,function,funfun,no,2,"[q,E] = quad2d(___)",no
quadgk,function,funfun,no,0,"q = quadgk(fun,a,b)",no
quadgk,function,funfun,no,1,"[q,errbnd] = quadgk(fun,a,b)",no
quadgk,function,funfun,no,2,"[___] = quadgk(fun,a,b,Name,Value)",yes
quadl,function,funfun,no,0,"q = quadl(fun,a,b)",no
quadl,function,funfun,no,1,"q = quadl(fun,a,b,tol)",no
quadl,function,funfun,no,2,"quadl(fun,a,b,tol,trace)",no
quadl,function,funfun,no,3,"[q,fcnt] = quadl(...)",no
quadv,function,funfun,no,0,"Q = quadv(fun,a,b)",no
quadv,function,funfun,no,1,"Q = quadv(fun,a,b,tol)",no
quadv,function,funfun,no,2,"Q = quadv(fun,a,b,tol,trace)",no
quadv,function,funfun,no,3,"[Q,fcnt] = quadv(...)",no
questdlg,function,uitools,no,0,answer = questdlg(quest),no
questdlg,function,uitools,no,1,"answer = questdlg(quest,dlgtitle)",no
questdlg,function,uitools,no,2,"answer = questdlg(quest,dlgtitle,defbtn)",no
questdlg,function,uitools,no,3,"answer = questdlg(quest,dlgtitle,btn1,btn2,defbtn)",no
questdlg,function,uitools,no,4,"answer = questdlg(quest,dlgtitle,btn1,btn2,btn3,defbtn)",no
questdlg,function,uitools,no,5,"answer = questdlg(quest,dlgtitle,opts)",no
questdlg,function,uitools,no,6,"answer = questdlg(quest,dlgtitle,btn1,btn2,opts)",no
questdlg,function,uitools,no,7,"answer = questdlg(quest,dlgtitle,btn1,btn2,btn3,opts)",no
quit,builtin,general,no,0,quit,no
quit,builtin,general,no,1,quit cancel,no
quit,builtin,general,no,2,quit force,no
quit,builtin,general,no,3,quit(code),no
quit,builtin,general,no,4,"quit(code,""force"")",no
quiver,function,specgraph,yes,0,"quiver(X,Y,U,V)",no
quiver,function,specgraph,yes,1,"quiver(U,V)",no
quiver,function,specgraph,yes,2,"quiver(___,scale)",no
quiver,function,specgraph,yes,3,"quiver(___,LineSpec)",no
quiver,function,specgraph,yes,4,"quiver(___,LineSpec,'filled')",no
quiver,function,specgraph,yes,5,"quiver(___,Name,Value)",yes
quiver,function,specgraph,yes,6,"quiver(ax,___)",no
quiver,function,specgraph,yes,7,q = quiver(___),no
quiver3,function,specgraph,yes,0,"quiver3(X,Y,Z,U,V,W)",no
quiver3,function,specgraph,yes,1,"quiver3(Z,U,V,W)",no
quiver3,function,specgraph,yes,2,"quiver3(___,scale)",no
quiver3,function,specgraph,yes,3,"quiver3(___,LineSpec)",no
quiver3,function,specgraph,yes,4,"quiver3(___,LineSpec,'filled')",no
quiver3,function,specgraph,yes,5,"quiver3(___,Name,Value)",yes
quiver3,function,specgraph,yes,6,"quiver3(ax,___)",no
quiver3,function,specgraph,yes,7,q = quiver3(___),no
qz,builtin,matfun,no,0,"[AA,BB,Q,Z] = qz(A,B)",no
qz,builtin,matfun,no,1,"[AA,BB,Q,Z,V,W] = qz(A,B)",no
qz,builtin,matfun,no,2,"qz(A,B,flag)",no
rad2deg,function,elfun,no,0,D = rad2deg(R),no
rand,builtin,randfun,no,0,X = rand,no
rand,builtin,randfun,no,1,X = rand(n),no
rand,builtin,randfun,no,2,"X = rand(sz1,...,szN)",no
rand,builtin,randfun,no,3,X = rand(sz),no
rand,builtin,randfun,no,4,"X = rand(___,typename)",no
rand,builtin,randfun,no,5,"X = rand(___,'like',p)",no
rand,builtin,randfun,no,6,"X = rand(s,___)",no
randi,builtin,randfun,no,0,X = randi(imax),no
randi,builtin,randfun,no,1,"X = randi(imax,n)",no
randi,builtin,randfun,no,2,"X = randi(imax,sz1,...,szN)",no
randi,builtin,randfun,no,3,"X = randi(imax,sz)",no
randi,builtin,randfun,no,4,"X = randi(imax,typename)",no
randi,builtin,randfun,no,5,"X = randi(imax,n,typename)",no
randi,builtin,randfun,no,6,"X = randi(imax,sz1,...,szN,typename)",no
randi,builtin,randfun,no,7,"X = randi(imax,sz,typename)",no
randi,builtin,randfun,no,8,"X = randi(imax,'like',p)",no
randi,builtin,randfun,no,9,"X = randi(imax,n,'like',p)",no
randi,builtin,randfun,no,10,"X = randi(imax,sz1,...,szN,'like',p)",no
randi,builtin,randfun,no,11,"X = randi(imax,sz,'like',p)",no
randi,builtin,randfun,no,12,"X = randi([imin,imax],___)",no
randi,builtin,randfun,no,13,"X = randi(s,___)",no
randn,builtin,randfun,no,0,X = randn,no
randn,builtin,randfun,no,1,X = randn(n),no
randn,builtin,randfun,no,2,"X = randn(sz1,...,szN)",no
randn,builtin,randfun,no,3,X = randn(sz),no
randn,builtin,randfun,no,4,"X = randn(___,typename)",no
randn,builtin,randfun,no,5,"X = randn(___,'like',p)",no
randn,builtin,randfun,no,6,"X = randn(s,___)",no
randperm,builtin,randfun,no,0,p = randperm(n),no
randperm,builtin,randfun,no,1,"p = randperm(n,k)",no
randperm,builtin,randfun,no,2,"p = randperm(s,___)",no
rank,function,matfun,no,0,k = rank(A),no
rank,function,matfun,no,1,"k = rank(A,tol)",no
rat,function,specfun,no,0,R = rat(X),no
rat,function,specfun,no,1,"R = rat(X,tol)",no
rat,function,specfun,no,2,"[N,D] = rat(___)",no
rats,function,specfun,no,0,S = rats(X),no
rats,function,specfun,no,1,"S = rats(X,strlen)",no
rbbox,function,graph2d,yes,0,rbbox,no
rbbox,function,graph2d,yes,1,rbbox(initialRect),no
rbbox,function,graph2d,yes,2,"rbbox(initialRect,fixedPoint)",no
rbbox,function,graph2d,yes,3,"rbbox(initialRect,fixedPoint,stepSize)",no
rbbox,function,graph2d,yes,4,finalRect = rbbox(...),no
rcond,builtin,matfun,no,0,C = rcond(A),no
rdivide,builtin,ops,no,0,x = A./B,no
rdivide,builtin,ops,no,1,"x = rdivide(A,B)",no
readasync,function,,no,0,readasync(obj),no
readasync,function,,no,1,"readasync(obj,size)",no
readcell,function,iofun,no,0,C = readcell(filename),no
readcell,function,iofun,no,1,"C = readcell(filename,opts)",no
readcell,function,iofun,no,2,"C = readcell(___,Name,Value)",yes
readlines,function,general,no,0,S = readlines(filename),no
readlines,function,general,no,1,"S = readlines(filename,Name,Value)",yes
readmatrix,function,iofun,no,0,A = readmatrix(filename),no
readmatrix,function,iofun,no,1,"A = readmatrix(filename,opts)",no
readmatrix,function,iofun,no,2,"A = readmatrix(___,Name,Value)",yes
readstruct,function,iofun,no,0,S = readstruct(filename),no
readstruct,function,iofun,no,1,"S = readstruct(filename,Name,Value)",yes
readtable,function,iofun,no,0,T = readtable(filename),no
readtable,function,iofun,no,1,"T = readtable(filename,opts)",no
readtable,function,iofun,no,2,"T = readtable(___,Name,Value)",yes
readtimetable,function,iofun,no,0,TT = readtimetable(filename),no
readtimetable,function,iofun,no,1,"TT = readtimetable(filename,opts)",no
readtimetable,function,iofun,no,2,"TT = readtimetable(___,Name,Value)",yes
readvars,function,iofun,no,0,"[Var1,Var2,...,VarN] = readvars(filename)",no
readvars,function,iofun,no,1,"[Var1,Var2,...,VarN] = readvars(filename,opts)",no
readvars,function,iofun,no,2,"[Var1,Var2,...,VarN] = readvars(___,Name,Value)",yes
real,builtin,elfun,no,0,X = real(Z),no
reallog,function,elfun,no,0,Y = reallog(X),no
realmax,builtin,elmat,no,0,f = realmax,no
realmax,builtin,elmat,no,1,f = realmax(precision),no
realmin,builtin,elmat,no,0,f = realmin,no
realmin,builtin,elmat,no,1,f = realmin(precision),no
realpow,function,elfun,no,0,"Z = realpow(X,Y)",no
realsqrt,function,elfun,no,0,Y = realsqrt(X),no
record,function,,no,0,record(obj),no
record,function,,no,1,"record(obj,'switch')",no
rectangle,builtin,primitive,yes,0,"rectangle('Position',pos)",no
rectangle,builtin,primitive,yes,1,"rectangle('Position',pos,'Curvature',cur)",no
rectangle,builtin,primitive,yes,2,"rectangle(___,Name,Value)",yes
rectangle,builtin,primitive,yes,3,"rectangle(ax,___)",no
rectangle,builtin,primitive,yes,4,r = rectangle(___),no
rectint,function,polyfun,no,0,"area = rectint(A,B)",no
recycle,builtin,general,no,0,status = recycle,no
recycle,builtin,general,no,1,previousState = recycle(state),no
reducepatch,function,specgraph,yes,0,"reducepatch(p,r)",no
reducepatch,function,specgraph,yes,1,"nfv = reducepatch(p,r)",no
reducepatch,function,specgraph,yes,2,"nfv = reducepatch(fv,r)",no
reducepatch,function,specgraph,yes,3,nfv = reducepatch(p),no
reducepatch,function,specgraph,yes,4,nfv = reducepatch(fv),no
reducepatch,function,specgraph,yes,5,"reducepatch(...,'fast')",no
reducepatch,function,specgraph,yes,6,"reducepatch(...,'verbose')",no
reducepatch,function,specgraph,yes,7,"nfv = reducepatch(f,v,r)",no
reducepatch,function,specgraph,yes,8,"[nf,nv] = reducepatch(...)",no
reducevolume,function,specgraph,yes,0,"[nx,ny,nz,nv] = reducevolume(X,Y,Z,V,[Rx,Ry,Rz])",no
reducevolume,function,specgraph,yes,1,"[nx,ny,nz,nv] = reducevolume(V,[Rx,Ry,Rz])",no
reducevolume,function,specgraph,yes,2,nv = reducevolume(...),no
refresh,function,graphics,yes,0,refresh,no
refresh,function,graphics,yes,1,refresh(h),no
refreshdata,function,graphics,yes,0,refreshdata,no
refreshdata,function,graphics,yes,1,refreshdata(target),no
refreshdata,function,graphics,yes,2,"refreshdata(target,workspace)",no
regexp,builtin,strfun,no,0,"startIndex = regexp(str,expression)",no
regexp,builtin,strfun,no,1,"[startIndex,endIndex] = regexp(str,expression)",no
regexp,builtin,strfun,no,2,"out = regexp(str,expression,outkey)",no
regexp,builtin,strfun,no,3,"[out1,...,outN] = regexp(str,expression,outkey1,...,outkeyN)",no
regexp,builtin,strfun,no,4,"___ = regexp(___,option1,...,optionM)",no
regexp,builtin,strfun,no,5,"___ = regexp(___,'forceCellOutput')",no
regexpPattern,builtin,pattern,no,0,pat = regexpPattern(expression),no
regexpPattern,builtin,pattern,no,1,"pat = regexpPattern(expression,Name,Value)",yes
regexpi,builtin,strfun,no,0,"startIndex = regexpi(str,expression)",no
regexpi,builtin,strfun,no,1,"[startIndex,endIndex] = regexpi(str,expression)",no
regexpi,builtin,strfun,no,2,"out = regexpi(str,expression,outkey)",no
regexpi,builtin,strfun,no,3,"[out1,...,outN] = regexpi(str,expression,outkey1,...,outkeyN)",no
regexpi,builtin,strfun,no,4,"___ = regexpi(___,option1,...,optionM)",no
regexpi,builtin,strfun,no,5,"___ = regexpi(___,'forceCellOutput')",no
regexprep,builtin,strfun,no,0,"newStr = regexprep(str,expression,replace)",no
regexprep,builtin,strfun,no,1,"newStr = regexprep(str,expression,replace,option1,...optionM)",no
regexptranslate,builtin,strfun,no,0,"newStr = regexptranslate(op,str)",no
registerevent,function,winfun,no,0,"registerevent(c,eventhandler)",no
regmatlabserver,function,winfun,no,0,regmatlabserver,no
regmatlabserver,function,winfun,no,1,"[status,message] = regmatlabserver",no
rehash,builtin,general,no,0,rehash,no
rehash,builtin,general,no,1,rehash path,no
rehash,builtin,general,no,2,rehash toolbox,no
rehash,builtin,general,no,3,rehash toolboxcache,no
release,function,,no,0,release(obj),no
rem,builtin,elfun,no,0,"r = rem(a,b)",no
removeToolbarExplorationButtons,function,plottools,yes,0,removeToolbarExplorationButtons(fig),no
rendererinfo,function,graphics,yes,0,info = rendererinfo(target),no
repelem,function,elmat,no,0,"u = repelem(v,n)",no
repelem,function,elmat,no,1,"B = repelem(A,r1,...,rN)",no
replace,function,strfun,no,0,"newStr = replace(str,old,new)",no
replaceBetween,function,strfun,no,0,"newStr = replaceBetween(str,startPat,endPat,newText)",no
replaceBetween,function,strfun,no,1,"newStr = replaceBetween(str,startPos,endPos,newText)",no
replaceBetween,function,strfun,no,2,"newStr = replaceBetween(___,'Boundaries',bounds)",no
repmat,function,elmat,no,0,"B = repmat(A,n)",no
repmat,function,elmat,no,1,"B = repmat(A,r1,...,rN)",no
repmat,function,elmat,no,2,"B = repmat(A,r)",no
rescale,function,datafun,no,0,B = rescale(A),no
rescale,function,datafun,no,1,"B = rescale(A,l,u)",no
rescale,function,datafun,no,2,"B = rescale(___,Name,Value)",yes
reset,builtin,objectsystem,yes,0,reset(h),no
reshape,builtin,elmat,no,0,"B = reshape(A,sz)",no
reshape,builtin,elmat,no,1,"B = reshape(A,sz1,...,szN)",no
residue,function,general,no,0,"[r,p,k] = residue(b,a)",no
residue,function,general,no,1,"[b,a] = residue(r,p,k)",no
restoredefaultpath,function,local,no,0,restoredefaultpath,no
rethrow,builtin,lang,no,0,rethrow(errorStruct),no
return,keyword,lang,no,0,return,no
reverse,function,strfun,no,0,newStr = reverse(str),no
rgb2gray,function,images,no,0,I = rgb2gray(RGB),no
rgb2gray,function,images,no,1,newmap = rgb2gray(map),no
rgb2hsv,function,images,no,0,HSV = rgb2hsv(RGB),no
rgb2hsv,function,images,no,1,hsvmap = rgb2hsv(rgbmap),no
rgb2ind,function,images,no,0,"[X,cmap] = rgb2ind(RGB,Q)",no
rgb2ind,function,images,no,1,"[X,cmap] = rgb2ind(RGB,tol)",no
rgb2ind,function,images,no,2,"X = rgb2ind(RGB,inmap)",no
rgb2ind,function,images,no,3,"___ = rgb2ind(___,dithering)",no
rgbplot,function,specgraph,yes,0,rgbplot(map),no
ribbon,function,specgraph,yes,0,ribbon(Y),no
ribbon,function,specgraph,yes,1,"ribbon(X,Y)",no
ribbon,function,specgraph,yes,2,"ribbon(X,Y,width)",no
ribbon,function,specgraph,yes,3,"ribbon(axes_handle,...)",no
ribbon,function,specgraph,yes,4,h = ribbon(...),no
rlim,function,graph3d,yes,0,rlim(limits),no
rlim,function,graph3d,yes,1,rlim('auto'),no
rlim,function,graph3d,yes,2,rlim('manual'),no
rlim,function,graph3d,yes,3,rl = rlim,no
rlim,function,graph3d,yes,4,m = rlim('mode'),no
rlim,function,graph3d,yes,5,"___ = rlim(pax,___)",no
rmappdata,builtin,objectsystem,yes,0,"rmappdata(obj,name)",no
rmdir,builtin,general,no,0,rmdir folderName,no
rmdir,builtin,general,no,1,rmdir folderName s,no
rmdir,builtin,general,no,2,status = rmdir(___),no
rmdir,builtin,general,no,3,"[status,msg] = rmdir(___)",no
rmdir,builtin,general,no,4,"[status,msg,msgID] = rmdir(___)",no
rmfield,function,datatypes,no,0,"s = rmfield(s,field)",no
rmmissing,function,datafun,no,0,R = rmmissing(A),no
rmmissing,function,datafun,no,1,"R = rmmissing(A,dim)",no
rmmissing,function,datafun,no,2,"R = rmmissing(___,Name,Value)",yes
rmmissing,function,datafun,no,3,"[R,TF] = rmmissing(___)",no
rmoutliers,function,datafun,no,0,B = rmoutliers(A),no
rmoutliers,function,datafun,no,1,"B = rmoutliers(A,method)",no
rmoutliers,function,datafun,no,2,"B = rmoutliers(A,'percentiles',threshold)",no
rmoutliers,function,datafun,no,3,"B = rmoutliers(A,movmethod,window)",no
rmoutliers,function,datafun,no,4,"B = rmoutliers(___,dim)",no
rmoutliers,function,datafun,no,5,"B = rmoutliers(___,Name,Value)",yes
rmoutliers,function,datafun,no,6,"[B,TF] = rmoutliers(___)",no
rmpath,function,general,no,0,rmpath(folderName),no
rmpref,function,uitools,no,0,"rmpref(group,pref)",no
rmpref,function,uitools,no,1,rmpref(group),no
rmprop,function,,no,0,"T = rmprop(T,propertyNames)",no
rng,function,randfun,no,0,rng(seed),no
rng,function,randfun,no,1,"rng(seed,generator)",no
rng,function,randfun,no,2,s = rng,no
roots,function,polyfun,no,0,r = roots(p),no
rose,function,specgraph,yes,0,rose(theta),no
rose,function,specgraph,yes,1,"rose(theta,x)",no
rose,function,specgraph,yes,2,"rose(theta,nbins)",no
rose,function,specgraph,yes,3,"rose(ax,...)",no
rose,function,specgraph,yes,4,h = rose(...),no
rose,function,specgraph,yes,5,"[tout,rout] = rose(...)",no
rosser,function,elmat,no,0,A = rosser,no
rosser,function,elmat,no,1,A = rosser(classname),no
rot90,function,elmat,no,0,B = rot90(A),no
rot90,function,elmat,no,1,"B = rot90(A,k)",no
rotate,function,specgraph,yes,0,"rotate(h,direction,alpha)",no
rotate,function,specgraph,yes,1,"rotate(...,origin)",no
rotate3d,function,graph3d,yes,0,rotate3d on,no
rotate3d,function,graph3d,yes,1,rotate3d off,no
rotate3d,function,graph3d,yes,2,rotate3d,no
rotate3d,function,graph3d,yes,3,"rotate3d(figure_handle,...)",no
rotate3d,function,graph3d,yes,4,"rotate3d(axes_handle,...)",no
rotate3d,function,graph3d,yes,5,h = rotate3d(figure_handle),no
round,builtin,elfun,no,0,Y = round(X),no
round,builtin,elfun,no,1,"Y = round(X,N)",no
round,builtin,elfun,no,2,"Y = round(X,N,type)",no
round,builtin,elfun,no,3,Y = round(t),no
round,builtin,elfun,no,4,"Y = round(t,unit)",no
rowfun,function,,no,0,"B = rowfun(func,A)",no
rowfun,function,,no,1,"B = rowfun(func,A,Name,Value)",yes
rows2vars,function,,no,0,T2 = rows2vars(T1),no
rows2vars,function,,no,1,"T2 = rows2vars(T1,Name,Value)",yes
rref,function,matfun,no,0,R = rref(A),no
rref,function,matfun,no,1,"R = rref(A,tol)",no
rref,function,matfun,no,2,"[R,p] = rref(A)",no
rsf2csf,function,matfun,no,0,"[Unew,Tnew] = rsf2csf(U,T)",no
rtickangle,function,graph3d,yes,0,rtickangle(angle),no
rtickangle,function,graph3d,yes,1,"rtickangle(pax,angle)",no
rtickangle,function,graph3d,yes,2,ang = rtickangle,no
rtickangle,function,graph3d,yes,3,ang = rtickangle(pax),no
rtickformat,function,graph3d,yes,0,rtickformat(fmt),no
rtickformat,function,graph3d,yes,1,"rtickformat(pax,___)",no
rtickformat,function,graph3d,yes,2,rfmt = rtickformat,no
rtickformat,function,graph3d,yes,3,rfmt = rtickformat(pax),no
rticklabels,function,graph3d,yes,0,rticklabels(labels),no
rticklabels,function,graph3d,yes,1,rl = rticklabels,no
rticklabels,function,graph3d,yes,2,rticklabels('auto'),no
rticklabels,function,graph3d,yes,3,rticklabels('manual'),no
rticklabels,function,graph3d,yes,4,m = rticklabels('mode'),no
rticklabels,function,graph3d,yes,5,"___ = rticklabels(pax,___)",no
rticks,function,graph3d,yes,0,rticks(ticks),no
rticks,function,graph3d,yes,1,rt = rticks,no
rticks,function,graph3d,yes,2,rticks('auto'),no
rticks,function,graph3d,yes,3,rticks('manual'),no
rticks,function,graph3d,yes,4,m = rticks('mode'),no
rticks,function,graph3d,yes,5,"___ = rticks(pax,___)",no
ruler2num,function,axis,yes,0,"num = ruler2num(data,ruler)",no
run,function,lang,no,0,run(scriptname),no
runperf,function,core,no,0,results = runperf,no
runperf,function,core,no,1,results = runperf(tests),no
runperf,function,core,no,2,"results = runperf(tests,Name,Value)",yes
runtests,function,core,no,0,results = runtests,no
runtests,function,core,no,1,results = runtests(tests),no
runtests,function,core,no,2,"results = runtests(tests,Name,Value)",yes
save,builtin,general,no,0,save(filename),no
save,builtin,general,no,1,"save(filename,variables)",no
save,builtin,general,no,2,"save(filename,variables,fmt)",no
save,builtin,general,no,3,"save(filename,variables,version)",no
save,builtin,general,no,4,"save(filename,variables,version,'-nocompression')",no
save,builtin,general,no,5,"save(filename,variables,'-append')",no
save,builtin,general,no,6,"save(filename,variables,'-append','-nocompression')",no
save,builtin,general,no,7,save filename,no
saveas,function,general,no,0,"saveas(fig,filename)",no
saveas,function,general,no,1,"saveas(fig,filename,formattype)",no
savefig,function,objectsystem,yes,0,savefig(filename),no
savefig,function,objectsystem,yes,1,"savefig(H,filename)",no
savefig,function,objectsystem,yes,2,"savefig(H,filename,'compact')",no
saveobj,builtin,datatypes,no,0,b = saveobj(a),no
savepath,function,general,no,0,savepath,no
savepath,function,general,no,1,savepath folderName/pathdef.m,no
savepath,function,general,no,2,status = savepath(___),no
scatter,function,graphics,yes,0,"scatter(x,y)",no
scatter,function,graphics,yes,1,"scatter(x,y,sz)",no
scatter,function,graphics,yes,2,"scatter(x,y,sz,c)",no
scatter,function,graphics,yes,3,"scatter(___,'filled')",no
scatter,function,graphics,yes,4,"scatter(___,mkr)",no
scatter,function,graphics,yes,5,"scatter(tbl,xvar,yvar)",no
scatter,function,graphics,yes,6,"scatter(tbl,xvar,yvar,'filled')",no
scatter,function,graphics,yes,7,"scatter(ax,___)",no
scatter,function,graphics,yes,8,"scatter(___,Name,Value)",yes
scatter,function,graphics,yes,9,s = scatter(___),no
scatter3,function,graphics,yes,0,"scatter3(X,Y,Z)",no
scatter3,function,graphics,yes,1,"scatter3(X,Y,Z,S)",no
scatter3,function,graphics,yes,2,"scatter3(X,Y,Z,S,C)",no
scatter3,function,graphics,yes,3,"scatter3(___,'filled')",no
scatter3,function,graphics,yes,4,"scatter3(___,markertype)",no
scatter3,function,graphics,yes,5,"scatter3(tbl,xvar,yvar,zvar)",no
scatter3,function,graphics,yes,6,"scatter3(tbl,xvar,yvar,zvar,'filled')",no
scatter3,function,graphics,yes,7,"scatter3(ax,___)",no
scatter3,function,graphics,yes,8,"scatter3(___,Name,Value)",yes
scatter3,function,graphics,yes,9,h = scatter3(___),no
scatterhistogram,function,specgraph,yes,0,"scatterhistogram(tbl,xvar,yvar)",no
scatterhistogram,function,specgraph,yes,1,"scatterhistogram(tbl,xvar,yvar,'GroupVariable',grpvar)",no
scatterhistogram,function,specgraph,yes,2,"scatterhistogram(xvalues,yvalues)",no
scatterhistogram,function,specgraph,yes,3,"scatterhistogram(xvalues,yvalues,'GroupData',grpvalues)",no
scatterhistogram,function,specgraph,yes,4,"scatterhistogram(___,Name,Value)",yes
scatterhistogram,function,specgraph,yes,5,"scatterhistogram(parent,___)",no
scatterhistogram,function,specgraph,yes,6,s = scatterhistogram(___),no
schur,function,matfun,no,0,T = schur(A),no
schur,function,matfun,no,1,"T = schur(A,flag)",no
schur,function,matfun,no,2,"[U,T] = schur(A,...)",no
sec,function,elfun,no,0,Y = sec(X),no
secd,function,elfun,no,0,Y = secd(X),no
sech,function,elfun,no,0,Y = sech(X),no
selectmoveresize,builtin,uitools,no,0,A = selectmoveresize,no
selectmoveresize,builtin,uitools,no,1,"set(gca,'ButtonDownFcn','selectmoveresize')",no
semilogx,builtin,graph2d,yes,0,"semilogx(X,Y)",no
semilogx,builtin,graph2d,yes,1,"semilogx(X,Y,LineSpec)",no
semilogx,builtin,graph2d,yes,2,"semilogx(X1,Y1,...,Xn,Yn)",no
semilogx,builtin,graph2d,yes,3,"semilogx(X1,Y1,LineSpec1,...,Xn,Yn,LineSpecn)",no
semilogx,builtin,graph2d,yes,4,semilogx(Y),no
semilogx,builtin,graph2d,yes,5,"semilogx(Y,LineSpec)",no
semilogx,builtin,graph2d,yes,6,"semilogx(___,Name,Value)",yes
semilogx,builtin,graph2d,yes,7,"semilogx(ax,___)",no
semilogx,builtin,graph2d,yes,8,lineobj = semilogx(___),no
semilogy,builtin,graph2d,yes,0,"semilogy(X,Y)",no
semilogy,builtin,graph2d,yes,1,"semilogy(X,Y,LineSpec)",no
semilogy,builtin,graph2d,yes,2,"semilogy(X1,Y1,...,Xn,Yn)",no
semilogy,builtin,graph2d,yes,3,"semilogy(X1,Y1,LineSpec1,...,Xn,Yn,LineSpecn)",no
semilogy,builtin,graph2d,yes,4,semilogy(Y),no
semilogy,builtin,graph2d,yes,5,"semilogy(Y,LineSpec)",no
semilogy,builtin,graph2d,yes,6,"semilogy(___,Name,Value)",yes
semilogy,builtin,graph2d,yes,7,"semilogy(ax,___)",no
semilogy,builtin,graph2d,yes,8,lineobj = semilogy(___),no
sendmail,function,iofun,no,0,"sendmail(recipients,subject)",no
sendmail,function,iofun,no,1,"sendmail(recipients,subject,message)",no
sendmail,function,iofun,no,2,"sendmail(recipients,subject,message,attachments)",no
serial,function,@serial,no,0,s = serial('port'),no
serial,function,@serial,no,1,"s = serial('port',Name,Value)",yes
serialExplorer,function,serialportapp,no,0,serialExplorer,no
serialbreak,function,,no,0,serialbreak(obj),no
serialbreak,function,,no,1,"serialbreak(obj,time)",no
seriallist,function,serial,no,0,seriallist,no
serialportlist,function,serialport,no,0,serialportlist,no
serialportlist,function,serialport,no,1,"serialportlist(""all"")",no
serialportlist,function,serialport,no,2,"serialportlist(""available"")",no
set,builtin,objectsystem,yes,0,"set(H,Name,Value)",yes
set,builtin,objectsystem,yes,1,"set(H,NameArray,ValueArray)",no
set,builtin,objectsystem,yes,2,"set(H,S)",no
set,builtin,objectsystem,yes,3,s = set(H),no
set,builtin,objectsystem,yes,4,"values = set(H,Name)",no
setappdata,builtin,objectsystem,yes,0,"setappdata(obj,name,val)",no
setenv,builtin,general,no,0,"setenv(name,value)",no
setenv,builtin,general,no,1,setenv(name),no
setfield,function,datatypes,no,0,"S = setfield(S,field,value)",no
setfield,function,datatypes,no,1,"S = setfield(S,field1,...,fieldN,value)",no
setfield,function,datatypes,no,2,"S = setfield(S,idx,field1,...,fieldN,value)",no
setfield,function,datatypes,no,3,"S = setfield(S,idx,field1,idx1,...,fieldN,idxN,value)",no
setpixelposition,function,uitools,no,0,"pos = setpixelposition(c,position)",no
setpixelposition,function,uitools,no,1,"pos = setpixelposition(c,position,isrecursive)",no
setpref,function,uitools,no,0,"setpref(group,pref,value)",no
setstr,builtin,strfun,no,0,,no
settings,function,configtools,no,0,s = settings,no
setup,function,,no,0,setup(obj),no
setup,function,,no,1,"setup(obj,input1,...,inputN)",no
sgtitle,function,graph2d,yes,0,sgtitle(txt),no
sgtitle,function,graph2d,yes,1,"sgtitle(target,txt)",no
sgtitle,function,graph2d,yes,2,"sgtitle(___,Name,Value)",yes
sgtitle,function,graph2d,yes,3,sgt = sgtitle(___),no
shading,function,graph3d,yes,0,shading flat,no
shading,function,graph3d,yes,1,shading faceted,no
shading,function,graph3d,yes,2,shading interp,no
shading,function,graph3d,yes,3,"shading(axes_handle,...)",no
sheetnames,function,spreadsheet,no,0,sheets = sheetnames(filename),no
shg,function,graphics,yes,0,shg,no
shiftdim,function,elmat,no,0,"B = shiftdim(A,n)",no
shiftdim,function,elmat,no,1,B = shiftdim(A),no
shiftdim,function,elmat,no,2,"[B,m] = shiftdim(A)",no
showplottool,function,plottools,yes,0,showplottool('tool'),no
showplottool,function,plottools,yes,1,"showplottool('on','tool')",no
showplottool,function,plottools,yes,2,"showplottool('off','tool')",no
showplottool,function,plottools,yes,3,"showplottool('toggle','tool')",no
showplottool,function,plottools,yes,4,"showplottool(figure_handle,...)",no
shrinkfaces,function,specgraph,yes,0,"shrinkfaces(p,sf)",no
shrinkfaces,function,specgraph,yes,1,"nfv = shrinkfaces(p,sf)",no
shrinkfaces,function,specgraph,yes,2,"nfv = shrinkfaces(fv,sf)",no
shrinkfaces,function,specgraph,yes,3,shrinkfaces(p),no
shrinkfaces,function,specgraph,yes,4,"nfv = shrinkfaces(f,v,sf)",no
shrinkfaces,function,specgraph,yes,5,"[nf,nv] = shrinkfaces(...)",no
sign,builtin,elfun,no,0,sign(x),no
sin,builtin,elfun,no,0,Y = sin(X),no
sind,builtin,elfun,no,0,Y = sind(X),no
sinh,builtin,elfun,no,0,Y = sinh(X),no
size,builtin,elmat,no,0,sz = size(A),no
size,builtin,elmat,no,1,"szdim = size(A,dim)",no
size,builtin,elmat,no,2,"szdim = size(A,dim1,dim2,…,dimN)",no
size,builtin,elmat,no,3,"[sz1,...,szN] = size(___)",no
slice,function,specgraph,yes,0,"slice(X,Y,Z,V,xslice,yslice,zslice)",no
slice,function,specgraph,yes,1,"slice(V,xslice,yslice,zslice)",no
slice,function,specgraph,yes,2,"slice(___,method)",no
slice,function,specgraph,yes,3,"slice(ax,___)",no
slice,function,specgraph,yes,4,s = slice(___),no
smooth3,function,specgraph,yes,0,"ret = smooth3(data, filt, sz, arg)",no
smoothdata,function,datafun,no,0,B = smoothdata(A),no
smoothdata,function,datafun,no,1,"B = smoothdata(A,dim)",no
smoothdata,function,datafun,no,2,"B = smoothdata(___,method)",no
smoothdata,function,datafun,no,3,"B = smoothdata(___,method,window)",no
smoothdata,function,datafun,no,4,"B = smoothdata(___,nanflag)",no
smoothdata,function,datafun,no,5,"B = smoothdata(___,Name,Value)",yes
smoothdata,function,datafun,no,6,"[B,window] = smoothdata(___)",no
snapnow,function,codetools,no,0,snapnow,no
sort,builtin,datafun,no,0,B = sort(A),no
sort,builtin,datafun,no,1,"B = sort(A,dim)",no
sort,builtin,datafun,no,2,"B = sort(___,direction)",no
sort,builtin,datafun,no,3,"B = sort(___,Name,Value)",yes
sort,builtin,datafun,no,4,"[B,I] = sort(___)",no
sortx,function,,no,0,"sortx(h,row)",no
sortx,function,,no,1,"sortx(h,row,direction)",no
sortx,function,,no,2,"sortx(___,'MissingPlacement',lcn)",no
sortx,function,,no,3,sortx(h),no
sortx,function,,no,4,C = sortx(___),no
sortx,function,,no,5,"[C,x] = sortx(___)",no
sorty,function,,no,0,"sorty(h,column)",no
sorty,function,,no,1,"sorty(h,column,direction)",no
sorty,function,,no,2,"sorty(___,'MissingPlacement',lcn)",no
sorty,function,,no,3,sorty(h),no
sorty,function,,no,4,C = sorty(___),no
sorty,function,,no,5,"[C,y] = sorty(___)",no
sound,function,audiovideo,no,0,sound(y),no
sound,function,audiovideo,no,1,"sound(y,Fs)",no
sound,function,audiovideo,no,2,"sound(y,Fs,nBits)",no
soundsc,function,audiovideo,no,0,soundsc(y),no
soundsc,function,audiovideo,no,1,"soundsc(y,Fs)",no
soundsc,function,audiovideo,no,2,"soundsc(y,Fs,nBits)",no
soundsc,function,audiovideo,no,3,"soundsc(___,yRange)",no
spalloc,function,sparfun,no,0,"S = spalloc(m,n,nz)",no
sparse,builtin,sparfun,no,0,S = sparse(A),no
sparse,builtin,sparfun,no,1,"S = sparse(m,n)",no
sparse,builtin,sparfun,no,2,"S = sparse(i,j,v)",no
sparse,builtin,sparfun,no,3,"S = sparse(i,j,v,m,n)",no
sparse,builtin,sparfun,no,4,"S = sparse(i,j,v,m,n,nz)",no
spaugment,function,sparfun,no,0,"S = spaugment(A,c)",no
spaugment,function,sparfun,no,1,S = spaugment(A),no
spconvert,function,sparfun,no,0,S = spconvert(D),no
spdiags,function,sparfun,no,0,Bout = spdiags(A),no
spdiags,function,sparfun,no,1,"[Bout,id] = spdiags(A)",no
spdiags,function,sparfun,no,2,"Bout = spdiags(A,d)",no
spdiags,function,sparfun,no,3,"S = spdiags(Bin,d,m,n)",no
spdiags,function,sparfun,no,4,"S = spdiags(Bin,d,A)",no
specular,function,graph3d,yes,0,"R = specular(Nx,Ny,Nz,S,V)",no
speye,builtin,sparfun,no,0,S = speye,no
speye,builtin,sparfun,no,1,S = speye(n),no
speye,builtin,sparfun,no,2,"S = speye(n,m)",no
speye,builtin,sparfun,no,3,S = speye(sz),no
spfun,function,sparfun,no,0,"F = spfun(func,S)",no
sph2cart,function,specfun,no,0,"[x,y,z] = sph2cart(azimuth,elevation,r)",no
sphere,function,specgraph,yes,0,"[X,Y,Z] = sphere",no
sphere,function,specgraph,yes,1,"[X,Y,Z] = sphere(n)",no
sphere,function,specgraph,yes,2,sphere(___),no
sphere,function,specgraph,yes,3,"sphere(ax,___)",no
spinmap,function,specgraph,yes,0,spinmap,no
spinmap,function,specgraph,yes,1,spinmap(t),no
spinmap,function,specgraph,yes,2,"spinmap(t,n)",no
spline,function,polyfun,no,0,"s = spline(x,y,xq)",no
spline,function,polyfun,no,1,"pp = spline(x,y)",no
split,function,strfun,no,0,newStr = split(str),no
split,function,strfun,no,1,"newStr = split(str,delimiter)",no
split,function,strfun,no,2,"newStr = split(str,delimiter,dim)",no
split,function,strfun,no,3,"[newStr,match] = split(___)",no
splitapply,function,datafun,no,0,"Y = splitapply(func,X,G)",no
splitapply,function,datafun,no,1,"Y = splitapply(func,X1,...,XN,G)",no
splitapply,function,datafun,no,2,"Y = splitapply(func,T,G)",no
splitapply,function,datafun,no,3,"[Y1,...,YM] = splitapply(___)",no
splitlines,function,strfun,no,0,newStr = splitlines(str),no
spones,function,sparfun,no,0,R = spones(S),no
spparms,function,sparfun,no,0,"spparms('key',value)",no
spparms,function,sparfun,no,1,spparms,no
spparms,function,sparfun,no,2,values = spparms,no
spparms,function,sparfun,no,3,"[keys,values] = spparms",no
spparms,function,sparfun,no,4,spparms(values),no
spparms,function,sparfun,no,5,value = spparms('key'),no
spparms,function,sparfun,no,6,spparms('default'),no
spparms,function,sparfun,no,7,spparms('tight'),no
sprand,function,sparfun,no,0,R = sprand(S),no
sprand,function,sparfun,no,1,"R = sprand(m,n,density)",no
sprand,function,sparfun,no,2,"R = sprand(m,n,density,rc)",no
sprandn,function,sparfun,no,0,R = sprandn(S),no
sprandn,function,sparfun,no,1,"R = sprandn(m,n,density)",no
sprandn,function,sparfun,no,2,"R = sprandn(m,n,density,rc)",no
sprandsym,function,sparfun,no,0,R = sprandsym(S),no
sprandsym,function,sparfun,no,1,"R = sprandsym(n,density)",no
sprandsym,function,sparfun,no,2,"R = sprandsym(n,density,rc)",no
sprandsym,function,sparfun,no,3,"R = sprandsym(n,density,rc,kind)",no
sprandsym,function,sparfun,no,4,"R = sprandsym(S,[],rc,3)",no
sprank,function,sparfun,no,0,r = sprank(A),no
spring,function,color,yes,0,c = spring,no
spring,function,color,yes,1,c = spring(m),no
sprintf,builtin,strfun,no,0,"str = sprintf(formatSpec,A1,...,An)",no
sprintf,builtin,strfun,no,1,"[str,errmsg] = sprintf(formatSpec,A1,...,An)",no
sprintf,builtin,strfun,no,2,str = sprintf(literalText),no
spy,function,sparfun,no,0,spy(S),no
spy,function,sparfun,no,1,"spy(S,LineSpec)",no
spy,function,sparfun,no,2,"spy(___,MarkerSize)",no
sqrt,builtin,elfun,no,0,B = sqrt(X),no
sqrtm,function,matfun,no,0,X = sqrtm(A),no
sqrtm,function,matfun,no,1,"[X,residual] = sqrtm(A)",no
sqrtm,function,matfun,no,2,"[X,alpha,condx] = sqrtm(A)",no
squeeze,function,elmat,no,0,B = squeeze(A),no
ss2tf,function,general,no,0,"[b,a] = ss2tf(A,B,C,D)",no
ss2tf,function,general,no,1,"[b,a] = ss2tf(A,B,C,D,ni)",no
sscanf,builtin,strfun,no,0,"A = sscanf(str,formatSpec)",no
sscanf,builtin,strfun,no,1,"A = sscanf(str,formatSpec,sizeA)",no
sscanf,builtin,strfun,no,2,"[A,n] = sscanf(___)",no
sscanf,builtin,strfun,no,3,"[A,n,errmsg] = sscanf(___)",no
sscanf,builtin,strfun,no,4,"[A,n,errmsg,nextindex] = sscanf(___)",no
stackedplot,function,specgraph,yes,0,stackedplot(tbl),no
stackedplot,function,specgraph,yes,1,"stackedplot(tbl,vars)",no
stackedplot,function,specgraph,yes,2,"stackedplot(___,'XVariable',xvar)",no
stackedplot,function,specgraph,yes,3,"stackedplot(X,Y)",no
stackedplot,function,specgraph,yes,4,stackedplot(Y),no
stackedplot,function,specgraph,yes,5,"stackedplot(___,LineSpec)",no
stackedplot,function,specgraph,yes,6,"stackedplot(___,Name,Value)",yes
stackedplot,function,specgraph,yes,7,"stackedplot(parent,___)",no
stackedplot,function,specgraph,yes,8,s = stackedplot(___),no
stairs,function,specgraph,yes,0,stairs(Y),no
stairs,function,specgraph,yes,1,"stairs(X,Y)",no
stairs,function,specgraph,yes,2,"stairs(___,LineSpec)",no
stairs,function,specgraph,yes,3,"stairs(___,Name,Value)",yes
stairs,function,specgraph,yes,4,"stairs(ax,___)",no
stairs,function,specgraph,yes,5,h = stairs(___),no
stairs,function,specgraph,yes,6,"[xb,yb] = stairs(___)",no
standardizeMissing,function,datafun,no,0,"B = standardizeMissing(A,indicator)",no
standardizeMissing,function,datafun,no,1,"B = standardizeMissing(A,indicator,'DataVariables',datavars)",no
startsWith,builtin,strfun,no,0,"TF = startsWith(str,pat)",no
startsWith,builtin,strfun,no,1,"TF = startsWith(str,pat,'IgnoreCase',true)",no
startup,function,,no,0,startup,no
stats,function,,no,0,s = stats(mfcn),no
std,function,datafun,no,0,S = std(A),no
std,function,datafun,no,1,"S = std(A,w)",no
std,function,datafun,no,2,"S = std(A,w,'all')",no
std,function,datafun,no,3,"S = std(A,w,dim)",no
std,function,datafun,no,4,"S = std(A,w,vecdim)",no
std,function,datafun,no,5,"S = std(___,nanflag)",no
stem,function,specgraph,yes,0,stem(Y),no
stem,function,specgraph,yes,1,"stem(X,Y)",no
stem,function,specgraph,yes,2,"stem(___,'filled')",no
stem,function,specgraph,yes,3,"stem(___,LineSpec)",no
stem,function,specgraph,yes,4,"stem(___,Name,Value)",yes
stem,function,specgraph,yes,5,"stem(ax,___)",no
stem,function,specgraph,yes,6,h = stem(___),no
stem3,function,specgraph,yes,0,stem3(Z),no
stem3,function,specgraph,yes,1,"stem3(X,Y,Z)",no
stem3,function,specgraph,yes,2,"stem3(___,'filled')",no
stem3,function,specgraph,yes,3,"stem3(___,LineSpec)",no
stem3,function,specgraph,yes,4,"stem3(___,Name,Value)",yes
stem3,function,specgraph,yes,5,"stem3(ax,___)",no
stem3,function,specgraph,yes,6,h = stem3(___),no
step,function,,no,0,"step(obj,___)",no
stlread,function,polyfun,no,0,TR = stlread(filename),no
stlread,function,polyfun,no,1,"[TR,fileformat,attributes,solidID] = stlread(filename)",no
stlwrite,function,polyfun,no,0,"stlwrite(TR,filename)",no
stlwrite,function,polyfun,no,1,"stlwrite(TR,filename,fileformat)",no
stlwrite,function,polyfun,no,2,"stlwrite(___,Name,Value)",yes
stopasync,function,,no,0,stopasync(obj),no
str2double,function,strfun,no,0,X = str2double(str),no
str2func,builtin,datatypes,no,0,fh = str2func(str),no
str2mat,function,strfun,no,0,"S = str2mat(T1, T2, T3, ...)",no
str2num,function,strfun,no,0,X = str2num(chr),no
str2num,function,strfun,no,1,"[X,tf] = str2num(chr)",no
strcat,function,strfun,no,0,"s = strcat(s1,...,sN)",no
strcmp,builtin,strfun,no,0,"tf = strcmp(s1,s2)",no
strcmpi,builtin,strfun,no,0,"tf = strcmpi(s1,s2)",no
stream2,function,specgraph,yes,0,"XY = stream2(x,y,u,v,startx,starty)",no
stream2,function,specgraph,yes,1,"XY = stream2(u,v,startx,starty)",no
stream2,function,specgraph,yes,2,"XY = stream2(...,options)",no
stream3,function,specgraph,yes,0,"XYZ = stream3(X,Y,Z,U,V,W,startx,starty,startz)",no
stream3,function,specgraph,yes,1,"XYZ = stream3(U,V,W,startx,starty,startz)",no
stream3,function,specgraph,yes,2,"XYZ = stream3(...,options)",no
streamline,function,specgraph,yes,0,"streamline(X,Y,Z,U,V,W,startx,starty,startz)",no
streamline,function,specgraph,yes,1,"streamline(U,V,W,startx,starty,startz)",no
streamline,function,specgraph,yes,2,"streamline(X,Y,U,V,startx,starty)",no
streamline,function,specgraph,yes,3,"streamline(U,V,startx,starty)",no
streamline,function,specgraph,yes,4,streamline(verts),no
streamline,function,specgraph,yes,5,"streamline(___,options)",no
streamline,function,specgraph,yes,6,"streamline(ax,___)",no
streamline,function,specgraph,yes,7,lineobj = streamline(___),no
streamparticles,function,specgraph,yes,0,streamparticles(vertices),no
streamparticles,function,specgraph,yes,1,"streamparticles(vertices,n)",no
streamparticles,function,specgraph,yes,2,"streamparticles(...,'PropertyName',PropertyValue,...)",no
streamparticles,function,specgraph,yes,3,"streamparticles(ax,...)",no
streamparticles,function,specgraph,yes,4,"streamparticles(line_handle,...)",no
streamparticles,function,specgraph,yes,5,h = streamparticles(...),no
streamribbon,function,specgraph,yes,0,"streamribbon(X,Y,Z,U,V,W,startx,starty,startz)",no
streamribbon,function,specgraph,yes,1,"streamribbon(U,V,W,startx,starty,startz)",no
streamribbon,function,specgraph,yes,2,"streamribbon(vertices,X,Y,Z,cav,speed)",no
streamribbon,function,specgraph,yes,3,"streamribbon(vertices,cav,speed)",no
streamribbon,function,specgraph,yes,4,"streamribbon(vertices,twistangle)",no
streamribbon,function,specgraph,yes,5,"streamribbon(...,width)",no
streamribbon,function,specgraph,yes,6,"streamribbon(axes_handle,...)",no
streamribbon,function,specgraph,yes,7,h = streamribbon(...),no
streamslice,function,specgraph,yes,0,"streamslice(X,Y,Z,U,V,W,xslice,yslice,zslice)",no
streamslice,function,specgraph,yes,1,"streamslice(U,V,W,xslice,yslice,zslice)",no
streamslice,function,specgraph,yes,2,"streamslice(X,Y,U,V)",no
streamslice,function,specgraph,yes,3,"streamslice(U,V)",no
streamslice,function,specgraph,yes,4,"streamslice(___,arrowsmode)",no
streamslice,function,specgraph,yes,5,"streamslice(___,density)",no
streamslice,function,specgraph,yes,6,"streamslice(___,method)",no
streamslice,function,specgraph,yes,7,"streamslice(ax,___)",no
streamslice,function,specgraph,yes,8,lineobj = streamslice(___),no
streamslice,function,specgraph,yes,9,"[verts,averts] = streamslice(___)",no
streamtube,function,specgraph,yes,0,"streamtube(X,Y,Z,U,V,W,startx,starty,startz)",no
streamtube,function,specgraph,yes,1,"streamtube(U,V,W,startx,starty,startz)",no
streamtube,function,specgraph,yes,2,"streamtube(vertices,X,Y,Z,divergence)",no
streamtube,function,specgraph,yes,3,"streamtube(vertices,divergence)",no
streamtube,function,specgraph,yes,4,"streamtube(vertices,width)",no
streamtube,function,specgraph,yes,5,streamtube(vertices),no
streamtube,function,specgraph,yes,6,"streamtube(...,[scale n])",no
streamtube,function,specgraph,yes,7,"streamtube(ax,...)",no
streamtube,function,specgraph,yes,8,h = streamtube(...),no
strfind,builtin,strfun,no,0,"k = strfind(str,pat)",no
strfind,builtin,strfun,no,1,"k = strfind(str,pat,'ForceCellOutput',cellOutput)",no
strings,builtin,strfun,no,0,str = strings,no
strings,builtin,strfun,no,1,str = strings(n),no
strings,builtin,strfun,no,2,"str = strings(sz1,...,szN)",no
strings,builtin,strfun,no,3,str = strings(sz),no
strip,function,strfun,no,0,newStr = strip(str),no
strip,function,strfun,no,1,"newStr = strip(str,side)",no
strip,function,strfun,no,2,"newStr = strip(___,stripCharacter)",no
strjoin,function,strfun,no,0,str = strjoin(C),no
strjoin,function,strfun,no,1,"str = strjoin(C,delimiter)",no
strjust,function,strfun,no,0,newStr = strjust(str),no
strjust,function,strfun,no,1,"newStr = strjust(str,side)",no
strlength,builtin,strfun,no,0,L = strlength(str),no
strmatch,function,strfun,no,0,"x = strmatch(str, strarray)",no
strmatch,function,strfun,no,1,"x = strmatch(str, strarray, 'exact')",no
strncmp,builtin,strfun,no,0,"tf = strncmp(s1,s2,n)",no
strncmpi,builtin,strfun,no,0,"tf = strncmpi(s1,s2,n)",no
strread,function,strfun,no,0,A = strread(str),no
strread,function,strfun,no,1,"[A,B,...] = strread(str)",no
strread,function,strfun,no,2,"[A,B,...] = strread(str,format)",no
strread,function,strfun,no,3,"[A,B,...] = strread(str,format,N)",no
strread,function,strfun,no,4,"[A,B,...] = strread(___,Name,Value)",yes
strrep,builtin,strfun,no,0,"newStr = strrep(str,old,new)",no
strsplit,function,strfun,no,0,C = strsplit(str),no
strsplit,function,strfun,no,1,"C = strsplit(str,delimiter)",no
strsplit,function,strfun,no,2,"C = strsplit(str,delimiter,Name,Value)",yes
strsplit,function,strfun,no,3,"[C,matches] = strsplit(___)",no
strtok,function,strfun,no,0,token = strtok(str),no
strtok,function,strfun,no,1,"token = strtok(str,delimiters)",no
strtok,function,strfun,no,2,"[token,remain] = strtok(___)",no
strtrim,builtin,strfun,no,0,newStr = strtrim(str),no
struct2cell,builtin,datatypes,no,0,C = struct2cell(S),no
struct2table,function,tabular,no,0,T = struct2table(S),no
struct2table,function,tabular,no,1,"T = struct2table(S,Name,Value)",yes
structfun,builtin,datatypes,no,0,"A = structfun(func,S)",no
structfun,builtin,datatypes,no,1,"A = structfun(func,S,Name,Value)",yes
structfun,builtin,datatypes,no,2,"[A1,...,Am] = structfun(___)",no
strvcat,function,strfun,no,0,"S = strvcat(str1,...,strN)",no
strvcat,function,strfun,no,1,S = strvcat(txt),no
sub2ind,function,elmat,no,0,"ind = sub2ind(sz,row,col)",no
sub2ind,function,elmat,no,1,"ind = sub2ind(sz,I1,I2,...,In)",no
subplot,function,graph2d,yes,0,"subplot(m,n,p)",no
subplot,function,graph2d,yes,1,"subplot(m,n,p,'replace')",no
subplot,function,graph2d,yes,2,"subplot(m,n,p,'align')",no
subplot,function,graph2d,yes,3,"subplot(m,n,p,ax)",no
subplot,function,graph2d,yes,4,"subplot('Position',pos)",no
subplot,function,graph2d,yes,5,"subplot(___,Name,Value)",yes
subplot,function,graph2d,yes,6,ax = subplot(___),no
subplot,function,graph2d,yes,7,subplot(ax),no
subsasgn,builtin,ops,no,0,"A = subsasgn(A,S,B)",no
subsindex,builtin,ops,no,0,ind = subsindex(A),no
subspace,function,datafun,no,0,"theta = subspace(A,B)",no
subsref,builtin,ops,no,0,"B = subsref(A,S)",no
substruct,function,datatypes,no,0,"S = substruct(type1, subs1, type2, subs2, ...)",no
subtitle,function,graph2d,yes,0,subtitle(txt),no
subtitle,function,graph2d,yes,1,"subtitle(___,Name,Value)",yes
subtitle,function,graph2d,yes,2,"subtitle(target,___)",no
subtitle,function,graph2d,yes,3,t = subtitle(___),no
subvolume,function,specgraph,yes,0,"[Nx,Ny,Nz,Nv] = subvolume(X,Y,Z,V,limits)",no
subvolume,function,specgraph,yes,1,"[Nx,Ny,Nz,Nv] = subvolume(V,limits)",no
subvolume,function,specgraph,yes,2,Nv = subvolume(...),no
sum,builtin,datafun,no,0,S = sum(A),no
sum,builtin,datafun,no,1,"S = sum(A,'all')",no
sum,builtin,datafun,no,2,"S = sum(A,dim)",no
sum,builtin,datafun,no,3,"S = sum(A,vecdim)",no
sum,builtin,datafun,no,4,"S = sum(___,outtype)",no
sum,builtin,datafun,no,5,"S = sum(___,nanflag)",no
summer,function,color,yes,0,c = summer,no
summer,function,color,yes,1,c = summer(m),no
superclasses,builtin,datatypes,no,0,superclasses(ClassName),no
superclasses,builtin,datatypes,no,1,superclasses(obj),no
superclasses,builtin,datatypes,no,2,s = superclasses(___),no
support,function,helptools,no,0,support,no
supportPackageInstaller,function,supportPackageInstaller,no,0,supportPackageInstaller,no
surf,function,graph3d,yes,0,"surf(X,Y,Z)",no
surf,function,graph3d,yes,1,"surf(X,Y,Z,C)",no
surf,function,graph3d,yes,2,surf(Z),no
surf,function,graph3d,yes,3,"surf(Z,C)",no
surf,function,graph3d,yes,4,"surf(ax,___)",no
surf,function,graph3d,yes,5,"surf(___,Name,Value)",yes
surf,function,graph3d,yes,6,s = surf(___),no
surf2patch,function,primitive,yes,0,fvc = surf2patch(h),no
surf2patch,function,primitive,yes,1,fvc = surf2patch(Z),no
surf2patch,function,primitive,yes,2,"fvc = surf2patch(Z,C)",no
surf2patch,function,primitive,yes,3,"fvc = surf2patch(X,Y,Z)",no
surf2patch,function,primitive,yes,4,"fvc = surf2patch(X,Y,Z,C)",no
surf2patch,function,primitive,yes,5,"fvc = surf2patch(...,'triangles')",no
surf2patch,function,primitive,yes,6,"[f,v,c] = surf2patch(...)",no
surface,builtin,primitive,yes,0,"surface(X,Y,Z)",no
surface,builtin,primitive,yes,1,"surface(X,Y,Z,C)",no
surface,builtin,primitive,yes,2,surface(Z),no
surface,builtin,primitive,yes,3,"surface(Z,C)",no
surface,builtin,primitive,yes,4,"surface(ax,___)",no
surface,builtin,primitive,yes,5,"surface(___,Name,Value)",yes
surface,builtin,primitive,yes,6,s = surface(___),no
surfc,function,specgraph,yes,0,"surfc(X,Y,Z)",no
surfc,function,specgraph,yes,1,"surfc(X,Y,Z,C)",no
surfc,function,specgraph,yes,2,surfc(Z),no
surfc,function,specgraph,yes,3,"surfc(Z,C)",no
surfc,function,specgraph,yes,4,"surfc(ax,___)",no
surfc,function,specgraph,yes,5,"surfc(___,Name,Value)",yes
surfc,function,specgraph,yes,6,sc = surfc(___),no
surfl,function,graph3d,yes,0,"surfl(X,Y,Z)",no
surfl,function,graph3d,yes,1,surfl(Z),no
surfl,function,graph3d,yes,2,"surfl(___,'light')",no
surfl,function,graph3d,yes,3,"surfl(___,s)",no
surfl,function,graph3d,yes,4,"surfl(X,Y,Z,s,k)",no
surfl,function,graph3d,yes,5,"surfl(ax,___)",no
surfl,function,graph3d,yes,6,s = surfl(___),no
surfnorm,function,graph3d,yes,0,"surfnorm(X,Y,Z)",no
surfnorm,function,graph3d,yes,1,surfnorm(Z),no
surfnorm,function,graph3d,yes,2,"surfnorm(ax,___)",no
surfnorm,function,graph3d,yes,3,"surfnorm(___,Name,Value)",yes
surfnorm,function,graph3d,yes,4,"[Nx,Ny,Nz] = surfnorm(___)",no
svds,function,sparfun,no,0,s = svds(A),no
svds,function,sparfun,no,1,"s = svds(A,k)",no
svds,function,sparfun,no,2,"s = svds(A,k,sigma)",no
svds,function,sparfun,no,3,"s = svds(A,k,sigma,Name,Value)",yes
svds,function,sparfun,no,4,"s = svds(A,k,sigma,opts)",no
svds,function,sparfun,no,5,"s = svds(Afun,n,___)",no
svds,function,sparfun,no,6,"[U,S,V] = svds(___)",no
svds,function,sparfun,no,7,"[U,S,V,flag] = svds(___)",no
svdsketch,function,sparfun,no,0,"[U,S,V] = svdsketch(A)",no
svdsketch,function,sparfun,no,1,"[U,S,V] = svdsketch(A,tol)",no
svdsketch,function,sparfun,no,2,"[U,S,V] = svdsketch(A,tol,Name,Value)",yes
svdsketch,function,sparfun,no,3,"[U,S,V,apxErr] = svdsketch(___)",no
swapbytes,function,datatypes,no,0,Y = swapbytes(X),no
swarmchart,function,graphics,yes,0,"swarmchart(x,y)",no
swarmchart,function,graphics,yes,1,"swarmchart(x,y,sz)",no
swarmchart,function,graphics,yes,2,"swarmchart(x,y,sz,c)",no
swarmchart,function,graphics,yes,3,"swarmchart(___,mkr)",no
swarmchart,function,graphics,yes,4,"swarmchart(___,'filled')",no
swarmchart,function,graphics,yes,5,"swarmchart(tbl,xvar,yvar)",no
swarmchart,function,graphics,yes,6,"swarmchart(tbl,xvar,yvar,'filled')",no
swarmchart,function,graphics,yes,7,"swarmchart(ax,___)",no
swarmchart,function,graphics,yes,8,"swarmchart(___,Name,Value)",yes
swarmchart,function,graphics,yes,9,s = swarmchart(___),no
swarmchart3,function,graphics,yes,0,"swarmchart3(x,y,z)",no
swarmchart3,function,graphics,yes,1,"swarmchart3(x,y,z,sz)",no
swarmchart3,function,graphics,yes,2,"swarmchart3(x,y,z,sz,c)",no
swarmchart3,function,graphics,yes,3,"swarmchart3(___,mkr)",no
swarmchart3,function,graphics,yes,4,"swarmchart3(___,'filled')",no
swarmchart3,function,graphics,yes,5,"swarmchart3(tbl,xvar,yvar,zvar)",no
swarmchart3,function,graphics,yes,6,"swarmchart3(tbl,xvar,yvar,zvar,'filled')",no
swarmchart3,function,graphics,yes,7,"swarmchart3(ax,___)",no
swarmchart3,function,graphics,yes,8,"swarmchart3(___,Name,Value)",yes
swarmchart3,function,graphics,yes,9,s = swarmchart3(___),no
switch,keyword,lang,no,0,"switch switch_expression, case case_expression, end",no
sylvester,function,matfun,no,0,"X = sylvester(A,B,C)",no
symamd,function,sparfun,no,0,p = symamd(S),no
symamd,function,sparfun,no,1,"p = symamd(S,knobs)",no
symamd,function,sparfun,no,2,"[p,stats] = symamd(...)",no
symbfact,builtin,sparfun,no,0,count = symbfact(A),no
symbfact,builtin,sparfun,no,1,"count = symbfact(A,'sym')",no
symbfact,builtin,sparfun,no,2,"count = symbfact(A,'col')",no
symbfact,builtin,sparfun,no,3,"count = symbfact(A,'row')",no
symbfact,builtin,sparfun,no,4,"count = symbfact(A,'lo')",no
symbfact,builtin,sparfun,no,5,"[count,h,parent,post,R] = symbfact(...)",no
symbfact,builtin,sparfun,no,6,"[count,h,parent,post,L] = symbfact(A,type,'lower')",no
symmlq,function,sparfun,no,0,"x = symmlq(A,b)",no
symmlq,function,sparfun,no,1,"x = symmlq(A,b,tol)",no
symmlq,function,sparfun,no,2,"x = symmlq(A,b,tol,maxit)",no
symmlq,function,sparfun,no,3,"x = symmlq(A,b,tol,maxit,M)",no
symmlq,function,sparfun,no,4,"x = symmlq(A,b,tol,maxit,M1,M2)",no
symmlq,function,sparfun,no,5,"x = symmlq(A,b,tol,maxit,M1,M2,x0)",no
symmlq,function,sparfun,no,6,"[x,flag] = symmlq(___)",no
symmlq,function,sparfun,no,7,"[x,flag,relres] = symmlq(___)",no
symmlq,function,sparfun,no,8,"[x,flag,relres,iter] = symmlq(___)",no
symmlq,function,sparfun,no,9,"[x,flag,relres,iter,resvec] = symmlq(___)",no
symmlq,function,sparfun,no,10,"[x,flag,relres,iter,resvec,resveccg] = symmlq(___)",no
symrcm,builtin,sparfun,no,0,r = symrcm(S),no
symvar,function,funfun,no,0,C = symvar(expr),no
sysobjupdate,function,system,no,0,sysobjupdate object,no
sysobjupdate,function,system,no,1,sysobjupdate folder,no
sysobjupdate,function,system,no,2,sysobjupdate package,no
sysobjupdate,function,system,no,3,sysobjupdate ___ -inplace,no
sysobjupdate,function,system,no,4,sysobjupdate ___ -inplace -nobackup,no
sysobjupdate,function,system,no,5,sysobjupdate ___ -diff,no
sysobjupdate,function,system,no,6,sysobjupdate ___ -pre command,no
sysobjupdate,function,system,no,7,sysobjupdate ___ -post command,no
sysobjupdate,function,system,no,8,sysobjupdate ___ -actions actionKey,no
sysobjupdate,function,system,no,9,sysobjupdate -listactions,no
sysobjupdate,function,system,no,10,info = sysobjupdate(___),no
system,builtin,general,no,0,status = system(command),no
system,builtin,general,no,1,"[status,cmdout] = system(command)",no
system,builtin,general,no,2,"[status,cmdout] = system(command,'-echo')",no
table2array,function,tabular,no,0,A = table2array(T),no
table2cell,function,tabular,no,0,C = table2cell(T),no
table2struct,function,tabular,no,0,S = table2struct(T),no
table2struct,function,tabular,no,1,"S = table2struct(T,'ToScalar',true)",no
table2timetable,function,tabular,no,0,TT = table2timetable(T),no
table2timetable,function,tabular,no,1,"TT = table2timetable(T,'RowTimes',timeVarName)",no
table2timetable,function,tabular,no,2,"TT = table2timetable(T,'RowTimes',rowTimes)",no
table2timetable,function,tabular,no,3,"TT = table2timetable(T,'SampleRate',Fs)",no
table2timetable,function,tabular,no,4,"TT = table2timetable(T,'TimeStep',dt)",no
table2timetable,function,tabular,no,5,"TT = table2timetable(___,'StartTime',t0)",no
tallrng,function,bigdata,no,0,tallrng('default'),no
tallrng,function,bigdata,no,1,tallrng('shuffle'),no
tallrng,function,bigdata,no,2,tallrng(seed),no
tallrng,function,bigdata,no,3,"tallrng(seed,generator)",no
tallrng,function,bigdata,no,4,"tallrng('shuffle',generator)",no
tallrng,function,bigdata,no,5,state = tallrng,no
tallrng,function,bigdata,no,6,tallrng(state),no
tan,builtin,elfun,no,0,Y = tan(X),no
tand,builtin,elfun,no,0,Y = tand(X),no
tanh,builtin,elfun,no,0,Y = tanh(X),no
tar,function,archive,no,0,"tar(tarfilename,filenames)",no
tar,function,archive,no,1,"tar(tarfilename,filenames,rootfolder)",no
tar,function,archive,no,2,entrynames = tar(___),no
tcpipExplorer,function,tcpclientapp,no,0,tcpipExplorer,no
tempdir,function,iofun,no,0,temp = tempdir,no
tempname,function,iofun,no,0,tmpName = tempname,no
tempname,function,iofun,no,1,tmpName = tempname(folderName),no
testrunner,function,core,no,0,runner = testrunner,no
testrunner,function,core,no,1,runner = testrunner('minimal'),no
testrunner,function,core,no,2,runner = testrunner('textoutput'),no
testsuite,function,core,no,0,suite = testsuite,no
testsuite,function,core,no,1,suite = testsuite(tests),no
testsuite,function,core,no,2,"suite = testsuite(tests,Name,Value)",yes
tetramesh,function,specgraph,yes,0,"tetramesh(T,X)",no
tetramesh,function,specgraph,yes,1,tetramesh(TR),no
tetramesh,function,specgraph,yes,2,"tetramesh(___,c)",no
tetramesh,function,specgraph,yes,3,"tetramesh(___,Name,Value)",yes
tetramesh,function,specgraph,yes,4,h = tetramesh(___),no
texlabel,function,graph2d,yes,0,txt = texlabel(f),no
texlabel,function,graph2d,yes,1,"txt = texlabel(f,'literal')",no
text,builtin,primitive,yes,0,"text(x,y,txt)",no
text,builtin,primitive,yes,1,"text(x,y,z,txt)",no
text,builtin,primitive,yes,2,"text(___,Name,Value)",yes
text,builtin,primitive,yes,3,"text(ax,___)",no
text,builtin,primitive,yes,4,t = text(___),no
textBoundary,builtin,pattern,no,0,pat = textBoundary,no
textBoundary,builtin,pattern,no,1,pat = textBoundary(type),no
textread,function,iofun,no,0,"[Var1,Var2,...,VarN] = textread(filename,format)",no
textread,function,iofun,no,1,"[Var1,Var2,...,VarN] = textread(filename,format,N)",no
textread,function,iofun,no,2,"[Var1,Var2,...,VarN] = textread(___,Name,Value)",yes
textscan,builtin,iofun,no,0,"C = textscan(fileID,formatSpec)",no
textscan,builtin,iofun,no,1,"C = textscan(fileID,formatSpec,N)",no
textscan,builtin,iofun,no,2,"C = textscan(chr,formatSpec)",no
textscan,builtin,iofun,no,3,"C = textscan(chr,formatSpec,N)",no
textscan,builtin,iofun,no,4,"C = textscan(___,Name,Value)",yes
textscan,builtin,iofun,no,5,"[C,position] = textscan(___)",no
textwrap,function,uitools,no,0,"wrappedtext = textwrap(c,txt)",no
textwrap,function,uitools,no,1,"wrappedtext = textwrap(c,txt,numchar)",no
textwrap,function,uitools,no,2,"[wrappedtext,position] = textwrap(___)",no
tfqmr,function,sparfun,no,0,"x = tfqmr(A,b)",no
tfqmr,function,sparfun,no,1,"x = tfqmr(A,b,tol)",no
tfqmr,function,sparfun,no,2,"x = tfqmr(A,b,tol,maxit)",no
tfqmr,function,sparfun,no,3,"x = tfqmr(A,b,tol,maxit,M)",no
tfqmr,function,sparfun,no,4,"x = tfqmr(A,b,tol,maxit,M1,M2)",no
tfqmr,function,sparfun,no,5,"x = tfqmr(A,b,tol,maxit,M1,M2,x0)",no
tfqmr,function,sparfun,no,6,"[x,flag] = tfqmr(___)",no
tfqmr,function,sparfun,no,7,"[x,flag,relres] = tfqmr(___)",no
tfqmr,function,sparfun,no,8,"[x,flag,relres,iter] = tfqmr(___)",no
tfqmr,function,sparfun,no,9,"[x,flag,relres,iter,resvec] = tfqmr(___)",no
thetalim,function,graph3d,yes,0,thetalim(limits),no
thetalim,function,graph3d,yes,1,thetalim('auto'),no
thetalim,function,graph3d,yes,2,thetalim('manual'),no
thetalim,function,graph3d,yes,3,tl = thetalim,no
thetalim,function,graph3d,yes,4,m = thetalim('mode'),no
thetalim,function,graph3d,yes,5,"___ = thetalim(pax,___)",no
thetatickformat,function,graph3d,yes,0,thetatickformat(fmt),no
thetatickformat,function,graph3d,yes,1,"thetatickformat(pax,___)",no
thetatickformat,function,graph3d,yes,2,tfmt = thetatickformat,no
thetatickformat,function,graph3d,yes,3,tfmt = thetatickformat(pax),no
thetaticklabels,function,graph3d,yes,0,thetaticklabels(labels),no
thetaticklabels,function,graph3d,yes,1,tl = thetaticklabels,no
thetaticklabels,function,graph3d,yes,2,thetaticklabels('auto'),no
thetaticklabels,function,graph3d,yes,3,thetaticklabels('manual'),no
thetaticklabels,function,graph3d,yes,4,m = thetaticklabels('mode'),no
thetaticklabels,function,graph3d,yes,5,"___ = thetaticklabels(pax,___)",no
thetaticks,function,graph3d,yes,0,thetaticks(ticks),no
thetaticks,function,graph3d,yes,1,tv = thetaticks,no
thetaticks,function,graph3d,yes,2,thetaticks('auto'),no
thetaticks,function,graph3d,yes,3,thetaticks('manual'),no
thetaticks,function,graph3d,yes,4,m = thetaticks('mode'),no
thetaticks,function,graph3d,yes,5,"___ = thetaticks(pax,___)",no
thingSpeakRead,function,connectivity,no,0,data = thingSpeakRead(channelID),no
thingSpeakRead,function,connectivity,no,1,"data = thingSpeakRead(channelID,Name,Value)",yes
thingSpeakRead,function,connectivity,no,2,"data = thingSpeakRead(___,'ReadKey','channel Read API key')",no
thingSpeakRead,function,connectivity,no,3,"[data,timestamps] = thingSpeakRead(___)",no
thingSpeakRead,function,connectivity,no,4,"[data,timestamps,channelInfo] = thingSpeakRead(___)",no
thingSpeakWrite,function,connectivity,no,0,"thingSpeakWrite(channelID,data,'WriteKey','channel write API key')",no
thingSpeakWrite,function,connectivity,no,1,"thingSpeakWrite(___,Name,Value)",yes
thingSpeakWrite,function,connectivity,no,2,response = thingSpeakWrite(___),no
tic,builtin,timefun,no,0,tic,no
tic,builtin,timefun,no,1,timerVal = tic,no
tiledlayout,function,graphics,yes,0,"tiledlayout(m,n)",no
tiledlayout,function,graphics,yes,1,tiledlayout('flow'),no
tiledlayout,function,graphics,yes,2,"tiledlayout(___,Name,Value)",yes
tiledlayout,function,graphics,yes,3,"tiledlayout(parent,___)",no
tiledlayout,function,graphics,yes,4,t = tiledlayout(___),no
timeit,function,timefun,no,0,t = timeit(f),no
timeit,function,timefun,no,1,"t = timeit(f,numOutputs)",no
timerange,function,tabular,no,0,"S = timerange(startTime,endTime)",no
timerange,function,tabular,no,1,"S = timerange(startTime,endTime,intervalType)",no
timerange,function,tabular,no,2,"S = timerange(startPeriod,endPeriod,unitOfTime)",no
timerange,function,tabular,no,3,"S = timerange(timePeriod,unitOfTime)",no
times,builtin,ops,no,0,C = A.*B,no
times,builtin,ops,no,1,"C = times(A,B)",no
timeseries2timetable,function,tabular,no,0,TT = timeseries2timetable(ts),no
timeseries2timetable,function,tabular,no,1,"TT = timeseries2timetable(ts1,...,tsN)",no
timetable2table,function,tabular,no,0,T = timetable2table(TT),no
timetable2table,function,tabular,no,1,"T = timetable2table(TT,'ConvertRowTimes',false)",no
timezones,function,datetime_nonlibmatlab,no,0,timezones,no
timezones,function,datetime_nonlibmatlab,no,1,timezones(area),no
timezones,function,datetime_nonlibmatlab,no,2,T = timezones(___),no
timezones,function,datetime_nonlibmatlab,no,3,"[T,vers] = timezones(___)",no
title,function,graph2d,yes,0,title(titletext),no
title,function,graph2d,yes,1,"title(titletext,subtitletext)",no
title,function,graph2d,yes,2,"title(___,Name,Value)",yes
title,function,graph2d,yes,3,"title(target,___)",no
title,function,graph2d,yes,4,t = title(___),no
title,function,graph2d,yes,5,"[t,s] = title(___)",no
toc,builtin,timefun,no,0,toc,no
toc,builtin,timefun,no,1,toc(timerVal),no
toc,builtin,timefun,no,2,elapsedTime = toc,no
toc,builtin,timefun,no,3,elapsedTime = toc(timerVal),no
todatenum,function,,no,0,n = todatenum(obj),no
toeplitz,function,elmat,no,0,"T = toeplitz(c,r)",no
toeplitz,function,elmat,no,1,T = toeplitz(r),no
toolboxdir,function,general,no,0,s = toolboxdir(toolboxName),no
transpose,builtin,ops,no,0,B = A.',no
transpose,builtin,ops,no,1,B = transpose(A),no
trapz,function,datafun,no,0,Q = trapz(Y),no
trapz,function,datafun,no,1,"Q = trapz(X,Y)",no
trapz,function,datafun,no,2,"Q = trapz(___,dim)",no
treelayout,function,sparfun,no,0,"[x,y] = treelayout(parent,post)",no
treelayout,function,sparfun,no,1,"[x,y,h,s] = treelayout(parent,post)",no
treeplot,function,sparfun,no,0,treeplot(p),no
treeplot,function,sparfun,no,1,"treeplot(p,NodeSpec,EdgeSpec)",no
tril,builtin,elmat,no,0,L = tril(A),no
tril,builtin,elmat,no,1,"L = tril(A,k)",no
trimesh,function,specgraph,yes,0,"trimesh(T,x,y)",no
trimesh,function,specgraph,yes,1,"trimesh(T,x,y,z)",no
trimesh,function,specgraph,yes,2,"trimesh(x,y,z,c)",no
trimesh,function,specgraph,yes,3,trimesh(TO),no
trimesh,function,specgraph,yes,4,"trimesh(___,Name,Value)",yes
trimesh,function,specgraph,yes,5,h = trimesh(___),no
triplequad,function,funfun,no,0,"q = triplequad(fun,xmin,xmax,ymin,ymax,zmin,zmax)",no
triplequad,function,funfun,no,1,"q = triplequad(fun,xmin,xmax,ymin,ymax,zmin,zmax,tol)",no
triplequad,function,funfun,no,2,"q = triplequad(fun,xmin,xmax,ymin,ymax,zmin,zmax,tol,method)",no
triplot,function,specgraph,yes,0,"triplot(T,x,y)",no
triplot,function,specgraph,yes,1,"triplot(T,x,y,LineSpec)",no
triplot,function,specgraph,yes,2,triplot(TO),no
triplot,function,specgraph,yes,3,"triplot(___,Name,Value)",yes
triplot,function,specgraph,yes,4,h = triplot(___),no
trisurf,function,specgraph,yes,0,"trisurf(T,x,y,z)",no
trisurf,function,specgraph,yes,1,trisurf(TO),no
trisurf,function,specgraph,yes,2,"trisurf(___,c)",no
trisurf,function,specgraph,yes,3,"trisurf(___,Name,Value)",yes
trisurf,function,specgraph,yes,4,h = trisurf(___),no
triu,builtin,elmat,no,0,U = triu(A),no
triu,builtin,elmat,no,1,"U = triu(A,k)",no
true,builtin,elmat,no,0,true,no
true,builtin,elmat,no,1,T = true(n),no
true,builtin,elmat,no,2,T = true(sz),no
true,builtin,elmat,no,3,"T = true(sz1,...,szN)",no
true,builtin,elmat,no,4,"T = true(___,'like',p)",no
try,keyword,lang,no,0,"try statements, catch statements end",no
tsearchn,function,polyfun,no,0,"t = tsearchn(X,TRI,XI)",no
tsearchn,function,polyfun,no,1,"[t,P] = tsearchn(X,TRI,XI)",no
turbo,function,color,yes,0,c = turbo,no
turbo,function,color,yes,1,c = turbo(m),no
type,builtin,general,no,0,type filename,no
typecast,builtin,datatypes,no,0,"Y = typecast(X,type)",no
uialert,function,components,no,0,"uialert(fig,message,title)",no
uialert,function,components,no,1,"uialert(___,Name,Value)",yes
uiaxes,function,axis,yes,0,ax = uiaxes,no
uiaxes,function,axis,yes,1,"ax = uiaxes(Name,Value)",yes
uiaxes,function,axis,yes,2,ax = uiaxes(parent),no
uiaxes,function,axis,yes,3,"ax = uiaxes(parent,Name,Value)",yes
uibutton,function,uicomponents,no,0,btn = uibutton,no
uibutton,function,uicomponents,no,1,btn = uibutton(style),no
uibutton,function,uicomponents,no,2,btn = uibutton(parent),no
uibutton,function,uicomponents,no,3,"btn = uibutton(parent,style)",no
uibutton,function,uicomponents,no,4,"btn = uibutton(___,Name,Value)",yes
uibuttongroup,function,uitools,no,0,bg = uibuttongroup,no
uibuttongroup,function,uitools,no,1,"bg = uibuttongroup(Name,Value)",yes
uibuttongroup,function,uitools,no,2,bg = uibuttongroup(parent),no
uibuttongroup,function,uitools,no,3,"bg = uibuttongroup(parent,Name,Value)",yes
uicheckbox,function,uicomponents,no,0,cbx = uicheckbox,no
uicheckbox,function,uicomponents,no,1,cbx = uicheckbox(parent),no
uicheckbox,function,uicomponents,no,2,"cbx = uicheckbox(___,Name,Value)",yes
uiconfirm,function,components,no,0,"uiconfirm(fig,message,title)",no
uiconfirm,function,components,no,1,"uiconfirm(fig,message,title,Name,Value)",yes
uiconfirm,function,components,no,2,selection = uiconfirm(___),no
uicontextmenu,builtin,graphics,yes,0,cm = uicontextmenu,no
uicontextmenu,builtin,graphics,yes,1,cm = uicontextmenu(parent),no
uicontextmenu,builtin,graphics,yes,2,"cm = uicontextmenu(___,Name,Value)",yes
uicontrol,builtin,graphics,yes,0,c = uicontrol,no
uicontrol,builtin,graphics,yes,1,"c = uicontrol(Name,Value)",yes
uicontrol,builtin,graphics,yes,2,c = uicontrol(parent),no
uicontrol,builtin,graphics,yes,3,"c = uicontrol(parent,Name,Value)",yes
uicontrol,builtin,graphics,yes,4,uicontrol(c),no
uidatepicker,function,uicomponents,no,0,d = uidatepicker,no
uidatepicker,function,uicomponents,no,1,"d = uidatepicker(Name,Value)",yes
uidatepicker,function,uicomponents,no,2,d = uidatepicker(parent),no
uidatepicker,function,uicomponents,no,3,"d = uidatepicker(parent,Name,Value)",yes
uidropdown,function,uicomponents,no,0,dd = uidropdown,no
uidropdown,function,uicomponents,no,1,dd = uidropdown(parent),no
uidropdown,function,uicomponents,no,2,"dd = uidropdown(___,Name,Value)",yes
uieditfield,function,uicomponents,no,0,edt = uieditfield,no
uieditfield,function,uicomponents,no,1,edt = uieditfield(style),no
uieditfield,function,uicomponents,no,2,edt = uieditfield(parent),no
uieditfield,function,uicomponents,no,3,"edt = uieditfield(parent,style)",no
uieditfield,function,uicomponents,no,4,"edt = uieditfield(___,Name,Value)",yes
uifigure,function,components,no,0,fig = uifigure,no
uifigure,function,components,no,1,"fig = uifigure(Name,Value)",yes
uigauge,function,uicomponents,no,0,g = uigauge,no
uigauge,function,uicomponents,no,1,g = uigauge(style),no
uigauge,function,uicomponents,no,2,g = uigauge(parent),no
uigauge,function,uicomponents,no,3,"g = uigauge(parent,style)",no
uigauge,function,uicomponents,no,4,"g = uigauge(___,Name,Value)",yes
uigetdir,function,uitools,no,0,selpath = uigetdir,no
uigetdir,function,uitools,no,1,selpath = uigetdir(path),no
uigetdir,function,uitools,no,2,"selpath = uigetdir(path,title)",no
uigetfile,function,uitools,no,0,file = uigetfile,no
uigetfile,function,uitools,no,1,"[file,path] = uigetfile",no
uigetfile,function,uitools,no,2,"[file,path,indx] = uigetfile",no
uigetfile,function,uitools,no,3,___ = uigetfile(filter),no
uigetfile,function,uitools,no,4,"___ = uigetfile(filter,title)",no
uigetfile,function,uitools,no,5,"___ = uigetfile(filter,title,defname)",no
uigetfile,function,uitools,no,6,"___ = uigetfile(___,'MultiSelect',mode)",no
uigetpref,function,uitools,no,0,"pval = uigetpref(group,pref,title,quest,pbtns)",no
uigetpref,function,uitools,no,1,"[pval,tf] = uigetpref(group,pref,title,quest,pbtns)",no
uigetpref,function,uitools,no,2,"[___] = uigetpref(___,Name,Value)",yes
uigridlayout,function,uicomponents,no,0,g = uigridlayout,no
uigridlayout,function,uicomponents,no,1,g = uigridlayout(parent),no
uigridlayout,function,uicomponents,no,2,"g = uigridlayout(___,sz)",no
uigridlayout,function,uicomponents,no,3,"g = uigridlayout(___,Name,Value)",yes
uihtml,function,uicomponents,no,0,h = uihtml,no
uihtml,function,uicomponents,no,1,h = uihtml(parent),no
uihtml,function,uicomponents,no,2,"h = uihtml(___,Name,Value)",yes
uihyperlink,function,uicomponents,no,0,hlink = uihyperlink,no
uihyperlink,function,uicomponents,no,1,hlink = uihyperlink(parent),no
uihyperlink,function,uicomponents,no,2,"hlink = uihyperlink(___,Name,Value)",yes
uiimage,function,uicomponents,no,0,im = uiimage,no
uiimage,function,uicomponents,no,1,"im = uiimage(Name,Value)",yes
uiimage,function,uicomponents,no,2,im = uiimage(parent),no
uiimage,function,uicomponents,no,3,"im = uiimage(parent,Name,Value)",yes
uiimport,function,codetools,no,0,uiimport,no
uiimport,function,codetools,no,1,uiimport(filename),no
uiimport,function,codetools,no,2,uiimport('-file'),no
uiimport,function,codetools,no,3,uiimport('-pastespecial'),no
uiimport,function,codetools,no,4,S = uiimport(___),no
uiknob,function,uicomponents,no,0,kb = uiknob,no
uiknob,function,uicomponents,no,1,kb = uiknob(style),no
uiknob,function,uicomponents,no,2,kb = uiknob(parent),no
uiknob,function,uicomponents,no,3,"kb = uiknob(parent,style)",no
uiknob,function,uicomponents,no,4,"kb = uiknob(___,Name,Value)",yes
uilabel,function,uicomponents,no,0,lbl = uilabel,no
uilabel,function,uicomponents,no,1,lbl = uilabel(parent),no
uilabel,function,uicomponents,no,2,"lbl = uilabel(___,Name,Value)",yes
uilamp,function,uicomponents,no,0,lmp = uilamp,no
uilamp,function,uicomponents,no,1,lmp = uilamp(parent),no
uilamp,function,uicomponents,no,2,"lmp = uilamp(___,Name,Value)",yes
uilistbox,function,uicomponents,no,0,lb = uilistbox,no
uilistbox,function,uicomponents,no,1,lb = uilistbox(parent),no
uilistbox,function,uicomponents,no,2,"lb = uilistbox(___,Name,Value)",yes
uimenu,builtin,graphics,yes,0,m = uimenu,no
uimenu,builtin,graphics,yes,1,"m = uimenu(Name,Value)",yes
uimenu,builtin,graphics,yes,2,m = uimenu(parent),no
uimenu,builtin,graphics,yes,3,"m = uimenu(parent,Name,Value)",yes
uiopen,function,uitools,no,0,uiopen,no
uiopen,function,uitools,no,1,uiopen(type),no
uiopen,function,uitools,no,2,uiopen(file),no
uiopen,function,uitools,no,3,"uiopen(file,tf)",no
uipanel,builtin,uitools,no,0,p = uipanel,no
uipanel,builtin,uitools,no,1,"p = uipanel(Name,Value)",yes
uipanel,builtin,uitools,no,2,p = uipanel(parent),no
uipanel,builtin,uitools,no,3,"p = uipanel(parent,Name,Value)",yes
uiprogressdlg,function,components,no,0,d = uiprogressdlg(fig),no
uiprogressdlg,function,components,no,1,"d = uiprogressdlg(fig,Name,Value)",yes
uipushtool,builtin,uitools,no,0,pt = uipushtool,no
uipushtool,builtin,uitools,no,1,pt = uipushtool(parent),no
uipushtool,builtin,uitools,no,2,"pt = uipushtool(___,Name,Value)",yes
uiputfile,function,uitools,no,0,file = uiputfile,no
uiputfile,function,uitools,no,1,"[file,path] = uiputfile",no
uiputfile,function,uitools,no,2,"[file,path,indx] = uiputfile",no
uiputfile,function,uitools,no,3,___ = uiputfile(filter),no
uiputfile,function,uitools,no,4,"___ = uiputfile(filter,title)",no
uiputfile,function,uitools,no,5,"___ = uiputfile(filter,title,defname)",no
uiradiobutton,function,uicomponents,no,0,rb = uiradiobutton,no
uiradiobutton,function,uicomponents,no,1,rb = uiradiobutton(parent),no
uiradiobutton,function,uicomponents,no,2,"rb = uiradiobutton(___,Name,Value)",yes
uiresume,function,uitools,no,0,uiresume,no
uiresume,function,uitools,no,1,uiresume(f),no
uisave,function,uitools,no,0,uisave,no
uisave,function,uitools,no,1,uisave(vars),no
uisave,function,uitools,no,2,"uisave(vars,file)",no
uisetcolor,function,uitools,no,0,c = uisetcolor,no
uisetcolor,function,uitools,no,1,c = uisetcolor(RGB),no
uisetcolor,function,uitools,no,2,c = uisetcolor(obj),no
uisetcolor,function,uitools,no,3,"c = uisetcolor(___,title)",no
uisetfont,function,uitools,no,0,uisetfont,no
uisetfont,function,uitools,no,1,uisetfont(h),no
uisetfont,function,uitools,no,2,uisetfont(optsin),no
uisetfont,function,uitools,no,3,"uisetfont(___,title)",no
uisetfont,function,uitools,no,4,optsout = uisetfont(___),no
uisetpref,function,uitools,no,0,p = uisetpref('clearall'),no
uislider,function,uicomponents,no,0,sld = uislider,no
uislider,function,uicomponents,no,1,sld = uislider(parent),no
uislider,function,uicomponents,no,2,"sld = uislider(___,Name,Value)",yes
uispinner,function,uicomponents,no,0,spn = uispinner,no
uispinner,function,uicomponents,no,1,spn = uispinner(parent),no
uispinner,function,uicomponents,no,2,"spn = uispinner(___,Name,Value)",yes
uistack,function,uitools,no,0,uistack(comp),no
uistack,function,uitools,no,1,"uistack(comp,moveto)",no
uistack,function,uitools,no,2,"uistack(comp,moveto,step)",no
uistyle,function,style,no,0,s = uistyle,no
uistyle,function,style,no,1,"s = uistyle(Name,Value)",yes
uiswitch,function,uicomponents,no,0,sw = uiswitch,no
uiswitch,function,uicomponents,no,1,sw = uiswitch(style),no
uiswitch,function,uicomponents,no,2,sw = uiswitch(parent),no
uiswitch,function,uicomponents,no,3,"sw = uiswitch(parent,style)",no
uiswitch,function,uicomponents,no,4,"sw = uiswitch(___,Name,Value)",yes
uitab,function,uitools,no,0,t = uitab,no
uitab,function,uitools,no,1,"t = uitab(Name,Value)",yes
uitab,function,uitools,no,2,t = uitab(parent),no
uitab,function,uitools,no,3,"t = uitab(parent,Name,Value)",yes
uitabgroup,function,uitools,no,0,tg = uitabgroup,no
uitabgroup,function,uitools,no,1,"tg = uitabgroup(Name,Value)",yes
uitabgroup,function,uitools,no,2,tg = uitabgroup(parent),no
uitabgroup,function,uitools,no,3,"tg = uitabgroup(parent,Name,Value)",yes
uitable,function,uitools,no,0,uit = uitable,no
uitable,function,uitools,no,1,"uit = uitable(Name,Value)",yes
uitable,function,uitools,no,2,uit = uitable(parent),no
uitable,function,uitools,no,3,"uit = uitable(parent,Name,Value)",yes
uitextarea,function,uicomponents,no,0,txa = uitextarea,no
uitextarea,function,uicomponents,no,1,txa = uitextarea(parent),no
uitextarea,function,uicomponents,no,2,"txa = uitextarea(___,Name,Value)",yes
uitogglebutton,function,uicomponents,no,0,tb = uitogglebutton,no
uitogglebutton,function,uicomponents,no,1,tb = uitogglebutton(parent),no
uitogglebutton,function,uicomponents,no,2,"tb = uitogglebutton(___,Name,Value)",yes
uitoggletool,builtin,uitools,no,0,tt = uitoggletool,no
uitoggletool,builtin,uitools,no,1,tt = uitoggletool(parent),no
uitoggletool,builtin,uitools,no,2,"tt = uitoggletool(___,Name,Value)",yes
uitoolbar,builtin,uitools,no,0,tb = uitoolbar,no
uitoolbar,builtin,uitools,no,1,tb = uitoolbar(parent),no
uitoolbar,builtin,uitools,no,2,"tb = uitoolbar(___,Name,Value)",yes
uitree,function,uicomponents,no,0,t = uitree,no
uitree,function,uicomponents,no,1,t = uitree(style),no
uitree,function,uicomponents,no,2,t = uitree(parent),no
uitree,function,uicomponents,no,3,"t = uitree(parent,style)",no
uitree,function,uicomponents,no,4,"t = uitree(___,Name,Value)",yes
uitreenode,function,uicomponents,no,0,node = uitreenode,no
uitreenode,function,uicomponents,no,1,node = uitreenode(parent),no
uitreenode,function,uicomponents,no,2,"node = uitreenode(parent,sibling)",no
uitreenode,function,uicomponents,no,3,"node = uitreenode(parent,sibling,location)",no
uitreenode,function,uicomponents,no,4,"node = uitreenode(___,Name,Value)",yes
uiwait,function,uitools,no,0,uiwait,no
uiwait,function,uitools,no,1,uiwait(f),no
uiwait,function,uitools,no,2,"uiwait(f,timeout)",no
uminus,builtin,ops,no,0,C = -A,no
uminus,builtin,ops,no,1,C = uminus(A),no
underlyingType,builtin,datatypes,no,0,typename = underlyingType(X),no
underlyingValue,function,,no,0,underlyingValue(cppEnum),no
undocheckout,function,,no,0,undocheckout('filename'),no
undocheckout,function,,no,1,"undocheckout({'filename1','filename2', ...,'filenamen'})",no
unicode2native,builtin,strfun,no,0,bytes = unicode2native(unicodestr),no
unicode2native,builtin,strfun,no,1,"bytes = unicode2native(unicodestr,encoding)",no
uniquetol,builtin,ops,no,0,"C = uniquetol(A,tol)",no
uniquetol,builtin,ops,no,1,C = uniquetol(A),no
uniquetol,builtin,ops,no,2,"C = uniquetol(A,tol,occurrence)",no
uniquetol,builtin,ops,no,3,"[C,IA,IC] = uniquetol(___)",no
uniquetol,builtin,ops,no,4,"[___] = uniquetol(___,Name,Value)",yes
unix,function,general,no,0,"[status,cmdout] = unix(command)",no
unloadlibrary,builtin,general,no,0,unloadlibrary libname,no
unmesh,function,sparfun,no,0,"[L,XY] = unmesh(E)",no
unmkpp,function,polyfun,no,0,"[breaks,coefs,L,order,dim] = unmkpp(pp)",no
unregisterallevents,function,winfun,no,0,unregisterallevents(c),no
unregisterevent,function,winfun,no,0,"unregisterevent(c,eventhandler)",no
unstack,function,,no,0,"U = unstack(S,vars,ivar)",no
unstack,function,,no,1,"U = unstack(S,vars,ivar,Name,Value)",yes
unstack,function,,no,2,"[U,is] = unstack(___)",no
untar,function,archive,no,0,untar(tarfilename),no
untar,function,archive,no,1,"untar(tarfilename,outputfolder)",no
untar,function,archive,no,2,filenames = untar(___),no
unwrap,function,elfun,no,0,Q = unwrap(P),no
unwrap,function,elfun,no,1,"Q = unwrap(P,tol)",no
unwrap,function,elfun,no,2,"Q = unwrap(P,[],dim)",no
unwrap,function,elfun,no,3,"Q = unwrap(P,tol,dim)",no
unzip,function,archive,no,0,unzip(zipfilename),no
unzip,function,archive,no,1,"unzip(zipfilename,outputfolder)",no
unzip,function,archive,no,2,filenames = unzip(___),no
upgradePreviouslyInstalledSupportPackages,function,upgrade,no,0,upgradePreviouslyInstalledSupportPackages,no
uplus,builtin,ops,no,0,C = +A,no
uplus,builtin,ops,no,1,C = uplus(A),no
upper,builtin,strfun,no,0,newStr = upper(str),no
urlread,function,iofun,no,0,str = urlread(URL),no
urlread,function,iofun,no,1,"str = urlread(URL,Name,Value)",yes
urlread,function,iofun,no,2,"[str,status] = urlread(___)",no
urlwrite,function,iofun,no,0,"urlwrite(URL,filename)",no
urlwrite,function,iofun,no,1,"urlwrite(URL,filename,Name,Value)",yes
urlwrite,function,iofun,no,2,"[filestr,status] = urlwrite(___)",no
usejava,function,general,no,0,tf = usejava(feature),no
userpath,function,local,no,0,userpath,no
userpath,function,local,no,1,userpath(newpath),no
userpath,function,local,no,2,userpath('reset'),no
userpath,function,local,no,3,userpath('clear'),no
validateFunctionSignaturesJSON,function,codetools,no,0,validateFunctionSignaturesJSON,no
validateFunctionSignaturesJSON,function,codetools,no,1,validateFunctionSignaturesJSON(filenames),no
validateFunctionSignaturesJSON,function,codetools,no,2,T = validateFunctionSignaturesJSON(___),no
validateattributes,function,lang,no,0,"validateattributes(A,classes,attributes)",no
validateattributes,function,lang,no,1,"validateattributes(A,classes,attributes,argIndex)",no
validateattributes,function,lang,no,2,"validateattributes(A,classes,attributes,funcName)",no
validateattributes,function,lang,no,3,"validateattributes(A,classes,attributes,funcName,varName)",no
validateattributes,function,lang,no,4,"validateattributes(A,classes,attributes,funcName,varName,argIndex)",no
validatecolor,function,color,yes,0,RGB = validatecolor(colors),no
validatecolor,function,color,yes,1,"RGB = validatecolor(colors,sz)",no
validatestring,function,lang,no,0,"matchedStr = validatestring(str,validStrings)",no
validatestring,function,lang,no,1,"matchedStr = validatestring(str,validStrings,argIdx)",no
validatestring,function,lang,no,2,"matchedStr = validatestring(str,validStrings,funcName)",no
validatestring,function,lang,no,3,"matchedStr = validatestring(str,validStrings,funcName,varName)",no
validatestring,function,lang,no,4,"matchedStr = validatestring(str,validStrings,funcName,varName,argIdx)",no
vander,function,elmat,no,0,A = vander(v),no
var,function,datafun,no,0,V = var(A),no
var,function,datafun,no,1,"V = var(A,w)",no
var,function,datafun,no,2,"V = var(A,w,'all')",no
var,function,datafun,no,3,"V = var(A,w,dim)",no
var,function,datafun,no,4,"V = var(A,w,vecdim)",no
var,function,datafun,no,5,"V = var(___,nanflag)",no
varargin,keyword,lang,no,0,varargin,no
varargout,keyword,lang,no,0,varargout,no
varfun,function,,no,0,"B = varfun(func,A)",no
varfun,function,,no,1,"B = varfun(func,A,Name,Value)",yes
vartype,function,tabular,no,0,S = vartype(type),no
vecnorm,builtin,matfun,no,0,N = vecnorm(A),no
vecnorm,builtin,matfun,no,1,"N = vecnorm(A,p)",no
vecnorm,builtin,matfun,no,2,"N = vecnorm(A,p,dim)",no
vectorize,function,funfun,no,0,cdot = vectorize(c),no
ver,function,general,no,0,ver,no
ver,function,general,no,1,ver product,no
ver,function,general,no,2,product_info = ver(product),no
ver,function,general,no,3,ver -support,no
verLessThan,function,general,no,0,"tf = verLessThan(toolbox,version)",no
verctrl,function,verctrl,no,0,"verctrl('action',{'filename1','filename2',....},0)",no
verctrl,function,verctrl,no,1,"result=verctrl('action',{'filename1','filename2',....},0)",no
verctrl,function,verctrl,no,2,"verctrl('action','filename',0)",no
verctrl,function,verctrl,no,3,"result=verctrl('isdiff','filename',0)",no
verctrl,function,verctrl,no,4,list = verctrl('all_systems'),no
version,builtin,local,no,0,version,no
version,builtin,local,no,1,v = version('-versionOption'),no
version,builtin,local,no,2,[v d] = version,no
vertcat,builtin,ops,no,0,"C = vertcat(A,B)",no
vertcat,builtin,ops,no,1,"C = vertcat(A1,A2,…,An)",no
view,function,graph3d,yes,0,"view(az,el)",no
view,function,graph3d,yes,1,view(v),no
view,function,graph3d,yes,2,view(dim),no
view,function,graph3d,yes,3,"view(ax,___)",no
view,function,graph3d,yes,4,"[caz,cel] = view(___)",no
viewmtx,function,graph3d,yes,0,viewmtx,no
viewmtx,function,graph3d,yes,1,"T = viewmtx(az,el)",no
viewmtx,function,graph3d,yes,2,"T = viewmtx(az,el,phi)",no
viewmtx,function,graph3d,yes,3,"T = viewmtx(az,el,phi,xc)",no
visdiff,function,comparisons,no,0,"visdiff(name1,name2)",no
visdiff,function,comparisons,no,1,"visdiff(name1,name2,type)",no
visdiff,function,comparisons,no,2,comparison=visdiff(___),no
volumebounds,function,specgraph,yes,0,"lims = volumebounds(X,Y,Z,V)",no
volumebounds,function,specgraph,yes,1,"lims = volumebounds(X,Y,Z,U,V,W)",no
volumebounds,function,specgraph,yes,2,lims = volumebounds(V),no
volumebounds,function,specgraph,yes,3,"lims = volumebounds(U,V,W)",no
voronoi,function,specgraph,yes,0,"voronoi(x,y)",no
voronoi,function,specgraph,yes,1,"voronoi(x,y,T)",no
voronoi,function,specgraph,yes,2,voronoi(TO),no
voronoi,function,specgraph,yes,3,"[vx,vy] = voronoi(___)",no
voronoi,function,specgraph,yes,4,h = voronoi(___),no
voronoin,function,polyfun,no,0,"[v,c] = voronoin(P)",no
voronoin,function,polyfun,no,1,"[v,c] = voronoin(P,opts)",no
waitbar,function,uitools,no,0,"f = waitbar(x,msg)",no
waitbar,function,uitools,no,1,"f = waitbar(x,msg,Name,Value)",yes
waitbar,function,uitools,no,2,waitbar(x),no
waitbar,function,uitools,no,3,"waitbar(x,f)",no
waitbar,function,uitools,no,4,"waitbar(x,f,msg)",no
waitfor,builtin,uitools,no,0,waitfor(obj),no
waitfor,builtin,uitools,no,1,"waitfor(obj,propname)",no
waitfor,builtin,uitools,no,2,"waitfor(obj,propname,propvalue)",no
waitforbuttonpress,builtin,uitools,no,0,w = waitforbuttonpress,no
warndlg,function,uitools,no,0,f = warndlg(msg),no
warndlg,function,uitools,no,1,"f = warndlg(msg,title)",no
warndlg,function,uitools,no,2,"f = warndlg(msg,title,opts)",no
warndlg,function,uitools,no,3,f = warndlg,no
warning,builtin,lang,no,0,warning(msg),no
warning,builtin,lang,no,1,"warning(msg,A1,...,An)",no
warning,builtin,lang,no,2,"warning(warnID,___)",no
warning,builtin,lang,no,3,warning(state),no
warning,builtin,lang,no,4,"warning(state,warnID)",no
warning,builtin,lang,no,5,warning,no
warning,builtin,lang,no,6,warnStruct = warning,no
warning,builtin,lang,no,7,warning(warnStruct),no
warning,builtin,lang,no,8,"warning(state,mode)",no
warning,builtin,lang,no,9,"warnStruct = warning(state,mode)",no
waterfall,function,specgraph,yes,0,"waterfall(X,Y,Z)",no
waterfall,function,specgraph,yes,1,"waterfall(X,Y,Z,C)",no
waterfall,function,specgraph,yes,2,waterfall(Z),no
waterfall,function,specgraph,yes,3,"waterfall(Z,C)",no
waterfall,function,specgraph,yes,4,"waterfall(ax,___)",no
waterfall,function,specgraph,yes,5,p = waterfall(___),no
web,function,helptools,no,0,web,no
web,function,helptools,no,1,web(url),no
web,function,helptools,no,2,"web(url,opt)",no
web,function,helptools,no,3,"web(url,opt1,...,optN)",no
web,function,helptools,no,4,stat = web(___),no
web,function,helptools,no,5,"[stat,h] = web(___)",no
web,function,helptools,no,6,"[stat,h,url] = web(___)",no
weboptions,function,restful,no,0,options = weboptions,no
weboptions,function,restful,no,1,"options = weboptions(Name,Value)",yes
webread,function,restful,no,0,data = webread(url),no
webread,function,restful,no,1,"data = webread(url,QueryName1,QueryValue1,...,QueryNameN,QueryValueN)",no
webread,function,restful,no,2,"data = webread(___,options)",no
webread,function,restful,no,3,"[data,colormap,alpha] = webread(___)",no
webread,function,restful,no,4,"[data,Fs] = webread(___)",no
websave,function,restful,no,0,"outfilename = websave(filename,url)",no
websave,function,restful,no,1,"outfilename = websave(filename,url,QueryName1,QueryValue1,...,QueryNameN,QueryValueN)",no
websave,function,restful,no,2,"outfilename = websave(___,options)",no
webwrite,function,restful,no,0,"response = webwrite(url,PostName1,PostValue1,...,PostNameN,PostValueN)",no
webwrite,function,restful,no,1,"response = webwrite(url,data)",no
webwrite,function,restful,no,2,"response = webwrite(___,options)",no
weekday,function,timefun,no,0,DayNumber = weekday(D),no
weekday,function,timefun,no,1,"[DayNumber,DayName] = weekday(D)",no
weekday,function,timefun,no,2,"[DayNumber,DayName] = weekday(D,DayForm)",no
weekday,function,timefun,no,3,"[DayNumber,DayName] = weekday(D,language)",no
weekday,function,timefun,no,4,"[DayNumber,DayName] = weekday(D,DayForm,language)",no
what,builtin,general,no,0,what,no
what,builtin,general,no,1,what folderName,no
what,builtin,general,no,2,s = what(___),no
whatsnew,function,helptools,no,0,whatsnew,no
which,builtin,general,no,0,which item,no
which,builtin,general,no,1,which fun1 in fun2,no
which,builtin,general,no,2,which ___ -all,no
which,builtin,general,no,3,str = which(item),no
which,builtin,general,no,4,"str = which(fun1,'in',fun2)",no
which,builtin,general,no,5,"str = which(___,'-all')",no
while,keyword,lang,no,0,"while expression, statements, end",no
whitebg,function,graph3d,yes,0,whitebg,no
whitebg,function,graph3d,yes,1,whitebg(fig),no
whitebg,function,graph3d,yes,2,whitebg(c),no
whitebg,function,graph3d,yes,3,"whitebg(fig,c)",no
whitespaceBoundary,builtin,pattern,no,0,pat = whitespaceBoundary,no
whitespaceBoundary,builtin,pattern,no,1,pat = whitespaceBoundary(type),no
whitespacePattern,builtin,pattern,no,0,pat = whitespacePattern,no
whitespacePattern,builtin,pattern,no,1,pat = whitespacePattern(N),no
whitespacePattern,builtin,pattern,no,2,"pat = whitespacePattern(minCharacters,maxCharacters)",no
who,builtin,general,no,0,who,no
who,builtin,general,no,1,who -file filename,no
who,builtin,general,no,2,who global,no
who,builtin,general,no,3,who ___ var1 ... varN,no
who,builtin,general,no,4,who ___ -regexp expr1 ... exprN,no
who,builtin,general,no,5,C = who(___),no
whos,builtin,general,no,0,whos,no
whos,builtin,general,no,1,whos -file filename,no
whos,builtin,general,no,2,whos global,no
whos,builtin,general,no,3,whos ___ var1 ... varN,no
whos,builtin,general,no,4,whos ___ -regexp expr1 ... exprN,no
whos,builtin,general,no,5,S = whos(___),no
width,function,elmat,no,0,W = width(T),no
wildcardPattern,builtin,pattern,no,0,pat = wildcardPattern,no
wildcardPattern,builtin,pattern,no,1,pat = wildcardPattern(N),no
wildcardPattern,builtin,pattern,no,2,"pat = wildcardPattern(minCharacters,maxCharacters)",no
wildcardPattern,builtin,pattern,no,3,"pat = wildcardPattern(___,""Except"",exceptPat)",no
wilkinson,function,elmat,no,0,W = wilkinson(n),no
wilkinson,function,elmat,no,1,"W = wilkinson(n,classname)",no
winopen,function,winfun,no,0,winopen name,no
winqueryreg,builtin,winfun,no,0,"valnames = winqueryreg('name',rootkey,subkey)",no
winqueryreg,builtin,winfun,no,1,"value = winqueryreg(rootkey,subkey,valname)",no
winqueryreg,builtin,winfun,no,2,"value = winqueryreg(rootkey,subkey)",no
winter,function,color,yes,0,c = winter,no
winter,function,color,yes,1,c = winter(m),no
withtol,function,tabular,no,0,"S = withtol(rowTimes,tol)",no
wordcloud,function,specgraph,yes,0,"wordcloud(tbl,wordVar,sizeVar)",no
wordcloud,function,specgraph,yes,1,"wordcloud(words,sizeData)",no
wordcloud,function,specgraph,yes,2,wordcloud(C),no
wordcloud,function,specgraph,yes,3,"wordcloud(___,Name,Value)",yes
wordcloud,function,specgraph,yes,4,"wordcloud(parent,___)",no
wordcloud,function,specgraph,yes,5,wc = wordcloud(___),no
writecell,function,iofun,no,0,writecell(C),no
writecell,function,iofun,no,1,"writecell(C,filename)",no
writecell,function,iofun,no,2,"writecell(___,Name,Value)",yes
writematrix,function,iofun,no,0,writematrix(A),no
writematrix,function,iofun,no,1,"writematrix(A,filename)",no
writematrix,function,iofun,no,2,"writematrix(___,Name,Value)",yes
writestruct,function,iofun,no,0,"writestruct(S,filename)",no
writestruct,function,iofun,no,1,"writestruct(S,filename,Name,Value)",yes
writetable,function,iofun,no,0,writetable(T),no
writetable,function,iofun,no,1,"writetable(T,filename)",no
writetable,function,iofun,no,2,"writetable(___,Name,Value)",yes
writetimetable,function,iofun,no,0,writetimetable(TT),no
writetimetable,function,iofun,no,1,"writetimetable(TT,filename)",no
writetimetable,function,iofun,no,2,"writetimetable(___,Name,Value)",yes
xcorr,function,datafun,no,0,"r = xcorr(x,y)",no
xcorr,function,datafun,no,1,r = xcorr(x),no
xcorr,function,datafun,no,2,"r = xcorr(___,maxlag)",no
xcorr,function,datafun,no,3,"r = xcorr(___,scaleopt)",no
xcorr,function,datafun,no,4,"[r,lags] = xcorr(___)",no
xcov,function,datafun,no,0,"c = xcov(x,y)",no
xcov,function,datafun,no,1,c = xcov(x),no
xcov,function,datafun,no,2,"c = xcov(___,maxlag)",no
xcov,function,datafun,no,3,"c = xcov(___,scaleopt)",no
xcov,function,datafun,no,4,"[c,lags] = xcov(___)",no
xlabel,function,graph2d,yes,0,xlabel(txt),no
xlabel,function,graph2d,yes,1,"xlabel(target,txt)",no
xlabel,function,graph2d,yes,2,"xlabel(___,Name,Value)",yes
xlabel,function,graph2d,yes,3,t = xlabel(___),no
xlim,function,graph3d,yes,0,xlim(limits),no
xlim,function,graph3d,yes,1,xl = xlim,no
xlim,function,graph3d,yes,2,xlim(limitmethod),no
xlim,function,graph3d,yes,3,xlim(limitmode),no
xlim,function,graph3d,yes,4,m = xlim('mode'),no
xlim,function,graph3d,yes,5,"___ = xlim(target,___)",no
xline,function,specgraph,yes,0,xline(x),no
xline,function,specgraph,yes,1,"xline(x,LineSpec)",no
xline,function,specgraph,yes,2,"xline(x,LineSpec,labels)",no
xline,function,specgraph,yes,3,"xline(___,Name,Value)",yes
xline,function,specgraph,yes,4,"xline(ax,___)",no
xline,function,specgraph,yes,5,xl = xline(___),no
xlsfinfo,function,iofun,no,0,status = xlsfinfo(filename),no
xlsfinfo,function,iofun,no,1,"[status,sheets] = xlsfinfo(filename)",no
xlsfinfo,function,iofun,no,2,"[status,sheets,xlFormat] = xlsfinfo(filename)",no
xlsread,function,iofun,no,0,num = xlsread(filename),no
xlsread,function,iofun,no,1,"num = xlsread(filename,sheet)",no
xlsread,function,iofun,no,2,"num = xlsread(filename,xlRange)",no
xlsread,function,iofun,no,3,"num = xlsread(filename,sheet,xlRange)",no
xlsread,function,iofun,no,4,"num = xlsread(filename,sheet,xlRange,'basic')",no
xlsread,function,iofun,no,5,"[num,txt,raw] = xlsread(___)",no
xlsread,function,iofun,no,6,"___ = xlsread(filename,-1)",no
xlsread,function,iofun,no,7,"[num,txt,raw,custom] = xlsread(filename,sheet,xlRange,'',processFcn)",no
xlswrite,function,iofun,no,0,"xlswrite(filename,A)",no
xlswrite,function,iofun,no,1,"xlswrite(filename,A,sheet)",no
xlswrite,function,iofun,no,2,"xlswrite(filename,A,xlRange)",no
xlswrite,function,iofun,no,3,"xlswrite(filename,A,sheet,xlRange)",no
xlswrite,function,iofun,no,4,status = xlswrite(___),no
xlswrite,function,iofun,no,5,"[status,message] = xlswrite(___)",no
xmlread,function,iofun,no,0,DOMnode = xmlread(filename),no
xmlread,function,iofun,no,1,"DOMnode = xmlread(filename,'AllowDoctype',tf)",no
xmlwrite,function,iofun,no,0,"xmlwrite(filename,DOMnode)",no
xmlwrite,function,iofun,no,1,chr = xmlwrite(DOMnode),no
xor,builtin,ops,no,0,"C = xor(A,B)",no
xslt,function,iofun,no,0,"result = xslt(source,style,dest)",no
xslt,function,iofun,no,1,"[result,style] = xslt(___)",no
xslt,function,iofun,no,2,"xslt(___,'-web')",no
xtickangle,function,graph3d,yes,0,xtickangle(angle),no
xtickangle,function,graph3d,yes,1,"xtickangle(ax,angle)",no
xtickangle,function,graph3d,yes,2,ang = xtickangle,no
xtickangle,function,graph3d,yes,3,ang = xtickangle(ax),no
xtickformat,function,graph3d,yes,0,xtickformat(fmt),no
xtickformat,function,graph3d,yes,1,xtickformat(datefmt),no
xtickformat,function,graph3d,yes,2,xtickformat(durationfmt),no
xtickformat,function,graph3d,yes,3,"xtickformat(ax,___)",no
xtickformat,function,graph3d,yes,4,xfmt = xtickformat,no
xtickformat,function,graph3d,yes,5,xfmt = xtickformat(ax),no
xticklabels,function,graph3d,yes,0,xticklabels(labels),no
xticklabels,function,graph3d,yes,1,xl = xticklabels,no
xticklabels,function,graph3d,yes,2,xticklabels('auto'),no
xticklabels,function,graph3d,yes,3,xticklabels('manual'),no
xticklabels,function,graph3d,yes,4,m = xticklabels('mode'),no
xticklabels,function,graph3d,yes,5,"___ = xticklabels(ax,___)",no
xticks,function,graph3d,yes,0,xticks(ticks),no
xticks,function,graph3d,yes,1,xt = xticks,no
xticks,function,graph3d,yes,2,xticks('auto'),no
xticks,function,graph3d,yes,3,xticks('manual'),no
xticks,function,graph3d,yes,4,m = xticks('mode'),no
xticks,function,graph3d,yes,5,"___ = xticks(ax,___)",no
ylabel,function,graph2d,yes,0,ylabel(txt),no
ylabel,function,graph2d,yes,1,"ylabel(target,txt)",no
ylabel,function,graph2d,yes,2,"ylabel(___,Name,Value)",yes
ylabel,function,graph2d,yes,3,t = ylabel(___),no
ylim,function,graph3d,yes,0,ylim(limits),no
ylim,function,graph3d,yes,1,yl = ylim,no
ylim,function,graph3d,yes,2,ylim(limitmethod),no
ylim,function,graph3d,yes,3,ylim(limitmode),no
ylim,function,graph3d,yes,4,m = ylim('mode'),no
ylim,function,graph3d,yes,5,"___ = ylim(target,___)",no
yline,function,specgraph,yes,0,yline(y),no
yline,function,specgraph,yes,1,"yline(y,LineSpec)",no
yline,function,specgraph,yes,2,"yline(y,LineSpec,labels)",no
yline,function,specgraph,yes,3,"yline(___,Name,Value)",yes
yline,function,specgraph,yes,4,"yline(ax,___)",no
yline,function,specgraph,yes,5,yl = yline(___),no
ytickangle,function,graph3d,yes,0,ytickangle(angle),no
ytickangle,function,graph3d,yes,1,"ytickangle(ax,angle)",no
ytickangle,function,graph3d,yes,2,ang = ytickangle,no
ytickangle,function,graph3d,yes,3,ang = ytickangle(ax),no
ytickformat,function,graph3d,yes,0,ytickformat(fmt),no
ytickformat,function,graph3d,yes,1,ytickformat(datefmt),no
ytickformat,function,graph3d,yes,2,ytickformat(durationfmt),no
ytickformat,function,graph3d,yes,3,"ytickformat(ax,___)",no
ytickformat,function,graph3d,yes,4,yfmt = ytickformat,no
ytickformat,function,graph3d,yes,5,yfmt = ytickformat(ax),no
yticklabels,function,graph3d,yes,0,yticklabels(labels),no
yticklabels,function,graph3d,yes,1,yl = yticklabels,no
yticklabels,function,graph3d,yes,2,yticklabels('auto'),no
yticklabels,function,graph3d,yes,3,yticklabels('manual'),no
yticklabels,function,graph3d,yes,4,m = yticklabels('mode'),no
yticklabels,function,graph3d,yes,5,"___ = yticklabels(ax,___)",no
yticks,function,graph3d,yes,0,yticks(ticks),no
yticks,function,graph3d,yes,1,yt = yticks,no
yticks,function,graph3d,yes,2,yticks('auto'),no
yticks,function,graph3d,yes,3,yticks('manual'),no
yticks,function,graph3d,yes,4,m = yticks('mode'),no
yticks,function,graph3d,yes,5,"___ = yticks(ax,___)",no
yyaxis,function,axis,yes,0,yyaxis left,no
yyaxis,function,axis,yes,1,yyaxis right,no
yyaxis,function,axis,yes,2,"yyaxis(ax,___)",no
zeros,builtin,elmat,no,0,X = zeros,no
zeros,builtin,elmat,no,1,X = zeros(n),no
zeros,builtin,elmat,no,2,"X = zeros(sz1,...,szN)",no
zeros,builtin,elmat,no,3,X = zeros(sz),no
zeros,builtin,elmat,no,4,"X = zeros(___,typename)",no
zeros,builtin,elmat,no,5,"X = zeros(___,'like',p)",no
zip,function,archive,no,0,"zip(zipfilename,filenames)",no
zip,function,archive,no,1,"zip(zipfilename,filenames,rootfolder)",no
zip,function,archive,no,2,entrynames = zip(___),no
zlabel,function,graph3d,yes,0,zlabel(txt),no
zlabel,function,graph3d,yes,1,"zlabel(txt,Name,Value)",yes
zlabel,function,graph3d,yes,2,"zlabel(ax,___)",no
zlabel,function,graph3d,yes,3,h = zlabel(___),no
zlim,function,graph3d,yes,0,zlim(limits),no
zlim,function,graph3d,yes,1,zl = zlim,no
zlim,function,graph3d,yes,2,zlim(limitmethod),no
zlim,function,graph3d,yes,3,zlim(limitmode),no
zlim,function,graph3d,yes,4,m = zlim('mode'),no
zlim,function,graph3d,yes,5,"___ = zlim(ax,___)",no
ztickangle,function,graph3d,yes,0,ztickangle(angle),no
ztickangle,function,graph3d,yes,1,"ztickangle(ax,angle)",no
ztickangle,function,graph3d,yes,2,ang = ztickangle,no
ztickangle,function,graph3d,yes,3,ang = ztickangle(ax),no
ztickformat,function,graph3d,yes,0,ztickformat(fmt),no
ztickformat,function,graph3d,yes,1,ztickformat(datefmt),no
ztickformat,function,graph3d,yes,2,ztickformat(durationfmt),no
ztickformat,function,graph3d,yes,3,"ztickformat(ax,___)",no
ztickformat,function,graph3d,yes,4,zfmt = ztickformat,no
ztickformat,function,graph3d,yes,5,zfmt = ztickformat(ax),no
zticklabels,function,graph3d,yes,0,zticklabels(labels),no
zticklabels,function,graph3d,yes,1,zl = zticklabels,no
zticklabels,function,graph3d,yes,2,zticklabels('auto'),no
zticklabels,function,graph3d,yes,3,zticklabels('manual'),no
zticklabels,function,graph3d,yes,4,m = zticklabels('mode'),no
zticklabels,function,graph3d,yes,5,"___ = zticklabels(ax,___)",no
zticks,function,graph3d,yes,0,zticks(ticks),no
zticks,function,graph3d,yes,1,zt = zticks,no
zticks,function,graph3d,yes,2,zticks('auto'),no
zticks,function,graph3d,yes,3,zticks('manual'),no
zticks,function,graph3d,yes,4,m = zticks('mode'),no
zticks,function,graph3d,yes,5,"___ = zticks(ax,___)",no
|,operator,,no,0,A | B,no
|,operator,,no,1,"or(A,B)",no
~,operator,,no,0,~A,no
~,operator,,no,1,not(A),no
~=,operator,,no,0,A ~= B,no
~=,operator,,no,1,"ne(A,B)",no
