name,status,kind,method_classes,none,double,string,cell,struct,fh,char,logical,int8,table,datetime,duration,categorical,map,"double,double","double,string","string,double","double,cell","cell,double","double,struct","double,fh","int8,double","double,char","char,double","string,string","double,table","table,double","double,datetime","datetime,double","double,duration","double,categorical","double,map","map,double","string,cell","cell,string","double,double,string","double,double,cell"
abcd2s,measured,mfile,,file,file,file,file,file,file,file,file,file,file,file,file,file,file,file,file,file,file,file,file,file,file,file,file,file,file,file,file,file,file,file,file,file,file,file,file,file
abs,measured,builtin,cgslparser;char;codistributed;dlarray;double;duration;gpuArray;int16;int32;int64;int8;logical;single;sym;tabular;uint16;uint32;uint64;uint8,file,builtin,file,file,file,file,builtin,builtin,builtin,builtin,file,builtin,file,file,builtin-err,file,file,file,file,file,file,builtin-err,builtin-err,builtin-err,file,builtin-err,builtin-err,file,file,builtin-err,file,file,file,file,file,file,file
ac2poly,measured,mfile,,file,file,file,file,file,file,file,file,file,file,file,file,file,file,file,file,file,file,file,file,file,file,file,file,file,file,file,file,file,file,file,file,file,file,file,file,file
ac2rc,measured,mfile,,file,file,file,file,file,file,file,file,file,file,file,file,file,file,file,file,file,file,file,file,file,file,file,file,file,file,file,file,file,file,file,file,file,file,file,file,file
accumarray,measured,builtin,double;gpuArray;int16;int32;int64;int8;logical;single;uint16;uint32;uint64;uint8,file,builtin-err,file,file,file,file,file,builtin-err,builtin-err,file,file,file,file,file,builtin-err,file,file,file,file,file,file,builtin,builtin-err,file,file,file,file,file,file,file,file,file,file,file,file,file,file
acos,measured,builtin,codistributed;dlarray;double;gpuArray;half;single;sym;tabular,file,builtin,file,file,file,file,file,file,file,builtin,file,file,file,file,builtin-err,file,file,file,file,file,file,file,builtin-err,file,file,builtin-err,builtin-err,file,file,file,file,file,file,file,file,file,file
acosd,measured,builtin,codistributed;double;gpuArray;single;sym;tabular,file,builtin,file,file,file,file,file,file,file,builtin,file,file,file,file,builtin-err,file,file,file,file,file,file,file,builtin-err,file,file,builtin-err,builtin-err,file,file,file,file,file,file,file,file,file,file
acosh,measured,builtin,codistributed;dlarray;double;gpuArray;half;single;sym;tabular,file,builtin,file,file,file,file,file,file,file,builtin,file,file,file,file,builtin-err,file,file,file,file,file,file,file,builtin-err,file,file,builtin-err,builtin-err,file,file,file,file,file,file,file,file,file,file
acot,measured,builtin,codistributed;dlarray;double;gpuArray;single;sym;tabular,file,builtin,file,file,file,file,file,file,file,builtin,file,file,file,file,builtin-err,file,file,file,file,file,file,file,builtin-err,file,file,builtin-err,builtin-err,file,file,file,file,file,file,file,file,file,file
acotd,measured,builtin,codistributed;double;gpuArray;single;sym;tabular,file,builtin,file,file,file,file,file,file,file,builtin,file,file,file,file,builtin-err,file,file,file,file,file,file,file,builtin-err,file,file,builtin-err,builtin-err,file,file,file,file,file,file,file,file,file,file
acoth,measured,builtin,codistributed;double;gpuArray;single;sym;tabular,file,builtin,file,file,file,file,file,file,file,builtin,file,file,file,file,builtin-err,file,file,file,file,file,file,file,builtin-err,file,file,builtin-err,builtin-err,file,file,file,file,file,file,file,file,file,file
acsc,measured,builtin,codistributed;dlarray;double;gpuArray;single;sym;tabular,file,builtin,file,file,file,file,file,file,file,builtin,file,file,file,file,builtin-err,file,file,file,file,file,file,file,builtin-err,file,file,builtin-err,builtin-err,file,file,file,file,file,file,file,file,file,file
acscd,measured,builtin,codistributed;double;gpuArray;single;sym;tabular,file,builtin,file,file,file,file,file,file,file,builtin,file,file,file,file,builtin-err,file,file,file,file,file,file,file,builtin-err,file,file,builtin-err,builtin-err,file,file,file,file,file,file,file,file,file,file
acsch,measured,builtin,codistributed;double;gpuArray;single;sym;tabular,file,builtin,file,file,file,file,file,file,file,builtin,file,file,file,file,builtin-err,file,file,file,file,file,file,file,builtin-err,file,file,builtin-err,builtin-err,file,file,file,file,file,file,file,file,file,file
activecontour,measured,mfile,,file,file,file,file,file,file,file,file,file,file,file,file,file,file,file,file,file,file,file,file,file,file,file,file,file,file,file,file,file,file,file,file,file,file,file,file,file
adapthisteq,measured,mfile,,file,file,file,file,file,file,file,file,file,file,file,file,file,file,file,file,file,file,file,file,file,file,file,file,file,file,file,file,file,file,file,file,file,file,file,file,file
adaptthresh,measured,mfile,,file,file,file,file,file,file,file,file,file,file,file,file,file,file,file,file,file,file,file,file,file,file,file,file,file,file,file,file,file,file,file,file,file,file,file,file,file
addCause,measured,other,,file,file,file,file,file,file,file,file,file,file,file,file,file,file,file,file,file,file,file,file,file,file,file,file,file,file,file,file,file,file,file,file,file,file,file,file,file
addedvarplot,measured,none,,file,file,file,file,file,file,file,file,file,file,file,file,file,file,file,file,file,file,file,file,file,file,file,file,file,file,file,file,file,file,file,file,file,file,file,file,file
addpath,measured,mfile,,file,file,file,file,file,file,file,file,file,file,file,file,file,file,file,file,file,file,file,file,file,file,file,file,file,file,file,file,file,file,file,file,file,file,file,file,file
addpoints,measured,mfile,,file,file,file,file,file,file,file,file,file,file,file,file,file,file,file,file,file,file,file,file,file,file,file,file,file,file,file,file,file,file,file,file,file,file,file,file,file
addtodate,measured,mfile,,file,file,file,file,file,file,file,file,file,file,file,file,file,file,file,file,file,file,file,file,file,file,file,file,file,file,file,file,file,file,file,file,file,file,file,file,file
addToolbarExplorationButtons,measured,mfile,,file,file,file,file,file,file,file,file,file,file,file,file,file,file,file,file,file,file,file,file,file,file,file,file,file,file,file,file,file,file,file,file,file,file,file,file,file
adtest,measured,none,,file,file,file,file,file,file,file,file,file,file,file,file,file,file,file,file,file,file,file,file,file,file,file,file,file,file,file,file,file,file,file,file,file,file,file,file,file
affine2d,measured,mfile,,file,file,file,file,file,file,file,file,file,file,file,file,file,file,file,file,file,file,file,file,file,file,file,file,file,file,file,file,file,file,file,file,file,file,file,file,file
affineOutputView,measured,mfile,,file,file,file,file,file,file,file,file,file,file,file,file,file,file,file,file,file,file,file,file,file,file,file,file,file,file,file,file,file,file,file,file,file,file,file,file,file
airy,measured,builtin,double;single;sym,file,builtin,file,file,file,file,file,file,file,file,file,file,file,file,builtin-err,file,file,file,file,file,file,file,builtin-err,file,file,file,file,file,file,file,file,file,file,file,file,file,file
alignsignals,measured,mfile,,file,file,file,file,file,file,file,file,file,file,file,file,file,file,file,file,file,file,file,file,file,file,file,file,file,file,file,file,file,file,file,file,file,file,file,file,file
alim,measured,mfile,,file,file,file,file,file,file,file,file,file,file,file,file,file,file,file,file,file,file,file,file,file,file,file,file,file,file,file,file,file,file,file,file,file,file,file,file,file
all,measured,builtin,codistributed;dlarray;double;gpuArray;half;int16;int32;int64;int8;logical;single;tall;uint16;uint32;uint64;uint8,file,builtin,file,file,file,file,file,builtin,builtin,file,file,file,file,file,builtin-err,file,file,file,file,file,file,builtin-err,builtin-err,file,file,file,file,file,file,file,file,file,file,file,file,file,file
alpha,measured,mfile,,file,file,file,file,file,file,file,file,file,file,file,file,file,file,file,file,file,file,file,file,file,file,file,file,file,file,file,file,file,file,file,file,file,file,file,file,file
alphamap,measured,mfile,,file,file,file,file,file,file,file,file,file,file,file,file,file,file,file,file,file,file,file,file,file,file,file,file,file,file,file,file,file,file,file,file,file,file,file,file,file
amd,measured,builtin,double;logical;single,file,builtin,file,file,file,file,file,builtin,file,file,file,file,file,file,builtin,file,file,file,file,file,file,file,builtin-err,file,file,file,file,file,file,file,file,file,file,file,file,file,file
ancestor,measured,builtin,,file,file,file,file,file,file,file,file,file,file,file,file,file,file,file,file,file,file,file,file,file,file,file,file,file,file,file,file,file,file,file,file,file,file,file,file,file
and,measured,builtin,char;codistributed;conbase;conboolean;conrange;conswitch;dlarray;double;gpuArray;half;int16;int32;int64;int8;logical;mtree;single;tabular;uint16;uint32;uint64;uint8,file,builtin-err,file,file,file,file,builtin-err,builtin-err,builtin-err,builtin-err,file,file,file,file,builtin,file,file,file,file,file,file,builtin,builtin,builtin,file,builtin,builtin,file,file,file,file,file,file,file,file,file,file
andrewsplot,measured,none,,file,file,file,file,file,file,file,file,file,file,file,file,file,file,file,file,file,file,file,file,file,file,file,file,file,file,file,file,file,file,file,file,file,file,file,file,file
angle,measured,mfile,codistributed;dlarray;gpuArray;sym,file,file,file,file,file,file,file,file,file,file,file,file,file,file,file,file,file,file,file,file,file,file,file,file,file,file,file,file,file,file,file,file,file,file,file,file,file
animatedline,measured,builtin,,file,file,file,file,file,file,file,file,file,file,file,file,file,file,file,file,file,file,file,file,file,file,file,file,file,file,file,file,file,file,file,file,file,file,file,file,file
annotation,measured,mfile,,file,file,file,file,file,file,file,file,file,file,file,file,file,file,file,file,file,file,file,file,file,file,file,file,file,file,file,file,file,file,file,file,file,file,file,file,file
anova1,measured,none,,file,file,file,file,file,file,file,file,file,file,file,file,file,file,file,file,file,file,file,file,file,file,file,file,file,file,file,file,file,file,file,file,file,file,file,file,file
anova2,measured,none,,file,file,file,file,file,file,file,file,file,file,file,file,file,file,file,file,file,file,file,file,file,file,file,file,file,file,file,file,file,file,file,file,file,file,file,file,file
anovan,measured,none,,file,file,file,file,file,file,file,file,file,file,file,file,file,file,file,file,file,file,file,file,file,file,file,file,file,file,file,file,file,file,file,file,file,file,file,file,file
ansaribradley,measured,none,,file,file,file,file,file,file,file,file,file,file,file,file,file,file,file,file,file,file,file,file,file,file,file,file,file,file,file,file,file,file,file,file,file,file,file,file,file
any,measured,builtin,codistributed;dlarray;double;gpuArray;half;int16;int32;int64;int8;logical;single;tall;uint16;uint32;uint64;uint8,file,builtin,file,file,file,file,file,builtin,builtin,file,file,file,file,file,builtin-err,file,file,file,file,file,file,builtin-err,builtin-err,file,file,file,file,file,file,file,file,file,file,file,file,file,file
anymissing,measured,mfile,codistributed;gpuArray;tall,file,builtin,file,file,file,file,file,builtin,builtin,file,file,file,file,file,builtin-err,file,file,file,file,file,file,builtin-err,builtin-err,file,file,file,file,file,file,file,file,file,file,file,file,file,file
append,measured,mfile,InputOutputModel;cgoppoint;designdev;double;esbacktest;sweepset;timeseries;varbacktest;xreglistctrl,file,builtin-err,builtin,file,file,file,file,file,file,file,file,file,file,file,builtin-err,builtin-err,builtin-err,file,file,file,file,file,builtin-err,file,builtin,file,file,file,file,file,file,file,file,builtin-err,builtin-err,builtin-err,file
applylut,measured,mfile,gpuArray,file,file,file,file,file,file,file,file,file,file,file,file,file,file,file,file,file,file,file,file,file,file,file,file,file,file,file,file,file,file,file,file,file,file,file,file,file
arburg,measured,mfile,,file,file,file,file,file,file,file,file,file,file,file,file,file,file,file,file,file,file,file,file,file,file,file,file,file,file,file,file,file,file,file,file,file,file,file,file,file
arcov,measured,mfile,,file,file,file,file,file,file,file,file,file,file,file,file,file,file,file,file,file,file,file,file,file,file,file,file,file,file,file,file,file,file,file,file,file,file,file,file,file
area,measured,mfile,alphaShape;polyshape,file,file,file,file,file,file,file,file,file,file,file,file,file,file,file,file,file,file,file,file,file,file,file,file,file,file,file,file,file,file,file,file,file,file,file,file,file
argnames,measured,mfile,fittype;inline,file,file,file,file,file,file,file,file,file,file,file,file,file,file,file,file,file,file,file,file,file,file,file,file,file,file,file,file,file,file,file,file,file,file,file,file,file
armcov,measured,mfile,,file,file,file,file,file,file,file,file,file,file,file,file,file,file,file,file,file,file,file,file,file,file,file,file,file,file,file,file,file,file,file,file,file,file,file,file,file
array2table,measured,mfile,tall,file,file,file,file,file,file,file,file,file,file,file,file,file,file,file,file,file,file,file,file,file,file,file,file,file,file,file,file,file,file,file,file,file,file,file,file,file
arrayfun,measured,builtin,codistributed;gpuArray;tall,file,file,file,file,file,file,file,file,file,file,file,file,file,file,file,file,file,file,file,file,file,file,file,file,file,file,file,file,file,file,file,file,file,file,file,file,file
aryule,measured,mfile,,file,file,file,file,file,file,file,file,file,file,file,file,file,file,file,file,file,file,file,file,file,file,file,file,file,file,file,file,file,file,file,file,file,file,file,file,file
asec,measured,builtin,codistributed;dlarray;double;gpuArray;single;sym;tabular,file,builtin,file,file,file,file,file,file,file,builtin,file,file,file,file,builtin-err,file,file,file,file,file,file,file,builtin-err,file,file,builtin-err,builtin-err,file,file,file,file,file,file,file,file,file,file
asecd,measured,builtin,codistributed;double;gpuArray;single;sym;tabular,file,builtin,file,file,file,file,file,file,file,builtin,file,file,file,file,builtin-err,file,file,file,file,file,file,file,builtin-err,file,file,builtin-err,builtin-err,file,file,file,file,file,file,file,file,file,file
asech,measured,builtin,codistributed;double;gpuArray;single;sym;tabular,file,builtin,file,file,file,file,file,file,file,builtin,file,file,file,file,builtin-err,file,file,file,file,file,file,file,builtin-err,file,file,builtin-err,builtin-err,file,file,file,file,file,file,file,file,file,file
asin,measured,builtin,codistributed;dlarray;double;gpuArray;half;single;sym;tabular,file,builtin,file,file,file,file,file,file,file,builtin,file,file,file,file,builtin-err,file,file,file,file,file,file,file,builtin-err,file,file,builtin-err,builtin-err,file,file,file,file,file,file,file,file,file,file
asind,measured,builtin,codistributed;double;gpuArray;single;sym;tabular,file,builtin,file,file,file,file,file,file,file,builtin,file,file,file,file,builtin-err,file,file,file,file,file,file,file,builtin-err,file,file,builtin-err,builtin-err,file,file,file,file,file,file,file,file,file,file
asinh,measured,builtin,codistributed;dlarray;double;gpuArray;half;single;sym;tabular,file,builtin,file,file,file,file,file,file,file,builtin,file,file,file,file,builtin-err,file,file,file,file,file,file,file,builtin-err,file,file,builtin-err,builtin-err,file,file,file,file,file,file,file,file,file,file
assert,measured,builtin,cgslparser;gpuArray,file,file,file,file,file,file,file,file,file,file,file,file,file,file,file,file,file,file,file,file,file,file,file,file,file,file,file,file,file,file,file,file,file,file,file,file,file
assignin,measured,builtin,,file,file,file,file,file,file,file,file,file,file,file,file,file,file,file,file,file,file,file,file,file,file,file,file,file,file,file,file,file,file,file,file,file,file,file,file,file
atan,measured,builtin,codistributed;dlarray;double;gpuArray;half;single;sym;tabular,file,builtin,file,file,file,file,file,file,file,builtin,file,file,file,file,builtin-err,file,file,file,file,file,file,file,builtin-err,file,file,builtin-err,builtin-err,file,file,file,file,file,file,file,file,file,file
atan2,measured,builtin,codistributed;dlarray;double;gpuArray;half;single;sym;tabular,file,builtin-err,file,file,file,file,file,file,file,builtin-err,file,file,file,file,builtin,file,file,file,file,file,file,file,builtin-err,file,file,builtin,builtin,file,file,file,file,file,file,file,file,file,file
atan2d,measured,builtin,codistributed;double;gpuArray;single;sym;tabular,file,builtin-err,file,file,file,file,file,file,file,builtin-err,file,file,file,file,builtin,file,file,file,file,file,file,file,builtin-err,file,file,builtin,builtin,file,file,file,file,file,file,file,file,file,file
atand,measured,builtin,codistributed;double;gpuArray;single;sym;tabular,file,builtin,file,file,file,file,file,file,file,builtin,file,file,file,file,builtin-err,file,file,file,file,file,file,file,builtin-err,file,file,builtin-err,builtin-err,file,file,file,file,file,file,file,file,file,file
atanh,measured,builtin,codistributed;dlarray;double;gpuArray;half;single;sym;tabular,file,builtin,file,file,file,file,file,file,file,builtin,file,file,file,file,builtin-err,file,file,file,file,file,file,file,builtin-err,file,file,builtin-err,builtin-err,file,file,file,file,file,file,file,file,file,file
audioread,measured,mfile,,file,file,file,file,file,file,file,file,file,file,file,file,file,file,file,file,file,file,file,file,file,file,file,file,file,file,file,file,file,file,file,file,file,file,file,file,file
autumn,measured,mfile,,file,file,file,file,file,file,file,file,file,file,file,file,file,file,file,file,file,file,file,file,file,file,file,file,file,file,file,file,file,file,file,file,file,file,file,file,file
axes,measured,builtin,,file,file,file,file,file,file,file,file,file,file,file,file,file,file,file,file,file,file,file,file,file,file,file,file,file,file,file,file,file,file,file,file,file,file,file,file,file
axis,measured,mfile,vrjoystick,file,file,file,file,file,file,file,file,file,file,file,file,file,file,file,file,file,file,file,file,file,file,file,file,file,file,file,file,file,file,file,file,file,file,file,file,file
axtoolbar,measured,mfile,,file,file,file,file,file,file,file,file,file,file,file,file,file,file,file,file,file,file,file,file,file,file,file,file,file,file,file,file,file,file,file,file,file,file,file,file,file
axtoolbarbtn,measured,mfile,,file,file,file,file,file,file,file,file,file,file,file,file,file,file,file,file,file,file,file,file,file,file,file,file,file,file,file,file,file,file,file,file,file,file,file,file,file
balance,measured,builtin,double;single,file,builtin,file,file,file,file,file,file,file,file,file,file,file,file,builtin-err,file,file,file,file,file,file,file,builtin-err,file,file,file,file,file,file,file,file,file,file,file,file,file,file
bandpass,measured,mfile,,file,file,file,file,file,file,file,file,file,file,file,file,file,file,file,file,file,file,file,file,file,file,file,file,file,file,file,file,file,file,file,file,file,file,file,file,file
bandpower,measured,mfile,,file,file,file,file,file,file,file,file,file,file,file,file,file,file,file,file,file,file,file,file,file,file,file,file,file,file,file,file,file,file,file,file,file,file,file,file,file
bandstop,measured,mfile,,file,file,file,file,file,file,file,file,file,file,file,file,file,file,file,file,file,file,file,file,file,file,file,file,file,file,file,file,file,file,file,file,file,file,file,file,file
bandwidth,measured,builtin,DynamicSystem;codistributed;gpuArray,file,file,file,file,file,file,file,file,file,file,file,file,file,file,file,file,file,file,file,file,file,file,file,file,file,file,file,file,file,file,file,file,file,file,file,file,file
bar,measured,mfile,half,file,file,file,file,file,file,file,file,file,file,file,file,file,file,file,file,file,file,file,file,file,file,file,file,file,file,file,file,file,file,file,file,file,file,file,file,file
bar3,measured,mfile,,file,file,file,file,file,file,file,file,file,file,file,file,file,file,file,file,file,file,file,file,file,file,file,file,file,file,file,file,file,file,file,file,file,file,file,file,file
bar3h,measured,mfile,,file,file,file,file,file,file,file,file,file,file,file,file,file,file,file,file,file,file,file,file,file,file,file,file,file,file,file,file,file,file,file,file,file,file,file,file,file
barh,measured,mfile,half,file,file,file,file,file,file,file,file,file,file,file,file,file,file,file,file,file,file,file,file,file,file,file,file,file,file,file,file,file,file,file,file,file,file,file,file,file
barthannwin,measured,mfile,,file,file,file,file,file,file,file,file,file,file,file,file,file,file,file,file,file,file,file,file,file,file,file,file,file,file,file,file,file,file,file,file,file,file,file,file,file
bartlett,measured,mfile,,file,file,file,file,file,file,file,file,file,file,file,file,file,file,file,file,file,file,file,file,file,file,file,file,file,file,file,file,file,file,file,file,file,file,file,file,file
barttest,measured,none,,file,file,file,file,file,file,file,file,file,file,file,file,file,file,file,file,file,file,file,file,file,file,file,file,file,file,file,file,file,file,file,file,file,file,file,file,file
base2dec,measured,mfile,,file,file,file,file,file,file,file,file,file,file,file,file,file,file,file,file,file,file,file,file,file,file,file,file,file,file,file,file,file,file,file,file,file,file,file,file,file
bbdesign,measured,none,,file,file,file,file,file,file,file,file,file,file,file,file,file,file,file,file,file,file,file,file,file,file,file,file,file,file,file,file,file,file,file,file,file,file,file,file,file
beep,measured,builtin,,file,file,file,file,file,file,file,file,file,file,file,file,file,file,file,file,file,file,file,file,file,file,file,file,file,file,file,file,file,file,file,file,file,file,file,file,file
besselap,measured,mfile,,file,file,file,file,file,file,file,file,file,file,file,file,file,file,file,file,file,file,file,file,file,file,file,file,file,file,file,file,file,file,file,file,file,file,file,file,file
besself,measured,mfile,,file,file,file,file,file,file,file,file,file,file,file,file,file,file,file,file,file,file,file,file,file,file,file,file,file,file,file,file,file,file,file,file,file,file,file,file,file
besselh,measured,builtin,codistributed;double;single;sym,file,builtin-err,file,file,file,file,file,file,file,file,file,file,file,file,builtin,file,file,file,file,file,file,file,builtin-err,file,file,file,file,file,file,file,file,file,file,file,file,file,file
besseli,measured,builtin,codistributed;double;gpuArray;single;sym,file,builtin-err,file,file,file,file,file,file,file,file,file,file,file,file,builtin,file,file,file,file,file,file,file,builtin-err,file,file,file,file,file,file,file,file,file,file,file,file,file,file
besselj,measured,builtin,codistributed;double;gpuArray;single;sym,file,builtin-err,file,file,file,file,file,file,file,file,file,file,file,file,builtin,file,file,file,file,file,file,file,builtin-err,file,file,file,file,file,file,file,file,file,file,file,file,file,file
besselk,measured,builtin,codistributed;double;gpuArray;single;sym,file,builtin-err,file,file,file,file,file,file,file,file,file,file,file,file,builtin,file,file,file,file,file,file,file,builtin-err,file,file,file,file,file,file,file,file,file,file,file,file,file,file
bessely,measured,builtin,codistributed;double;gpuArray;single;sym,file,builtin-err,file,file,file,file,file,file,file,file,file,file,file,file,builtin,file,file,file,file,file,file,file,builtin-err,file,file,file,file,file,file,file,file,file,file,file,file,file,file
bestblk,measured,mfile,,file,file,file,file,file,file,file,file,file,file,file,file,file,file,file,file,file,file,file,file,file,file,file,file,file,file,file,file,file,file,file,file,file,file,file,file,file
beta,measured,mfile,codistributed;gpuArray;sym,file,file,file,file,file,file,file,file,file,file,file,file,file,file,file,file,file,file,file,file,file,file,file,file,file,file,file,file,file,file,file,file,file,file,file,file,file
betacdf,measured,none,,file,file,file,file,file,file,file,file,file,file,file,file,file,file,file,file,file,file,file,file,file,file,file,file,file,file,file,file,file,file,file,file,file,file,file,file,file
BetaDistribution,measured,none,,file,file,file,file,file,file,file,file,file,file,file,file,file,file,file,file,file,file,file,file,file,file,file,file,file,file,file,file,file,file,file,file,file,file,file,file,file
betafit,measured,none,,file,file,file,file,file,file,file,file,file,file,file,file,file,file,file,file,file,file,file,file,file,file,file,file,file,file,file,file,file,file,file,file,file,file,file,file,file
betainc,measured,builtin,codistributed;double;gpuArray;single;tall,file,builtin-err,file,file,file,file,file,file,file,file,file,file,file,file,builtin-err,file,file,file,file,file,file,file,builtin-err,file,file,file,file,file,file,file,file,file,file,file,file,file,file
betaincinv,measured,builtin,codistributed;double;gpuArray;single;tall,file,builtin-err,file,file,file,file,file,file,file,file,file,file,file,file,builtin-err,file,file,file,file,file,file,file,builtin-err,file,file,file,file,file,file,file,file,file,file,file,file,file,file
betainv,measured,none,,file,file,file,file,file,file,file,file,file,file,file,file,file,file,file,file,file,file,file,file,file,file,file,file,file,file,file,file,file,file,file,file,file,file,file,file,file
betalike,measured,none,,file,file,file,file,file,file,file,file,file,file,file,file,file,file,file,file,file,file,file,file,file,file,file,file,file,file,file,file,file,file,file,file,file,file,file,file,file
betaln,measured,mfile,codistributed;gpuArray,file,file,file,file,file,file,file,file,file,file,file,file,file,file,file,file,file,file,file,file,file,file,file,file,file,file,file,file,file,file,file,file,file,file,file,file,file
betapdf,measured,none,,file,file,file,file,file,file,file,file,file,file,file,file,file,file,file,file,file,file,file,file,file,file,file,file,file,file,file,file,file,file,file,file,file,file,file,file,file
betarnd,measured,none,,file,file,file,file,file,file,file,file,file,file,file,file,file,file,file,file,file,file,file,file,file,file,file,file,file,file,file,file,file,file,file,file,file,file,file,file,file
betastat,measured,none,,file,file,file,file,file,file,file,file,file,file,file,file,file,file,file,file,file,file,file,file,file,file,file,file,file,file,file,file,file,file,file,file,file,file,file,file,file
between,measured,mfile,codistributed;datetime;tall,file,file,file,file,file,file,file,file,file,file,builtin-err,file,file,file,file,file,file,file,file,file,file,file,file,file,file,file,file,builtin-err,builtin-err,file,file,file,file,file,file,file,file
bfscore,measured,mfile,,file,file,file,file,file,file,file,file,file,file,file,file,file,file,file,file,file,file,file,file,file,file,file,file,file,file,file,file,file,file,file,file,file,file,file,file,file
bicg,measured,mfile,codistributed;gpuArray,file,file,file,file,file,file,file,file,file,file,file,file,file,file,file,file,file,file,file,file,file,file,file,file,file,file,file,file,file,file,file,file,file,file,file,file,file
bicgstab,measured,mfile,codistributed;gpuArray,file,file,file,file,file,file,file,file,file,file,file,file,file,file,file,file,file,file,file,file,file,file,file,file,file,file,file,file,file,file,file,file,file,file,file,file,file
bicgstabl,measured,mfile,codistributed;gpuArray,file,file,file,file,file,file,file,file,file,file,file,file,file,file,file,file,file,file,file,file,file,file,file,file,file,file,file,file,file,file,file,file,file,file,file,file,file
bilinear,measured,mfile,,file,file,file,file,file,file,file,file,file,file,file,file,file,file,file,file,file,file,file,file,file,file,file,file,file,file,file,file,file,file,file,file,file,file,file,file,file
bin2dec,measured,builtin,,file,file,file,file,file,file,file,file,file,file,file,file,file,file,file,file,file,file,file,file,file,file,file,file,file,file,file,file,file,file,file,file,file,file,file,file,file
binocdf,measured,none,,file,file,file,file,file,file,file,file,file,file,file,file,file,file,file,file,file,file,file,file,file,file,file,file,file,file,file,file,file,file,file,file,file,file,file,file,file
binofit,measured,mfile,,file,file,file,file,file,file,file,file,file,file,file,file,file,file,file,file,file,file,file,file,file,file,file,file,file,file,file,file,file,file,file,file,file,file,file,file,file
binoinv,measured,none,,file,file,file,file,file,file,file,file,file,file,file,file,file,file,file,file,file,file,file,file,file,file,file,file,file,file,file,file,file,file,file,file,file,file,file,file,file
BinomialDistribution,measured,none,,file,file,file,file,file,file,file,file,file,file,file,file,file,file,file,file,file,file,file,file,file,file,file,file,file,file,file,file,file,file,file,file,file,file,file,file,file
binopdf,measured,none,,file,file,file,file,file,file,file,file,file,file,file,file,file,file,file,file,file,file,file,file,file,file,file,file,file,file,file,file,file,file,file,file,file,file,file,file,file
binornd,measured,none,,file,file,file,file,file,file,file,file,file,file,file,file,file,file,file,file,file,file,file,file,file,file,file,file,file,file,file,file,file,file,file,file,file,file,file,file,file
binostat,measured,none,,file,file,file,file,file,file,file,file,file,file,file,file,file,file,file,file,file,file,file,file,file,file,file,file,file,file,file,file,file,file,file,file,file,file,file,file,file
binscatter,measured,mfile,,file,file,file,file,file,file,file,file,file,file,file,file,file,file,file,file,file,file,file,file,file,file,file,file,file,file,file,file,file,file,file,file,file,file,file,file,file
biplot,measured,none,,file,file,file,file,file,file,file,file,file,file,file,file,file,file,file,file,file,file,file,file,file,file,file,file,file,file,file,file,file,file,file,file,file,file,file,file,file
BirnbaumSaundersDistribution,measured,none,,file,file,file,file,file,file,file,file,file,file,file,file,file,file,file,file,file,file,file,file,file,file,file,file,file,file,file,file,file,file,file,file,file,file,file,file,file
bitand,measured,builtin,codistributed;double;gpuArray;int16;int32;int64;int8;logical;single;uint16;uint32;uint64;uint8,file,builtin-err,file,file,file,file,file,builtin-err,builtin-err,file,file,file,file,file,builtin-err,file,file,file,file,file,file,builtin-err,builtin-err,file,file,file,file,file,file,file,file,file,file,file,file,file,file
bitcmp,measured,builtin,double;gpuArray;int16;int32;int64;int8;logical;single;uint16;uint32;uint64;uint8,file,builtin-err,file,file,file,file,file,builtin-err,builtin,file,file,file,file,file,builtin-err,file,file,file,file,file,file,builtin-err,builtin-err,file,file,file,file,file,file,file,file,file,file,file,file,file,file
bitget,measured,builtin,double;gpuArray;int16;int32;int64;int8;logical;single;uint16;uint32;uint64;uint8,file,builtin-err,file,file,file,file,file,builtin-err,builtin-err,file,file,file,file,file,builtin-err,file,file,file,file,file,file,builtin-err,builtin-err,file,file,file,file,file,file,file,file,file,file,file,file,file,file
bitor,measured,builtin,codistributed;double;gpuArray;int16;int32;int64;int8;logical;single;uint16;uint32;uint64;uint8,file,builtin-err,file,file,file,file,file,builtin-err,builtin-err,file,file,file,file,file,builtin-err,file,file,file,file,file,file,builtin-err,builtin-err,file,file,file,file,file,file,file,file,file,file,file,file,file,file
bitrevorder,measured,mfile,gpuArray,file,file,file,file,file,file,file,file,file,file,file,file,file,file,file,file,file,file,file,file,file,file,file,file,file,file,file,file,file,file,file,file,file,file,file,file,file
bitset,measured,builtin,double;gpuArray;int16;int32;int64;int8;logical;single;uint16;uint32;uint64;uint8,file,builtin-err,file,file,file,file,file,builtin-err,builtin-err,file,file,file,file,file,builtin-err,file,file,file,file,file,file,builtin-err,builtin-err,file,file,file,file,file,file,file,file,file,file,file,file,file,file
bitshift,measured,builtin,double;gpuArray;int16;int32;int64;int8;logical;single;uint16;uint32;uint64;uint8,file,builtin-err,file,file,file,file,file,builtin-err,builtin-err,file,file,file,file,file,builtin-err,file,file,file,file,file,file,builtin-err,builtin-err,file,file,file,file,file,file,file,file,file,file,file,file,file,file
bitxor,measured,builtin,codistributed;double;gpuArray;int16;int32;int64;int8;logical;single;uint16;uint32;uint64;uint8,file,builtin-err,file,file,file,file,file,builtin-err,builtin-err,file,file,file,file,file,builtin-err,file,file,file,file,file,file,builtin-err,builtin-err,file,file,file,file,file,file,file,file,file,file,file,file,file,file
blackman,measured,mfile,,file,file,file,file,file,file,file,file,file,file,file,file,file,file,file,file,file,file,file,file,file,file,file,file,file,file,file,file,file,file,file,file,file,file,file,file,file
blackmanharris,measured,mfile,,file,file,file,file,file,file,file,file,file,file,file,file,file,file,file,file,file,file,file,file,file,file,file,file,file,file,file,file,file,file,file,file,file,file,file,file,file
blanks,measured,mfile,,file,file,file,file,file,file,file,file,file,file,file,file,file,file,file,file,file,file,file,file,file,file,file,file,file,file,file,file,file,file,file,file,file,file,file,file,file
blkdiag,measured,mfile,InputOutputModel;distributed;symfun,file,file,file,file,file,file,file,file,file,file,file,file,file,file,file,file,file,file,file,file,file,file,file,file,file,file,file,file,file,file,file,file,file,file,file,file,file
blockproc,measured,mfile,,file,file,file,file,file,file,file,file,file,file,file,file,file,file,file,file,file,file,file,file,file,file,file,file,file,file,file,file,file,file,file,file,file,file,file,file,file
bohmanwin,measured,mfile,,file,file,file,file,file,file,file,file,file,file,file,file,file,file,file,file,file,file,file,file,file,file,file,file,file,file,file,file,file,file,file,file,file,file,file,file,file
bone,measured,mfile,,file,file,file,file,file,file,file,file,file,file,file,file,file,file,file,file,file,file,file,file,file,file,file,file,file,file,file,file,file,file,file,file,file,file,file,file,file
bootci,measured,none,,file,file,file,file,file,file,file,file,file,file,file,file,file,file,file,file,file,file,file,file,file,file,file,file,file,file,file,file,file,file,file,file,file,file,file,file,file
bootstrp,measured,none,,file,file,file,file,file,file,file,file,file,file,file,file,file,file,file,file,file,file,file,file,file,file,file,file,file,file,file,file,file,file,file,file,file,file,file,file,file
boundary,measured,mfile,polyshape,file,file,file,file,file,file,file,file,file,file,file,file,file,file,file,file,file,file,file,file,file,file,file,file,file,file,file,file,file,file,file,file,file,file,file,file,file
boundarymask,measured,mfile,,file,file,file,file,file,file,file,file,file,file,file,file,file,file,file,file,file,file,file,file,file,file,file,file,file,file,file,file,file,file,file,file,file,file,file,file,file
bounds,measured,mfile,distributed;tall,file,file,file,file,file,file,file,file,file,file,file,file,file,file,file,file,file,file,file,file,file,file,file,file,file,file,file,file,file,file,file,file,file,file,file,file,file
box,measured,mfile,,file,file,file,file,file,file,file,file,file,file,file,file,file,file,file,file,file,file,file,file,file,file,file,file,file,file,file,file,file,file,file,file,file,file,file,file,file
boxcar,measured,mfile,,file,file,file,file,file,file,file,file,file,file,file,file,file,file,file,file,file,file,file,file,file,file,file,file,file,file,file,file,file,file,file,file,file,file,file,file,file
boxchart,measured,mfile,,file,file,file,file,file,file,file,file,file,file,file,file,file,file,file,file,file,file,file,file,file,file,file,file,file,file,file,file,file,file,file,file,file,file,file,file,file
boxplot,measured,none,,file,file,file,file,file,file,file,file,file,file,file,file,file,file,file,file,file,file,file,file,file,file,file,file,file,file,file,file,file,file,file,file,file,file,file,file,file
brighten,measured,mfile,,file,file,file,file,file,file,file,file,file,file,file,file,file,file,file,file,file,file,file,file,file,file,file,file,file,file,file,file,file,file,file,file,file,file,file,file,file
bsxfun,measured,builtin,char;codistributed;double;gpuArray;int16;int32;int64;int8;logical;single;tall;uint16;uint32;uint64;uint8,file,builtin-err,file,file,file,file,builtin-err,builtin-err,builtin-err,file,file,file,file,file,builtin-err,file,file,file,file,file,file,builtin-err,builtin-err,builtin-err,file,file,file,file,file,file,file,file,file,file,file,file,file
bubblechart,measured,mfile,,file,file,file,file,file,file,file,file,file,file,file,file,file,file,file,file,file,file,file,file,file,file,file,file,file,file,file,file,file,file,file,file,file,file,file,file,file
bubblechart3,measured,mfile,,file,file,file,file,file,file,file,file,file,file,file,file,file,file,file,file,file,file,file,file,file,file,file,file,file,file,file,file,file,file,file,file,file,file,file,file,file
bubblelegend,measured,mfile,,file,file,file,file,file,file,file,file,file,file,file,file,file,file,file,file,file,file,file,file,file,file,file,file,file,file,file,file,file,file,file,file,file,file,file,file,file
bubblelim,measured,mfile,,file,file,file,file,file,file,file,file,file,file,file,file,file,file,file,file,file,file,file,file,file,file,file,file,file,file,file,file,file,file,file,file,file,file,file,file,file
bubblesize,measured,mfile,,file,file,file,file,file,file,file,file,file,file,file,file,file,file,file,file,file,file,file,file,file,file,file,file,file,file,file,file,file,file,file,file,file,file,file,file,file
buffer,measured,other,gpuArray,file,file,file,file,file,file,file,file,file,file,file,file,file,file,file,file,file,file,file,file,file,file,file,file,file,file,file,file,file,file,file,file,file,file,file,file,file
BurrDistribution,measured,none,,file,file,file,file,file,file,file,file,file,file,file,file,file,file,file,file,file,file,file,file,file,file,file,file,file,file,file,file,file,file,file,file,file,file,file,file,file
buttap,measured,mfile,,file,file,file,file,file,file,file,file,file,file,file,file,file,file,file,file,file,file,file,file,file,file,file,file,file,file,file,file,file,file,file,file,file,file,file,file,file
butter,measured,mfile,,file,file,file,file,file,file,file,file,file,file,file,file,file,file,file,file,file,file,file,file,file,file,file,file,file,file,file,file,file,file,file,file,file,file,file,file,file
buttord,measured,mfile,,file,file,file,file,file,file,file,file,file,file,file,file,file,file,file,file,file,file,file,file,file,file,file,file,file,file,file,file,file,file,file,file,file,file,file,file,file
bvp4c,measured,mfile,,file,file,file,file,file,file,file,file,file,file,file,file,file,file,file,file,file,file,file,file,file,file,file,file,file,file,file,file,file,file,file,file,file,file,file,file,file
bvp5c,measured,mfile,,file,file,file,file,file,file,file,file,file,file,file,file,file,file,file,file,file,file,file,file,file,file,file,file,file,file,file,file,file,file,file,file,file,file,file,file,file
bvpget,measured,mfile,,file,file,file,file,file,file,file,file,file,file,file,file,file,file,file,file,file,file,file,file,file,file,file,file,file,file,file,file,file,file,file,file,file,file,file,file,file
bvpinit,measured,mfile,,file,file,file,file,file,file,file,file,file,file,file,file,file,file,file,file,file,file,file,file,file,file,file,file,file,file,file,file,file,file,file,file,file,file,file,file,file
bvpset,measured,mfile,,file,file,file,file,file,file,file,file,file,file,file,file,file,file,file,file,file,file,file,file,file,file,file,file,file,file,file,file,file,file,file,file,file,file,file,file,file
bvpxtend,measured,mfile,,file,file,file,file,file,file,file,file,file,file,file,file,file,file,file,file,file,file,file,file,file,file,file,file,file,file,file,file,file,file,file,file,file,file,file,file,file
bwarea,measured,mfile,,file,file,file,file,file,file,file,file,file,file,file,file,file,file,file,file,file,file,file,file,file,file,file,file,file,file,file,file,file,file,file,file,file,file,file,file,file
bwareafilt,measured,mfile,,file,file,file,file,file,file,file,file,file,file,file,file,file,file,file,file,file,file,file,file,file,file,file,file,file,file,file,file,file,file,file,file,file,file,file,file,file
bwareaopen,measured,mfile,,file,file,file,file,file,file,file,file,file,file,file,file,file,file,file,file,file,file,file,file,file,file,file,file,file,file,file,file,file,file,file,file,file,file,file,file,file
bwboundaries,measured,mfile,,file,file,file,file,file,file,file,file,file,file,file,file,file,file,file,file,file,file,file,file,file,file,file,file,file,file,file,file,file,file,file,file,file,file,file,file,file
bwconncomp,measured,mfile,,file,file,file,file,file,file,file,file,file,file,file,file,file,file,file,file,file,file,file,file,file,file,file,file,file,file,file,file,file,file,file,file,file,file,file,file,file
bwconvhull,measured,mfile,,file,file,file,file,file,file,file,file,file,file,file,file,file,file,file,file,file,file,file,file,file,file,file,file,file,file,file,file,file,file,file,file,file,file,file,file,file
bwdist,measured,mfile,gpuArray,file,file,file,file,file,file,file,file,file,file,file,file,file,file,file,file,file,file,file,file,file,file,file,file,file,file,file,file,file,file,file,file,file,file,file,file,file
bwdistgeodesic,measured,mfile,,file,file,file,file,file,file,file,file,file,file,file,file,file,file,file,file,file,file,file,file,file,file,file,file,file,file,file,file,file,file,file,file,file,file,file,file,file
bweuler,measured,mfile,,file,file,file,file,file,file,file,file,file,file,file,file,file,file,file,file,file,file,file,file,file,file,file,file,file,file,file,file,file,file,file,file,file,file,file,file,file
bwferet,measured,mfile,,file,file,file,file,file,file,file,file,file,file,file,file,file,file,file,file,file,file,file,file,file,file,file,file,file,file,file,file,file,file,file,file,file,file,file,file,file
bwhitmiss,measured,mfile,,file,file,file,file,file,file,file,file,file,file,file,file,file,file,file,file,file,file,file,file,file,file,file,file,file,file,file,file,file,file,file,file,file,file,file,file,file
bwlabel,measured,mfile,gpuArray,file,file,file,file,file,file,file,file,file,file,file,file,file,file,file,file,file,file,file,file,file,file,file,file,file,file,file,file,file,file,file,file,file,file,file,file,file
bwlabeln,measured,mfile,,file,file,file,file,file,file,file,file,file,file,file,file,file,file,file,file,file,file,file,file,file,file,file,file,file,file,file,file,file,file,file,file,file,file,file,file,file
bwlookup,measured,mfile,gpuArray,file,file,file,file,file,file,file,file,file,file,file,file,file,file,file,file,file,file,file,file,file,file,file,file,file,file,file,file,file,file,file,file,file,file,file,file,file
bwmorph,measured,mfile,gpuArray,file,file,file,file,file,file,file,file,file,file,file,file,file,file,file,file,file,file,file,file,file,file,file,file,file,file,file,file,file,file,file,file,file,file,file,file,file
bwmorph3,measured,mfile,,file,file,file,file,file,file,file,file,file,file,file,file,file,file,file,file,file,file,file,file,file,file,file,file,file,file,file,file,file,file,file,file,file,file,file,file,file
bwperim,measured,mfile,,file,file,file,file,file,file,file,file,file,file,file,file,file,file,file,file,file,file,file,file,file,file,file,file,file,file,file,file,file,file,file,file,file,file,file,file,file
bwpropfilt,measured,mfile,,file,file,file,file,file,file,file,file,file,file,file,file,file,file,file,file,file,file,file,file,file,file,file,file,file,file,file,file,file,file,file,file,file,file,file,file,file
bwselect,measured,mfile,,file,file,file,file,file,file,file,file,file,file,file,file,file,file,file,file,file,file,file,file,file,file,file,file,file,file,file,file,file,file,file,file,file,file,file,file,file
bwselect3,measured,mfile,,file,file,file,file,file,file,file,file,file,file,file,file,file,file,file,file,file,file,file,file,file,file,file,file,file,file,file,file,file,file,file,file,file,file,file,file,file
bwskel,measured,mfile,,file,file,file,file,file,file,file,file,file,file,file,file,file,file,file,file,file,file,file,file,file,file,file,file,file,file,file,file,file,file,file,file,file,file,file,file,file
bwtraceboundary,measured,mfile,,file,file,file,file,file,file,file,file,file,file,file,file,file,file,file,file,file,file,file,file,file,file,file,file,file,file,file,file,file,file,file,file,file,file,file,file,file
bwulterode,measured,mfile,,file,file,file,file,file,file,file,file,file,file,file,file,file,file,file,file,file,file,file,file,file,file,file,file,file,file,file,file,file,file,file,file,file,file,file,file,file
caldays,measured,mfile,codistributed;tall,file,file,file,file,file,file,file,file,file,file,file,file,file,file,file,file,file,file,file,file,file,file,file,file,file,file,file,file,file,file,file,file,file,file,file,file,file
caldiff,measured,mfile,datetime;tall,file,file,file,file,file,file,file,file,file,file,builtin,file,file,file,file,file,file,file,file,file,file,file,file,file,file,file,file,builtin-err,builtin-err,file,file,file,file,file,file,file,file
calendar,measured,mfile,,file,file,file,file,file,file,file,file,file,file,file,file,file,file,file,file,file,file,file,file,file,file,file,file,file,file,file,file,file,file,file,file,file,file,file,file,file
calendarDuration,measured,mfile,calendarDuration;codistributed;tall,builtin,builtin-err,builtin-err,builtin-err,builtin-err,builtin-err,builtin-err,builtin-err,builtin-err,builtin-err,builtin-err,builtin-err,builtin-err,builtin-err,builtin-err,builtin-err,builtin-err,builtin-err,builtin-err,builtin-err,builtin-err,builtin-err,builtin-err,builtin-err,builtin-err,builtin-err,builtin-err,builtin-err,builtin-err,builtin-err,builtin-err,builtin-err,builtin-err,builtin-err,builtin-err,builtin-err,builtin-err
calmonths,measured,mfile,codistributed;tall,file,file,file,file,file,file,file,file,file,file,file,file,file,file,file,file,file,file,file,file,file,file,file,file,file,file,file,file,file,file,file,file,file,file,file,file,file
calquarters,measured,mfile,codistributed;tall,file,file,file,file,file,file,file,file,file,file,file,file,file,file,file,file,file,file,file,file,file,file,file,file,file,file,file,file,file,file,file,file,file,file,file,file,file
calweeks,measured,mfile,codistributed;tall,file,file,file,file,file,file,file,file,file,file,file,file,file,file,file,file,file,file,file,file,file,file,file,file,file,file,file,file,file,file,file,file,file,file,file,file,file
calyears,measured,mfile,codistributed;tall,file,file,file,file,file,file,file,file,file,file,file,file,file,file,file,file,file,file,file,file,file,file,file,file,file,file,file,file,file,file,file,file,file,file,file,file,file
camdolly,measured,mfile,,file,file,file,file,file,file,file,file,file,file,file,file,file,file,file,file,file,file,file,file,file,file,file,file,file,file,file,file,file,file,file,file,file,file,file,file,file
camlight,measured,mfile,,file,file,file,file,file,file,file,file,file,file,file,file,file,file,file,file,file,file,file,file,file,file,file,file,file,file,file,file,file,file,file,file,file,file,file,file,file
camlookat,measured,mfile,,file,file,file,file,file,file,file,file,file,file,file,file,file,file,file,file,file,file,file,file,file,file,file,file,file,file,file,file,file,file,file,file,file,file,file,file,file
camorbit,measured,mfile,,file,file,file,file,file,file,file,file,file,file,file,file,file,file,file,file,file,file,file,file,file,file,file,file,file,file,file,file,file,file,file,file,file,file,file,file,file
campan,measured,mfile,,file,file,file,file,file,file,file,file,file,file,file,file,file,file,file,file,file,file,file,file,file,file,file,file,file,file,file,file,file,file,file,file,file,file,file,file,file
campos,measured,mfile,,file,file,file,file,file,file,file,file,file,file,file,file,file,file,file,file,file,file,file,file,file,file,file,file,file,file,file,file,file,file,file,file,file,file,file,file,file
camproj,measured,mfile,,file,file,file,file,file,file,file,file,file,file,file,file,file,file,file,file,file,file,file,file,file,file,file,file,file,file,file,file,file,file,file,file,file,file,file,file,file
camroll,measured,mfile,,file,file,file,file,file,file,file,file,file,file,file,file,file,file,file,file,file,file,file,file,file,file,file,file,file,file,file,file,file,file,file,file,file,file,file,file,file
camtarget,measured,mfile,,file,file,file,file,file,file,file,file,file,file,file,file,file,file,file,file,file,file,file,file,file,file,file,file,file,file,file,file,file,file,file,file,file,file,file,file,file
camup,measured,mfile,,file,file,file,file,file,file,file,file,file,file,file,file,file,file,file,file,file,file,file,file,file,file,file,file,file,file,file,file,file,file,file,file,file,file,file,file,file
camva,measured,mfile,,file,file,file,file,file,file,file,file,file,file,file,file,file,file,file,file,file,file,file,file,file,file,file,file,file,file,file,file,file,file,file,file,file,file,file,file,file
camzoom,measured,mfile,,file,file,file,file,file,file,file,file,file,file,file,file,file,file,file,file,file,file,file,file,file,file,file,file,file,file,file,file,file,file,file,file,file,file,file,file,file
canoncorr,measured,none,,file,file,file,file,file,file,file,file,file,file,file,file,file,file,file,file,file,file,file,file,file,file,file,file,file,file,file,file,file,file,file,file,file,file,file,file,file
capability,measured,none,,file,file,file,file,file,file,file,file,file,file,file,file,file,file,file,file,file,file,file,file,file,file,file,file,file,file,file,file,file,file,file,file,file,file,file,file,file
capaplot,measured,none,,file,file,file,file,file,file,file,file,file,file,file,file,file,file,file,file,file,file,file,file,file,file,file,file,file,file,file,file,file,file,file,file,file,file,file,file,file
cart2pol,measured,mfile,distributed,file,file,file,file,file,file,file,file,file,file,file,file,file,file,file,file,file,file,file,file,file,file,file,file,file,file,file,file,file,file,file,file,file,file,file,file,file
cart2sph,measured,mfile,distributed,file,file,file,file,file,file,file,file,file,file,file,file,file,file,file,file,file,file,file,file,file,file,file,file,file,file,file,file,file,file,file,file,file,file,file,file,file
cascadesparams,measured,mfile,sparameters,file,file,file,file,file,file,file,file,file,file,file,file,file,file,file,file,file,file,file,file,file,file,file,file,file,file,file,file,file,file,file,file,file,file,file,file,file
caseread,measured,none,,file,file,file,file,file,file,file,file,file,file,file,file,file,file,file,file,file,file,file,file,file,file,file,file,file,file,file,file,file,file,file,file,file,file,file,file,file
casewrite,measured,none,,file,file,file,file,file,file,file,file,file,file,file,file,file,file,file,file,file,file,file,file,file,file,file,file,file,file,file,file,file,file,file,file,file,file,file,file,file
cast,measured,builtin,codistributed;dlarray;gpuArray;half;tall,file,file,file,file,file,file,file,file,file,file,file,file,file,file,file,file,file,file,file,file,file,file,file,file,file,file,file,file,file,file,file,file,file,file,file,file,file
cat,measured,builtin,InputOutputModel;calendarDuration;categorical;codistributed;coninputfactor;dataset;dlarray;fittype;gpuArray;half;inline;network;string;sym;symfun;tabular;tall;tokenizedDocument,file,file,builtin-err,file,file,file,file,file,file,builtin-err,builtin-err,builtin-err,builtin-err,builtin-err,file,builtin-err,builtin-err,file,file,file,file,file,file,file,builtin-err,builtin-err,builtin-err,builtin,builtin-err,builtin,builtin,builtin,builtin-err,builtin-err,builtin-err,builtin-err,file
categorical,measured,mfile,categorical;codistributed;dlarray;tall,builtin,builtin,builtin,builtin-err,builtin-err,builtin-err,builtin-err,builtin,builtin,builtin-err,builtin,builtin,builtin,builtin-err,builtin,builtin-err,builtin-err,builtin-err,builtin-err,builtin-err,builtin-err,builtin,builtin-err,builtin-err,builtin,builtin-err,builtin-err,builtin-err,builtin-err,builtin-err,builtin-err,builtin-err,builtin-err,builtin-err,builtin-err,builtin,builtin-err
caxis,measured,mfile,,file,file,file,file,file,file,file,file,file,file,file,file,file,file,file,file,file,file,file,file,file,file,file,file,file,file,file,file,file,file,file,file,file,file,file,file,file
ccdesign,measured,none,,file,file,file,file,file,file,file,file,file,file,file,file,file,file,file,file,file,file,file,file,file,file,file,file,file,file,file,file,file,file,file,file,file,file,file,file,file
cceps,measured,mfile,,file,file,file,file,file,file,file,file,file,file,file,file,file,file,file,file,file,file,file,file,file,file,file,file,file,file,file,file,file,file,file,file,file,file,file,file,file
cconv,measured,mfile,gpuArray,file,file,file,file,file,file,file,file,file,file,file,file,file,file,file,file,file,file,file,file,file,file,file,file,file,file,file,file,file,file,file,file,file,file,file,file,file
cd,measured,builtin,,file,file,file,file,file,file,file,file,file,file,file,file,file,file,file,file,file,file,file,file,file,file,file,file,file,file,file,file,file,file,file,file,file,file,file,file,file
cdf,measured,none,,file,file,file,file,file,file,file,file,file,file,file,file,file,file,file,file,file,file,file,file,file,file,file,file,file,file,file,file,file,file,file,file,file,file,file,file,file
cdf2rdf,measured,mfile,gpuArray;symfun,file,file,file,file,file,file,file,file,file,file,file,file,file,file,file,file,file,file,file,file,file,file,file,file,file,file,file,file,file,file,file,file,file,file,file,file,file
cdfplot,measured,none,,file,file,file,file,file,file,file,file,file,file,file,file,file,file,file,file,file,file,file,file,file,file,file,file,file,file,file,file,file,file,file,file,file,file,file,file,file
ceil,measured,builtin,char;codistributed;dlarray;double;duration;gpuArray;int16;int32;int64;int8;logical;single;sym;tabular;tall;uint16;uint32;uint64;uint8,file,builtin,file,file,file,file,builtin,builtin,builtin,builtin,builtin-err,builtin,file,file,builtin-err,file,file,file,file,file,file,builtin-err,builtin-err,builtin-err,file,builtin-err,builtin-err,builtin-err,builtin-err,builtin-err,file,file,file,file,file,file,file
cell,measured,builtin,codistributed;codistributor1d;codistributor2dbc;distributed;half;sweepset,file,file,file,file,file,file,file,file,file,builtin-err,file,file,file,file,file,file,file,file,file,file,file,file,file,file,file,builtin-err,builtin-err,file,file,file,file,file,file,file,file,file,file
cell2mat,measured,mfile,codistributed;tall,file,file,file,file,file,file,file,file,file,file,file,file,file,file,file,file,file,file,file,file,file,file,file,file,file,file,file,file,file,file,file,file,file,file,file,file,file
cell2sos,measured,mfile,,file,file,file,file,file,file,file,file,file,file,file,file,file,file,file,file,file,file,file,file,file,file,file,file,file,file,file,file,file,file,file,file,file,file,file,file,file
cell2struct,measured,builtin,codistributed,file,file,file,file,file,file,file,file,file,file,file,file,file,file,file,file,file,file,file,file,file,file,file,file,file,file,file,file,file,file,file,file,file,file,file,file,file
cellfun,measured,builtin,codistributed;tall,file,file,file,file,file,file,file,file,file,file,file,file,file,file,file,file,file,file,file,file,file,file,file,file,file,file,file,file,file,file,file,file,file,file,file,file,file
cellstr,measured,mfile,categorical;codistributed;dataset;tall,file,file,builtin,file,file,file,file,file,file,file,builtin,builtin,builtin,file,file,file,builtin-err,file,file,file,file,file,file,file,builtin-err,file,file,builtin-err,builtin-err,builtin-err,builtin-err,file,file,builtin-err,file,file,file
cgs,measured,mfile,codistributed;gpuArray,file,file,file,file,file,file,file,file,file,file,file,file,file,file,file,file,file,file,file,file,file,file,file,file,file,file,file,file,file,file,file,file,file,file,file,file,file
char,measured,builtin,categorical;cgconconstraint;cgconstraint;cgexpr;cgexprconstraint;cgfeature;cgfuncmodel;cgoppoint;cgoptimitem;cgpointconstraint;cgpointobjective;cgprec;cgprecfloat;cgpreclookupfix;cgprecpolyfix;cgrangeconstraint;cgsumconstraint;cgsumobjective;cgtabgradconstraint;codistributed;coninputfactor;des_constraints;fittype;inline;junit;localavfit;localbspline;localmulti;localpoly;localpspline;localsurface;localtruncps;localusermod;mbcinputfactor;opaque;string;sweepset;sweepsetfilter;sym;tall;xreg3xspline;xregclickinput;xregclicktolinput;xregcovariance;xregcubic;xregdesign;xreggpr;xreghybridrbf;xreginterprbf;xreglistctrl;xregmodel;xregmodswitch;xregmulti;xregnnet;xregrangeinput;xregrbf;xregtwostage;xregunispline;xregusermod;xregvectorinput,file,file,builtin,file,file,file,file,file,file,file,file,file,file,file,file,file,builtin-err,file,file,file,file,file,file,file,builtin-err,file,file,builtin-err,builtin-err,builtin-err,builtin-err,file,file,builtin-err,file,file,file
cheb1ap,measured,mfile,,file,file,file,file,file,file,file,file,file,file,file,file,file,file,file,file,file,file,file,file,file,file,file,file,file,file,file,file,file,file,file,file,file,file,file,file,file
cheb1ord,measured,mfile,,file,file,file,file,file,file,file,file,file,file,file,file,file,file,file,file,file,file,file,file,file,file,file,file,file,file,file,file,file,file,file,file,file,file,file,file,file
cheb2ap,measured,mfile,,file,file,file,file,file,file,file,file,file,file,file,file,file,file,file,file,file,file,file,file,file,file,file,file,file,file,file,file,file,file,file,file,file,file,file,file,file
cheb2ord,measured,mfile,,file,file,file,file,file,file,file,file,file,file,file,file,file,file,file,file,file,file,file,file,file,file,file,file,file,file,file,file,file,file,file,file,file,file,file,file,file
chebwin,measured,mfile,,file,file,file,file,file,file,file,file,file,file,file,file,file,file,file,file,file,file,file,file,file,file,file,file,file,file,file,file,file,file,file,file,file,file,file,file,file
cheby1,measured,mfile,,file,file,file,file,file,file,file,file,file,file,file,file,file,file,file,file,file,file,file,file,file,file,file,file,file,file,file,file,file,file,file,file,file,file,file,file,file
cheby2,measured,mfile,,file,file,file,file,file,file,file,file,file,file,file,file,file,file,file,file,file,file,file,file,file,file,file,file,file,file,file,file,file,file,file,file,file,file,file,file,file
checkerboard,measured,mfile,,file,file,file,file,file,file,file,file,file,file,file,file,file,file,file,file,file,file,file,file,file,file,file,file,file,file,file,file,file,file,file,file,file,file,file,file,file
chi2cdf,measured,none,,file,file,file,file,file,file,file,file,file,file,file,file,file,file,file,file,file,file,file,file,file,file,file,file,file,file,file,file,file,file,file,file,file,file,file,file,file
chi2gof,measured,none,,file,file,file,file,file,file,file,file,file,file,file,file,file,file,file,file,file,file,file,file,file,file,file,file,file,file,file,file,file,file,file,file,file,file,file,file,file
chi2inv,measured,none,,file,file,file,file,file,file,file,file,file,file,file,file,file,file,file,file,file,file,file,file,file,file,file,file,file,file,file,file,file,file,file,file,file,file,file,file,file
chi2pdf,measured,none,,file,file,file,file,file,file,file,file,file,file,file,file,file,file,file,file,file,file,file,file,file,file,file,file,file,file,file,file,file,file,file,file,file,file,file,file,file
chi2rnd,measured,none,,file,file,file,file,file,file,file,file,file,file,file,file,file,file,file,file,file,file,file,file,file,file,file,file,file,file,file,file,file,file,file,file,file,file,file,file,file
chi2stat,measured,none,,file,file,file,file,file,file,file,file,file,file,file,file,file,file,file,file,file,file,file,file,file,file,file,file,file,file,file,file,file,file,file,file,file,file,file,file,file
chirp,measured,mfile,,file,file,file,file,file,file,file,file,file,file,file,file,file,file,file,file,file,file,file,file,file,file,file,file,file,file,file,file,file,file,file,file,file,file,file,file,file
chol,measured,builtin,codistributed;double;gpuArray;half;single;sym,file,builtin,file,file,file,file,file,file,file,file,file,file,file,file,builtin-err,file,file,file,file,file,file,file,builtin-err,file,file,file,file,file,file,file,file,file,file,file,file,file,file
cholcov,measured,none,,file,file,file,file,file,file,file,file,file,file,file,file,file,file,file,file,file,file,file,file,file,file,file,file,file,file,file,file,file,file,file,file,file,file,file,file,file
cholupdate,measured,builtin,double;single,file,builtin-err,file,file,file,file,file,file,file,file,file,file,file,file,builtin,file,file,file,file,file,file,file,builtin-err,file,file,file,file,file,file,file,file,file,file,file,file,file,file
chromadapt,measured,mfile,,file,file,file,file,file,file,file,file,file,file,file,file,file,file,file,file,file,file,file,file,file,file,file,file,file,file,file,file,file,file,file,file,file,file,file,file,file
circshift,measured,mfile,codistributed;gpuArray;half;symfun,file,builtin-err,file,file,file,file,builtin-err,builtin-err,builtin-err,file,file,file,file,file,builtin-err,file,file,file,file,file,file,builtin-err,builtin-err,builtin-err,file,file,file,file,file,file,file,file,file,file,file,file,file
cla,measured,mfile,,file,file,file,file,file,file,file,file,file,file,file,file,file,file,file,file,file,file,file,file,file,file,file,file,file,file,file,file,file,file,file,file,file,file,file,file,file
clabel,measured,mfile,,file,file,file,file,file,file,file,file,file,file,file,file,file,file,file,file,file,file,file,file,file,file,file,file,file,file,file,file,file,file,file,file,file,file,file,file,file
class,measured,builtin,Bluetooth;LegacyIcdevice;gpib;i2c;icgroup;scribehandle;serial;tcpip;udp;visa,file,file,file,file,file,file,file,file,file,file,file,file,file,file,file,file,file,file,file,file,file,file,file,file,file,file,file,file,file,file,file,file,file,file,file,file,file
clc,measured,builtin,,file,file,file,file,file,file,file,file,file,file,file,file,file,file,file,file,file,file,file,file,file,file,file,file,file,file,file,file,file,file,file,file,file,file,file,file,file
clear,measured,builtin,cgexprgroup;cgoptimexprgroup;cgrules;mbcstore;xregdesign;xregtable,file,file,file,file,file,file,file,file,file,file,file,file,file,file,file,file,file,file,file,file,file,file,file,file,file,file,file,file,file,file,file,file,file,file,file,file,file
clearpoints,measured,mfile,,file,file,file,file,file,file,file,file,file,file,file,file,file,file,file,file,file,file,file,file,file,file,file,file,file,file,file,file,file,file,file,file,file,file,file,file,file
clearvars,measured,mfile,,file,file,file,file,file,file,file,file,file,file,file,file,file,file,file,file,file,file,file,file,file,file,file,file,file,file,file,file,file,file,file,file,file,file,file,file,file
clf,measured,mfile,,file,file,file,file,file,file,file,file,file,file,file,file,file,file,file,file,file,file,file,file,file,file,file,file,file,file,file,file,file,file,file,file,file,file,file,file,file
clim,measured,mfile,,file,file,file,file,file,file,file,file,file,file,file,file,file,file,file,file,file,file,file,file,file,file,file,file,file,file,file,file,file,file,file,file,file,file,file,file,file
clip,measured,mfile,,file,file,file,file,file,file,file,file,file,file,file,file,file,file,file,file,file,file,file,file,file,file,file,file,file,file,file,file,file,file,file,file,file,file,file,file,file
clock,measured,builtin,,file,file,file,file,file,file,file,file,file,file,file,file,file,file,file,file,file,file,file,file,file,file,file,file,file,file,file,file,file,file,file,file,file,file,file,file,file
close,measured,mfile,LegacyIcdevice;UpgradeAdvisor;bloomberg;blp;cgproject;fred;haver;instrument;mdevproject;moneynet;moneynetws;roadrunner;serial;tlkrs;vrfigure;vrjoystick;vrspacemouse;vrworld,file,file,file,file,file,file,file,file,file,file,file,file,file,file,file,file,file,file,file,file,file,file,file,file,file,file,file,file,file,file,file,file,file,file,file,file,file
closereq,measured,mfile,,file,file,file,file,file,file,file,file,file,file,file,file,file,file,file,file,file,file,file,file,file,file,file,file,file,file,file,file,file,file,file,file,file,file,file,file,file
cluster,measured,mfile,phytree,file,file,file,file,file,file,file,file,file,file,file,file,file,file,file,file,file,file,file,file,file,file,file,file,file,file,file,file,file,file,file,file,file,file,file,file,file
clusterdata,measured,none,,file,file,file,file,file,file,file,file,file,file,file,file,file,file,file,file,file,file,file,file,file,file,file,file,file,file,file,file,file,file,file,file,file,file,file,file,file
cmap2gray,measured,mfile,,file,file,file,file,file,file,file,file,file,file,file,file,file,file,file,file,file,file,file,file,file,file,file,file,file,file,file,file,file,file,file,file,file,file,file,file,file
cmdscale,measured,none,,file,file,file,file,file,file,file,file,file,file,file,file,file,file,file,file,file,file,file,file,file,file,file,file,file,file,file,file,file,file,file,file,file,file,file,file,file
cmpermute,measured,mfile,,file,file,file,file,file,file,file,file,file,file,file,file,file,file,file,file,file,file,file,file,file,file,file,file,file,file,file,file,file,file,file,file,file,file,file,file,file
cmunique,measured,mfile,,file,file,file,file,file,file,file,file,file,file,file,file,file,file,file,file,file,file,file,file,file,file,file,file,file,file,file,file,file,file,file,file,file,file,file,file,file
cohere,measured,mfile,,file,file,file,file,file,file,file,file,file,file,file,file,file,file,file,file,file,file,file,file,file,file,file,file,file,file,file,file,file,file,file,file,file,file,file,file,file
col2im,measured,mfile,,file,file,file,file,file,file,file,file,file,file,file,file,file,file,file,file,file,file,file,file,file,file,file,file,file,file,file,file,file,file,file,file,file,file,file,file,file
colfilt,measured,mfile,,file,file,file,file,file,file,file,file,file,file,file,file,file,file,file,file,file,file,file,file,file,file,file,file,file,file,file,file,file,file,file,file,file,file,file,file,file
colnames,measured,none,,file,file,file,file,file,file,file,file,file,file,file,file,file,file,file,file,file,file,file,file,file,file,file,file,file,file,file,file,file,file,file,file,file,file,file,file,file
colon,measured,builtin,char;codistributor1d;codistributor2dbc;datetime;distributed;dlarray;double;duration;gpuArray;half;int16;int32;int64;int8;single;sym;uint16;uint32;uint64;uint8,file,builtin-err,file,file,file,file,builtin-err,file,builtin-err,file,builtin-err,builtin-err,file,file,builtin,file,file,file,file,file,file,builtin-err,builtin-err,builtin-err,file,file,file,builtin-err,builtin-err,builtin,file,file,file,file,file,file,file
colorangle,measured,mfile,,file,file,file,file,file,file,file,file,file,file,file,file,file,file,file,file,file,file,file,file,file,file,file,file,file,file,file,file,file,file,file,file,file,file,file,file,file
colorbar,measured,mfile,,file,file,file,file,file,file,file,file,file,file,file,file,file,file,file,file,file,file,file,file,file,file,file,file,file,file,file,file,file,file,file,file,file,file,file,file,file
colorcube,measured,mfile,,file,file,file,file,file,file,file,file,file,file,file,file,file,file,file,file,file,file,file,file,file,file,file,file,file,file,file,file,file,file,file,file,file,file,file,file,file
colordef,measured,mfile,,file,file,file,file,file,file,file,file,file,file,file,file,file,file,file,file,file,file,file,file,file,file,file,file,file,file,file,file,file,file,file,file,file,file,file,file,file
colormap,measured,mfile,,file,file,file,file,file,file,file,file,file,file,file,file,file,file,file,file,file,file,file,file,file,file,file,file,file,file,file,file,file,file,file,file,file,file,file,file,file
colororder,measured,mfile,,file,file,file,file,file,file,file,file,file,file,file,file,file,file,file,file,file,file,file,file,file,file,file,file,file,file,file,file,file,file,file,file,file,file,file,file,file
colperm,measured,mfile,,file,file,file,file,file,file,file,file,file,file,file,file,file,file,file,file,file,file,file,file,file,file,file,file,file,file,file,file,file,file,file,file,file,file,file,file,file
column,measured,none,,file,file,file,file,file,file,file,file,file,file,file,file,file,file,file,file,file,file,file,file,file,file,file,file,file,file,file,file,file,file,file,file,file,file,file,file,file
combnk,measured,none,,file,file,file,file,file,file,file,file,file,file,file,file,file,file,file,file,file,file,file,file,file,file,file,file,file,file,file,file,file,file,file,file,file,file,file,file,file
comet,measured,mfile,,file,file,file,file,file,file,file,file,file,file,file,file,file,file,file,file,file,file,file,file,file,file,file,file,file,file,file,file,file,file,file,file,file,file,file,file,file
comet3,measured,mfile,,file,file,file,file,file,file,file,file,file,file,file,file,file,file,file,file,file,file,file,file,file,file,file,file,file,file,file,file,file,file,file,file,file,file,file,file,file
compan,measured,mfile,distributed;symfun,file,file,file,file,file,file,file,file,file,file,file,file,file,file,file,file,file,file,file,file,file,file,file,file,file,file,file,file,file,file,file,file,file,file,file,file,file
compass,measured,mfile,,file,file,file,file,file,file,file,file,file,file,file,file,file,file,file,file,file,file,file,file,file,file,file,file,file,file,file,file,file,file,file,file,file,file,file,file,file
complex,measured,builtin,codistributed;dlarray;double;gpuArray;int16;int32;int64;int8;logical;single;uint16;uint32;uint64;uint8,file,builtin,file,file,file,file,file,builtin,builtin,file,file,file,file,file,builtin,file,file,file,file,file,file,builtin,builtin,file,file,file,file,file,file,file,file,file,file,file,file,file,file
compose,measured,mfile,codistributed;dlarray;sym;tall,file,file,builtin,file,file,file,file,file,file,file,file,file,file,file,file,file,builtin-err,file,file,file,file,file,file,file,builtin-err,file,file,file,file,file,file,file,file,builtin-err,file,file,file
computer,measured,builtin,,file,file,file,file,file,file,file,file,file,file,file,file,file,file,file,file,file,file,file,file,file,file,file,file,file,file,file,file,file,file,file,file,file,file,file,file,file
concat,measured,mfile,sweepset,file,file,file,file,file,file,file,file,file,file,file,file,file,file,file,file,file,file,file,file,file,file,file,file,file,file,file,file,file,file,file,file,file,file,file,file,file
cond,measured,mfile,codistributed;gpuArray;sym;xreginterprbf,file,file,file,file,file,file,file,file,file,file,file,file,file,file,file,file,file,file,file,file,file,file,file,file,file,file,file,file,file,file,file,file,file,file,file,file,file
condeig,measured,mfile,,file,file,file,file,file,file,file,file,file,file,file,file,file,file,file,file,file,file,file,file,file,file,file,file,file,file,file,file,file,file,file,file,file,file,file,file,file
condest,measured,mfile,codistributed;gpuArray;symfun;xreginterprbf,file,file,file,file,file,file,file,file,file,file,file,file,file,file,file,file,file,file,file,file,file,file,file,file,file,file,file,file,file,file,file,file,file,file,file,file,file
coneplot,measured,mfile,,file,file,file,file,file,file,file,file,file,file,file,file,file,file,file,file,file,file,file,file,file,file,file,file,file,file,file,file,file,file,file,file,file,file,file,file,file
confusionmat,measured,mfile,,file,file,file,file,file,file,file,file,file,file,file,file,file,file,file,file,file,file,file,file,file,file,file,file,file,file,file,file,file,file,file,file,file,file,file,file,file
conj,measured,builtin,char;codistributed;dlarray;double;gpuArray;int16;int32;int64;int8;logical;single;sym;uint16;uint32;uint64;uint8,file,builtin,file,file,file,file,builtin,builtin,builtin,file,file,file,file,file,builtin-err,file,file,file,file,file,file,builtin-err,builtin-err,builtin-err,file,file,file,file,file,file,file,file,file,file,file,file,file
conndef,measured,mfile,,file,file,file,file,file,file,file,file,file,file,file,file,file,file,file,file,file,file,file,file,file,file,file,file,file,file,file,file,file,file,file,file,file,file,file,file,file
containers,measured,none,,file,file,file,file,file,file,file,file,file,file,file,file,file,file,file,file,file,file,file,file,file,file,file,file,file,file,file,file,file,file,file,file,file,file,file,file,file
contains,measured,builtin,SimData;codistributed;string;tall;tokenizedDocument,file,file,builtin-err,file,file,file,file,file,file,file,file,file,file,file,file,builtin-err,builtin-err,file,file,file,file,file,file,file,builtin,file,file,file,file,file,file,file,file,builtin-err,builtin-err,builtin-err,file
contour,measured,mfile,propagationData;sweepset;xregmodel,file,file,file,file,file,file,file,file,file,file,file,file,file,file,file,file,file,file,file,file,file,file,file,file,file,file,file,file,file,file,file,file,file,file,file,file,file
contour3,measured,mfile,,file,file,file,file,file,file,file,file,file,file,file,file,file,file,file,file,file,file,file,file,file,file,file,file,file,file,file,file,file,file,file,file,file,file,file,file,file
contourc,measured,builtin,,file,file,file,file,file,file,file,file,file,file,file,file,file,file,file,file,file,file,file,file,file,file,file,file,file,file,file,file,file,file,file,file,file,file,file,file,file
contourf,measured,mfile,,file,file,file,file,file,file,file,file,file,file,file,file,file,file,file,file,file,file,file,file,file,file,file,file,file,file,file,file,file,file,file,file,file,file,file,file,file
contourslice,measured,mfile,,file,file,file,file,file,file,file,file,file,file,file,file,file,file,file,file,file,file,file,file,file,file,file,file,file,file,file,file,file,file,file,file,file,file,file,file,file
contrast,measured,mfile,,file,file,file,file,file,file,file,file,file,file,file,file,file,file,file,file,file,file,file,file,file,file,file,file,file,file,file,file,file,file,file,file,file,file,file,file,file
conv,measured,mfile,codistributed;gpuArray;half;tall,file,file,file,file,file,file,file,file,file,file,file,file,file,file,file,file,file,file,file,file,file,file,file,file,file,file,file,file,file,file,file,file,file,file,file,file,file
conv2,measured,builtin,codistributed;double;gpuArray;half;int16;int32;int64;int8;logical;single;tall;uint16;uint32;uint64;uint8,file,builtin-err,file,file,file,file,file,builtin-err,builtin-err,file,file,file,file,file,builtin,file,file,file,file,file,file,builtin,builtin-err,file,file,file,file,file,file,file,file,file,file,file,file,file,file
convertCharsToStrings,measured,builtin,tall,file,file,file,file,file,file,file,file,file,file,file,file,file,file,file,file,file,file,file,file,file,file,file,file,file,file,file,file,file,file,file,file,file,file,file,file,file
convertContainedStringsToChars,measured,builtin,,file,file,file,file,file,file,file,file,file,file,file,file,file,file,file,file,file,file,file,file,file,file,file,file,file,file,file,file,file,file,file,file,file,file,file,file,file
convertStringsToChars,measured,builtin,string,file,file,builtin,file,file,file,file,file,file,file,file,file,file,file,file,builtin-err,builtin-err,file,file,file,file,file,file,file,builtin-err,file,file,file,file,file,file,file,file,builtin-err,builtin-err,builtin-err,file
convhull,measured,builtin,polyshape,file,file,file,file,file,file,file,file,file,file,file,file,file,file,file,file,file,file,file,file,file,file,file,file,file,file,file,file,file,file,file,file,file,file,file,file,file
convhulln,measured,mfile,,file,file,file,file,file,file,file,file,file,file,file,file,file,file,file,file,file,file,file,file,file,file,file,file,file,file,file,file,file,file,file,file,file,file,file,file,file
convmtx,measured,mfile,,file,file,file,file,file,file,file,file,file,file,file,file,file,file,file,file,file,file,file,file,file,file,file,file,file,file,file,file,file,file,file,file,file,file,file,file,file
convmtx2,measured,mfile,,file,file,file,file,file,file,file,file,file,file,file,file,file,file,file,file,file,file,file,file,file,file,file,file,file,file,file,file,file,file,file,file,file,file,file,file,file
convn,measured,mfile,codistributed;gpuArray;tall,file,file,file,file,file,file,file,file,file,file,file,file,file,file,file,file,file,file,file,file,file,file,file,file,file,file,file,file,file,file,file,file,file,file,file,file,file
cool,measured,mfile,,file,file,file,file,file,file,file,file,file,file,file,file,file,file,file,file,file,file,file,file,file,file,file,file,file,file,file,file,file,file,file,file,file,file,file,file,file
cophenet,measured,none,,file,file,file,file,file,file,file,file,file,file,file,file,file,file,file,file,file,file,file,file,file,file,file,file,file,file,file,file,file,file,file,file,file,file,file,file,file
copper,measured,mfile,,file,file,file,file,file,file,file,file,file,file,file,file,file,file,file,file,file,file,file,file,file,file,file,file,file,file,file,file,file,file,file,file,file,file,file,file,file
copulacdf,measured,none,,file,file,file,file,file,file,file,file,file,file,file,file,file,file,file,file,file,file,file,file,file,file,file,file,file,file,file,file,file,file,file,file,file,file,file,file,file
copulafit,measured,none,,file,file,file,file,file,file,file,file,file,file,file,file,file,file,file,file,file,file,file,file,file,file,file,file,file,file,file,file,file,file,file,file,file,file,file,file,file
copulaparam,measured,none,,file,file,file,file,file,file,file,file,file,file,file,file,file,file,file,file,file,file,file,file,file,file,file,file,file,file,file,file,file,file,file,file,file,file,file,file,file
copulapdf,measured,none,,file,file,file,file,file,file,file,file,file,file,file,file,file,file,file,file,file,file,file,file,file,file,file,file,file,file,file,file,file,file,file,file,file,file,file,file,file
copularnd,measured,none,,file,file,file,file,file,file,file,file,file,file,file,file,file,file,file,file,file,file,file,file,file,file,file,file,file,file,file,file,file,file,file,file,file,file,file,file,file
copulastat,measured,none,,file,file,file,file,file,file,file,file,file,file,file,file,file,file,file,file,file,file,file,file,file,file,file,file,file,file,file,file,file,file,file,file,file,file,file,file,file
copyfile,measured,builtin,,file,file,file,file,file,file,file,file,file,file,file,file,file,file,file,file,file,file,file,file,file,file,file,file,file,file,file,file,file,file,file,file,file,file,file,file,file
copygraphics,measured,mfile,,file,file,file,file,file,file,file,file,file,file,file,file,file,file,file,file,file,file,file,file,file,file,file,file,file,file,file,file,file,file,file,file,file,file,file,file,file
copyobj,measured,builtin,arrowline;axestext;axisobj;mbcrichtext;mvgraph1d;mvgraph2d;mvgraph3d;mvgraph4d;scribehandle;scribehgobj;term_selector;xregaxesinput;xregborderlayout;xregcardlayout;xregcontainer;xregcurtainfxlayout;xregflowlayout;xreggridlayout;xreglegend;xreglistctrl;xregmultigraph2d;xregslidefxlayout;xregsnapsplitlayout;xregsplitlayout;xregtable,file,file,file,file,file,file,file,file,file,file,file,file,file,file,file,file,file,file,file,file,file,file,file,file,file,file,file,file,file,file,file,file,file,file,file,file,file
corr,measured,mfile,ssm,file,file,file,file,file,file,file,file,file,file,file,file,file,file,file,file,file,file,file,file,file,file,file,file,file,file,file,file,file,file,file,file,file,file,file,file,file
corr2,measured,mfile,gpuArray,file,file,file,file,file,file,file,file,file,file,file,file,file,file,file,file,file,file,file,file,file,file,file,file,file,file,file,file,file,file,file,file,file,file,file,file,file
corrcoef,measured,mfile,codistributed;gpuArray;tall,file,file,file,file,file,file,file,file,file,file,file,file,file,file,file,file,file,file,file,file,file,file,file,file,file,file,file,file,file,file,file,file,file,file,file,file,file
corrcov,measured,none,,file,file,file,file,file,file,file,file,file,file,file,file,file,file,file,file,file,file,file,file,file,file,file,file,file,file,file,file,file,file,file,file,file,file,file,file,file
corrmtx,measured,mfile,,file,file,file,file,file,file,file,file,file,file,file,file,file,file,file,file,file,file,file,file,file,file,file,file,file,file,file,file,file,file,file,file,file,file,file,file,file
cos,measured,builtin,codistributed;dlarray;double;gpuArray;half;single;sym;tabular,file,builtin,file,file,file,file,file,file,file,builtin,file,file,file,file,builtin-err,file,file,file,file,file,file,file,builtin-err,file,file,builtin-err,builtin-err,file,file,file,file,file,file,file,file,file,file
cosd,measured,builtin,codistributed;double;gpuArray;single;sym;tabular,file,builtin,file,file,file,file,file,file,file,builtin,file,file,file,file,builtin-err,file,file,file,file,file,file,file,builtin-err,file,file,builtin-err,builtin-err,file,file,file,file,file,file,file,file,file,file
cosh,measured,builtin,codistributed;dlarray;double;gpuArray;half;single;sym;tabular,file,builtin,file,file,file,file,file,file,file,builtin,file,file,file,file,builtin-err,file,file,file,file,file,file,file,builtin-err,file,file,builtin-err,builtin-err,file,file,file,file,file,file,file,file,file,file
cot,measured,mfile,codistributed;dlarray;gpuArray;sym;tabular,file,file,file,file,file,file,file,file,file,builtin-err,file,file,file,file,file,file,file,file,file,file,file,file,file,file,file,builtin-err,builtin-err,file,file,file,file,file,file,file,file,file,file
cotd,measured,mfile,codistributed;gpuArray;sym;tabular,file,file,file,file,file,file,file,file,file,builtin-err,file,file,file,file,file,file,file,file,file,file,file,file,file,file,file,builtin-err,builtin-err,file,file,file,file,file,file,file,file,file,file
coth,measured,mfile,codistributed;gpuArray;sym;tabular,file,file,file,file,file,file,file,file,file,builtin-err,file,file,file,file,file,file,file,file,file,file,file,file,file,file,file,builtin-err,builtin-err,file,file,file,file,file,file,file,file,file,file
count,measured,builtin,codistributed;designdev;mtree;string;tall,file,file,builtin-err,file,file,file,file,file,file,file,file,file,file,file,file,builtin-err,builtin-err,file,file,file,file,file,file,file,builtin,file,file,file,file,file,file,file,file,builtin-err,builtin-err,builtin-err,file
cov,measured,mfile,codistributed;gpuArray;localsurface;symfun;tall;xregcovariance;xreglinear;xregmodel;xregmultilin;xregtwostage,file,file,file,file,file,file,file,file,file,file,file,file,file,file,file,file,file,file,file,file,file,file,file,file,file,file,file,file,file,file,file,file,file,file,file,file,file
coxphfit,measured,none,,file,file,file,file,file,file,file,file,file,file,file,file,file,file,file,file,file,file,file,file,file,file,file,file,file,file,file,file,file,file,file,file,file,file,file,file,file
cplxpair,measured,mfile,,file,file,file,file,file,file,file,file,file,file,file,file,file,file,file,file,file,file,file,file,file,file,file,file,file,file,file,file,file,file,file,file,file,file,file,file,file
cpsd,measured,mfile,gpuArray,file,file,file,file,file,file,file,file,file,file,file,file,file,file,file,file,file,file,file,file,file,file,file,file,file,file,file,file,file,file,file,file,file,file,file,file,file
cputime,measured,builtin,,file,file,file,file,file,file,file,file,file,file,file,file,file,file,file,file,file,file,file,file,file,file,file,file,file,file,file,file,file,file,file,file,file,file,file,file,file
createns,measured,none,,file,file,file,file,file,file,file,file,file,file,file,file,file,file,file,file,file,file,file,file,file,file,file,file,file,file,file,file,file,file,file,file,file,file,file,file,file
cross,measured,mfile,distributed,file,file,file,file,file,file,file,file,file,file,file,file,file,file,file,file,file,file,file,file,file,file,file,file,file,file,file,file,file,file,file,file,file,file,file,file,file
crosstab,measured,none,,file,file,file,file,file,file,file,file,file,file,file,file,file,file,file,file,file,file,file,file,file,file,file,file,file,file,file,file,file,file,file,file,file,file,file,file,file
csc,measured,mfile,codistributed;dlarray;gpuArray;sym;tabular,file,file,file,file,file,file,file,file,file,builtin-err,file,file,file,file,file,file,file,file,file,file,file,file,file,file,file,builtin-err,builtin-err,file,file,file,file,file,file,file,file,file,file
cscd,measured,mfile,codistributed;gpuArray;sym;tabular,file,file,file,file,file,file,file,file,file,builtin-err,file,file,file,file,file,file,file,file,file,file,file,file,file,file,file,builtin-err,builtin-err,file,file,file,file,file,file,file,file,file,file
csch,measured,mfile,codistributed;gpuArray;sym;tabular,file,file,file,file,file,file,file,file,file,builtin-err,file,file,file,file,file,file,file,file,file,file,file,file,file,file,file,builtin-err,builtin-err,file,file,file,file,file,file,file,file,file,file
csd,measured,mfile,,file,file,file,file,file,file,file,file,file,file,file,file,file,file,file,file,file,file,file,file,file,file,file,file,file,file,file,file,file,file,file,file,file,file,file,file,file
csvwrite,measured,mfile,,file,file,file,file,file,file,file,file,file,file,file,file,file,file,file,file,file,file,file,file,file,file,file,file,file,file,file,file,file,file,file,file,file,file,file,file,file
ctranspose,measured,builtin,categorical;cell;char;codistributed;dlarray;double;gpuArray;half;icgroup;imaqchild;imaqdevice;instrument;int16;int32;int64;int8;laurmat;logical;opaque;quaternion;se2;se3;serial;single;so2;so3;string;struct;sym;tokenizedDocument;uint16;uint32;uint64;uint8,file,builtin,builtin,builtin,builtin,file,builtin,builtin,builtin,builtin-err,builtin,builtin,builtin,builtin,builtin-err,file,builtin-err,builtin-err,builtin-err,builtin-err,file,builtin-err,builtin-err,builtin-err,builtin-err,builtin-err,builtin-err,builtin-err,builtin-err,builtin-err,builtin-err,builtin-err,builtin-err,builtin-err,file,file,builtin-err
cummax,measured,builtin,codistributed;double;gpuArray;int16;int32;int64;int8;logical;single;tabular;tall;uint16;uint32;uint64;uint8,file,builtin,file,file,file,file,file,builtin,builtin,builtin,file,builtin,file,file,builtin-err,file,file,file,file,file,file,builtin-err,builtin-err,file,file,builtin-err,builtin-err,file,file,builtin-err,file,file,file,file,file,file,file
cummin,measured,builtin,codistributed;double;gpuArray;int16;int32;int64;int8;logical;single;tabular;tall;uint16;uint32;uint64;uint8,file,builtin,file,file,file,file,file,builtin,builtin,builtin,file,builtin,file,file,builtin-err,file,file,file,file,file,file,builtin-err,builtin-err,file,file,builtin-err,builtin-err,file,file,builtin-err,file,file,file,file,file,file,file
cumprod,measured,builtin,codistributed;double;gpuArray;int16;int32;int64;int8;logical;single;sym;tabular;tall;uint16;uint32;uint64;uint8,file,builtin,file,file,file,file,file,builtin,builtin,builtin,file,file,file,file,builtin-err,file,file,file,file,file,file,builtin-err,builtin-err,file,file,builtin-err,builtin-err,file,file,file,file,file,file,file,file,file,file
cumsum,measured,builtin,codistributed;double;gpuArray;half;int16;int32;int64;int8;logical;single;sym;tabular;tall;uint16;uint32;uint64;uint8,file,builtin,file,file,file,file,file,builtin,builtin,builtin,file,builtin,file,file,builtin-err,file,file,file,file,file,file,builtin-err,builtin-err,file,file,builtin-err,builtin-err,file,file,builtin-err,file,file,file,file,file,file,file
cumtrapz,measured,mfile,distributed,file,file,file,file,file,file,file,file,file,file,file,file,file,file,file,file,file,file,file,file,file,file,file,file,file,file,file,file,file,file,file,file,file,file,file,file,file
curl,measured,mfile,sym,file,file,file,file,file,file,file,file,file,file,file,file,file,file,file,file,file,file,file,file,file,file,file,file,file,file,file,file,file,file,file,file,file,file,file,file,file
cusum,measured,mfile,,file,file,file,file,file,file,file,file,file,file,file,file,file,file,file,file,file,file,file,file,file,file,file,file,file,file,file,file,file,file,file,file,file,file,file,file,file
cylinder,measured,mfile,,file,file,file,file,file,file,file,file,file,file,file,file,file,file,file,file,file,file,file,file,file,file,file,file,file,file,file,file,file,file,file,file,file,file,file,file,file
czt,measured,mfile,gpuArray,file,file,file,file,file,file,file,file,file,file,file,file,file,file,file,file,file,file,file,file,file,file,file,file,file,file,file,file,file,file,file,file,file,file,file,file,file
daspect,measured,mfile,,file,file,file,file,file,file,file,file,file,file,file,file,file,file,file,file,file,file,file,file,file,file,file,file,file,file,file,file,file,file,file,file,file,file,file,file,file
datacursormode,measured,mfile,,file,file,file,file,file,file,file,file,file,file,file,file,file,file,file,file,file,file,file,file,file,file,file,file,file,file,file,file,file,file,file,file,file,file,file,file,file
datasample,measured,none,,file,file,file,file,file,file,file,file,file,file,file,file,file,file,file,file,file,file,file,file,file,file,file,file,file,file,file,file,file,file,file,file,file,file,file,file,file
dataTipInteraction,measured,mfile,,file,file,file,file,file,file,file,file,file,file,file,file,file,file,file,file,file,file,file,file,file,file,file,file,file,file,file,file,file,file,file,file,file,file,file,file,file
datawrap,measured,mfile,,file,file,file,file,file,file,file,file,file,file,file,file,file,file,file,file,file,file,file,file,file,file,file,file,file,file,file,file,file,file,file,file,file,file,file,file,file
date,measured,mfile,,file,file,file,file,file,file,file,file,file,file,file,file,file,file,file,file,file,file,file,file,file,file,file,file,file,file,file,file,file,file,file,file,file,file,file,file,file
datenum,measured,mfile,codistributed;distributed;tall,file,file,file,file,file,file,file,file,file,file,builtin,builtin,file,file,file,file,file,file,file,file,file,file,file,file,file,file,file,builtin-err,builtin-err,builtin-err,file,file,file,file,file,file,file
dateshift,measured,mfile,codistributed;datetime;tall,file,file,file,file,file,file,file,file,file,file,builtin-err,file,file,file,file,file,file,file,file,file,file,file,file,file,file,file,file,builtin-err,builtin-err,file,file,file,file,file,file,file,file
datestr,measured,mfile,tall,file,file,file,file,file,file,file,file,file,file,file,file,file,file,file,file,file,file,file,file,file,file,file,file,file,file,file,builtin-err,file,file,file,file,file,file,file,file,file
datetime,measured,mfile,codistributed;datetime;tall,builtin,builtin-err,builtin-err,builtin-err,builtin-err,builtin-err,builtin-err,builtin-err,builtin-err,builtin-err,builtin,builtin-err,builtin-err,builtin-err,builtin-err,builtin-err,builtin-err,builtin-err,builtin-err,builtin-err,builtin-err,builtin-err,builtin-err,builtin-err,builtin-err,builtin-err,builtin-err,builtin-err,builtin-err,builtin-err,builtin-err,builtin-err,builtin-err,builtin-err,builtin-err,builtin-err,builtin-err
datevec,measured,mfile,codistributed;distributed;tall,file,file,file,file,file,file,file,file,file,file,builtin,builtin,file,file,file,file,file,file,file,file,file,file,file,file,file,file,file,builtin-err,builtin-err,builtin-err,file,file,file,file,file,file,file
day,measured,mfile,codistributed;tall,file,file,file,file,file,file,file,file,file,file,builtin,file,file,file,file,file,file,file,file,file,file,file,file,file,file,file,file,builtin-err,builtin-err,file,file,file,file,file,file,file,file
days,measured,mfile,codistributed;tall,file,file,file,file,file,file,file,file,file,file,file,builtin,file,file,file,file,file,file,file,file,file,file,file,file,file,file,file,file,file,builtin-err,file,file,file,file,file,file,file
db,measured,mfile,,file,file,file,file,file,file,file,file,file,file,file,file,file,file,file,file,file,file,file,file,file,file,file,file,file,file,file,file,file,file,file,file,file,file,file,file,file
db2mag,measured,mfile,,file,file,file,file,file,file,file,file,file,file,file,file,file,file,file,file,file,file,file,file,file,file,file,file,file,file,file,file,file,file,file,file,file,file,file,file,file
db2pow,measured,mfile,,file,file,file,file,file,file,file,file,file,file,file,file,file,file,file,file,file,file,file,file,file,file,file,file,file,file,file,file,file,file,file,file,file,file,file,file,file
dblquad,measured,mfile,,file,file,file,file,file,file,file,file,file,file,file,file,file,file,file,file,file,file,file,file,file,file,file,file,file,file,file,file,file,file,file,file,file,file,file,file,file
dbscan,measured,none,,file,file,file,file,file,file,file,file,file,file,file,file,file,file,file,file,file,file,file,file,file,file,file,file,file,file,file,file,file,file,file,file,file,file,file,file,file
dct,measured,mfile,,file,file,file,file,file,file,file,file,file,file,file,file,file,file,file,file,file,file,file,file,file,file,file,file,file,file,file,file,file,file,file,file,file,file,file,file,file
dct2,measured,mfile,,file,file,file,file,file,file,file,file,file,file,file,file,file,file,file,file,file,file,file,file,file,file,file,file,file,file,file,file,file,file,file,file,file,file,file,file,file
dctmtx,measured,mfile,,file,file,file,file,file,file,file,file,file,file,file,file,file,file,file,file,file,file,file,file,file,file,file,file,file,file,file,file,file,file,file,file,file,file,file,file,file
dde23,measured,mfile,,file,file,file,file,file,file,file,file,file,file,file,file,file,file,file,file,file,file,file,file,file,file,file,file,file,file,file,file,file,file,file,file,file,file,file,file,file
ddeget,measured,mfile,,file,file,file,file,file,file,file,file,file,file,file,file,file,file,file,file,file,file,file,file,file,file,file,file,file,file,file,file,file,file,file,file,file,file,file,file,file
ddensd,measured,mfile,,file,file,file,file,file,file,file,file,file,file,file,file,file,file,file,file,file,file,file,file,file,file,file,file,file,file,file,file,file,file,file,file,file,file,file,file,file
ddesd,measured,mfile,,file,file,file,file,file,file,file,file,file,file,file,file,file,file,file,file,file,file,file,file,file,file,file,file,file,file,file,file,file,file,file,file,file,file,file,file,file
ddeset,measured,mfile,,file,file,file,file,file,file,file,file,file,file,file,file,file,file,file,file,file,file,file,file,file,file,file,file,file,file,file,file,file,file,file,file,file,file,file,file,file
deal,measured,mfile,,file,file,file,file,file,file,file,file,file,file,file,file,file,file,file,file,file,file,file,file,file,file,file,file,file,file,file,file,file,file,file,file,file,file,file,file,file
deblank,measured,builtin,codistributed;tall,file,file,file,file,file,file,file,file,file,file,file,file,file,file,file,file,file,file,file,file,file,file,file,file,file,file,file,file,file,file,file,file,file,file,file,file,file
dec2base,measured,mfile,,file,file,file,file,file,file,file,file,file,file,file,file,file,file,file,file,file,file,file,file,file,file,file,file,file,file,file,file,file,file,file,file,file,file,file,file,file
dec2bin,measured,builtin,sym,file,file,file,file,file,file,file,file,file,file,file,file,file,file,file,file,file,file,file,file,file,file,file,file,file,file,file,file,file,file,file,file,file,file,file,file,file
dec2hex,measured,builtin,sym,file,file,file,file,file,file,file,file,file,file,file,file,file,file,file,file,file,file,file,file,file,file,file,file,file,file,file,file,file,file,file,file,file,file,file,file,file
decic,measured,mfile,sym,file,file,file,file,file,file,file,file,file,file,file,file,file,file,file,file,file,file,file,file,file,file,file,file,file,file,file,file,file,file,file,file,file,file,file,file,file
decimate,measured,mfile,,file,file,file,file,file,file,file,file,file,file,file,file,file,file,file,file,file,file,file,file,file,file,file,file,file,file,file,file,file,file,file,file,file,file,file,file,file
decomposition,measured,mfile,codistributed;distributed,file,file,file,file,file,file,file,file,file,file,file,file,file,file,file,file,file,file,file,file,file,file,file,file,file,file,file,file,file,file,file,file,file,file,file,file,file
deconv,measured,mfile,codistributed;gpuArray,file,file,file,file,file,file,file,file,file,file,file,file,file,file,file,file,file,file,file,file,file,file,file,file,file,file,file,file,file,file,file,file,file,file,file,file,file
deconvblind,measured,mfile,,file,file,file,file,file,file,file,file,file,file,file,file,file,file,file,file,file,file,file,file,file,file,file,file,file,file,file,file,file,file,file,file,file,file,file,file,file
deconvlucy,measured,mfile,,file,file,file,file,file,file,file,file,file,file,file,file,file,file,file,file,file,file,file,file,file,file,file,file,file,file,file,file,file,file,file,file,file,file,file,file,file
deconvreg,measured,mfile,,file,file,file,file,file,file,file,file,file,file,file,file,file,file,file,file,file,file,file,file,file,file,file,file,file,file,file,file,file,file,file,file,file,file,file,file,file
deconvwnr,measured,mfile,,file,file,file,file,file,file,file,file,file,file,file,file,file,file,file,file,file,file,file,file,file,file,file,file,file,file,file,file,file,file,file,file,file,file,file,file,file
decorrstretch,measured,mfile,,file,file,file,file,file,file,file,file,file,file,file,file,file,file,file,file,file,file,file,file,file,file,file,file,file,file,file,file,file,file,file,file,file,file,file,file,file
deg2rad,measured,mfile,codistributed;gpuArray;sym,file,file,file,file,file,file,file,file,file,file,file,file,file,file,file,file,file,file,file,file,file,file,file,file,file,file,file,file,file,file,file,file,file,file,file,file,file
del2,measured,mfile,cglookupnd;cglookuptwo;cgnormfunction;codistributed;gpuArray,file,file,file,file,file,file,file,file,file,file,file,file,file,file,file,file,file,file,file,file,file,file,file,file,file,file,file,file,file,file,file,file,file,file,file,file,file
delaunay,measured,builtin,,file,file,file,file,file,file,file,file,file,file,file,file,file,file,file,file,file,file,file,file,file,file,file,file,file,file,file,file,file,file,file,file,file,file,file,file,file
delaunayn,measured,mfile,,file,file,file,file,file,file,file,file,file,file,file,file,file,file,file,file,file,file,file,file,file,file,file,file,file,file,file,file,file,file,file,file,file,file,file,file,file
delete,measured,builtin,COM;arrowline;axestext;cgprojconnections;cgproject;des_constraints;editrect;hgbin;imaqchild;imaqdevice;instrument;listitemselector;mbcrichtext;mctree;mvgraph1d;mvgraph2d;mvgraph3d;mvgraph4d;scribehandle;scribehgobj;seltext;serial;texlistbox;vrnode;vrworld;xregaxesinput;xregbdrydev;xregclickinput;xregclicktolinput;xregcolorbar;xregcontainer;xregdesign;xreglegend;xreglistctrl;xregmultigraph2d;xregrangeinput;xregtable;xregvectorinput,file,file,file,file,file,file,file,file,file,file,file,file,file,builtin-err,file,file,file,file,file,file,file,file,file,file,file,file,file,file,file,file,file,file,builtin-err,file,file,file,file
deltaE,measured,mfile,,file,file,file,file,file,file,file,file,file,file,file,file,file,file,file,file,file,file,file,file,file,file,file,file,file,file,file,file,file,file,file,file,file,file,file,file,file
demod,measured,mfile,,file,file,file,file,file,file,file,file,file,file,file,file,file,file,file,file,file,file,file,file,file,file,file,file,file,file,file,file,file,file,file,file,file,file,file,file,file
demosaic,measured,mfile,,file,file,file,file,file,file,file,file,file,file,file,file,file,file,file,file,file,file,file,file,file,file,file,file,file,file,file,file,file,file,file,file,file,file,file,file,file
dendrogram,measured,none,,file,file,file,file,file,file,file,file,file,file,file,file,file,file,file,file,file,file,file,file,file,file,file,file,file,file,file,file,file,file,file,file,file,file,file,file,file
designfilt,measured,mfile,,file,file,file,file,file,file,file,file,file,file,file,file,file,file,file,file,file,file,file,file,file,file,file,file,file,file,file,file,file,file,file,file,file,file,file,file,file
det,measured,builtin,double;gpuArray;laurmat;single;sym,file,builtin,file,file,file,file,file,file,file,file,file,file,file,file,builtin-err,file,file,file,file,file,file,file,builtin-err,file,file,file,file,file,file,file,file,file,file,file,file,file,file
detrend,measured,mfile,gpuArray;iddata;timeseries,file,file,file,file,file,file,file,file,file,file,file,file,file,file,file,file,file,file,file,file,file,file,file,file,file,file,file,file,file,file,file,file,file,file,file,file,file
deval,measured,mfile,,file,file,file,file,file,file,file,file,file,file,file,file,file,file,file,file,file,file,file,file,file,file,file,file,file,file,file,file,file,file,file,file,file,file,file,file,file
dftmtx,measured,mfile,,file,file,file,file,file,file,file,file,file,file,file,file,file,file,file,file,file,file,file,file,file,file,file,file,file,file,file,file,file,file,file,file,file,file,file,file,file
diag,measured,builtin,char;codistributed;double;gpuArray;int16;int32;int64;int8;logical;single;sym;uint16;uint32;uint64;uint8;umat,file,builtin,file,file,file,file,builtin,builtin,builtin,file,file,file,file,file,builtin-err,file,file,file,file,file,file,builtin-err,builtin,builtin-err,file,file,file,file,file,file,file,file,file,file,file,file,file
diary,measured,builtin,,file,file,file,file,file,file,file,file,file,file,file,file,file,file,file,file,file,file,file,file,file,file,file,file,file,file,file,file,file,file,file,file,file,file,file,file,file
dice,measured,mfile,,file,file,file,file,file,file,file,file,file,file,file,file,file,file,file,file,file,file,file,file,file,file,file,file,file,file,file,file,file,file,file,file,file,file,file,file,file
dictionary,measured,other,,builtin,builtin-err,builtin-err,builtin-err,builtin-err,builtin-err,builtin-err,builtin-err,builtin-err,builtin-err,builtin-err,builtin-err,builtin-err,builtin-err,builtin,builtin,builtin,builtin,builtin,builtin,builtin,builtin,builtin,builtin,builtin,builtin-err,builtin-err,builtin,builtin,builtin,builtin,builtin,builtin,builtin,builtin,builtin-err,builtin-err
diff,measured,builtin,char;codistributed;datetime;double;duration;gpuArray;int16;int32;int64;int8;localpoly;localpspline;localtruncps;logical;single;sym;tabular;tall;uint16;uint32;uint64;uint8;umat,file,builtin,file,file,file,file,builtin,builtin,builtin,builtin,builtin,builtin,file,file,builtin-err,file,file,file,file,file,file,builtin-err,builtin-err,builtin-err,file,builtin-err,builtin-err,builtin-err,builtin-err,builtin-err,file,file,file,file,file,file,file
diffuse,measured,mfile,,file,file,file,file,file,file,file,file,file,file,file,file,file,file,file,file,file,file,file,file,file,file,file,file,file,file,file,file,file,file,file,file,file,file,file,file,file
digitalFilter,measured,mfile,,file,file,file,file,file,file,file,file,file,file,file,file,file,file,file,file,file,file,file,file,file,file,file,file,file,file,file,file,file,file,file,file,file,file,file,file,file
digitrevorder,measured,mfile,gpuArray,file,file,file,file,file,file,file,file,file,file,file,file,file,file,file,file,file,file,file,file,file,file,file,file,file,file,file,file,file,file,file,file,file,file,file,file,file
dir,measured,builtin,,file,file,file,file,file,file,file,file,file,file,file,file,file,file,file,file,file,file,file,file,file,file,file,file,file,file,file,file,file,file,file,file,file,file,file,file,file
diric,measured,mfile,,file,file,file,file,file,file,file,file,file,file,file,file,file,file,file,file,file,file,file,file,file,file,file,file,file,file,file,file,file,file,file,file,file,file,file,file,file
disableDefaultInteractivity,measured,mfile,,file,file,file,file,file,file,file,file,file,file,file,file,file,file,file,file,file,file,file,file,file,file,file,file,file,file,file,file,file,file,file,file,file,file,file,file,file
discretize,measured,mfile,datetime;duration;gpuArray;tall,file,file,file,file,file,file,file,file,file,file,builtin-err,builtin-err,file,file,file,file,file,file,file,file,file,file,file,file,file,file,file,builtin-err,builtin-err,builtin-err,file,file,file,file,file,file,file
disp,measured,builtin,bfloat16;categorical;cdfepoch;cfit;cgexpr;cgexprmodel;cgoppoint;cgprec;cgsubexpr;codistributed;dataset;dictionary;distributed;dtree;fittype;gpuArray;half;icgroup;idnlfun;imaqchild;imaqdevice;inline;instrument;iviconfigurationstore;laurmat;laurpoly;mtree;network;ntree;opaque;pattern;quaternion;realp;serial;sfit;statespace;string;sweepset;sweepsetfilter;sym;tabular;tall;timer;varyingGoal;vrfigure;vrnode;vrworld;wdectree;wptree;xregmodel;xregmodswitch;xregstatsmodel,file,file,builtin-err,file,file,file,file,file,file,builtin-err,builtin-err,builtin-err,builtin-err,builtin-err,file,file,builtin-err,file,file,file,file,file,file,file,builtin-err,builtin-err,builtin-err,builtin-err,builtin-err,builtin-err,builtin-err,file,builtin-err,builtin-err,file,file,file
display,measured,builtin,AnalysisPoint;SimData;SimTimeseries;bfloat16;cdfepoch;cell;cgfuncmodel;char;codistributed;conbase;coninputfactor;customreg;cvdata;cvtest;dictionary;distributed;double;frd;function_handle;genfrd;genmat;genss;gpuArray;groupedData;half;icgroup;icsignal;imaqchild;imaqdevice;inline;instrument;int16;int32;int64;int8;iviconfigurationstore;laurmat;laurpoly;logical;loopswitch;lpvss;ltvss;mbcinputfactor;mechss;mpc;mpcstate;network;opaque;phytree;pid;pidstd;pidstd2;serial;single;slLinearizer;slTuner;sparss;ss;struct;sym;symfunmatrix;symmatrix;tabular;tall;tf;timeseries;tscollection;tunableGain;tunablePID;tunablePID2;tunableSS;tunableSurface;tunableTF;ucomplex;ucomplexm;udyn;ufrd;uint16;uint32;uint64;uint8;ultidyn;umargin;umat;ureal;uss;vrfigure;vrnode;vrworld;wtbo;zpk,file,builtin-err,builtin-err,builtin-err,builtin-err,builtin-err,builtin-err,builtin-err,builtin-err,builtin-err,builtin-err,builtin-err,builtin-err,builtin-err,builtin-err,file,builtin-err,builtin-err,builtin-err,builtin-err,builtin-err,builtin-err,builtin-err,builtin-err,builtin-err,builtin-err,builtin-err,file,builtin-err,file,file,builtin-err,builtin-err,builtin-err,file,file,builtin-err
dissect,measured,builtin,,file,file,file,file,file,file,file,file,file,file,file,file,file,file,file,file,file,file,file,file,file,file,file,file,file,file,file,file,file,file,file,file,file,file,file,file,file
dither,measured,mfile,,file,file,file,file,file,file,file,file,file,file,file,file,file,file,file,file,file,file,file,file,file,file,file,file,file,file,file,file,file,file,file,file,file,file,file,file,file
divergence,measured,mfile,sym,file,file,file,file,file,file,file,file,file,file,file,file,file,file,file,file,file,file,file,file,file,file,file,file,file,file,file,file,file,file,file,file,file,file,file,file,file
dlmwrite,measured,mfile,,file,file,file,file,file,file,file,file,file,file,file,file,file,file,file,file,file,file,file,file,file,file,file,file,file,file,file,file,file,file,file,file,file,file,file,file,file
dmperm,measured,builtin,double;logical;single,file,builtin,file,file,file,file,file,builtin,file,file,file,file,file,file,builtin-err,file,file,file,file,file,file,file,builtin-err,file,file,file,file,file,file,file,file,file,file,file,file,file,file
dot,measured,mfile,codistributed;gpuArray;tall,file,file,file,file,file,file,file,file,file,file,file,file,file,file,file,file,file,file,file,file,file,file,file,file,file,file,file,file,file,file,file,file,file,file,file,file,file
double,measured,builtin,StaticModel;categorical;char;codistributed;dataset;dlarray;double;gpuArray;int16;int32;int64;int8;localavfit;localbspline;localmulti;localpspline;localsurface;localtruncps;localusermod;logical;opaque;quaternion;single;string;sweepset;sweepsetfilter;uint16;uint32;uint64;uint8;xregcovariance;xreggpr;xreglinear;xregmodel;xregmultilin;xregnnet;xregtwostage;xregunispline;xregusermod,file,builtin,builtin,file,file,file,builtin,builtin,builtin,builtin-err,builtin-err,builtin-err,builtin,file,builtin-err,file,builtin-err,file,file,file,file,builtin-err,builtin-err,builtin-err,builtin-err,builtin-err,builtin-err,builtin-err,builtin-err,builtin-err,builtin-err,file,file,builtin-err,file,file,file
downsample,measured,mfile,gpuArray,file,file,file,file,file,file,file,file,file,file,file,file,file,file,file,file,file,file,file,file,file,file,file,file,file,file,file,file,file,file,file,file,file,file,file,file,file
dpss,measured,mfile,,file,file,file,file,file,file,file,file,file,file,file,file,file,file,file,file,file,file,file,file,file,file,file,file,file,file,file,file,file,file,file,file,file,file,file,file,file
drawnow,measured,builtin,,file,file,file,file,file,file,file,file,file,file,file,file,file,file,file,file,file,file,file,file,file,file,file,file,file,file,file,file,file,file,file,file,file,file,file,file,file
dsearchn,measured,mfile,,file,file,file,file,file,file,file,file,file,file,file,file,file,file,file,file,file,file,file,file,file,file,file,file,file,file,file,file,file,file,file,file,file,file,file,file,file
dtw,measured,mfile,,file,file,file,file,file,file,file,file,file,file,file,file,file,file,file,file,file,file,file,file,file,file,file,file,file,file,file,file,file,file,file,file,file,file,file,file,file
dummyvar,measured,none,,file,file,file,file,file,file,file,file,file,file,file,file,file,file,file,file,file,file,file,file,file,file,file,file,file,file,file,file,file,file,file,file,file,file,file,file,file
duration,measured,mfile,codistributed;duration;tall,builtin,builtin-err,builtin-err,builtin-err,builtin-err,builtin-err,builtin-err,builtin-err,builtin-err,builtin-err,builtin-err,builtin,builtin-err,builtin-err,builtin-err,builtin-err,builtin-err,builtin-err,builtin-err,builtin-err,builtin-err,builtin-err,builtin-err,builtin-err,builtin-err,builtin-err,builtin-err,builtin-err,builtin-err,builtin-err,builtin-err,builtin-err,builtin-err,builtin-err,builtin-err,builtin-err,builtin-err
dutycycle,measured,mfile,,file,file,file,file,file,file,file,file,file,file,file,file,file,file,file,file,file,file,file,file,file,file,file,file,file,file,file,file,file,file,file,file,file,file,file,file,file
dwtest,measured,none,,file,file,file,file,file,file,file,file,file,file,file,file,file,file,file,file,file,file,file,file,file,file,file,file,file,file,file,file,file,file,file,file,file,file,file,file,file
e,measured,none,,file,file,file,file,file,file,file,file,file,file,file,file,file,file,file,file,file,file,file,file,file,file,file,file,file,file,file,file,file,file,file,file,file,file,file,file,file
ecdf,measured,none,,file,file,file,file,file,file,file,file,file,file,file,file,file,file,file,file,file,file,file,file,file,file,file,file,file,file,file,file,file,file,file,file,file,file,file,file,file
ecdfhist,measured,none,,file,file,file,file,file,file,file,file,file,file,file,file,file,file,file,file,file,file,file,file,file,file,file,file,file,file,file,file,file,file,file,file,file,file,file,file,file
echo,measured,builtin,,file,file,file,file,file,file,file,file,file,file,file,file,file,file,file,file,file,file,file,file,file,file,file,file,file,file,file,file,file,file,file,file,file,file,file,file,file
edge,measured,mfile,gpuArray,file,file,file,file,file,file,file,file,file,file,file,file,file,file,file,file,file,file,file,file,file,file,file,file,file,file,file,file,file,file,file,file,file,file,file,file,file
edge3,measured,mfile,,file,file,file,file,file,file,file,file,file,file,file,file,file,file,file,file,file,file,file,file,file,file,file,file,file,file,file,file,file,file,file,file,file,file,file,file,file
edgetaper,measured,mfile,,file,file,file,file,file,file,file,file,file,file,file,file,file,file,file,file,file,file,file,file,file,file,file,file,file,file,file,file,file,file,file,file,file,file,file,file,file
edr,measured,mfile,,file,file,file,file,file,file,file,file,file,file,file,file,file,file,file,file,file,file,file,file,file,file,file,file,file,file,file,file,file,file,file,file,file,file,file,file,file
eig,measured,builtin,DynamicSystem;codistributed;double;gpuArray;single;sym,file,builtin,file,file,file,file,file,file,file,file,file,file,file,file,builtin,file,file,file,file,file,file,file,builtin-err,file,file,file,file,file,file,file,file,file,file,file,file,file,file
eigs,measured,mfile,codistributed,file,file,file,file,file,file,file,file,file,file,file,file,file,file,file,file,file,file,file,file,file,file,file,file,file,file,file,file,file,file,file,file,file,file,file,file,file
ellip,measured,mfile,,file,file,file,file,file,file,file,file,file,file,file,file,file,file,file,file,file,file,file,file,file,file,file,file,file,file,file,file,file,file,file,file,file,file,file,file,file
ellipap,measured,mfile,,file,file,file,file,file,file,file,file,file,file,file,file,file,file,file,file,file,file,file,file,file,file,file,file,file,file,file,file,file,file,file,file,file,file,file,file,file
ellipj,measured,mfile,sym,file,file,file,file,file,file,file,file,file,file,file,file,file,file,file,file,file,file,file,file,file,file,file,file,file,file,file,file,file,file,file,file,file,file,file,file,file
ellipke,measured,mfile,sym,file,file,file,file,file,file,file,file,file,file,file,file,file,file,file,file,file,file,file,file,file,file,file,file,file,file,file,file,file,file,file,file,file,file,file,file,file
ellipord,measured,mfile,,file,file,file,file,file,file,file,file,file,file,file,file,file,file,file,file,file,file,file,file,file,file,file,file,file,file,file,file,file,file,file,file,file,file,file,file,file
ellipsoid,measured,mfile,,file,file,file,file,file,file,file,file,file,file,file,file,file,file,file,file,file,file,file,file,file,file,file,file,file,file,file,file,file,file,file,file,file,file,file,file,file
enableDefaultInteractivity,measured,mfile,,file,file,file,file,file,file,file,file,file,file,file,file,file,file,file,file,file,file,file,file,file,file,file,file,file,file,file,file,file,file,file,file,file,file,file,file,file
enableLegacyExplorationModes,measured,mfile,,file,file,file,file,file,file,file,file,file,file,file,file,file,file,file,file,file,file,file,file,file,file,file,file,file,file,file,file,file,file,file,file,file,file,file,file,file
enbw,measured,mfile,,file,file,file,file,file,file,file,file,file,file,file,file,file,file,file,file,file,file,file,file,file,file,file,file,file,file,file,file,file,file,file,file,file,file,file,file,file
endsWith,measured,builtin,codistributed;string;tall,file,file,builtin-err,file,file,file,file,file,file,file,file,file,file,file,file,builtin-err,builtin-err,file,file,file,file,file,file,file,builtin,file,file,file,file,file,file,file,file,builtin-err,builtin-err,builtin-err,file
entries,measured,other,,file,file,file,file,file,file,file,file,file,file,file,file,file,file,file,file,file,file,file,file,file,file,file,file,file,file,file,file,file,file,file,file,file,file,file,file,file
entropy,measured,mfile,,file,file,file,file,file,file,file,file,file,file,file,file,file,file,file,file,file,file,file,file,file,file,file,file,file,file,file,file,file,file,file,file,file,file,file,file,file
entropyfilt,measured,mfile,,file,file,file,file,file,file,file,file,file,file,file,file,file,file,file,file,file,file,file,file,file,file,file,file,file,file,file,file,file,file,file,file,file,file,file,file,file
envelope,measured,mfile,,file,file,file,file,file,file,file,file,file,file,file,file,file,file,file,file,file,file,file,file,file,file,file,file,file,file,file,file,file,file,file,file,file,file,file,file,file
envspectrum,measured,mfile,,file,file,file,file,file,file,file,file,file,file,file,file,file,file,file,file,file,file,file,file,file,file,file,file,file,file,file,file,file,file,file,file,file,file,file,file,file
eomday,measured,mfile,,file,file,file,file,file,file,file,file,file,file,file,file,file,file,file,file,file,file,file,file,file,file,file,file,file,file,file,file,file,file,file,file,file,file,file,file,file
eps,measured,builtin,codistributed;dlarray;double;gpuArray;half;single;tall,file,builtin,file,file,file,file,file,file,file,file,file,builtin,file,file,builtin-err,file,file,file,file,file,file,file,builtin-err,file,file,file,file,file,file,builtin-err,file,file,file,file,file,file,file
eq,measured,builtin,categorical;cglookuptwo;char;codistributed;dlarray;double;gpuArray;icgroup;icsignal;imaqchild;imaqdevice;instrument;int16;int32;int64;int8;iviconfigurationstore;laurmat;laurpoly;logical;mtree;opaque;scribehandle;serial;single;string;sweepset;tabular;timer;timeseries;uint16;uint32;uint64;uint8;vrfigure;vrnode;vrworld;xregcovariance,file,builtin-err,builtin-err,file,file,file,builtin-err,builtin-err,builtin-err,builtin-err,builtin-err,builtin-err,builtin-err,builtin-err,builtin,builtin-err,builtin-err,file,file,file,file,builtin,builtin,builtin,builtin,builtin,builtin,builtin-err,builtin-err,builtin,builtin-err,builtin,builtin,builtin-err,builtin-err,builtin-err,file
eqtflength,measured,mfile,,file,file,file,file,file,file,file,file,file,file,file,file,file,file,file,file,file,file,file,file,file,file,file,file,file,file,file,file,file,file,file,file,file,file,file,file,file
erase,measured,mfile,codistributed;tall,file,file,builtin-err,file,file,file,file,file,file,file,file,file,file,file,file,file,builtin-err,file,file,file,file,file,file,file,builtin,file,file,file,file,file,file,file,file,builtin-err,file,file,file
eraseBetween,measured,mfile,codistributed;tall,file,file,builtin-err,file,file,file,file,file,file,file,file,file,file,file,file,file,builtin-err,file,file,file,file,file,file,file,builtin-err,file,file,file,file,file,file,file,file,builtin-err,file,file,file
erf,measured,builtin,codistributed;dlarray;double;gpuArray;single;sym,file,builtin,file,file,file,file,file,file,file,file,file,file,file,file,builtin-err,file,file,file,file,file,file,file,builtin-err,file,file,file,file,file,file,file,file,file,file,file,file,file,file
erfc,measured,builtin,codistributed;double;gpuArray;single;sym,file,builtin,file,file,file,file,file,file,file,file,file,file,file,file,builtin-err,file,file,file,file,file,file,file,builtin-err,file,file,file,file,file,file,file,file,file,file,file,file,file,file
erfcinv,measured,builtin,codistributed;double;gpuArray;single;sym,file,builtin,file,file,file,file,file,file,file,file,file,file,file,file,builtin-err,file,file,file,file,file,file,file,builtin-err,file,file,file,file,file,file,file,file,file,file,file,file,file,file
erfcx,measured,builtin,codistributed;double;gpuArray;single,file,builtin,file,file,file,file,file,file,file,file,file,file,file,file,builtin-err,file,file,file,file,file,file,file,builtin-err,file,file,file,file,file,file,file,file,file,file,file,file,file,file
erfinv,measured,builtin,codistributed;double;gpuArray;single;sym,file,builtin,file,file,file,file,file,file,file,file,file,file,file,file,builtin-err,file,file,file,file,file,file,file,builtin-err,file,file,file,file,file,file,file,file,file,file,file,file,file,file
error,measured,builtin,,file,file,file,file,file,file,file,file,file,file,file,file,file,file,file,file,file,file,file,file,file,file,file,file,file,file,file,file,file,file,file,file,file,file,file,file,file
errorbar,measured,mfile,,file,file,file,file,file,file,file,file,file,file,file,file,file,file,file,file,file,file,file,file,file,file,file,file,file,file,file,file,file,file,file,file,file,file,file,file,file
etime,measured,mfile,,file,file,file,file,file,file,file,file,file,file,file,file,file,file,file,file,file,file,file,file,file,file,file,file,file,file,file,file,file,file,file,file,file,file,file,file,file
etree,measured,builtin,,file,file,file,file,file,file,file,file,file,file,file,file,file,file,file,file,file,file,file,file,file,file,file,file,file,file,file,file,file,file,file,file,file,file,file,file,file
etreeplot,measured,mfile,,file,file,file,file,file,file,file,file,file,file,file,file,file,file,file,file,file,file,file,file,file,file,file,file,file,file,file,file,file,file,file,file,file,file,file,file,file
eval,measured,builtin,cgexpr;cgfuncmodel;localavfit;localbspline;localpoly;localpspline;localsurface;localtruncps;localusermod;opaque;sym;xreg3xspline;xregcovariance;xregcubic;xreggpr;xreghybridrbf;xreglinear;xregmodel;xregmulti;xregnnet;xregnullmodel;xregrbf;xregtransient;xregtwostage;xregunispline;xregusermod,file,file,file,file,file,file,file,file,file,file,file,file,file,file,file,file,file,file,file,file,file,file,file,file,file,file,file,file,file,file,file,file,file,file,file,file,file
evalc,measured,builtin,opaque,file,file,file,file,file,file,file,file,file,file,file,file,file,file,file,file,file,file,file,file,file,file,file,file,file,file,file,file,file,file,file,file,file,file,file,file,file
evalin,measured,builtin,,file,file,file,file,file,file,file,file,file,file,file,file,file,file,file,file,file,file,file,file,file,file,file,file,file,file,file,file,file,file,file,file,file,file,file,file,file
evcdf,measured,none,,file,file,file,file,file,file,file,file,file,file,file,file,file,file,file,file,file,file,file,file,file,file,file,file,file,file,file,file,file,file,file,file,file,file,file,file,file
evfit,measured,none,,file,file,file,file,file,file,file,file,file,file,file,file,file,file,file,file,file,file,file,file,file,file,file,file,file,file,file,file,file,file,file,file,file,file,file,file,file
evinv,measured,none,,file,file,file,file,file,file,file,file,file,file,file,file,file,file,file,file,file,file,file,file,file,file,file,file,file,file,file,file,file,file,file,file,file,file,file,file,file
evlike,measured,none,,file,file,file,file,file,file,file,file,file,file,file,file,file,file,file,file,file,file,file,file,file,file,file,file,file,file,file,file,file,file,file,file,file,file,file,file,file
evpdf,measured,none,,file,file,file,file,file,file,file,file,file,file,file,file,file,file,file,file,file,file,file,file,file,file,file,file,file,file,file,file,file,file,file,file,file,file,file,file,file
evrnd,measured,none,,file,file,file,file,file,file,file,file,file,file,file,file,file,file,file,file,file,file,file,file,file,file,file,file,file,file,file,file,file,file,file,file,file,file,file,file,file
evstat,measured,none,,file,file,file,file,file,file,file,file,file,file,file,file,file,file,file,file,file,file,file,file,file,file,file,file,file,file,file,file,file,file,file,file,file,file,file,file,file
exceltime,measured,mfile,codistributed;tall,file,file,file,file,file,file,file,file,file,file,builtin,file,file,file,file,file,file,file,file,file,file,file,file,file,file,file,file,builtin-err,builtin-err,file,file,file,file,file,file,file,file
ExhaustiveSearcher,measured,none,,file,file,file,file,file,file,file,file,file,file,file,file,file,file,file,file,file,file,file,file,file,file,file,file,file,file,file,file,file,file,file,file,file,file,file,file,file
exist,measured,builtin,Composite;fittype;inline,file,file,file,file,file,file,file,file,file,file,file,file,file,file,file,file,file,file,file,file,file,file,file,file,file,file,file,file,file,file,file,file,file,file,file,file,file
exit,measured,builtin,,file,file,file,file,file,file,file,file,file,file,file,file,file,file,file,file,file,file,file,file,file,file,file,file,file,file,file,file,file,file,file,file,file,file,file,file,file
exp,measured,builtin,bfloat16;codistributed;dlarray;double;gpuArray;single;sym;tabular;tf;xregcovariance;zpk,file,builtin,file,file,file,file,file,file,file,builtin,file,file,file,file,builtin-err,file,file,file,file,file,file,file,builtin-err,file,file,builtin-err,builtin-err,file,file,file,file,file,file,file,file,file,file
expcdf,measured,none,,file,file,file,file,file,file,file,file,file,file,file,file,file,file,file,file,file,file,file,file,file,file,file,file,file,file,file,file,file,file,file,file,file,file,file,file,file
expfit,measured,none,,file,file,file,file,file,file,file,file,file,file,file,file,file,file,file,file,file,file,file,file,file,file,file,file,file,file,file,file,file,file,file,file,file,file,file,file,file
expint,measured,mfile,codistributed;gpuArray;sym,file,file,file,file,file,file,file,file,file,file,file,file,file,file,file,file,file,file,file,file,file,file,file,file,file,file,file,file,file,file,file,file,file,file,file,file,file
expinv,measured,none,,file,file,file,file,file,file,file,file,file,file,file,file,file,file,file,file,file,file,file,file,file,file,file,file,file,file,file,file,file,file,file,file,file,file,file,file,file
explike,measured,none,,file,file,file,file,file,file,file,file,file,file,file,file,file,file,file,file,file,file,file,file,file,file,file,file,file,file,file,file,file,file,file,file,file,file,file,file,file
expm,measured,mfile,gpuArray;sym,file,file,file,file,file,file,file,file,file,file,file,file,file,file,file,file,file,file,file,file,file,file,file,file,file,file,file,file,file,file,file,file,file,file,file,file,file
expm1,measured,builtin,codistributed;double;gpuArray;half;single;tabular,file,builtin,file,file,file,file,file,file,file,builtin,file,file,file,file,builtin-err,file,file,file,file,file,file,file,builtin-err,file,file,builtin-err,builtin-err,file,file,file,file,file,file,file,file,file,file
ExponentialDistribution,measured,none,,file,file,file,file,file,file,file,file,file,file,file,file,file,file,file,file,file,file,file,file,file,file,file,file,file,file,file,file,file,file,file,file,file,file,file,file,file
exportapp,measured,mfile,,file,file,file,file,file,file,file,file,file,file,file,file,file,file,file,file,file,file,file,file,file,file,file,file,file,file,file,file,file,file,file,file,file,file,file,file,file
exportfigure,measured,none,,file,file,file,file,file,file,file,file,file,file,file,file,file,file,file,file,file,file,file,file,file,file,file,file,file,file,file,file,file,file,file,file,file,file,file,file,file
exportgraphics,measured,mfile,,file,file,file,file,file,file,file,file,file,file,file,file,file,file,file,file,file,file,file,file,file,file,file,file,file,file,file,file,file,file,file,file,file,file,file,file,file
exportsetupdlg,measured,mfile,,file,file,file,file,file,file,file,file,file,file,file,file,file,file,file,file,file,file,file,file,file,file,file,file,file,file,file,file,file,file,file,file,file,file,file,file,file
exppdf,measured,none,,file,file,file,file,file,file,file,file,file,file,file,file,file,file,file,file,file,file,file,file,file,file,file,file,file,file,file,file,file,file,file,file,file,file,file,file,file
exprnd,measured,none,,file,file,file,file,file,file,file,file,file,file,file,file,file,file,file,file,file,file,file,file,file,file,file,file,file,file,file,file,file,file,file,file,file,file,file,file,file
expstat,measured,none,,file,file,file,file,file,file,file,file,file,file,file,file,file,file,file,file,file,file,file,file,file,file,file,file,file,file,file,file,file,file,file,file,file,file,file,file,file
extract,measured,mfile,codistributed;cvdata;tall,file,file,builtin-err,file,file,file,file,file,file,file,file,file,file,file,file,file,builtin-err,file,file,file,file,file,file,file,builtin,file,file,file,file,file,file,file,file,builtin-err,file,file,file
extractAfter,measured,mfile,codistributed;tall,file,file,builtin-err,file,file,file,file,file,file,file,file,file,file,file,file,file,builtin-err,file,file,file,file,file,file,file,builtin,file,file,file,file,file,file,file,file,builtin-err,file,file,file
extractBefore,measured,mfile,codistributed;tall,file,file,builtin-err,file,file,file,file,file,file,file,file,file,file,file,file,file,builtin-err,file,file,file,file,file,file,file,builtin,file,file,file,file,file,file,file,file,builtin-err,file,file,file
extractBetween,measured,mfile,codistributed;tall,file,file,builtin-err,file,file,file,file,file,file,file,file,file,file,file,file,file,builtin-err,file,file,file,file,file,file,file,builtin-err,file,file,file,file,file,file,file,file,builtin-err,file,file,file
ExtremeValueDistribution,measured,none,,file,file,file,file,file,file,file,file,file,file,file,file,file,file,file,file,file,file,file,file,file,file,file,file,file,file,file,file,file,file,file,file,file,file,file,file,file
eye,measured,builtin,codistributed;codistributor1d;codistributor2dbc;distributed;gpuArray;half,file,file,file,file,file,file,file,file,file,file,file,file,file,file,file,file,file,file,file,file,file,file,file,file,file,file,file,file,file,file,file,file,file,file,file,file,file
ezcontour,measured,mfile,sym,file,file,file,file,file,file,file,file,file,file,file,file,file,file,file,file,file,file,file,file,file,file,file,file,file,file,file,file,file,file,file,file,file,file,file,file,file
ezcontourf,measured,mfile,sym,file,file,file,file,file,file,file,file,file,file,file,file,file,file,file,file,file,file,file,file,file,file,file,file,file,file,file,file,file,file,file,file,file,file,file,file,file
ezmesh,measured,mfile,sym,file,file,file,file,file,file,file,file,file,file,file,file,file,file,file,file,file,file,file,file,file,file,file,file,file,file,file,file,file,file,file,file,file,file,file,file,file
ezmeshc,measured,mfile,sym,file,file,file,file,file,file,file,file,file,file,file,file,file,file,file,file,file,file,file,file,file,file,file,file,file,file,file,file,file,file,file,file,file,file,file,file,file
ezplot,measured,mfile,sym,file,file,file,file,file,file,file,file,file,file,file,file,file,file,file,file,file,file,file,file,file,file,file,file,file,file,file,file,file,file,file,file,file,file,file,file,file
ezplot3,measured,mfile,sym,file,file,file,file,file,file,file,file,file,file,file,file,file,file,file,file,file,file,file,file,file,file,file,file,file,file,file,file,file,file,file,file,file,file,file,file,file
ezpolar,measured,mfile,sym,file,file,file,file,file,file,file,file,file,file,file,file,file,file,file,file,file,file,file,file,file,file,file,file,file,file,file,file,file,file,file,file,file,file,file,file,file
ezsurf,measured,mfile,sym,file,file,file,file,file,file,file,file,file,file,file,file,file,file,file,file,file,file,file,file,file,file,file,file,file,file,file,file,file,file,file,file,file,file,file,file,file
ezsurfc,measured,mfile,sym,file,file,file,file,file,file,file,file,file,file,file,file,file,file,file,file,file,file,file,file,file,file,file,file,file,file,file,file,file,file,file,file,file,file,file,file,file
factor,measured,mfile,sym,file,file,file,file,file,file,file,file,file,file,file,file,file,file,file,file,file,file,file,file,file,file,file,file,file,file,file,file,file,file,file,file,file,file,file,file,file
factorial,measured,mfile,codistributed;gpuArray;sym,file,file,file,file,file,file,file,file,file,file,file,file,file,file,file,file,file,file,file,file,file,file,file,file,file,file,file,file,file,file,file,file,file,file,file,file,file
falltime,measured,mfile,eyeDiagramSI,file,file,file,file,file,file,file,file,file,file,file,file,file,file,file,file,file,file,file,file,file,file,file,file,file,file,file,file,file,file,file,file,file,file,file,file,file
false,measured,builtin,codistributed;codistributor1d;codistributor2dbc;distributed;gpuArray,file,file,file,file,file,file,file,file,file,file,file,file,file,file,file,file,file,file,file,file,file,file,file,file,file,file,file,file,file,file,file,file,file,file,file,file,file
fan2para,measured,mfile,,file,file,file,file,file,file,file,file,file,file,file,file,file,file,file,file,file,file,file,file,file,file,file,file,file,file,file,file,file,file,file,file,file,file,file,file,file
fanbeam,measured,mfile,,file,file,file,file,file,file,file,file,file,file,file,file,file,file,file,file,file,file,file,file,file,file,file,file,file,file,file,file,file,file,file,file,file,file,file,file,file
fcdf,measured,none,,file,file,file,file,file,file,file,file,file,file,file,file,file,file,file,file,file,file,file,file,file,file,file,file,file,file,file,file,file,file,file,file,file,file,file,file,file
fclose,measured,builtin,icinterface;serial,file,file,file,file,file,file,file,file,file,file,file,file,file,file,file,file,file,file,file,file,file,file,file,file,file,file,file,file,file,file,file,file,file,file,file,file,file
fcnchk,measured,mfile,,file,file,file,file,file,file,file,file,file,file,file,file,file,file,file,file,file,file,file,file,file,file,file,file,file,file,file,file,file,file,file,file,file,file,file,file,file
fcontour,measured,mfile,,file,file,file,file,file,file,file,file,file,file,file,file,file,file,file,file,file,file,file,file,file,file,file,file,file,file,file,file,file,file,file,file,file,file,file,file,file
feather,measured,mfile,,file,file,file,file,file,file,file,file,file,file,file,file,file,file,file,file,file,file,file,file,file,file,file,file,file,file,file,file,file,file,file,file,file,file,file,file,file
feof,measured,builtin,,file,file,file,file,file,file,file,file,file,file,file,file,file,file,file,file,file,file,file,file,file,file,file,file,file,file,file,file,file,file,file,file,file,file,file,file,file
ferror,measured,builtin,,file,file,file,file,file,file,file,file,file,file,file,file,file,file,file,file,file,file,file,file,file,file,file,file,file,file,file,file,file,file,file,file,file,file,file,file,file
feval,measured,builtin,cfit;fittype;inline;sfit;symfun,file,file,file,file,file,file,file,file,file,file,file,file,file,file,file,file,file,file,file,file,file,file,file,file,file,file,file,file,file,file,file,file,file,file,file,file,file
ff2n,measured,none,,file,file,file,file,file,file,file,file,file,file,file,file,file,file,file,file,file,file,file,file,file,file,file,file,file,file,file,file,file,file,file,file,file,file,file,file,file
fft,measured,builtin,codistributed;dlarray;double;gpuArray;half;iddata;int16;int32;int64;int8;logical;single;uint16;uint32;uint64;uint8,file,builtin,file,file,file,file,file,builtin,builtin,file,file,file,file,file,builtin-err,file,file,file,file,file,file,builtin-err,builtin-err,file,file,file,file,file,file,file,file,file,file,file,file,file,file
fft2,measured,mfile,codistributed;gpuArray;half,file,file,file,file,file,file,file,file,file,file,file,file,file,file,file,file,file,file,file,file,file,file,file,file,file,file,file,file,file,file,file,file,file,file,file,file,file
fftfilt,measured,mfile,gpuArray,file,file,file,file,file,file,file,file,file,file,file,file,file,file,file,file,file,file,file,file,file,file,file,file,file,file,file,file,file,file,file,file,file,file,file,file,file
fftn,measured,builtin,codistributed;double;gpuArray;half;int16;int32;int64;int8;logical;single;uint16;uint32;uint64;uint8,file,builtin,file,file,file,file,file,builtin,builtin,file,file,file,file,file,builtin-err,file,file,file,file,file,file,builtin-err,builtin-err,file,file,file,file,file,file,file,file,file,file,file,file,file,file
fftshift,measured,mfile,codistributed,file,file,file,file,file,file,file,file,file,file,file,file,file,file,file,file,file,file,file,file,file,file,file,file,file,file,file,file,file,file,file,file,file,file,file,file,file
fftw,measured,builtin,,file,file,file,file,file,file,file,file,file,file,file,file,file,file,file,file,file,file,file,file,file,file,file,file,file,file,file,file,file,file,file,file,file,file,file,file,file
fgetl,measured,mfile,icinterface;serial;udp,file,file,file,file,file,file,file,file,file,file,file,file,file,file,file,file,file,file,file,file,file,file,file,file,file,file,file,file,file,file,file,file,file,file,file,file,file
fgets,measured,builtin,icinterface;serial;udp,file,file,file,file,file,file,file,file,file,file,file,file,file,file,file,file,file,file,file,file,file,file,file,file,file,file,file,file,file,file,file,file,file,file,file,file,file
fibermetric,measured,mfile,,file,file,file,file,file,file,file,file,file,file,file,file,file,file,file,file,file,file,file,file,file,file,file,file,file,file,file,file,file,file,file,file,file,file,file,file,file
fieldnames,measured,builtin,LegacyIcdevice;codistributed;icgroup;iconnect;idnlmodel;imaqchild;imaqdevice;instrument;iviconfigurationstore;serial;timer;tscollection,file,file,file,file,file,file,file,file,file,builtin,file,file,builtin-err,file,file,file,file,file,file,file,file,file,file,file,file,builtin-err,builtin-err,file,file,file,builtin-err,file,file,file,file,file,file
figure,measured,builtin,,file,file,file,file,file,file,file,file,file,file,file,file,file,file,file,file,file,file,file,file,file,file,file,file,file,file,file,file,file,file,file,file,file,file,file,file,file
fileattrib,measured,builtin,,file,file,file,file,file,file,file,file,file,file,file,file,file,file,file,file,file,file,file,file,file,file,file,file,file,file,file,file,file,file,file,file,file,file,file,file,file
filemarker,measured,builtin,,file,file,file,file,file,file,file,file,file,file,file,file,file,file,file,file,file,file,file,file,file,file,file,file,file,file,file,file,file,file,file,file,file,file,file,file,file
fileparts,measured,mfile,,file,file,file,file,file,file,file,file,file,file,file,file,file,file,file,file,file,file,file,file,file,file,file,file,file,file,file,file,file,file,file,file,file,file,file,file,file
filesep,measured,builtin,,file,file,file,file,file,file,file,file,file,file,file,file,file,file,file,file,file,file,file,file,file,file,file,file,file,file,file,file,file,file,file,file,file,file,file,file,file
fill,measured,builtin,cgnormnode;cgoptimdatasetfiller;cgoptimtablefiller,file,file,file,file,file,file,file,file,file,file,file,file,file,file,file,file,file,file,file,file,file,file,file,file,file,file,file,file,file,file,file,file,file,file,file,file,file
fill3,measured,builtin,,file,file,file,file,file,file,file,file,file,file,file,file,file,file,file,file,file,file,file,file,file,file,file,file,file,file,file,file,file,file,file,file,file,file,file,file,file
fillgaps,measured,mfile,,file,file,file,file,file,file,file,file,file,file,file,file,file,file,file,file,file,file,file,file,file,file,file,file,file,file,file,file,file,file,file,file,file,file,file,file,file
fillmissing,measured,mfile,codistributed;creditscorecard;gpuArray;tall,file,file,file,file,file,file,file,file,file,file,file,file,file,file,file,file,file,file,file,file,file,file,file,file,file,file,file,file,file,file,file,file,file,file,file,file,file
filloutliers,measured,mfile,tall,file,file,file,file,file,file,file,file,file,file,file,file,file,file,file,file,file,file,file,file,file,file,file,file,file,file,file,file,file,file,file,file,file,file,file,file,file
filter,measured,builtin,LagOp;arima;bnlssm;codistributed;dlarray;double;dssm;egarch;garch;gjr;gpuArray;int16;int32;int64;int8;logical;msVAR;regARIMA;single;ssm;statespace;sweepset;sweepsetfilter;tall;timeseries;uint16;uint32;uint64;uint8;varm;vecm,file,builtin-err,file,file,file,file,file,builtin-err,builtin-err,file,file,file,file,file,builtin-err,file,file,file,file,file,file,builtin-err,builtin-err,file,file,file,file,file,file,file,file,file,file,file,file,file,file
filter2,measured,mfile,gpuArray,file,file,file,file,file,file,file,file,file,file,file,file,file,file,file,file,file,file,file,file,file,file,file,file,file,file,file,file,file,file,file,file,file,file,file,file,file
filternorm,measured,mfile,,file,file,file,file,file,file,file,file,file,file,file,file,file,file,file,file,file,file,file,file,file,file,file,file,file,file,file,file,file,file,file,file,file,file,file,file,file
filtfilt,measured,mfile,,file,file,file,file,file,file,file,file,file,file,file,file,file,file,file,file,file,file,file,file,file,file,file,file,file,file,file,file,file,file,file,file,file,file,file,file,file
filtic,measured,mfile,,file,file,file,file,file,file,file,file,file,file,file,file,file,file,file,file,file,file,file,file,file,file,file,file,file,file,file,file,file,file,file,file,file,file,file,file,file
filtord,measured,mfile,,file,file,file,file,file,file,file,file,file,file,file,file,file,file,file,file,file,file,file,file,file,file,file,file,file,file,file,file,file,file,file,file,file,file,file,file,file
filtstates,measured,none,,file,file,file,file,file,file,file,file,file,file,file,file,file,file,file,file,file,file,file,file,file,file,file,file,file,file,file,file,file,file,file,file,file,file,file,file,file
fimplicit,measured,mfile,,file,file,file,file,file,file,file,file,file,file,file,file,file,file,file,file,file,file,file,file,file,file,file,file,file,file,file,file,file,file,file,file,file,file,file,file,file
fimplicit3,measured,mfile,,file,file,file,file,file,file,file,file,file,file,file,file,file,file,file,file,file,file,file,file,file,file,file,file,file,file,file,file,file,file,file,file,file,file,file,file,file
find,measured,builtin,cgddnode;cgprojconnections;char;codistributed;coninputfactor;double;gpuArray;int16;int32;int64;int8;logical;single;sweepset;sweepsetfilter;tall;uint16;uint32;uint64;uint8,file,builtin,file,file,file,file,builtin,builtin,builtin,file,file,file,file,file,builtin-err,file,file,file,file,file,file,builtin-err,builtin-err,builtin-err,file,file,file,file,file,file,file,file,file,file,file,file,file
findall,measured,mfile,,file,file,file,file,file,file,file,file,file,file,file,file,file,file,file,file,file,file,file,file,file,file,file,file,file,file,file,file,file,file,file,file,file,file,file,file,file
findchangepts,measured,mfile,,file,file,file,file,file,file,file,file,file,file,file,file,file,file,file,file,file,file,file,file,file,file,file,file,file,file,file,file,file,file,file,file,file,file,file,file,file
finddelay,measured,mfile,,file,file,file,file,file,file,file,file,file,file,file,file,file,file,file,file,file,file,file,file,file,file,file,file,file,file,file,file,file,file,file,file,file,file,file,file,file
findgroups,measured,mfile,tall,file,file,file,file,file,file,file,file,file,file,file,file,file,file,file,file,file,file,file,file,file,file,file,file,file,file,file,file,file,file,file,file,file,file,file,file,file
findobj,measured,builtin,,file,file,file,file,file,file,file,file,file,file,file,file,file,builtin,file,file,file,file,file,file,file,file,file,file,file,file,file,file,file,file,file,file,builtin-err,file,file,file,file
findpeaks,measured,mfile,gpuArray,file,file,file,file,file,file,file,file,file,file,file,file,file,file,file,file,file,file,file,file,file,file,file,file,file,file,file,file,file,file,file,file,file,file,file,file,file
findsignal,measured,mfile,,file,file,file,file,file,file,file,file,file,file,file,file,file,file,file,file,file,file,file,file,file,file,file,file,file,file,file,file,file,file,file,file,file,file,file,file,file
findstr,measured,builtin,opaque,file,file,file,file,file,file,file,file,file,file,file,file,file,file,file,file,file,file,file,file,file,file,file,file,file,file,file,file,file,file,file,file,file,file,file,file,file
finv,measured,mfile,,file,file,file,file,file,file,file,file,file,file,file,file,file,file,file,file,file,file,file,file,file,file,file,file,file,file,file,file,file,file,file,file,file,file,file,file,file
fir1,measured,mfile,,file,file,file,file,file,file,file,file,file,file,file,file,file,file,file,file,file,file,file,file,file,file,file,file,file,file,file,file,file,file,file,file,file,file,file,file,file
fir2,measured,mfile,,file,file,file,file,file,file,file,file,file,file,file,file,file,file,file,file,file,file,file,file,file,file,file,file,file,file,file,file,file,file,file,file,file,file,file,file,file
fircls,measured,mfile,,file,file,file,file,file,file,file,file,file,file,file,file,file,file,file,file,file,file,file,file,file,file,file,file,file,file,file,file,file,file,file,file,file,file,file,file,file
fircls1,measured,mfile,,file,file,file,file,file,file,file,file,file,file,file,file,file,file,file,file,file,file,file,file,file,file,file,file,file,file,file,file,file,file,file,file,file,file,file,file,file
firgauss,measured,mfile,,file,file,file,file,file,file,file,file,file,file,file,file,file,file,file,file,file,file,file,file,file,file,file,file,file,file,file,file,file,file,file,file,file,file,file,file,file
firls,measured,mfile,,file,file,file,file,file,file,file,file,file,file,file,file,file,file,file,file,file,file,file,file,file,file,file,file,file,file,file,file,file,file,file,file,file,file,file,file,file
firpm,measured,mfile,,file,file,file,file,file,file,file,file,file,file,file,file,file,file,file,file,file,file,file,file,file,file,file,file,file,file,file,file,file,file,file,file,file,file,file,file,file
firpmord,measured,mfile,,file,file,file,file,file,file,file,file,file,file,file,file,file,file,file,file,file,file,file,file,file,file,file,file,file,file,file,file,file,file,file,file,file,file,file,file,file
firrcos,measured,mfile,,file,file,file,file,file,file,file,file,file,file,file,file,file,file,file,file,file,file,file,file,file,file,file,file,file,file,file,file,file,file,file,file,file,file,file,file,file
firtype,measured,mfile,,file,file,file,file,file,file,file,file,file,file,file,file,file,file,file,file,file,file,file,file,file,file,file,file,file,file,file,file,file,file,file,file,file,file,file,file,file
fishertest,measured,none,,file,file,file,file,file,file,file,file,file,file,file,file,file,file,file,file,file,file,file,file,file,file,file,file,file,file,file,file,file,file,file,file,file,file,file,file,file
fitdist,measured,none,,file,file,file,file,file,file,file,file,file,file,file,file,file,file,file,file,file,file,file,file,file,file,file,file,file,file,file,file,file,file,file,file,file,file,file,file,file
fitgeotrans,measured,mfile,,file,file,file,file,file,file,file,file,file,file,file,file,file,file,file,file,file,file,file,file,file,file,file,file,file,file,file,file,file,file,file,file,file,file,file,file,file
fix,measured,builtin,char;codistributed;dlarray;double;gpuArray;int16;int32;int64;int8;logical;single;sym;tabular;uint16;uint32;uint64;uint8,file,builtin,file,file,file,file,builtin,builtin,builtin,builtin,file,file,file,file,builtin-err,file,file,file,file,file,file,builtin-err,builtin-err,builtin-err,file,builtin-err,builtin-err,file,file,file,file,file,file,file,file,file,file
flag,measured,mfile,,file,file,file,file,file,file,file,file,file,file,file,file,file,file,file,file,file,file,file,file,file,file,file,file,file,file,file,file,file,file,file,file,file,file,file,file,file
flattopwin,measured,mfile,,file,file,file,file,file,file,file,file,file,file,file,file,file,file,file,file,file,file,file,file,file,file,file,file,file,file,file,file,file,file,file,file,file,file,file,file,file
flintmax,measured,builtin,half,file,file,file,file,file,file,file,file,file,file,file,file,file,file,file,file,file,file,file,file,file,file,file,file,file,file,file,file,file,file,file,file,file,file,file,file,file
flip,measured,mfile,distributed;gpuArray;tall,file,builtin,file,file,file,file,builtin,builtin,builtin,file,file,file,file,file,builtin-err,file,file,file,file,file,file,builtin-err,builtin-err,builtin-err,file,file,file,file,file,file,file,file,file,file,file,file,file
flipdim,measured,mfile,gpuArray;tall,file,file,file,file,file,file,file,file,file,file,file,file,file,file,file,file,file,file,file,file,file,file,file,file,file,file,file,file,file,file,file,file,file,file,file,file,file
fliplr,measured,mfile,distributed;gpuArray;tall,file,file,file,file,file,file,file,file,file,file,file,file,file,file,file,file,file,file,file,file,file,file,file,file,file,file,file,file,file,file,file,file,file,file,file,file,file
flipud,measured,mfile,distributed;gpuArray;tall,file,file,file,file,file,file,file,file,file,file,file,file,file,file,file,file,file,file,file,file,file,file,file,file,file,file,file,file,file,file,file,file,file,file,file,file,file
floor,measured,builtin,char;codistributed;dlarray;double;duration;gpuArray;int16;int32;int64;int8;logical;single;sym;tabular;tall;uint16;uint32;uint64;uint8,file,builtin,file,file,file,file,builtin,builtin,builtin,builtin,builtin-err,builtin,file,file,builtin-err,file,file,file,file,file,file,builtin-err,builtin-err,builtin-err,file,builtin-err,builtin-err,builtin-err,builtin-err,builtin-err,file,file,file,file,file,file,file
fmesh,measured,mfile,,file,file,file,file,file,file,file,file,file,file,file,file,file,file,file,file,file,file,file,file,file,file,file,file,file,file,file,file,file,file,file,file,file,file,file,file,file
fminbnd,measured,mfile,,file,file,file,file,file,file,file,file,file,file,file,file,file,file,file,file,file,file,file,file,file,file,file,file,file,file,file,file,file,file,file,file,file,file,file,file,file
fminsearch,measured,mfile,codistributed,file,file,file,file,file,file,file,file,file,file,file,file,file,file,file,file,file,file,file,file,file,file,file,file,file,file,file,file,file,file,file,file,file,file,file,file,file
fopen,measured,builtin,i2c;icinterface;serial,file,file,file,file,file,file,file,file,file,file,file,file,file,file,file,file,file,file,file,file,file,file,file,file,file,file,file,file,file,file,file,file,file,file,file,file,file
format,measured,builtin,,file,file,file,file,file,file,file,file,file,file,builtin-err,file,file,file,file,file,file,file,file,file,file,file,file,file,file,file,file,builtin-err,builtin-err,file,file,file,file,file,file,file,file
formula,measured,mfile,fittype;inline,file,file,file,file,file,file,file,file,file,file,file,file,file,file,file,file,file,file,file,file,file,file,file,file,file,file,file,file,file,file,file,file,file,file,file,file,file
fpdf,measured,none,,file,file,file,file,file,file,file,file,file,file,file,file,file,file,file,file,file,file,file,file,file,file,file,file,file,file,file,file,file,file,file,file,file,file,file,file,file
fplot,measured,mfile,,file,file,file,file,file,file,file,file,file,file,file,file,file,file,file,file,file,file,file,file,file,file,file,file,file,file,file,file,file,file,file,file,file,file,file,file,file
fplot3,measured,mfile,,file,file,file,file,file,file,file,file,file,file,file,file,file,file,file,file,file,file,file,file,file,file,file,file,file,file,file,file,file,file,file,file,file,file,file,file,file
fprintf,measured,builtin,dlarray;gpuArray;icinterface;serial,file,file,file,file,file,file,file,file,file,file,file,file,file,file,file,file,file,file,file,file,file,file,file,file,file,file,file,file,file,file,file,file,file,file,file,file,file
fracfact,measured,none,,file,file,file,file,file,file,file,file,file,file,file,file,file,file,file,file,file,file,file,file,file,file,file,file,file,file,file,file,file,file,file,file,file,file,file,file,file
fracfactgen,measured,none,,file,file,file,file,file,file,file,file,file,file,file,file,file,file,file,file,file,file,file,file,file,file,file,file,file,file,file,file,file,file,file,file,file,file,file,file,file
frame2im,measured,builtin,,file,file,file,file,file,file,file,file,file,file,file,file,file,file,file,file,file,file,file,file,file,file,file,file,file,file,file,file,file,file,file,file,file,file,file,file,file
framesig,measured,mfile,,file,file,file,file,file,file,file,file,file,file,file,file,file,file,file,file,file,file,file,file,file,file,file,file,file,file,file,file,file,file,file,file,file,file,file,file,file
fread,measured,builtin,i2c;icinterface;serial;udp,file,file,file,file,file,file,file,file,file,file,file,file,file,file,file,file,file,file,file,file,file,file,file,file,file,file,file,file,file,file,file,file,file,file,file,file,file
freqs,measured,mfile,,file,file,file,file,file,file,file,file,file,file,file,file,file,file,file,file,file,file,file,file,file,file,file,file,file,file,file,file,file,file,file,file,file,file,file,file,file
freqspace,measured,mfile,gpuArray,file,file,file,file,file,file,file,file,file,file,file,file,file,file,file,file,file,file,file,file,file,file,file,file,file,file,file,file,file,file,file,file,file,file,file,file,file
freqz,measured,mfile,,file,file,file,file,file,file,file,file,file,file,file,file,file,file,file,file,file,file,file,file,file,file,file,file,file,file,file,file,file,file,file,file,file,file,file,file,file
freqz2,measured,mfile,,file,file,file,file,file,file,file,file,file,file,file,file,file,file,file,file,file,file,file,file,file,file,file,file,file,file,file,file,file,file,file,file,file,file,file,file,file
frewind,measured,mfile,,file,file,file,file,file,file,file,file,file,file,file,file,file,file,file,file,file,file,file,file,file,file,file,file,file,file,file,file,file,file,file,file,file,file,file,file,file
friedman,measured,none,,file,file,file,file,file,file,file,file,file,file,file,file,file,file,file,file,file,file,file,file,file,file,file,file,file,file,file,file,file,file,file,file,file,file,file,file,file
frnd,measured,none,,file,file,file,file,file,file,file,file,file,file,file,file,file,file,file,file,file,file,file,file,file,file,file,file,file,file,file,file,file,file,file,file,file,file,file,file,file
fsamp2,measured,mfile,,file,file,file,file,file,file,file,file,file,file,file,file,file,file,file,file,file,file,file,file,file,file,file,file,file,file,file,file,file,file,file,file,file,file,file,file,file
fscanf,measured,builtin,icinterface;serial;udp,file,file,file,file,file,file,file,file,file,file,file,file,file,file,file,file,file,file,file,file,file,file,file,file,file,file,file,file,file,file,file,file,file,file,file,file,file
fseek,measured,builtin,,file,file,file,file,file,file,file,file,file,file,file,file,file,file,file,file,file,file,file,file,file,file,file,file,file,file,file,file,file,file,file,file,file,file,file,file,file
fspecial,measured,mfile,,file,file,file,file,file,file,file,file,file,file,file,file,file,file,file,file,file,file,file,file,file,file,file,file,file,file,file,file,file,file,file,file,file,file,file,file,file
fspecial3,measured,mfile,,file,file,file,file,file,file,file,file,file,file,file,file,file,file,file,file,file,file,file,file,file,file,file,file,file,file,file,file,file,file,file,file,file,file,file,file,file
fsst,measured,mfile,gpuArray,file,file,file,file,file,file,file,file,file,file,file,file,file,file,file,file,file,file,file,file,file,file,file,file,file,file,file,file,file,file,file,file,file,file,file,file,file
fstat,measured,none,,file,file,file,file,file,file,file,file,file,file,file,file,file,file,file,file,file,file,file,file,file,file,file,file,file,file,file,file,file,file,file,file,file,file,file,file,file
fsurf,measured,mfile,,file,file,file,file,file,file,file,file,file,file,file,file,file,file,file,file,file,file,file,file,file,file,file,file,file,file,file,file,file,file,file,file,file,file,file,file,file
ftell,measured,builtin,,file,file,file,file,file,file,file,file,file,file,file,file,file,file,file,file,file,file,file,file,file,file,file,file,file,file,file,file,file,file,file,file,file,file,file,file,file
ftrans2,measured,mfile,,file,file,file,file,file,file,file,file,file,file,file,file,file,file,file,file,file,file,file,file,file,file,file,file,file,file,file,file,file,file,file,file,file,file,file,file,file
full,measured,builtin,DynamicSystem;codistributed;double;gpuArray;half;int16;int32;int64;int8;logical;single;uint16;uint32;uint64;uint8,file,builtin,file,file,file,file,file,builtin,builtin,file,file,file,file,file,builtin-err,file,file,file,file,file,file,builtin-err,builtin-err,file,file,file,file,file,file,file,file,file,file,file,file,file,file
fullfact,measured,none,,file,file,file,file,file,file,file,file,file,file,file,file,file,file,file,file,file,file,file,file,file,file,file,file,file,file,file,file,file,file,file,file,file,file,file,file,file
fullfile,measured,mfile,,file,file,file,file,file,file,file,file,file,file,file,file,file,file,file,file,file,file,file,file,file,file,file,file,file,file,file,file,file,file,file,file,file,file,file,file,file
func2str,measured,builtin,function_handle,file,file,file,file,file,builtin,file,file,file,file,file,file,file,file,file,file,file,file,file,file,builtin-err,file,file,file,file,file,file,file,file,file,file,file,file,file,file,file,file
functions,measured,builtin,function_handle,file,file,file,file,file,builtin,file,file,file,file,file,file,file,file,file,file,file,file,file,file,builtin-err,file,file,file,file,file,file,file,file,file,file,file,file,file,file,file,file
funm,measured,mfile,sym,file,file,file,file,file,file,file,file,file,file,file,file,file,file,file,file,file,file,file,file,file,file,file,file,file,file,file,file,file,file,file,file,file,file,file,file,file
fwht,measured,mfile,,file,file,file,file,file,file,file,file,file,file,file,file,file,file,file,file,file,file,file,file,file,file,file,file,file,file,file,file,file,file,file,file,file,file,file,file,file
fwind1,measured,mfile,,file,file,file,file,file,file,file,file,file,file,file,file,file,file,file,file,file,file,file,file,file,file,file,file,file,file,file,file,file,file,file,file,file,file,file,file,file
fwind2,measured,mfile,,file,file,file,file,file,file,file,file,file,file,file,file,file,file,file,file,file,file,file,file,file,file,file,file,file,file,file,file,file,file,file,file,file,file,file,file,file
fwrite,measured,builtin,i2c;icinterface;serial,file,file,file,file,file,file,file,file,file,file,file,file,file,file,file,file,file,file,file,file,file,file,file,file,file,file,file,file,file,file,file,file,file,file,file,file,file
fzero,measured,mfile,,file,file,file,file,file,file,file,file,file,file,file,file,file,file,file,file,file,file,file,file,file,file,file,file,file,file,file,file,file,file,file,file,file,file,file,file,file
gabor,measured,mfile,,file,file,file,file,file,file,file,file,file,file,file,file,file,file,file,file,file,file,file,file,file,file,file,file,file,file,file,file,file,file,file,file,file,file,file,file,file
gagerr,measured,none,,file,file,file,file,file,file,file,file,file,file,file,file,file,file,file,file,file,file,file,file,file,file,file,file,file,file,file,file,file,file,file,file,file,file,file,file,file
gallery,measured,mfile,,file,file,file,file,file,file,file,file,file,file,file,file,file,file,file,file,file,file,file,file,file,file,file,file,file,file,file,file,file,file,file,file,file,file,file,file,file
gamcdf,measured,none,,file,file,file,file,file,file,file,file,file,file,file,file,file,file,file,file,file,file,file,file,file,file,file,file,file,file,file,file,file,file,file,file,file,file,file,file,file
gamfit,measured,none,,file,file,file,file,file,file,file,file,file,file,file,file,file,file,file,file,file,file,file,file,file,file,file,file,file,file,file,file,file,file,file,file,file,file,file,file,file
gaminv,measured,none,,file,file,file,file,file,file,file,file,file,file,file,file,file,file,file,file,file,file,file,file,file,file,file,file,file,file,file,file,file,file,file,file,file,file,file,file,file
gamlike,measured,none,,file,file,file,file,file,file,file,file,file,file,file,file,file,file,file,file,file,file,file,file,file,file,file,file,file,file,file,file,file,file,file,file,file,file,file,file,file
gamma,measured,builtin,codistributed;double;gpuArray;single;sym,file,builtin,file,file,file,file,file,file,file,file,file,file,file,file,builtin-err,file,file,file,file,file,file,file,builtin-err,file,file,file,file,file,file,file,file,file,file,file,file,file,file
GammaDistribution,measured,none,,file,file,file,file,file,file,file,file,file,file,file,file,file,file,file,file,file,file,file,file,file,file,file,file,file,file,file,file,file,file,file,file,file,file,file,file,file
gammain,measured,mfile,sparameters,file,file,file,file,file,file,file,file,file,file,file,file,file,file,file,file,file,file,file,file,file,file,file,file,file,file,file,file,file,file,file,file,file,file,file,file,file
gammainc,measured,builtin,codistributed;double;gpuArray;single;tall,file,builtin-err,file,file,file,file,file,file,file,file,file,file,file,file,builtin,file,file,file,file,file,file,file,builtin-err,file,file,file,file,file,file,file,file,file,file,file,file,file,file
gammaincinv,measured,builtin,codistributed;double;gpuArray;single;tall,file,builtin-err,file,file,file,file,file,file,file,file,file,file,file,file,builtin-err,file,file,file,file,file,file,file,builtin-err,file,file,file,file,file,file,file,file,file,file,file,file,file,file
gammaln,measured,builtin,codistributed;double;gpuArray;single;sym,file,builtin,file,file,file,file,file,file,file,file,file,file,file,file,builtin-err,file,file,file,file,file,file,file,builtin-err,file,file,file,file,file,file,file,file,file,file,file,file,file,file
gammaout,measured,mfile,sparameters,file,file,file,file,file,file,file,file,file,file,file,file,file,file,file,file,file,file,file,file,file,file,file,file,file,file,file,file,file,file,file,file,file,file,file,file,file
gampdf,measured,none,,file,file,file,file,file,file,file,file,file,file,file,file,file,file,file,file,file,file,file,file,file,file,file,file,file,file,file,file,file,file,file,file,file,file,file,file,file
gamrnd,measured,none,,file,file,file,file,file,file,file,file,file,file,file,file,file,file,file,file,file,file,file,file,file,file,file,file,file,file,file,file,file,file,file,file,file,file,file,file,file
gamstat,measured,none,,file,file,file,file,file,file,file,file,file,file,file,file,file,file,file,file,file,file,file,file,file,file,file,file,file,file,file,file,file,file,file,file,file,file,file,file,file
gauspuls,measured,mfile,,file,file,file,file,file,file,file,file,file,file,file,file,file,file,file,file,file,file,file,file,file,file,file,file,file,file,file,file,file,file,file,file,file,file,file,file,file
gaussdesign,measured,mfile,,file,file,file,file,file,file,file,file,file,file,file,file,file,file,file,file,file,file,file,file,file,file,file,file,file,file,file,file,file,file,file,file,file,file,file,file,file
gaussfir,measured,mfile,,file,file,file,file,file,file,file,file,file,file,file,file,file,file,file,file,file,file,file,file,file,file,file,file,file,file,file,file,file,file,file,file,file,file,file,file,file
gausswin,measured,mfile,,file,file,file,file,file,file,file,file,file,file,file,file,file,file,file,file,file,file,file,file,file,file,file,file,file,file,file,file,file,file,file,file,file,file,file,file,file
gca,measured,builtin,,file,file,file,file,file,file,file,file,file,file,file,file,file,file,file,file,file,file,file,file,file,file,file,file,file,file,file,file,file,file,file,file,file,file,file,file,file
gcbf,measured,mfile,,file,file,file,file,file,file,file,file,file,file,file,file,file,file,file,file,file,file,file,file,file,file,file,file,file,file,file,file,file,file,file,file,file,file,file,file,file
gcbo,measured,builtin,,file,file,file,file,file,file,file,file,file,file,file,file,file,file,file,file,file,file,file,file,file,file,file,file,file,file,file,file,file,file,file,file,file,file,file,file,file
gcd,measured,mfile,sym,file,file,file,file,file,file,file,file,file,file,file,file,file,file,file,file,file,file,file,file,file,file,file,file,file,file,file,file,file,file,file,file,file,file,file,file,file
gcf,measured,builtin,,file,file,file,file,file,file,file,file,file,file,file,file,file,file,file,file,file,file,file,file,file,file,file,file,file,file,file,file,file,file,file,file,file,file,file,file,file
gco,measured,builtin,,file,file,file,file,file,file,file,file,file,file,file,file,file,file,file,file,file,file,file,file,file,file,file,file,file,file,file,file,file,file,file,file,file,file,file,file,file
ge,measured,builtin,categorical;char;codistributed;dlarray;double;gpuArray;int16;int32;int64;int8;logical;single;string;sweepset;tabular;uint16;uint32;uint64;uint8,file,builtin-err,builtin-err,file,file,file,builtin-err,builtin-err,builtin-err,builtin-err,builtin-err,builtin-err,builtin-err,builtin-err,builtin,builtin-err,builtin-err,file,file,file,file,builtin,builtin,builtin,builtin,builtin,builtin,builtin-err,builtin-err,builtin,builtin-err,builtin,builtin,builtin-err,builtin-err,builtin-err,file
GeneralizedExtremeValueDistribution,measured,none,,file,file,file,file,file,file,file,file,file,file,file,file,file,file,file,file,file,file,file,file,file,file,file,file,file,file,file,file,file,file,file,file,file,file,file,file,file
GeneralizedParetoDistribution,measured,none,,file,file,file,file,file,file,file,file,file,file,file,file,file,file,file,file,file,file,file,file,file,file,file,file,file,file,file,file,file,file,file,file,file,file,file,file,file
genpath,measured,mfile,,file,file,file,file,file,file,file,file,file,file,file,file,file,file,file,file,file,file,file,file,file,file,file,file,file,file,file,file,file,file,file,file,file,file,file,file,file
geocdf,measured,none,,file,file,file,file,file,file,file,file,file,file,file,file,file,file,file,file,file,file,file,file,file,file,file,file,file,file,file,file,file,file,file,file,file,file,file,file,file
geoinv,measured,none,,file,file,file,file,file,file,file,file,file,file,file,file,file,file,file,file,file,file,file,file,file,file,file,file,file,file,file,file,file,file,file,file,file,file,file,file,file
geomean,measured,none,,file,file,file,file,file,file,file,file,file,file,file,file,file,file,file,file,file,file,file,file,file,file,file,file,file,file,file,file,file,file,file,file,file,file,file,file,file
geopdf,measured,none,,file,file,file,file,file,file,file,file,file,file,file,file,file,file,file,file,file,file,file,file,file,file,file,file,file,file,file,file,file,file,file,file,file,file,file,file,file
geornd,measured,none,,file,file,file,file,file,file,file,file,file,file,file,file,file,file,file,file,file,file,file,file,file,file,file,file,file,file,file,file,file,file,file,file,file,file,file,file,file
geostat,measured,none,,file,file,file,file,file,file,file,file,file,file,file,file,file,file,file,file,file,file,file,file,file,file,file,file,file,file,file,file,file,file,file,file,file,file,file,file,file
get,measured,builtin,BioMap;COM;InputOutputModel;LegacyIcdevice;RandStream;arrowline;axestext;axischild;axisobj;axistext;bloomberg;blp;cellline;celltext;cgclipexpr;cgconstant;cgconstvalue;cgdivexpr;cgfeature;cgfuncexpr;cgfuncmodel;cgifexpr;cglookupnd;cglookupone;cglookuptwo;cgminmaxexpr;cgmodexpr;cgmswitchexpr;cgnormaliser;cgnormfunction;cgnormnode;cgoppoint;cgoptim;cgoptimstore;cgprec;cgprecfix;cgprecfloat;cgpreclookupfix;cgprecpolyfix;cgrelexpr;cgrules;cgsubexpr;cgsymvalue;cgtablenode;cgtradeoff;cgvalue;cgvariable;cset_boxb;cset_ccd;cset_fullfact;cset_grdlatt;cset_grid;cset_haltonset;cset_lattice;cset_lhs;cset_pb;cset_pointset;cset_simplex;cset_sobolset;cset_stratlattice;cset_userdef;csetinterface;customreg;dataset;dtree;figobj;framerect;fred;gsref;haver;hgbin;icgroup;iddata;idnlfun;imaqchild;imaqdevice;instrument;iviconfigurationstore;laurpoly;listitemselector;localavfit;localbspline;localmod;localmulti;localpoly;localpspline;localsurface;localtruncps;localusermod;mbcrichtext;mpc;mpcmoveopt;mpcsimopt;mpcstate;mvgraph1d;mvgraph2d;mvgraph3d;mvgraph4d;ntree;phytree;scribehandle;scribehgobj;seltext;serial;sweepset;sweepsetfilter;testplansweepsetfilter;texlistbox;timeseries;tscollection;vrfigure;vrnode;vrworld;wdectree;wptree;wtbo;xreg3xspline;xregaxesinput;xregborderlayout;xregcardlayout;xregclickinput;xregclicktolinput;xregcolorbar;xregcontainer;xregcubic;xregcurtainfxlayout;xregexportmodel;xregflowlayout;xreggpr;xreggridlayout;xreghybridrbf;xreginterprbf;xreglayerlayout;xreglegend;xreglinear;xreglistctrl;xregmodel;xregmulti;xregmultigraph2d;xregnnet;xregoptmgr;xregrangeinput;xregrbf;xregslidefxlayout;xregsnapsplitlayout;xregsplitlayout;xregtable;xregtransient;xregtwostage;xregunispline;xregvectorinput,file,file,file,file,file,file,file,file,file,file,file,file,file,file,file,file,file,file,file,file,file,file,file,file,file,file,file,file,file,file,file,file,file,file,file,file,file
getappdata,measured,builtin,,file,file,file,file,file,file,file,file,file,file,file,file,file,file,file,file,file,file,file,file,file,file,file,file,file,file,file,file,file,file,file,file,file,file,file,file,file
getenv,measured,builtin,,file,file,file,file,file,file,file,file,file,file,file,file,file,file,file,file,file,file,file,file,file,file,file,file,file,file,file,file,file,file,file,file,file,file,file,file,file
getfield,measured,mfile,vrnode,file,file,file,file,file,file,file,file,file,file,file,file,file,file,file,file,file,file,file,file,file,file,file,file,file,file,file,file,file,file,file,file,file,file,file,file,file
getframe,measured,mfile,,file,file,file,file,file,file,file,file,file,file,file,file,file,file,file,file,file,file,file,file,file,file,file,file,file,file,file,file,file,file,file,file,file,file,file,file,file
getpoints,measured,mfile,,file,file,file,file,file,file,file,file,file,file,file,file,file,file,file,file,file,file,file,file,file,file,file,file,file,file,file,file,file,file,file,file,file,file,file,file,file
gevcdf,measured,none,,file,file,file,file,file,file,file,file,file,file,file,file,file,file,file,file,file,file,file,file,file,file,file,file,file,file,file,file,file,file,file,file,file,file,file,file,file
gevfit,measured,none,,file,file,file,file,file,file,file,file,file,file,file,file,file,file,file,file,file,file,file,file,file,file,file,file,file,file,file,file,file,file,file,file,file,file,file,file,file
gevinv,measured,none,,file,file,file,file,file,file,file,file,file,file,file,file,file,file,file,file,file,file,file,file,file,file,file,file,file,file,file,file,file,file,file,file,file,file,file,file,file
gevlike,measured,none,,file,file,file,file,file,file,file,file,file,file,file,file,file,file,file,file,file,file,file,file,file,file,file,file,file,file,file,file,file,file,file,file,file,file,file,file,file
gevpdf,measured,none,,file,file,file,file,file,file,file,file,file,file,file,file,file,file,file,file,file,file,file,file,file,file,file,file,file,file,file,file,file,file,file,file,file,file,file,file,file
gevrnd,measured,none,,file,file,file,file,file,file,file,file,file,file,file,file,file,file,file,file,file,file,file,file,file,file,file,file,file,file,file,file,file,file,file,file,file,file,file,file,file
gevstat,measured,none,,file,file,file,file,file,file,file,file,file,file,file,file,file,file,file,file,file,file,file,file,file,file,file,file,file,file,file,file,file,file,file,file,file,file,file,file,file
ginput,measured,mfile,,file,file,file,file,file,file,file,file,file,file,file,file,file,file,file,file,file,file,file,file,file,file,file,file,file,file,file,file,file,file,file,file,file,file,file,file,file
glmfit,measured,none,,file,file,file,file,file,file,file,file,file,file,file,file,file,file,file,file,file,file,file,file,file,file,file,file,file,file,file,file,file,file,file,file,file,file,file,file,file
glmval,measured,none,,file,file,file,file,file,file,file,file,file,file,file,file,file,file,file,file,file,file,file,file,file,file,file,file,file,file,file,file,file,file,file,file,file,file,file,file,file
glyphplot,measured,none,,file,file,file,file,file,file,file,file,file,file,file,file,file,file,file,file,file,file,file,file,file,file,file,file,file,file,file,file,file,file,file,file,file,file,file,file,file
gmonopuls,measured,mfile,,file,file,file,file,file,file,file,file,file,file,file,file,file,file,file,file,file,file,file,file,file,file,file,file,file,file,file,file,file,file,file,file,file,file,file,file,file
gmres,measured,mfile,codistributed;gpuArray,file,file,file,file,file,file,file,file,file,file,file,file,file,file,file,file,file,file,file,file,file,file,file,file,file,file,file,file,file,file,file,file,file,file,file,file,file
gobjects,measured,mfile,,file,file,file,file,file,file,file,file,file,file,file,file,file,file,file,file,file,file,file,file,file,file,file,file,file,file,file,file,file,file,file,file,file,file,file,file,file
goertzel,measured,mfile,gpuArray,file,file,file,file,file,file,file,file,file,file,file,file,file,file,file,file,file,file,file,file,file,file,file,file,file,file,file,file,file,file,file,file,file,file,file,file,file
gpcdf,measured,none,,file,file,file,file,file,file,file,file,file,file,file,file,file,file,file,file,file,file,file,file,file,file,file,file,file,file,file,file,file,file,file,file,file,file,file,file,file
gpfit,measured,none,,file,file,file,file,file,file,file,file,file,file,file,file,file,file,file,file,file,file,file,file,file,file,file,file,file,file,file,file,file,file,file,file,file,file,file,file,file
gpinv,measured,none,,file,file,file,file,file,file,file,file,file,file,file,file,file,file,file,file,file,file,file,file,file,file,file,file,file,file,file,file,file,file,file,file,file,file,file,file,file
gplike,measured,none,,file,file,file,file,file,file,file,file,file,file,file,file,file,file,file,file,file,file,file,file,file,file,file,file,file,file,file,file,file,file,file,file,file,file,file,file,file
gplot,measured,mfile,,file,file,file,file,file,file,file,file,file,file,file,file,file,file,file,file,file,file,file,file,file,file,file,file,file,file,file,file,file,file,file,file,file,file,file,file,file
gplotmatrix,measured,none,,file,file,file,file,file,file,file,file,file,file,file,file,file,file,file,file,file,file,file,file,file,file,file,file,file,file,file,file,file,file,file,file,file,file,file,file,file
gppdf,measured,none,,file,file,file,file,file,file,file,file,file,file,file,file,file,file,file,file,file,file,file,file,file,file,file,file,file,file,file,file,file,file,file,file,file,file,file,file,file
gprnd,measured,none,,file,file,file,file,file,file,file,file,file,file,file,file,file,file,file,file,file,file,file,file,file,file,file,file,file,file,file,file,file,file,file,file,file,file,file,file,file
gpstat,measured,none,,file,file,file,file,file,file,file,file,file,file,file,file,file,file,file,file,file,file,file,file,file,file,file,file,file,file,file,file,file,file,file,file,file,file,file,file,file
gradient,measured,mfile,cglookupnd;cglookuptwo;cgnormfunction;gpuArray;sym,file,file,file,file,file,file,file,file,file,file,file,file,file,file,file,file,file,file,file,file,file,file,file,file,file,file,file,file,file,file,file,file,file,file,file,file,file
gradientweight,measured,mfile,,file,file,file,file,file,file,file,file,file,file,file,file,file,file,file,file,file,file,file,file,file,file,file,file,file,file,file,file,file,file,file,file,file,file,file,file,file
gray,measured,mfile,,file,file,file,file,file,file,file,file,file,file,file,file,file,file,file,file,file,file,file,file,file,file,file,file,file,file,file,file,file,file,file,file,file,file,file,file,file
gray2ind,measured,mfile,gpuArray,file,file,file,file,file,file,file,file,file,file,file,file,file,file,file,file,file,file,file,file,file,file,file,file,file,file,file,file,file,file,file,file,file,file,file,file,file
graycomatrix,measured,mfile,,file,file,file,file,file,file,file,file,file,file,file,file,file,file,file,file,file,file,file,file,file,file,file,file,file,file,file,file,file,file,file,file,file,file,file,file,file
grayconnected,measured,mfile,,file,file,file,file,file,file,file,file,file,file,file,file,file,file,file,file,file,file,file,file,file,file,file,file,file,file,file,file,file,file,file,file,file,file,file,file,file
graycoprops,measured,mfile,,file,file,file,file,file,file,file,file,file,file,file,file,file,file,file,file,file,file,file,file,file,file,file,file,file,file,file,file,file,file,file,file,file,file,file,file,file
graydiffweight,measured,mfile,,file,file,file,file,file,file,file,file,file,file,file,file,file,file,file,file,file,file,file,file,file,file,file,file,file,file,file,file,file,file,file,file,file,file,file,file,file
graydist,measured,mfile,,file,file,file,file,file,file,file,file,file,file,file,file,file,file,file,file,file,file,file,file,file,file,file,file,file,file,file,file,file,file,file,file,file,file,file,file,file
grayslice,measured,mfile,,file,file,file,file,file,file,file,file,file,file,file,file,file,file,file,file,file,file,file,file,file,file,file,file,file,file,file,file,file,file,file,file,file,file,file,file,file
graythresh,measured,mfile,,file,file,file,file,file,file,file,file,file,file,file,file,file,file,file,file,file,file,file,file,file,file,file,file,file,file,file,file,file,file,file,file,file,file,file,file,file
grid,measured,mfile,,file,file,file,file,file,file,file,file,file,file,file,file,file,file,file,file,file,file,file,file,file,file,file,file,file,file,file,file,file,file,file,file,file,file,file,file,file
griddata,measured,mfile,,file,file,file,file,file,file,file,file,file,file,file,file,file,file,file,file,file,file,file,file,file,file,file,file,file,file,file,file,file,file,file,file,file,file,file,file,file
griddatan,measured,mfile,,file,file,file,file,file,file,file,file,file,file,file,file,file,file,file,file,file,file,file,file,file,file,file,file,file,file,file,file,file,file,file,file,file,file,file,file,file
griddedInterpolant,measured,other,codistributed;distributed;gpuArray;griddedInterpolant,builtin,builtin-err,builtin-err,builtin-err,builtin-err,builtin-err,builtin-err,builtin-err,builtin-err,builtin-err,builtin-err,builtin-err,builtin-err,builtin-err,builtin-err,builtin-err,builtin-err,builtin-err,builtin-err,builtin-err,builtin-err,builtin-err,builtin-err,builtin-err,builtin-err,builtin-err,builtin-err,builtin-err,builtin-err,builtin-err,builtin-err,builtin-err,builtin-err,builtin-err,builtin-err,builtin-err,builtin-err
groot,measured,builtin,,file,file,file,file,file,file,file,file,file,file,file,file,file,file,file,file,file,file,file,file,file,file,file,file,file,file,file,file,file,file,file,file,file,file,file,file,file
groupcounts,measured,mfile,tall,file,file,file,file,file,file,file,file,file,file,file,file,file,file,file,file,file,file,file,file,file,file,file,file,file,file,file,file,file,file,file,file,file,file,file,file,file
groupfilter,measured,mfile,tall,file,file,file,file,file,file,file,file,file,file,file,file,file,file,file,file,file,file,file,file,file,file,file,file,file,file,file,file,file,file,file,file,file,file,file,file,file
groupsummary,measured,mfile,tall,file,file,file,file,file,file,file,file,file,file,file,file,file,file,file,file,file,file,file,file,file,file,file,file,file,file,file,file,file,file,file,file,file,file,file,file,file
grouptransform,measured,mfile,tall,file,file,file,file,file,file,file,file,file,file,file,file,file,file,file,file,file,file,file,file,file,file,file,file,file,file,file,file,file,file,file,file,file,file,file,file,file
grp2idx,measured,none,,file,file,file,file,file,file,file,file,file,file,file,file,file,file,file,file,file,file,file,file,file,file,file,file,file,file,file,file,file,file,file,file,file,file,file,file,file
grpdelay,measured,mfile,,file,file,file,file,file,file,file,file,file,file,file,file,file,file,file,file,file,file,file,file,file,file,file,file,file,file,file,file,file,file,file,file,file,file,file,file,file
grpstats,measured,none,,file,file,file,file,file,file,file,file,file,file,file,file,file,file,file,file,file,file,file,file,file,file,file,file,file,file,file,file,file,file,file,file,file,file,file,file,file
gscatter,measured,none,,file,file,file,file,file,file,file,file,file,file,file,file,file,file,file,file,file,file,file,file,file,file,file,file,file,file,file,file,file,file,file,file,file,file,file,file,file
gsvd,measured,mfile,,file,file,file,file,file,file,file,file,file,file,file,file,file,file,file,file,file,file,file,file,file,file,file,file,file,file,file,file,file,file,file,file,file,file,file,file,file
gt,measured,builtin,categorical;char;codistributed;dlarray;double;gpuArray;int16;int32;int64;int8;logical;single;string;sweepset;tabular;uint16;uint32;uint64;uint8,file,builtin-err,builtin-err,file,file,file,builtin-err,builtin-err,builtin-err,builtin-err,builtin-err,builtin-err,builtin-err,builtin-err,builtin,builtin-err,builtin-err,file,file,file,file,builtin,builtin,builtin,builtin,builtin,builtin,builtin-err,builtin-err,builtin,builtin-err,builtin,builtin,builtin-err,builtin-err,builtin-err,file
gtext,measured,mfile,,file,file,file,file,file,file,file,file,file,file,file,file,file,file,file,file,file,file,file,file,file,file,file,file,file,file,file,file,file,file,file,file,file,file,file,file,file
hadamard,measured,mfile,,file,file,file,file,file,file,file,file,file,file,file,file,file,file,file,file,file,file,file,file,file,file,file,file,file,file,file,file,file,file,file,file,file,file,file,file,file
HalfNormalDistribution,measured,none,,file,file,file,file,file,file,file,file,file,file,file,file,file,file,file,file,file,file,file,file,file,file,file,file,file,file,file,file,file,file,file,file,file,file,file,file,file
hamming,measured,mfile,,file,file,file,file,file,file,file,file,file,file,file,file,file,file,file,file,file,file,file,file,file,file,file,file,file,file,file,file,file,file,file,file,file,file,file,file,file
hampel,measured,mfile,,file,file,file,file,file,file,file,file,file,file,file,file,file,file,file,file,file,file,file,file,file,file,file,file,file,file,file,file,file,file,file,file,file,file,file,file,file
hankel,measured,mfile,distributed,file,file,file,file,file,file,file,file,file,file,file,file,file,file,file,file,file,file,file,file,file,file,file,file,file,file,file,file,file,file,file,file,file,file,file,file,file
hann,measured,mfile,,file,file,file,file,file,file,file,file,file,file,file,file,file,file,file,file,file,file,file,file,file,file,file,file,file,file,file,file,file,file,file,file,file,file,file,file,file
hanning,measured,mfile,,file,file,file,file,file,file,file,file,file,file,file,file,file,file,file,file,file,file,file,file,file,file,file,file,file,file,file,file,file,file,file,file,file,file,file,file,file
harmmean,measured,none,,file,file,file,file,file,file,file,file,file,file,file,file,file,file,file,file,file,file,file,file,file,file,file,file,file,file,file,file,file,file,file,file,file,file,file,file,file
head,measured,mfile,codistributed;distributed;gpuArray;tall,file,file,file,file,file,file,file,file,file,file,file,file,file,file,file,file,file,file,file,file,file,file,file,file,file,file,file,file,file,file,file,file,file,file,file,file,file
heatmap,measured,mfile,tall,file,file,file,file,file,file,file,file,file,file,file,file,file,file,file,file,file,file,file,file,file,file,file,file,file,file,file,file,file,file,file,file,file,file,file,file,file
height,measured,mfile,,file,file,file,file,file,file,file,file,file,file,file,file,file,file,file,file,file,file,file,file,file,file,file,file,file,file,file,file,file,file,file,file,file,file,file,file,file
help,measured,mfile,,file,file,file,file,file,file,file,file,file,file,file,file,file,file,file,file,file,file,file,file,file,file,file,file,file,file,file,file,file,file,file,file,file,file,file,file,file
hess,measured,builtin,double;single,file,builtin,file,file,file,file,file,file,file,file,file,file,file,file,builtin,file,file,file,file,file,file,file,builtin-err,file,file,file,file,file,file,file,file,file,file,file,file,file,file
hex2dec,measured,builtin,,file,file,file,file,file,file,file,file,file,file,file,file,file,file,file,file,file,file,file,file,file,file,file,file,file,file,file,file,file,file,file,file,file,file,file,file,file
hex2num,measured,mfile,,file,file,file,file,file,file,file,file,file,file,file,file,file,file,file,file,file,file,file,file,file,file,file,file,file,file,file,file,file,file,file,file,file,file,file,file,file
hgexport,measured,mfile,,file,file,file,file,file,file,file,file,file,file,file,file,file,file,file,file,file,file,file,file,file,file,file,file,file,file,file,file,file,file,file,file,file,file,file,file,file
hggroup,measured,builtin,,file,file,file,file,file,file,file,file,file,file,file,file,file,file,file,file,file,file,file,file,file,file,file,file,file,file,file,file,file,file,file,file,file,file,file,file,file
hgload,measured,mfile,,file,file,file,file,file,file,file,file,file,file,file,file,file,file,file,file,file,file,file,file,file,file,file,file,file,file,file,file,file,file,file,file,file,file,file,file,file
hgsave,measured,mfile,,file,file,file,file,file,file,file,file,file,file,file,file,file,file,file,file,file,file,file,file,file,file,file,file,file,file,file,file,file,file,file,file,file,file,file,file,file
hgtransform,measured,builtin,,file,file,file,file,file,file,file,file,file,file,file,file,file,file,file,file,file,file,file,file,file,file,file,file,file,file,file,file,file,file,file,file,file,file,file,file,file
hidden,measured,mfile,,file,file,file,file,file,file,file,file,file,file,file,file,file,file,file,file,file,file,file,file,file,file,file,file,file,file,file,file,file,file,file,file,file,file,file,file,file
highpass,measured,mfile,,file,file,file,file,file,file,file,file,file,file,file,file,file,file,file,file,file,file,file,file,file,file,file,file,file,file,file,file,file,file,file,file,file,file,file,file,file
hilb,measured,mfile,,file,file,file,file,file,file,file,file,file,file,file,file,file,file,file,file,file,file,file,file,file,file,file,file,file,file,file,file,file,file,file,file,file,file,file,file,file
hilbert,measured,mfile,,file,file,file,file,file,file,file,file,file,file,file,file,file,file,file,file,file,file,file,file,file,file,file,file,file,file,file,file,file,file,file,file,file,file,file,file,file
hist3,measured,none,,file,file,file,file,file,file,file,file,file,file,file,file,file,file,file,file,file,file,file,file,file,file,file,file,file,file,file,file,file,file,file,file,file,file,file,file,file
histc,measured,builtin,codistributed;distributed;gpuArray,file,file,file,file,file,file,file,file,file,file,file,file,file,file,file,file,file,file,file,file,file,file,file,file,file,file,file,file,file,file,file,file,file,file,file,file,file
histcounts,measured,mfile,categorical;datetime;duration;gpuArray;tall,file,file,file,file,file,file,file,file,file,file,builtin,builtin,file,file,file,file,file,file,file,file,file,file,file,file,file,file,file,builtin-err,builtin-err,builtin-err,builtin-err,file,file,file,file,file,file
histcounts2,measured,mfile,,file,file,file,file,file,file,file,file,file,file,file,file,file,file,file,file,file,file,file,file,file,file,file,file,file,file,file,file,file,file,file,file,file,file,file,file,file
histeq,measured,mfile,gpuArray,file,file,file,file,file,file,file,file,file,file,file,file,file,file,file,file,file,file,file,file,file,file,file,file,file,file,file,file,file,file,file,file,file,file,file,file,file
histfit,measured,none,,file,file,file,file,file,file,file,file,file,file,file,file,file,file,file,file,file,file,file,file,file,file,file,file,file,file,file,file,file,file,file,file,file,file,file,file,file
histogram,measured,mfile,tall,file,file,file,file,file,file,file,file,file,file,file,file,file,file,file,file,file,file,file,file,file,file,file,file,file,file,file,file,file,file,file,file,file,file,file,file,file
histogram2,measured,mfile,tall,file,file,file,file,file,file,file,file,file,file,file,file,file,file,file,file,file,file,file,file,file,file,file,file,file,file,file,file,file,file,file,file,file,file,file,file,file
hmmdecode,measured,none,,file,file,file,file,file,file,file,file,file,file,file,file,file,file,file,file,file,file,file,file,file,file,file,file,file,file,file,file,file,file,file,file,file,file,file,file,file
hmmestimate,measured,none,,file,file,file,file,file,file,file,file,file,file,file,file,file,file,file,file,file,file,file,file,file,file,file,file,file,file,file,file,file,file,file,file,file,file,file,file,file
hmmgenerate,measured,none,,file,file,file,file,file,file,file,file,file,file,file,file,file,file,file,file,file,file,file,file,file,file,file,file,file,file,file,file,file,file,file,file,file,file,file,file,file
hmmtrain,measured,none,,file,file,file,file,file,file,file,file,file,file,file,file,file,file,file,file,file,file,file,file,file,file,file,file,file,file,file,file,file,file,file,file,file,file,file,file,file
hmmviterbi,measured,none,,file,file,file,file,file,file,file,file,file,file,file,file,file,file,file,file,file,file,file,file,file,file,file,file,file,file,file,file,file,file,file,file,file,file,file,file,file
hms,measured,mfile,codistributed;duration;tall,file,file,file,file,file,file,file,file,file,file,builtin,builtin,file,file,file,file,file,file,file,file,file,file,file,file,file,file,file,builtin-err,builtin-err,builtin-err,file,file,file,file,file,file,file
hold,measured,mfile,,file,file,file,file,file,file,file,file,file,file,file,file,file,file,file,file,file,file,file,file,file,file,file,file,file,file,file,file,file,file,file,file,file,file,file,file,file
home,measured,builtin,,file,file,file,file,file,file,file,file,file,file,file,file,file,file,file,file,file,file,file,file,file,file,file,file,file,file,file,file,file,file,file,file,file,file,file,file,file
horzcat,measured,builtin,Bluetooth;LegacyIcdevice;RedefinesParen;Scalar;categorical;codistributed;coninputfactor;dataset;designdev;dlarray;fittype;gpib;gpuArray;half;i2c;icgroup;icsignal;iddata;inline;iviconfigurationstore;laurpoly;network;serial;string;sweepset;sym;tabular;tall;tcpip;tokenizedDocument;tscollection;udp;videoinput;visa;xregmonitorplotproperties,file,file,builtin,file,file,file,file,file,file,builtin-err,builtin,builtin,builtin,builtin,file,builtin,builtin,file,file,file,file,file,file,file,builtin,builtin-err,builtin-err,builtin-err,builtin-err,builtin,builtin-err,file,builtin-err,builtin,builtin,builtin,file
hot,measured,mfile,,file,file,file,file,file,file,file,file,file,file,file,file,file,file,file,file,file,file,file,file,file,file,file,file,file,file,file,file,file,file,file,file,file,file,file,file,file
hougen,measured,none,,file,file,file,file,file,file,file,file,file,file,file,file,file,file,file,file,file,file,file,file,file,file,file,file,file,file,file,file,file,file,file,file,file,file,file,file,file
hough,measured,mfile,,file,file,file,file,file,file,file,file,file,file,file,file,file,file,file,file,file,file,file,file,file,file,file,file,file,file,file,file,file,file,file,file,file,file,file,file,file
houghlines,measured,mfile,,file,file,file,file,file,file,file,file,file,file,file,file,file,file,file,file,file,file,file,file,file,file,file,file,file,file,file,file,file,file,file,file,file,file,file,file,file
houghpeaks,measured,mfile,,file,file,file,file,file,file,file,file,file,file,file,file,file,file,file,file,file,file,file,file,file,file,file,file,file,file,file,file,file,file,file,file,file,file,file,file,file
hour,measured,mfile,codistributed;tall,file,file,file,file,file,file,file,file,file,file,builtin,file,file,file,file,file,file,file,file,file,file,file,file,file,file,file,file,builtin-err,builtin-err,file,file,file,file,file,file,file,file
hours,measured,mfile,codistributed;tall,file,file,file,file,file,file,file,file,file,file,file,builtin,file,file,file,file,file,file,file,file,file,file,file,file,file,file,file,file,file,builtin-err,file,file,file,file,file,file,file
hsv,measured,mfile,,file,file,file,file,file,file,file,file,file,file,file,file,file,file,file,file,file,file,file,file,file,file,file,file,file,file,file,file,file,file,file,file,file,file,file,file,file
hsv2rgb,measured,mfile,distributed,file,file,file,file,file,file,file,file,file,file,file,file,file,file,file,file,file,file,file,file,file,file,file,file,file,file,file,file,file,file,file,file,file,file,file,file,file
hygecdf,measured,none,,file,file,file,file,file,file,file,file,file,file,file,file,file,file,file,file,file,file,file,file,file,file,file,file,file,file,file,file,file,file,file,file,file,file,file,file,file
hygeinv,measured,none,,file,file,file,file,file,file,file,file,file,file,file,file,file,file,file,file,file,file,file,file,file,file,file,file,file,file,file,file,file,file,file,file,file,file,file,file,file
hygepdf,measured,none,,file,file,file,file,file,file,file,file,file,file,file,file,file,file,file,file,file,file,file,file,file,file,file,file,file,file,file,file,file,file,file,file,file,file,file,file,file
hygernd,measured,none,,file,file,file,file,file,file,file,file,file,file,file,file,file,file,file,file,file,file,file,file,file,file,file,file,file,file,file,file,file,file,file,file,file,file,file,file,file
hygestat,measured,none,,file,file,file,file,file,file,file,file,file,file,file,file,file,file,file,file,file,file,file,file,file,file,file,file,file,file,file,file,file,file,file,file,file,file,file,file,file
hypot,measured,builtin,codistributed;double;gpuArray;single;sym,file,builtin-err,file,file,file,file,file,file,file,file,file,file,file,file,builtin,file,file,file,file,file,file,file,builtin-err,file,file,file,file,file,file,file,file,file,file,file,file,file,file
i,measured,builtin,,file,file,file,file,file,file,file,file,file,file,file,file,file,file,file,file,file,file,file,file,file,file,file,file,file,file,file,file,file,file,file,file,file,file,file,file,file
icceps,measured,mfile,,file,file,file,file,file,file,file,file,file,file,file,file,file,file,file,file,file,file,file,file,file,file,file,file,file,file,file,file,file,file,file,file,file,file,file,file,file
icdf,measured,none,,file,file,file,file,file,file,file,file,file,file,file,file,file,file,file,file,file,file,file,file,file,file,file,file,file,file,file,file,file,file,file,file,file,file,file,file,file
ichol,measured,builtin,codistributed;double;single,file,builtin-err,file,file,file,file,file,file,file,file,file,file,file,file,builtin-err,file,file,file,file,file,file,file,builtin-err,file,file,file,file,file,file,file,file,file,file,file,file,file,file
idct,measured,mfile,,file,file,file,file,file,file,file,file,file,file,file,file,file,file,file,file,file,file,file,file,file,file,file,file,file,file,file,file,file,file,file,file,file,file,file,file,file
idct2,measured,mfile,,file,file,file,file,file,file,file,file,file,file,file,file,file,file,file,file,file,file,file,file,file,file,file,file,file,file,file,file,file,file,file,file,file,file,file,file,file
idivide,measured,mfile,codistributed;distributed;gpuArray;tall,file,file,file,file,file,file,file,file,file,file,file,file,file,file,file,file,file,file,file,file,file,file,file,file,file,file,file,file,file,file,file,file,file,file,file,file,file
ifanbeam,measured,mfile,,file,file,file,file,file,file,file,file,file,file,file,file,file,file,file,file,file,file,file,file,file,file,file,file,file,file,file,file,file,file,file,file,file,file,file,file,file
ifft,measured,builtin,codistributed;dlarray;double;gpuArray;half;iddata;int16;int32;int64;int8;logical;single;uint16;uint32;uint64;uint8,file,builtin,file,file,file,file,file,builtin,builtin,file,file,file,file,file,builtin-err,file,file,file,file,file,file,builtin-err,builtin-err,file,file,file,file,file,file,file,file,file,file,file,file,file,file
ifft2,measured,mfile,codistributed;gpuArray;half,file,file,file,file,file,file,file,file,file,file,file,file,file,file,file,file,file,file,file,file,file,file,file,file,file,file,file,file,file,file,file,file,file,file,file,file,file
ifftn,measured,builtin,codistributed;double;gpuArray;half;int16;int32;int64;int8;logical;single;uint16;uint32;uint64;uint8,file,builtin,file,file,file,file,file,builtin,builtin,file,file,file,file,file,builtin-err,file,file,file,file,file,file,builtin-err,builtin-err,file,file,file,file,file,file,file,file,file,file,file,file,file,file
ifftshift,measured,mfile,codistributed,file,file,file,file,file,file,file,file,file,file,file,file,file,file,file,file,file,file,file,file,file,file,file,file,file,file,file,file,file,file,file,file,file,file,file,file,file
ifsst,measured,mfile,gpuArray,file,file,file,file,file,file,file,file,file,file,file,file,file,file,file,file,file,file,file,file,file,file,file,file,file,file,file,file,file,file,file,file,file,file,file,file,file
ifwht,measured,mfile,,file,file,file,file,file,file,file,file,file,file,file,file,file,file,file,file,file,file,file,file,file,file,file,file,file,file,file,file,file,file,file,file,file,file,file,file,file
illumgray,measured,mfile,,file,file,file,file,file,file,file,file,file,file,file,file,file,file,file,file,file,file,file,file,file,file,file,file,file,file,file,file,file,file,file,file,file,file,file,file,file
illumpca,measured,mfile,,file,file,file,file,file,file,file,file,file,file,file,file,file,file,file,file,file,file,file,file,file,file,file,file,file,file,file,file,file,file,file,file,file,file,file,file,file
illumwhite,measured,mfile,,file,file,file,file,file,file,file,file,file,file,file,file,file,file,file,file,file,file,file,file,file,file,file,file,file,file,file,file,file,file,file,file,file,file,file,file,file
ilu,measured,builtin,codistributed;double;single,file,builtin-err,file,file,file,file,file,file,file,file,file,file,file,file,builtin-err,file,file,file,file,file,file,file,builtin-err,file,file,file,file,file,file,file,file,file,file,file,file,file,file
im2col,measured,mfile,,file,file,file,file,file,file,file,file,file,file,file,file,file,file,file,file,file,file,file,file,file,file,file,file,file,file,file,file,file,file,file,file,file,file,file,file,file
im2double,measured,mfile,codistributed;gpuArray;tall,file,file,file,file,file,file,file,file,file,file,file,file,file,file,file,file,file,file,file,file,file,file,file,file,file,file,file,file,file,file,file,file,file,file,file,file,file
im2frame,measured,builtin,,file,file,file,file,file,file,file,file,file,file,file,file,file,file,file,file,file,file,file,file,file,file,file,file,file,file,file,file,file,file,file,file,file,file,file,file,file
im2gray,measured,mfile,,file,file,file,file,file,file,file,file,file,file,file,file,file,file,file,file,file,file,file,file,file,file,file,file,file,file,file,file,file,file,file,file,file,file,file,file,file
im2int16,measured,mfile,gpuArray,file,file,file,file,file,file,file,file,file,file,file,file,file,file,file,file,file,file,file,file,file,file,file,file,file,file,file,file,file,file,file,file,file,file,file,file,file
im2mat,measured,none,,file,file,file,file,file,file,file,file,file,file,file,file,file,file,file,file,file,file,file,file,file,file,file,file,file,file,file,file,file,file,file,file,file,file,file,file,file
im2single,measured,mfile,gpuArray,file,file,file,file,file,file,file,file,file,file,file,file,file,file,file,file,file,file,file,file,file,file,file,file,file,file,file,file,file,file,file,file,file,file,file,file,file
im2uint16,measured,mfile,gpuArray,file,file,file,file,file,file,file,file,file,file,file,file,file,file,file,file,file,file,file,file,file,file,file,file,file,file,file,file,file,file,file,file,file,file,file,file,file
im2uint8,measured,mfile,gpuArray,file,file,file,file,file,file,file,file,file,file,file,file,file,file,file,file,file,file,file,file,file,file,file,file,file,file,file,file,file,file,file,file,file,file,file,file,file
imabsdiff,measured,mfile,gpuArray,file,file,file,file,file,file,file,file,file,file,file,file,file,file,file,file,file,file,file,file,file,file,file,file,file,file,file,file,file,file,file,file,file,file,file,file,file
imadd,measured,mfile,,file,file,file,file,file,file,file,file,file,file,file,file,file,file,file,file,file,file,file,file,file,file,file,file,file,file,file,file,file,file,file,file,file,file,file,file,file
imadjust,measured,mfile,gpuArray,file,file,file,file,file,file,file,file,file,file,file,file,file,file,file,file,file,file,file,file,file,file,file,file,file,file,file,file,file,file,file,file,file,file,file,file,file
imadjustn,measured,mfile,gpuArray,file,file,file,file,file,file,file,file,file,file,file,file,file,file,file,file,file,file,file,file,file,file,file,file,file,file,file,file,file,file,file,file,file,file,file,file,file
imag,measured,builtin,char;codistributed;dlarray;double;gpuArray;int16;int32;int64;int8;logical;single;sym;uint16;uint32;uint64;uint8,file,builtin,file,file,file,file,builtin,builtin,builtin,file,file,file,file,file,builtin-err,file,file,file,file,file,file,builtin-err,builtin-err,builtin-err,file,file,file,file,file,file,file,file,file,file,file,file,file
image,measured,builtin,,file,file,file,file,file,file,file,file,file,file,file,file,file,file,file,file,file,file,file,file,file,file,file,file,file,file,file,file,file,file,file,file,file,file,file,file,file
imagesc,measured,mfile,,file,file,file,file,file,file,file,file,file,file,file,file,file,file,file,file,file,file,file,file,file,file,file,file,file,file,file,file,file,file,file,file,file,file,file,file,file
imapplymatrix,measured,mfile,,file,file,file,file,file,file,file,file,file,file,file,file,file,file,file,file,file,file,file,file,file,file,file,file,file,file,file,file,file,file,file,file,file,file,file,file,file
imapprox,measured,mfile,,file,file,file,file,file,file,file,file,file,file,file,file,file,file,file,file,file,file,file,file,file,file,file,file,file,file,file,file,file,file,file,file,file,file,file,file,file
imbilatfilt,measured,mfile,,file,file,file,file,file,file,file,file,file,file,file,file,file,file,file,file,file,file,file,file,file,file,file,file,file,file,file,file,file,file,file,file,file,file,file,file,file
imbinarize,measured,mfile,,file,file,file,file,file,file,file,file,file,file,file,file,file,file,file,file,file,file,file,file,file,file,file,file,file,file,file,file,file,file,file,file,file,file,file,file,file
imbothat,measured,mfile,gpuArray,file,file,file,file,file,file,file,file,file,file,file,file,file,file,file,file,file,file,file,file,file,file,file,file,file,file,file,file,file,file,file,file,file,file,file,file,file
imboxfilt,measured,mfile,,file,file,file,file,file,file,file,file,file,file,file,file,file,file,file,file,file,file,file,file,file,file,file,file,file,file,file,file,file,file,file,file,file,file,file,file,file
imboxfilt3,measured,mfile,,file,file,file,file,file,file,file,file,file,file,file,file,file,file,file,file,file,file,file,file,file,file,file,file,file,file,file,file,file,file,file,file,file,file,file,file,file
imcentroid,measured,none,,file,file,file,file,file,file,file,file,file,file,file,file,file,file,file,file,file,file,file,file,file,file,file,file,file,file,file,file,file,file,file,file,file,file,file,file,file
imclearborder,measured,mfile,,file,file,file,file,file,file,file,file,file,file,file,file,file,file,file,file,file,file,file,file,file,file,file,file,file,file,file,file,file,file,file,file,file,file,file,file,file
imclose,measured,mfile,gpuArray,file,file,file,file,file,file,file,file,file,file,file,file,file,file,file,file,file,file,file,file,file,file,file,file,file,file,file,file,file,file,file,file,file,file,file,file,file
imcolordiff,measured,mfile,,file,file,file,file,file,file,file,file,file,file,file,file,file,file,file,file,file,file,file,file,file,file,file,file,file,file,file,file,file,file,file,file,file,file,file,file,file
imcomplement,measured,mfile,gpuArray,file,file,file,file,file,file,file,file,file,file,file,file,file,file,file,file,file,file,file,file,file,file,file,file,file,file,file,file,file,file,file,file,file,file,file,file,file
imcontour,measured,mfile,,file,file,file,file,file,file,file,file,file,file,file,file,file,file,file,file,file,file,file,file,file,file,file,file,file,file,file,file,file,file,file,file,file,file,file,file,file
imcrop,measured,mfile,gpuArray,file,file,file,file,file,file,file,file,file,file,file,file,file,file,file,file,file,file,file,file,file,file,file,file,file,file,file,file,file,file,file,file,file,file,file,file,file
imcrop3,measured,mfile,,file,file,file,file,file,file,file,file,file,file,file,file,file,file,file,file,file,file,file,file,file,file,file,file,file,file,file,file,file,file,file,file,file,file,file,file,file
imdiffuseest,measured,mfile,,file,file,file,file,file,file,file,file,file,file,file,file,file,file,file,file,file,file,file,file,file,file,file,file,file,file,file,file,file,file,file,file,file,file,file,file,file
imdiffusefilt,measured,mfile,,file,file,file,file,file,file,file,file,file,file,file,file,file,file,file,file,file,file,file,file,file,file,file,file,file,file,file,file,file,file,file,file,file,file,file,file,file
imdilate,measured,mfile,gpuArray,file,file,file,file,file,file,file,file,file,file,file,file,file,file,file,file,file,file,file,file,file,file,file,file,file,file,file,file,file,file,file,file,file,file,file,file,file
imdivide,measured,mfile,,file,file,file,file,file,file,file,file,file,file,file,file,file,file,file,file,file,file,file,file,file,file,file,file,file,file,file,file,file,file,file,file,file,file,file,file,file
imerode,measured,mfile,gpuArray,file,file,file,file,file,file,file,file,file,file,file,file,file,file,file,file,file,file,file,file,file,file,file,file,file,file,file,file,file,file,file,file,file,file,file,file,file
imextendedmax,measured,mfile,,file,file,file,file,file,file,file,file,file,file,file,file,file,file,file,file,file,file,file,file,file,file,file,file,file,file,file,file,file,file,file,file,file,file,file,file,file
imextendedmin,measured,mfile,,file,file,file,file,file,file,file,file,file,file,file,file,file,file,file,file,file,file,file,file,file,file,file,file,file,file,file,file,file,file,file,file,file,file,file,file,file
imfill,measured,mfile,gpuArray,file,file,file,file,file,file,file,file,file,file,file,file,file,file,file,file,file,file,file,file,file,file,file,file,file,file,file,file,file,file,file,file,file,file,file,file,file
imfilter,measured,mfile,gpuArray,file,file,file,file,file,file,file,file,file,file,file,file,file,file,file,file,file,file,file,file,file,file,file,file,file,file,file,file,file,file,file,file,file,file,file,file,file
imfindcircles,measured,mfile,,file,file,file,file,file,file,file,file,file,file,file,file,file,file,file,file,file,file,file,file,file,file,file,file,file,file,file,file,file,file,file,file,file,file,file,file,file
imfinfo,measured,mfile,,file,file,file,file,file,file,file,file,file,file,file,file,file,file,file,file,file,file,file,file,file,file,file,file,file,file,file,file,file,file,file,file,file,file,file,file,file
imflatfield,measured,mfile,,file,file,file,file,file,file,file,file,file,file,file,file,file,file,file,file,file,file,file,file,file,file,file,file,file,file,file,file,file,file,file,file,file,file,file,file,file
imfuse,measured,mfile,,file,file,file,file,file,file,file,file,file,file,file,file,file,file,file,file,file,file,file,file,file,file,file,file,file,file,file,file,file,file,file,file,file,file,file,file,file
imgaborfilt,measured,mfile,,file,file,file,file,file,file,file,file,file,file,file,file,file,file,file,file,file,file,file,file,file,file,file,file,file,file,file,file,file,file,file,file,file,file,file,file,file
imgaussfilt,measured,mfile,gpuArray,file,file,file,file,file,file,file,file,file,file,file,file,file,file,file,file,file,file,file,file,file,file,file,file,file,file,file,file,file,file,file,file,file,file,file,file,file
imgaussfilt3,measured,mfile,gpuArray,file,file,file,file,file,file,file,file,file,file,file,file,file,file,file,file,file,file,file,file,file,file,file,file,file,file,file,file,file,file,file,file,file,file,file,file,file
imgradient,measured,mfile,gpuArray,file,file,file,file,file,file,file,file,file,file,file,file,file,file,file,file,file,file,file,file,file,file,file,file,file,file,file,file,file,file,file,file,file,file,file,file,file
imgradient3,measured,mfile,,file,file,file,file,file,file,file,file,file,file,file,file,file,file,file,file,file,file,file,file,file,file,file,file,file,file,file,file,file,file,file,file,file,file,file,file,file
imgradientxy,measured,mfile,gpuArray,file,file,file,file,file,file,file,file,file,file,file,file,file,file,file,file,file,file,file,file,file,file,file,file,file,file,file,file,file,file,file,file,file,file,file,file,file
imgradientxyz,measured,mfile,,file,file,file,file,file,file,file,file,file,file,file,file,file,file,file,file,file,file,file,file,file,file,file,file,file,file,file,file,file,file,file,file,file,file,file,file,file
imguidedfilter,measured,mfile,,file,file,file,file,file,file,file,file,file,file,file,file,file,file,file,file,file,file,file,file,file,file,file,file,file,file,file,file,file,file,file,file,file,file,file,file,file
imhist,measured,mfile,gpuArray,file,file,file,file,file,file,file,file,file,file,file,file,file,file,file,file,file,file,file,file,file,file,file,file,file,file,file,file,file,file,file,file,file,file,file,file,file
imhistmatch,measured,mfile,,file,file,file,file,file,file,file,file,file,file,file,file,file,file,file,file,file,file,file,file,file,file,file,file,file,file,file,file,file,file,file,file,file,file,file,file,file
imhistmatchn,measured,mfile,,file,file,file,file,file,file,file,file,file,file,file,file,file,file,file,file,file,file,file,file,file,file,file,file,file,file,file,file,file,file,file,file,file,file,file,file,file
imhmax,measured,mfile,,file,file,file,file,file,file,file,file,file,file,file,file,file,file,file,file,file,file,file,file,file,file,file,file,file,file,file,file,file,file,file,file,file,file,file,file,file
imhmin,measured,mfile,,file,file,file,file,file,file,file,file,file,file,file,file,file,file,file,file,file,file,file,file,file,file,file,file,file,file,file,file,file,file,file,file,file,file,file,file,file
imimposemin,measured,mfile,,file,file,file,file,file,file,file,file,file,file,file,file,file,file,file,file,file,file,file,file,file,file,file,file,file,file,file,file,file,file,file,file,file,file,file,file,file
imlincomb,measured,mfile,gpuArray,file,file,file,file,file,file,file,file,file,file,file,file,file,file,file,file,file,file,file,file,file,file,file,file,file,file,file,file,file,file,file,file,file,file,file,file,file
imlocalbrighten,measured,mfile,,file,file,file,file,file,file,file,file,file,file,file,file,file,file,file,file,file,file,file,file,file,file,file,file,file,file,file,file,file,file,file,file,file,file,file,file,file
immse,measured,mfile,,file,file,file,file,file,file,file,file,file,file,file,file,file,file,file,file,file,file,file,file,file,file,file,file,file,file,file,file,file,file,file,file,file,file,file,file,file
immultiply,measured,mfile,,file,file,file,file,file,file,file,file,file,file,file,file,file,file,file,file,file,file,file,file,file,file,file,file,file,file,file,file,file,file,file,file,file,file,file,file,file
imnlmfilt,measured,mfile,,file,file,file,file,file,file,file,file,file,file,file,file,file,file,file,file,file,file,file,file,file,file,file,file,file,file,file,file,file,file,file,file,file,file,file,file,file
imnoise,measured,mfile,gpuArray,file,file,file,file,file,file,file,file,file,file,file,file,file,file,file,file,file,file,file,file,file,file,file,file,file,file,file,file,file,file,file,file,file,file,file,file,file
imopen,measured,mfile,gpuArray,file,file,file,file,file,file,file,file,file,file,file,file,file,file,file,file,file,file,file,file,file,file,file,file,file,file,file,file,file,file,file,file,file,file,file,file,file
imoverlay,measured,mfile,,file,file,file,file,file,file,file,file,file,file,file,file,file,file,file,file,file,file,file,file,file,file,file,file,file,file,file,file,file,file,file,file,file,file,file,file,file
impinvar,measured,mfile,,file,file,file,file,file,file,file,file,file,file,file,file,file,file,file,file,file,file,file,file,file,file,file,file,file,file,file,file,file,file,file,file,file,file,file,file,file
impixel,measured,mfile,,file,file,file,file,file,file,file,file,file,file,file,file,file,file,file,file,file,file,file,file,file,file,file,file,file,file,file,file,file,file,file,file,file,file,file,file,file
improfile,measured,mfile,,file,file,file,file,file,file,file,file,file,file,file,file,file,file,file,file,file,file,file,file,file,file,file,file,file,file,file,file,file,file,file,file,file,file,file,file,file
impyramid,measured,mfile,,file,file,file,file,file,file,file,file,file,file,file,file,file,file,file,file,file,file,file,file,file,file,file,file,file,file,file,file,file,file,file,file,file,file,file,file,file
impz,measured,mfile,,file,file,file,file,file,file,file,file,file,file,file,file,file,file,file,file,file,file,file,file,file,file,file,file,file,file,file,file,file,file,file,file,file,file,file,file,file
impzlength,measured,mfile,,file,file,file,file,file,file,file,file,file,file,file,file,file,file,file,file,file,file,file,file,file,file,file,file,file,file,file,file,file,file,file,file,file,file,file,file,file
imquantize,measured,mfile,,file,file,file,file,file,file,file,file,file,file,file,file,file,file,file,file,file,file,file,file,file,file,file,file,file,file,file,file,file,file,file,file,file,file,file,file,file
imread,measured,mfile,,file,file,file,file,file,file,file,file,file,file,file,file,file,file,file,file,file,file,file,file,file,file,file,file,file,file,file,file,file,file,file,file,file,file,file,file,file
imreconstruct,measured,mfile,gpuArray,file,file,file,file,file,file,file,file,file,file,file,file,file,file,file,file,file,file,file,file,file,file,file,file,file,file,file,file,file,file,file,file,file,file,file,file,file
imreducehaze,measured,mfile,,file,file,file,file,file,file,file,file,file,file,file,file,file,file,file,file,file,file,file,file,file,file,file,file,file,file,file,file,file,file,file,file,file,file,file,file,file
imref2d,measured,mfile,,file,file,file,file,file,file,file,file,file,file,file,file,file,file,file,file,file,file,file,file,file,file,file,file,file,file,file,file,file,file,file,file,file,file,file,file,file
imregcorr,measured,mfile,,file,file,file,file,file,file,file,file,file,file,file,file,file,file,file,file,file,file,file,file,file,file,file,file,file,file,file,file,file,file,file,file,file,file,file,file,file
imregionalmax,measured,mfile,gpuArray,file,file,file,file,file,file,file,file,file,file,file,file,file,file,file,file,file,file,file,file,file,file,file,file,file,file,file,file,file,file,file,file,file,file,file,file,file
imregionalmin,measured,mfile,gpuArray,file,file,file,file,file,file,file,file,file,file,file,file,file,file,file,file,file,file,file,file,file,file,file,file,file,file,file,file,file,file,file,file,file,file,file,file,file
imresize,measured,mfile,gpuArray,file,file,file,file,file,file,file,file,file,file,file,file,file,file,file,file,file,file,file,file,file,file,file,file,file,file,file,file,file,file,file,file,file,file,file,file,file
imresize3,measured,mfile,,file,file,file,file,file,file,file,file,file,file,file,file,file,file,file,file,file,file,file,file,file,file,file,file,file,file,file,file,file,file,file,file,file,file,file,file,file
imrotate,measured,mfile,gpuArray,file,file,file,file,file,file,file,file,file,file,file,file,file,file,file,file,file,file,file,file,file,file,file,file,file,file,file,file,file,file,file,file,file,file,file,file,file
imrotate3,measured,mfile,,file,file,file,file,file,file,file,file,file,file,file,file,file,file,file,file,file,file,file,file,file,file,file,file,file,file,file,file,file,file,file,file,file,file,file,file,file
imsegfmm,measured,mfile,,file,file,file,file,file,file,file,file,file,file,file,file,file,file,file,file,file,file,file,file,file,file,file,file,file,file,file,file,file,file,file,file,file,file,file,file,file
imsegkmeans,measured,mfile,,file,file,file,file,file,file,file,file,file,file,file,file,file,file,file,file,file,file,file,file,file,file,file,file,file,file,file,file,file,file,file,file,file,file,file,file,file
imsegkmeans3,measured,mfile,,file,file,file,file,file,file,file,file,file,file,file,file,file,file,file,file,file,file,file,file,file,file,file,file,file,file,file,file,file,file,file,file,file,file,file,file,file
imsharpen,measured,mfile,,file,file,file,file,file,file,file,file,file,file,file,file,file,file,file,file,file,file,file,file,file,file,file,file,file,file,file,file,file,file,file,file,file,file,file,file,file
imshow,measured,mfile,,file,file,file,file,file,file,file,file,file,file,file,file,file,file,file,file,file,file,file,file,file,file,file,file,file,file,file,file,file,file,file,file,file,file,file,file,file
imshowpair,measured,mfile,,file,file,file,file,file,file,file,file,file,file,file,file,file,file,file,file,file,file,file,file,file,file,file,file,file,file,file,file,file,file,file,file,file,file,file,file,file
imsplit,measured,mfile,,file,file,file,file,file,file,file,file,file,file,file,file,file,file,file,file,file,file,file,file,file,file,file,file,file,file,file,file,file,file,file,file,file,file,file,file,file
imsubtract,measured,mfile,,file,file,file,file,file,file,file,file,file,file,file,file,file,file,file,file,file,file,file,file,file,file,file,file,file,file,file,file,file,file,file,file,file,file,file,file,file
imtile,measured,mfile,,file,file,file,file,file,file,file,file,file,file,file,file,file,file,file,file,file,file,file,file,file,file,file,file,file,file,file,file,file,file,file,file,file,file,file,file,file
imtophat,measured,mfile,gpuArray,file,file,file,file,file,file,file,file,file,file,file,file,file,file,file,file,file,file,file,file,file,file,file,file,file,file,file,file,file,file,file,file,file,file,file,file,file
imtranslate,measured,mfile,,file,file,file,file,file,file,file,file,file,file,file,file,file,file,file,file,file,file,file,file,file,file,file,file,file,file,file,file,file,file,file,file,file,file,file,file,file
imwarp,measured,mfile,gpuArray,file,file,file,file,file,file,file,file,file,file,file,file,file,file,file,file,file,file,file,file,file,file,file,file,file,file,file,file,file,file,file,file,file,file,file,file,file
imwrite,measured,mfile,gpuArray,file,file,file,file,file,file,file,file,file,file,file,file,file,file,file,file,file,file,file,file,file,file,file,file,file,file,file,file,file,file,file,file,file,file,file,file,file
inconsistent,measured,none,,file,file,file,file,file,file,file,file,file,file,file,file,file,file,file,file,file,file,file,file,file,file,file,file,file,file,file,file,file,file,file,file,file,file,file,file,file
ind2gray,measured,mfile,,file,file,file,file,file,file,file,file,file,file,file,file,file,file,file,file,file,file,file,file,file,file,file,file,file,file,file,file,file,file,file,file,file,file,file,file,file
ind2rgb,measured,mfile,codistributed;gpuArray,file,file,file,file,file,file,file,file,file,file,file,file,file,file,file,file,file,file,file,file,file,file,file,file,file,file,file,file,file,file,file,file,file,file,file,file,file
ind2sub,measured,mfile,distributed;gpuArray;tall,file,file,file,file,file,file,file,file,file,file,file,file,file,file,file,file,file,file,file,file,file,file,file,file,file,file,file,file,file,file,file,file,file,file,file,file,file
indexof,measured,none,,file,file,file,file,file,file,file,file,file,file,file,file,file,file,file,file,file,file,file,file,file,file,file,file,file,file,file,file,file,file,file,file,file,file,file,file,file
Inf,measured,builtin,codistributed;distributed;gpuArray,file,file,file,file,file,file,file,file,file,file,file,file,file,file,file,file,file,file,file,file,file,file,file,file,file,file,file,file,file,file,file,file,file,file,file,file,file
inf,measured,builtin,codistributor1d;codistributor2dbc;half,file,file,file,file,file,file,file,file,file,file,file,file,file,file,file,file,file,file,file,file,file,file,file,file,file,file,file,file,file,file,file,file,file,file,file,file,file
info,measured,mfile,cgrules;des_respsurf;haver;haverview;mbcreference;system;xregdesign;xregmodel,file,file,file,file,file,file,file,file,file,file,file,file,file,file,file,file,file,file,file,file,file,file,file,file,file,file,file,file,file,file,file,file,file,file,file,file,file
inline,measured,mfile,inline;laurpoly,builtin,builtin-err,builtin,builtin-err,builtin-err,builtin-err,builtin,builtin-err,builtin-err,builtin-err,builtin-err,builtin-err,builtin-err,builtin-err,builtin-err,builtin-err,builtin,builtin-err,builtin-err,builtin-err,builtin-err,builtin-err,builtin-err,builtin,builtin,builtin-err,builtin-err,builtin-err,builtin-err,builtin-err,builtin-err,builtin-err,builtin-err,builtin-err,builtin-err,builtin-err,builtin-err
inlineeval,measured,mfile,,file,file,file,file,file,file,file,file,file,file,file,file,file,file,file,file,file,file,file,file,file,file,file,file,file,file,file,file,file,file,file,file,file,file,file,file,file
inpolygon,measured,mfile,codistributed;gpuArray,file,file,file,file,file,file,file,file,file,file,file,file,file,file,file,file,file,file,file,file,file,file,file,file,file,file,file,file,file,file,file,file,file,file,file,file,file
input,measured,builtin,,file,file,file,file,file,file,file,file,file,file,file,file,file,file,file,file,file,file,file,file,file,file,file,file,file,file,file,file,file,file,file,file,file,file,file,file,file
inputname,measured,builtin,,file,file,file,file,file,file,file,file,file,file,file,file,file,file,file,file,file,file,file,file,file,file,file,file,file,file,file,file,file,file,file,file,file,file,file,file,file
insert,measured,other,,file,file,file,file,file,file,file,file,file,file,file,file,file,file,file,file,file,file,file,file,file,file,file,file,file,file,file,file,file,file,file,file,file,file,file,file,file
insertAfter,measured,mfile,codistributed;tall,file,file,builtin-err,file,file,file,file,file,file,file,file,file,file,file,file,file,builtin-err,file,file,file,file,file,file,file,builtin-err,file,file,file,file,file,file,file,file,builtin-err,file,file,file
insertBefore,measured,mfile,codistributed;tall,file,file,builtin-err,file,file,file,file,file,file,file,file,file,file,file,file,file,builtin-err,file,file,file,file,file,file,file,builtin-err,file,file,file,file,file,file,file,file,builtin-err,file,file,file
int2str,measured,mfile,dlarray;gpuArray,file,file,file,file,file,file,file,file,file,file,file,file,file,file,file,file,file,file,file,file,file,file,file,file,file,file,file,file,file,file,file,file,file,file,file,file,file
integral,measured,mfile,gpuArray,file,file,file,file,file,file,file,file,file,file,file,file,file,file,file,file,file,file,file,file,file,file,file,file,file,file,file,file,file,file,file,file,file,file,file,file,file
integral2,measured,mfile,,file,file,file,file,file,file,file,file,file,file,file,file,file,file,file,file,file,file,file,file,file,file,file,file,file,file,file,file,file,file,file,file,file,file,file,file,file
integral3,measured,mfile,,file,file,file,file,file,file,file,file,file,file,file,file,file,file,file,file,file,file,file,file,file,file,file,file,file,file,file,file,file,file,file,file,file,file,file,file,file
integralBoxFilter,measured,mfile,,file,file,file,file,file,file,file,file,file,file,file,file,file,file,file,file,file,file,file,file,file,file,file,file,file,file,file,file,file,file,file,file,file,file,file,file,file
integralBoxFilter3,measured,mfile,,file,file,file,file,file,file,file,file,file,file,file,file,file,file,file,file,file,file,file,file,file,file,file,file,file,file,file,file,file,file,file,file,file,file,file,file,file
integralImage,measured,mfile,,file,file,file,file,file,file,file,file,file,file,file,file,file,file,file,file,file,file,file,file,file,file,file,file,file,file,file,file,file,file,file,file,file,file,file,file,file
integralImage3,measured,mfile,,file,file,file,file,file,file,file,file,file,file,file,file,file,file,file,file,file,file,file,file,file,file,file,file,file,file,file,file,file,file,file,file,file,file,file,file,file
interactionplot,measured,none,,file,file,file,file,file,file,file,file,file,file,file,file,file,file,file,file,file,file,file,file,file,file,file,file,file,file,file,file,file,file,file,file,file,file,file,file,file
interp,measured,mfile,DynamicSystem,file,file,file,file,file,file,file,file,file,file,file,file,file,file,file,file,file,file,file,file,file,file,file,file,file,file,file,file,file,file,file,file,file,file,file,file,file
interp1,measured,mfile,codistributed;datetime;dlarray;duration;gpuArray,file,file,file,file,file,file,file,file,file,file,builtin-err,builtin-err,file,file,file,file,file,file,file,file,file,file,file,file,file,file,file,builtin-err,builtin-err,builtin-err,file,file,file,file,file,file,file
interp1q,measured,mfile,,file,file,file,file,file,file,file,file,file,file,file,file,file,file,file,file,file,file,file,file,file,file,file,file,file,file,file,file,file,file,file,file,file,file,file,file,file
interp2,measured,mfile,codistributed;gpuArray,file,file,file,file,file,file,file,file,file,file,file,file,file,file,file,file,file,file,file,file,file,file,file,file,file,file,file,file,file,file,file,file,file,file,file,file,file
interp3,measured,mfile,codistributed;gpuArray,file,file,file,file,file,file,file,file,file,file,file,file,file,file,file,file,file,file,file,file,file,file,file,file,file,file,file,file,file,file,file,file,file,file,file,file,file
interpft,measured,mfile,,file,file,file,file,file,file,file,file,file,file,file,file,file,file,file,file,file,file,file,file,file,file,file,file,file,file,file,file,file,file,file,file,file,file,file,file,file
interpn,measured,mfile,codistributed;gpuArray,file,file,file,file,file,file,file,file,file,file,file,file,file,file,file,file,file,file,file,file,file,file,file,file,file,file,file,file,file,file,file,file,file,file,file,file,file
interpstreamspeed,measured,mfile,,file,file,file,file,file,file,file,file,file,file,file,file,file,file,file,file,file,file,file,file,file,file,file,file,file,file,file,file,file,file,file,file,file,file,file,file,file
intersect,measured,mfile,categorical;cell;codistributed;dataset;datetime;duration;fegeometry;gpuArray;polyshape;tabular;tall,file,file,file,builtin-err,file,file,file,file,file,builtin-err,builtin-err,builtin-err,builtin-err,file,file,file,file,builtin-err,builtin-err,file,file,file,file,file,file,builtin-err,builtin-err,builtin-err,builtin-err,builtin,builtin-err,file,file,file,file,file,builtin-err
intfilt,measured,mfile,,file,file,file,file,file,file,file,file,file,file,file,file,file,file,file,file,file,file,file,file,file,file,file,file,file,file,file,file,file,file,file,file,file,file,file,file,file
intlut,measured,mfile,gpuArray,file,file,file,file,file,file,file,file,file,file,file,file,file,file,file,file,file,file,file,file,file,file,file,file,file,file,file,file,file,file,file,file,file,file,file,file,file
intmax,measured,builtin,,file,file,file,file,file,file,file,file,file,file,file,file,file,file,file,file,file,file,file,file,file,file,file,file,file,file,file,file,file,file,file,file,file,file,file,file,file
intmin,measured,builtin,,file,file,file,file,file,file,file,file,file,file,file,file,file,file,file,file,file,file,file,file,file,file,file,file,file,file,file,file,file,file,file,file,file,file,file,file,file
inv,measured,builtin,InputOutputModel;codistributed;double;gpuArray;single;sym,file,builtin,file,file,file,file,file,file,file,file,file,file,file,file,builtin-err,file,file,file,file,file,file,file,builtin-err,file,file,file,file,file,file,file,file,file,file,file,file,file,file
InverseGaussianDistribution,measured,none,,file,file,file,file,file,file,file,file,file,file,file,file,file,file,file,file,file,file,file,file,file,file,file,file,file,file,file,file,file,file,file,file,file,file,file,file,file
invfreqs,measured,mfile,,file,file,file,file,file,file,file,file,file,file,file,file,file,file,file,file,file,file,file,file,file,file,file,file,file,file,file,file,file,file,file,file,file,file,file,file,file
invfreqz,measured,mfile,,file,file,file,file,file,file,file,file,file,file,file,file,file,file,file,file,file,file,file,file,file,file,file,file,file,file,file,file,file,file,file,file,file,file,file,file,file
invhilb,measured,mfile,,file,file,file,file,file,file,file,file,file,file,file,file,file,file,file,file,file,file,file,file,file,file,file,file,file,file,file,file,file,file,file,file,file,file,file,file,file
invpred,measured,none,,file,file,file,file,file,file,file,file,file,file,file,file,file,file,file,file,file,file,file,file,file,file,file,file,file,file,file,file,file,file,file,file,file,file,file,file,file
ipermute,measured,mfile,codistributed;gpuArray;tall,file,file,file,file,file,file,file,file,file,file,file,file,file,file,file,file,file,file,file,file,file,file,file,file,file,file,file,file,file,file,file,file,file,file,file,file,file
iptcheckconn,measured,mfile,,file,file,file,file,file,file,file,file,file,file,file,file,file,file,file,file,file,file,file,file,file,file,file,file,file,file,file,file,file,file,file,file,file,file,file,file,file
iptgetpref,measured,mfile,,file,file,file,file,file,file,file,file,file,file,file,file,file,file,file,file,file,file,file,file,file,file,file,file,file,file,file,file,file,file,file,file,file,file,file,file,file
iptsetpref,measured,mfile,,file,file,file,file,file,file,file,file,file,file,file,file,file,file,file,file,file,file,file,file,file,file,file,file,file,file,file,file,file,file,file,file,file,file,file,file,file
iqr,measured,mfile,distributed;timeseries,file,file,file,file,file,file,file,file,file,file,file,file,file,file,file,file,file,file,file,file,file,file,file,file,file,file,file,file,file,file,file,file,file,file,file,file,file
iradon,measured,mfile,gpuArray,file,file,file,file,file,file,file,file,file,file,file,file,file,file,file,file,file,file,file,file,file,file,file,file,file,file,file,file,file,file,file,file,file,file,file,file,file
is2rc,measured,mfile,,file,file,file,file,file,file,file,file,file,file,file,file,file,file,file,file,file,file,file,file,file,file,file,file,file,file,file,file,file,file,file,file,file,file,file,file,file
isa,measured,builtin,LegacyIcdevice;bfloat16;half;icgroup;icinterface;instrument;scribehandle;serial,file,file,file,file,file,file,file,file,file,file,file,file,file,file,file,file,file,file,file,file,file,file,file,file,file,file,file,file,file,file,file,file,file,file,file,file,file
isallpass,measured,mfile,,file,file,file,file,file,file,file,file,file,file,file,file,file,file,file,file,file,file,file,file,file,file,file,file,file,file,file,file,file,file,file,file,file,file,file,file,file
isappdata,measured,builtin,,file,file,file,file,file,file,file,file,file,file,file,file,file,file,file,file,file,file,file,file,file,file,file,file,file,file,file,file,file,file,file,file,file,file,file,file,file
isbanded,measured,builtin,codistributed;gpuArray,file,file,file,file,file,file,file,file,file,file,file,file,file,file,file,file,file,file,file,file,file,file,file,file,file,file,file,file,file,file,file,file,file,file,file,file,file
isbetween,measured,mfile,codistributed;datetime;duration;tall,file,file,file,file,file,file,file,file,file,file,builtin-err,builtin-err,file,file,file,file,file,file,file,file,file,file,file,file,file,file,file,builtin-err,builtin-err,builtin-err,file,file,file,file,file,file,file
iscalendarduration,measured,mfile,codistributed;distributed,file,file,file,file,file,file,file,file,file,file,file,file,file,file,file,file,file,file,file,file,file,file,file,file,file,file,file,file,file,file,file,file,file,file,file,file,file
iscell,measured,builtin,codistributed;distributed,file,file,file,file,file,file,file,file,file,file,file,file,file,file,file,file,file,file,file,file,file,file,file,file,file,file,file,file,file,file,file,file,file,file,file,file,file
iscellstr,measured,builtin,codistributed;string,file,file,builtin,file,file,file,file,file,file,file,file,file,file,file,file,file,builtin-err,file,file,file,file,file,file,file,builtin-err,file,file,file,file,file,file,file,file,builtin-err,file,file,file
ischange,measured,mfile,,file,file,file,file,file,file,file,file,file,file,file,file,file,file,file,file,file,file,file,file,file,file,file,file,file,file,file,file,file,file,file,file,file,file,file,file,file
ischar,measured,builtin,codistributed;distributed,file,file,file,file,file,file,file,file,file,file,file,file,file,file,file,file,file,file,file,file,file,file,file,file,file,file,file,file,file,file,file,file,file,file,file,file,file
iscola,measured,mfile,,file,file,file,file,file,file,file,file,file,file,file,file,file,file,file,file,file,file,file,file,file,file,file,file,file,file,file,file,file,file,file,file,file,file,file,file,file
iscolumn,measured,builtin,categorical;cell;char;dictionary;distributed;double;int16;int32;int64;int8;logical;single;string;struct;tall;uint16;uint32;uint64;uint8,file,builtin,builtin,builtin,builtin,file,builtin,builtin,builtin,file,builtin,builtin,builtin,file,builtin-err,file,builtin-err,builtin-err,builtin-err,builtin-err,file,builtin-err,builtin-err,builtin-err,builtin-err,file,file,builtin-err,builtin-err,builtin-err,builtin-err,file,file,builtin-err,file,file,builtin-err
isConfigured,measured,other,,file,file,file,file,file,file,file,file,file,file,file,file,file,file,file,file,file,file,file,file,file,file,file,file,file,file,file,file,file,file,file,file,file,file,file,file,file
isdatetime,measured,mfile,codistributed;distributed,file,file,file,file,file,file,file,file,file,file,file,file,file,file,file,file,file,file,file,file,file,file,file,file,file,file,file,file,file,file,file,file,file,file,file,file,file
isdiag,measured,builtin,codistributed;double;gpuArray;logical;single,file,builtin,file,file,file,file,file,builtin,file,file,file,file,file,file,builtin-err,file,file,file,file,file,file,file,builtin-err,file,file,file,file,file,file,file,file,file,file,file,file,file,file
isdouble,measured,none,,file,file,file,file,file,file,file,file,file,file,file,file,file,file,file,file,file,file,file,file,file,file,file,file,file,file,file,file,file,file,file,file,file,file,file,file,file
isdst,measured,mfile,codistributed;tall,file,file,file,file,file,file,file,file,file,file,builtin,file,file,file,file,file,file,file,file,file,file,file,file,file,file,file,file,builtin-err,builtin-err,file,file,file,file,file,file,file,file
isduration,measured,mfile,codistributed;distributed,file,file,file,file,file,file,file,file,file,file,file,file,file,file,file,file,file,file,file,file,file,file,file,file,file,file,file,file,file,file,file,file,file,file,file,file,file
isempty,measured,builtin,Composite;RedefinesParen;Scalar;categorical;cgexpr;cgfeature;cgfuncexpr;cglookupnd;cglookuptwo;cgmodexpr;cgmswitchexpr;cgnormaliser;cgnormfunction;cgoppoint;cgoptcsol;cgrules;cgvariable;codistributed;dataset;des_constraints;dictionary;distributed;double;fittype;gpuArray;idarx;idnlgrey;int16;int32;int64;int8;junit;logical;mpc;mtree;single;string;sweepset;sweepsetfilter;tabular;tall;tscollection;uint16;uint32;uint64;uint8;xregcontainer;xregcovariance,file,builtin,builtin,file,file,file,file,builtin,builtin,builtin,builtin,builtin,builtin,builtin,builtin-err,file,builtin-err,file,file,file,file,builtin-err,builtin-err,file,builtin-err,builtin-err,builtin-err,builtin-err,builtin-err,builtin-err,builtin-err,file,builtin-err,builtin-err,file,file,file
isequal,measured,builtin,categorical;char;codistributed;coninputfactor;dictionary;digraph;dlarray;double;gpuArray;graph;half;icgroup;imaqchild;imaqdevice;instrument;int16;int32;int64;int8;iviconfigurationstore;laurmat;laurpoly;logical;mbcinputfactor;serial;single;string;sweepset;sweepsetfilter;timer;uint16;uint32;uint64;uint8;xregcovariance,file,builtin-err,builtin-err,file,file,file,builtin-err,builtin-err,builtin-err,file,builtin-err,builtin-err,builtin-err,file,builtin,builtin,builtin,file,file,file,file,builtin,builtin,builtin,builtin,file,file,builtin,builtin,builtin,builtin,file,file,builtin,builtin,builtin,file
isequaln,measured,builtin,categorical;char;codistributed;dictionary;digraph;dlarray;double;gpuArray;graph;half;int16;int32;int64;int8;logical;single;string;uint16;uint32;uint64;uint8;wtbo,file,builtin-err,builtin-err,file,file,file,builtin-err,builtin-err,builtin-err,file,builtin-err,builtin-err,builtin-err,file,builtin,builtin,builtin,file,file,file,file,builtin,builtin,builtin,builtin,file,file,builtin,builtin,builtin,builtin,file,file,builtin,builtin,builtin,file
isequalwithequalnans,measured,mfile,codistributed;distributed;gpuArray;half;timeseries,file,file,builtin-err,file,file,file,file,file,file,file,builtin-err,builtin-err,builtin-err,file,file,builtin,builtin,file,file,file,file,file,file,file,builtin,file,file,builtin,builtin,builtin,builtin,file,file,builtin,builtin,builtin,file
isfield,measured,builtin,fighandle;vrnode,file,file,file,file,file,file,file,file,file,file,file,file,file,file,file,file,file,file,file,file,file,file,file,file,file,file,file,file,file,file,file,file,file,file,file,file,file
isfile,measured,builtin,,file,file,file,file,file,file,file,file,file,file,file,file,file,file,file,file,file,file,file,file,file,file,file,file,file,file,file,file,file,file,file,file,file,file,file,file,file
isfinite,measured,builtin,calendarDuration;char;codistributed;datetime;dlarray;double;duration;gpuArray;int16;int32;int64;int8;logical;single;sweepset;sym;uint16;uint32;uint64;uint8,file,builtin,file,file,file,file,builtin,builtin,builtin,file,builtin,builtin,file,file,builtin-err,file,file,file,file,file,file,builtin-err,builtin-err,builtin-err,file,file,file,builtin-err,builtin-err,builtin-err,file,file,file,file,file,file,file
isfir,measured,none,,file,file,file,file,file,file,file,file,file,file,file,file,file,file,file,file,file,file,file,file,file,file,file,file,file,file,file,file,file,file,file,file,file,file,file,file,file
isfloat,measured,builtin,codistributed;distributed;dlarray;double;gpuArray;half;int16;int32;int64;int8;logical;single;uint16;uint32;uint64;uint8,file,builtin,file,file,file,file,file,builtin,builtin,file,file,file,file,file,builtin-err,file,file,file,file,file,file,builtin-err,builtin-err,file,file,file,file,file,file,file,file,file,file,file,file,file,file
isfolder,measured,builtin,,file,file,file,file,file,file,file,file,file,file,file,file,file,file,file,file,file,file,file,file,file,file,file,file,file,file,file,file,file,file,file,file,file,file,file,file,file
isgraphics,measured,builtin,,file,file,file,file,file,file,file,file,file,file,file,file,file,file,file,file,file,file,file,file,file,file,file,file,file,file,file,file,file,file,file,file,file,file,file,file,file
ishandle,measured,builtin,,file,file,file,file,file,file,file,file,file,file,file,file,file,file,file,file,file,file,file,file,file,file,file,file,file,file,file,file,file,file,file,file,file,file,file,file,file
ishermitian,measured,builtin,codistributed;gpuArray,file,file,file,file,file,file,file,file,file,file,file,file,file,file,file,file,file,file,file,file,file,file,file,file,file,file,file,file,file,file,file,file,file,file,file,file,file
ishghandle,measured,builtin,,file,file,file,file,file,file,file,file,file,file,file,file,file,file,file,file,file,file,file,file,file,file,file,file,file,file,file,file,file,file,file,file,file,file,file,file,file
ishold,measured,mfile,,file,file,file,file,file,file,file,file,file,file,file,file,file,file,file,file,file,file,file,file,file,file,file,file,file,file,file,file,file,file,file,file,file,file,file,file,file
isIllConditioned,measured,none,,file,file,file,file,file,file,file,file,file,file,file,file,file,file,file,file,file,file,file,file,file,file,file,file,file,file,file,file,file,file,file,file,file,file,file,file,file
isinf,measured,builtin,calendarDuration;char;codistributed;datetime;dlarray;double;duration;gpuArray;int16;int32;int64;int8;logical;single;sym;uint16;uint32;uint64;uint8,file,builtin,file,file,file,file,builtin,builtin,builtin,file,builtin,builtin,file,file,builtin-err,file,file,file,file,file,file,builtin-err,builtin-err,builtin-err,file,file,file,builtin-err,builtin-err,builtin-err,file,file,file,file,file,file,file
isinteger,measured,builtin,codistributed;distributed;double;gpuArray;half;int16;int32;int64;int8;logical;single;uint16;uint32;uint64;uint8,file,builtin,file,file,file,file,file,builtin,builtin,file,file,file,file,file,builtin-err,file,file,file,file,file,file,builtin-err,builtin-err,file,file,file,file,file,file,file,file,file,file,file,file,file,file
isKey,measured,other,,file,file,file,file,file,file,file,file,file,file,file,file,file,builtin-err,file,file,file,file,file,file,file,file,file,file,file,file,file,file,file,file,file,file,builtin,file,file,file,file
isletter,measured,builtin,opaque,file,file,file,file,file,file,file,file,file,file,file,file,file,file,file,file,file,file,file,file,file,file,file,file,file,file,file,file,file,file,file,file,file,file,file,file,file
islinphase,measured,mfile,,file,file,file,file,file,file,file,file,file,file,file,file,file,file,file,file,file,file,file,file,file,file,file,file,file,file,file,file,file,file,file,file,file,file,file,file,file
islocalmax,measured,mfile,gpuArray;tall,file,file,file,file,file,file,file,file,file,file,file,file,file,file,file,file,file,file,file,file,file,file,file,file,file,file,file,file,file,file,file,file,file,file,file,file,file
islocalmin,measured,mfile,gpuArray;tall,file,file,file,file,file,file,file,file,file,file,file,file,file,file,file,file,file,file,file,file,file,file,file,file,file,file,file,file,file,file,file,file,file,file,file,file,file
islogical,measured,builtin,codistributed;distributed;dlarray;double;gpuArray;int16;int32;int64;int8;logical;single;uint16;uint32;uint64;uint8,file,builtin,file,file,file,file,file,builtin,builtin,file,file,file,file,file,builtin-err,file,file,file,file,file,file,builtin-err,builtin-err,file,file,file,file,file,file,file,file,file,file,file,file,file,file
ismac,measured,builtin,,file,file,file,file,file,file,file,file,file,file,file,file,file,file,file,file,file,file,file,file,file,file,file,file,file,file,file,file,file,file,file,file,file,file,file,file,file
ismatrix,measured,builtin,categorical;cell;char;dictionary;distributed;double;int16;int32;int64;int8;logical;single;string;struct;tall;uint16;uint32;uint64;uint8,file,builtin,builtin,builtin,builtin,file,builtin,builtin,builtin,file,builtin,builtin,builtin,file,builtin-err,file,builtin-err,builtin-err,builtin-err,builtin-err,file,builtin-err,builtin-err,builtin-err,builtin-err,file,file,builtin-err,builtin-err,builtin-err,builtin-err,file,file,builtin-err,file,file,builtin-err
ismaxphase,measured,mfile,,file,file,file,file,file,file,file,file,file,file,file,file,file,file,file,file,file,file,file,file,file,file,file,file,file,file,file,file,file,file,file,file,file,file,file,file,file
ismember,measured,mfile,categorical;cell;cgprojconnections;codistributed;dataset;datetime;duration;gpuArray;mtree;sym;tabular;tall,file,file,file,builtin-err,file,file,file,file,file,builtin-err,builtin-err,builtin-err,builtin-err,file,file,file,file,builtin-err,builtin-err,file,file,file,file,file,file,builtin-err,builtin-err,builtin-err,builtin-err,file,builtin-err,file,file,file,file,file,builtin-err
ismembertol,measured,builtin,gpuArray,file,file,file,file,file,file,file,file,file,file,file,file,file,file,file,file,file,file,file,file,file,file,file,file,file,file,file,file,file,file,file,file,file,file,file,file,file
isminphase,measured,mfile,,file,file,file,file,file,file,file,file,file,file,file,file,file,file,file,file,file,file,file,file,file,file,file,file,file,file,file,file,file,file,file,file,file,file,file,file,file
ismissing,measured,mfile,codistributed;dataset;gpuArray;string;tall,file,file,builtin,file,file,file,file,file,file,file,file,file,file,file,file,file,builtin-err,file,file,file,file,file,file,file,builtin,file,file,file,file,file,file,file,file,builtin-err,file,file,file
isnan,measured,builtin,calendarDuration;char;codistributed;dlarray;double;duration;gpuArray;idnlgrey;idnlmodel;int16;int32;int64;int8;logical;single;sym;uint16;uint32;uint64;uint8,file,builtin,file,file,file,file,builtin,builtin,builtin,file,file,builtin,file,file,builtin-err,file,file,file,file,file,file,builtin-err,builtin-err,builtin-err,file,file,file,file,file,builtin-err,file,file,file,file,file,file,file
isnat,measured,mfile,codistributed;datetime;tall,file,file,file,file,file,file,file,file,file,file,builtin,file,file,file,file,file,file,file,file,file,file,file,file,file,file,file,file,builtin-err,builtin-err,file,file,file,file,file,file,file,file
isnumeric,measured,builtin,codistributed;distributed;dlarray;double;gpuArray;int16;int32;int64;int8;logical;single;uint16;uint32;uint64;uint8,file,builtin,file,file,file,file,file,builtin,builtin,file,file,file,file,file,builtin-err,file,file,file,file,file,file,builtin-err,builtin-err,file,file,file,file,file,file,file,file,file,file,file,file,file,file
isobject,measured,builtin,,file,file,file,file,file,file,file,file,file,file,file,file,file,file,file,file,file,file,file,file,file,file,file,file,file,file,file,file,file,file,file,file,file,file,file,file,file
isocaps,measured,mfile,,file,file,file,file,file,file,file,file,file,file,file,file,file,file,file,file,file,file,file,file,file,file,file,file,file,file,file,file,file,file,file,file,file,file,file,file,file
isocolors,measured,mfile,,file,file,file,file,file,file,file,file,file,file,file,file,file,file,file,file,file,file,file,file,file,file,file,file,file,file,file,file,file,file,file,file,file,file,file,file,file
isonormals,measured,mfile,,file,file,file,file,file,file,file,file,file,file,file,file,file,file,file,file,file,file,file,file,file,file,file,file,file,file,file,file,file,file,file,file,file,file,file,file,file
isosurface,measured,mfile,,file,file,file,file,file,file,file,file,file,file,file,file,file,file,file,file,file,file,file,file,file,file,file,file,file,file,file,file,file,file,file,file,file,file,file,file,file
isoutlier,measured,mfile,gpuArray;tall,file,file,file,file,file,file,file,file,file,file,file,file,file,file,file,file,file,file,file,file,file,file,file,file,file,file,file,file,file,file,file,file,file,file,file,file,file
ispc,measured,builtin,,file,file,file,file,file,file,file,file,file,file,file,file,file,file,file,file,file,file,file,file,file,file,file,file,file,file,file,file,file,file,file,file,file,file,file,file,file
isprime,measured,mfile,sym,file,file,file,file,file,file,file,file,file,file,file,file,file,file,file,file,file,file,file,file,file,file,file,file,file,file,file,file,file,file,file,file,file,file,file,file,file
isreal,measured,builtin,codistributed;distributed;dlarray;double;gpuArray;int16;int32;int64;int8;logical;single;uint16;uint32;uint64;uint8,file,builtin,file,file,file,file,file,builtin,builtin,file,file,builtin,file,file,builtin-err,file,file,file,file,file,file,builtin-err,builtin-err,file,file,file,file,file,file,builtin-err,file,file,file,file,file,file,file
isrow,measured,builtin,categorical;cell;char;dictionary;distributed;double;int16;int32;int64;int8;logical;single;string;struct;tall;uint16;uint32;uint64;uint8,file,builtin,builtin,builtin,builtin,file,builtin,builtin,builtin,file,builtin,builtin,builtin,file,builtin-err,file,builtin-err,builtin-err,builtin-err,builtin-err,file,builtin-err,builtin-err,builtin-err,builtin-err,file,file,builtin-err,builtin-err,builtin-err,builtin-err,file,file,builtin-err,file,file,builtin-err
isscalar,measured,builtin,Scalar;categorical;cell;cgsymvalue;cgvariable;char;dictionary;distributed;double;int16;int32;int64;int8;logical;single;string;struct;symfun;tall;uint16;uint32;uint64;uint8,file,builtin,builtin,builtin,builtin,file,builtin,builtin,builtin,file,builtin,builtin,builtin,file,builtin-err,file,builtin-err,builtin-err,builtin-err,builtin-err,file,builtin-err,builtin-err,builtin-err,builtin-err,file,file,builtin-err,builtin-err,builtin-err,builtin-err,file,file,builtin-err,file,file,builtin-err
issingle,measured,none,,file,file,file,file,file,file,file,file,file,file,file,file,file,file,file,file,file,file,file,file,file,file,file,file,file,file,file,file,file,file,file,file,file,file,file,file,file
issorted,measured,builtin,categorical;cell;char;codistributed;datetime;double;duration;gpuArray;half;int16;int32;int64;int8;logical;single;string;tall;timetable;uint16;uint32;uint64;uint8,file,builtin,builtin,builtin-err,file,file,builtin,builtin,builtin,file,builtin,builtin,builtin,file,builtin-err,file,builtin-err,builtin-err,builtin-err,file,file,builtin-err,builtin-err,builtin-err,builtin-err,file,file,builtin-err,builtin-err,builtin-err,builtin-err,file,file,builtin-err,file,file,builtin-err
issortedrows,measured,builtin,categorical;char;codistributed;datetime;double;duration;int16;int32;int64;int8;logical;single;string;tabular;tall;timetable;uint16;uint32;uint64;uint8,file,builtin,builtin,file,file,file,builtin,builtin,builtin,file,builtin,builtin,builtin,file,builtin-err,builtin-err,builtin-err,file,file,file,file,builtin-err,builtin-err,builtin-err,builtin-err,builtin-err,builtin-err,builtin-err,builtin-err,builtin-err,builtin-err,file,file,builtin-err,file,builtin-err,file
isspace,measured,builtin,opaque,file,file,file,file,file,file,file,file,file,file,file,file,file,file,file,file,file,file,file,file,file,file,file,file,file,file,file,file,file,file,file,file,file,file,file,file,file
issparse,measured,builtin,codistributed;distributed;double;gpuArray;half;int16;int32;int64;int8;logical;single;uint16;uint32;uint64;uint8,file,builtin,file,file,file,file,file,builtin,builtin,file,file,file,file,file,builtin-err,file,file,file,file,file,file,builtin-err,builtin-err,file,file,file,file,file,file,file,file,file,file,file,file,file,file
isstable,measured,mfile,DynamicSystem,file,file,file,file,file,file,file,file,file,file,file,file,file,file,file,file,file,file,file,file,file,file,file,file,file,file,file,file,file,file,file,file,file,file,file,file,file
isstr,measured,builtin,,file,file,file,file,file,file,file,file,file,file,file,file,file,file,file,file,file,file,file,file,file,file,file,file,file,file,file,file,file,file,file,file,file,file,file,file,file
isstring,measured,builtin,codistributed;distributed;mtree,file,file,file,file,file,file,file,file,file,file,file,file,file,file,file,file,file,file,file,file,file,file,file,file,file,file,file,file,file,file,file,file,file,file,file,file,file
isStringScalar,measured,mfile,,file,file,file,file,file,file,file,file,file,file,file,file,file,file,file,file,file,file,file,file,file,file,file,file,file,file,file,file,file,file,file,file,file,file,file,file,file
isstrprop,measured,builtin,,file,file,file,file,file,file,file,file,file,file,file,file,file,file,file,file,file,file,file,file,file,file,file,file,file,file,file,file,file,file,file,file,file,file,file,file,file
isstruct,measured,builtin,,file,file,file,file,file,file,file,file,file,file,file,file,file,file,file,file,file,file,file,file,file,file,file,file,file,file,file,file,file,file,file,file,file,file,file,file,file
isstudent,measured,builtin,,file,file,file,file,file,file,file,file,file,file,file,file,file,file,file,file,file,file,file,file,file,file,file,file,file,file,file,file,file,file,file,file,file,file,file,file,file
issymmetric,measured,builtin,codistributed;gpuArray,file,file,file,file,file,file,file,file,file,file,file,file,file,file,file,file,file,file,file,file,file,file,file,file,file,file,file,file,file,file,file,file,file,file,file,file,file
istft,measured,mfile,gpuArray;tall,file,file,file,file,file,file,file,file,file,file,file,file,file,file,file,file,file,file,file,file,file,file,file,file,file,file,file,file,file,file,file,file,file,file,file,file,file
istimetable,measured,mfile,codistributed;distributed,file,file,file,file,file,file,file,file,file,file,file,file,file,file,file,file,file,file,file,file,file,file,file,file,file,file,file,file,file,file,file,file,file,file,file,file,file
istril,measured,builtin,codistributed;double;gpuArray;logical;single,file,builtin,file,file,file,file,file,builtin,file,file,file,file,file,file,builtin-err,file,file,file,file,file,file,file,builtin-err,file,file,file,file,file,file,file,file,file,file,file,file,file,file
istriu,measured,builtin,codistributed;double;gpuArray;logical;single,file,builtin,file,file,file,file,file,builtin,file,file,file,file,file,file,builtin-err,file,file,file,file,file,file,file,builtin-err,file,file,file,file,file,file,file,file,file,file,file,file,file,file
isuniform,measured,mfile,codistributed;tall,file,builtin,file,file,file,file,file,file,file,file,builtin-err,builtin-err,file,file,builtin-err,file,file,file,file,file,file,file,builtin-err,file,file,file,file,builtin-err,builtin-err,builtin-err,file,file,file,file,file,file,file
isunix,measured,builtin,,file,file,file,file,file,file,file,file,file,file,file,file,file,file,file,file,file,file,file,file,file,file,file,file,file,file,file,file,file,file,file,file,file,file,file,file,file
isvarname,measured,builtin,,file,file,file,file,file,file,file,file,file,file,file,file,file,file,file,file,file,file,file,file,file,file,file,file,file,file,file,file,file,file,file,file,file,file,file,file,file
isvector,measured,builtin,categorical;cell;char;dictionary;distributed;double;int16;int32;int64;int8;logical;single;string;struct;tall;uint16;uint32;uint64;uint8,file,builtin,builtin,builtin,builtin,file,builtin,builtin,builtin,file,builtin,builtin,builtin,file,builtin-err,file,builtin-err,builtin-err,builtin-err,builtin-err,file,builtin-err,builtin-err,builtin-err,builtin-err,file,file,builtin-err,builtin-err,builtin-err,builtin-err,file,file,builtin-err,file,file,builtin-err
iwishrnd,measured,none,,file,file,file,file,file,file,file,file,file,file,file,file,file,file,file,file,file,file,file,file,file,file,file,file,file,file,file,file,file,file,file,file,file,file,file,file,file
j,measured,other,,file,file,file,file,file,file,file,file,file,file,file,file,file,file,file,file,file,file,file,file,file,file,file,file,file,file,file,file,file,file,file,file,file,file,file,file,file
jaccard,measured,mfile,,file,file,file,file,file,file,file,file,file,file,file,file,file,file,file,file,file,file,file,file,file,file,file,file,file,file,file,file,file,file,file,file,file,file,file,file,file
jackknife,measured,none,,file,file,file,file,file,file,file,file,file,file,file,file,file,file,file,file,file,file,file,file,file,file,file,file,file,file,file,file,file,file,file,file,file,file,file,file,file
jbtest,measured,none,,file,file,file,file,file,file,file,file,file,file,file,file,file,file,file,file,file,file,file,file,file,file,file,file,file,file,file,file,file,file,file,file,file,file,file,file,file
jet,measured,mfile,,file,file,file,file,file,file,file,file,file,file,file,file,file,file,file,file,file,file,file,file,file,file,file,file,file,file,file,file,file,file,file,file,file,file,file,file,file
johnsrnd,measured,none,,file,file,file,file,file,file,file,file,file,file,file,file,file,file,file,file,file,file,file,file,file,file,file,file,file,file,file,file,file,file,file,file,file,file,file,file,file
join,measured,mfile,codistributed;dataset;tabular;tall,file,file,builtin,file,file,file,file,file,file,builtin-err,file,file,file,file,file,file,builtin-err,file,file,file,file,file,file,file,builtin,builtin-err,builtin-err,file,file,file,file,file,file,builtin-err,file,file,file
jsondecode,measured,builtin,,file,file,file,file,file,file,file,file,file,file,file,file,file,file,file,file,file,file,file,file,file,file,file,file,file,file,file,file,file,file,file,file,file,file,file,file,file
jsonencode,measured,builtin,dictionary,file,file,file,file,file,file,file,file,file,file,file,file,file,file,file,file,file,file,file,file,file,file,file,file,file,file,file,file,file,file,file,file,file,file,file,file,file
juliandate,measured,mfile,codistributed;tall,file,file,file,file,file,file,file,file,file,file,builtin,file,file,file,file,file,file,file,file,file,file,file,file,file,file,file,file,builtin-err,builtin-err,file,file,file,file,file,file,file,file
kaiser,measured,mfile,,file,file,file,file,file,file,file,file,file,file,file,file,file,file,file,file,file,file,file,file,file,file,file,file,file,file,file,file,file,file,file,file,file,file,file,file,file
kaiserord,measured,mfile,,file,file,file,file,file,file,file,file,file,file,file,file,file,file,file,file,file,file,file,file,file,file,file,file,file,file,file,file,file,file,file,file,file,file,file,file,file
KDTreeSearcher,measured,mfile,KDTreeSearcher,builtin-err,builtin,builtin,builtin-err,builtin-err,builtin-err,builtin,builtin,builtin,builtin-err,builtin-err,builtin-err,builtin,builtin-err,builtin-err,builtin-err,builtin-err,builtin-err,builtin-err,builtin-err,builtin-err,builtin-err,builtin-err,builtin-err,builtin-err,builtin-err,builtin-err,builtin-err,builtin-err,builtin-err,builtin-err,builtin-err,builtin-err,builtin-err,builtin-err,builtin-err,builtin-err
KernelDistribution,measured,none,,file,file,file,file,file,file,file,file,file,file,file,file,file,file,file,file,file,file,file,file,file,file,file,file,file,file,file,file,file,file,file,file,file,file,file,file,file
keys,measured,other,,file,file,file,file,file,file,file,file,file,file,file,file,file,builtin,file,file,file,file,file,file,file,file,file,file,file,file,file,file,file,file,file,file,builtin-err,file,file,file,file
kmeans,measured,none,,file,file,file,file,file,file,file,file,file,file,file,file,file,file,file,file,file,file,file,file,file,file,file,file,file,file,file,file,file,file,file,file,file,file,file,file,file
kmedoids,measured,none,,file,file,file,file,file,file,file,file,file,file,file,file,file,file,file,file,file,file,file,file,file,file,file,file,file,file,file,file,file,file,file,file,file,file,file,file,file
knnsearch,measured,mfile,KDTreeSearcher;hnswSearcher,file,file,file,file,file,file,file,file,file,file,file,file,file,file,file,file,file,file,file,file,file,file,file,file,file,file,file,file,file,file,file,file,file,file,file,file,file
kron,measured,mfile,codistributed;sym,file,file,file,file,file,file,file,file,file,file,file,file,file,file,file,file,file,file,file,file,file,file,file,file,file,file,file,file,file,file,file,file,file,file,file,file,file
kruskalwallis,measured,none,,file,file,file,file,file,file,file,file,file,file,file,file,file,file,file,file,file,file,file,file,file,file,file,file,file,file,file,file,file,file,file,file,file,file,file,file,file
ksdensity,measured,none,,file,file,file,file,file,file,file,file,file,file,file,file,file,file,file,file,file,file,file,file,file,file,file,file,file,file,file,file,file,file,file,file,file,file,file,file,file
kstest,measured,none,,file,file,file,file,file,file,file,file,file,file,file,file,file,file,file,file,file,file,file,file,file,file,file,file,file,file,file,file,file,file,file,file,file,file,file,file,file
kstest2,measured,none,,file,file,file,file,file,file,file,file,file,file,file,file,file,file,file,file,file,file,file,file,file,file,file,file,file,file,file,file,file,file,file,file,file,file,file,file,file
kurtogram,measured,mfile,,file,file,file,file,file,file,file,file,file,file,file,file,file,file,file,file,file,file,file,file,file,file,file,file,file,file,file,file,file,file,file,file,file,file,file,file,file
kurtosis,measured,none,,file,file,file,file,file,file,file,file,file,file,file,file,file,file,file,file,file,file,file,file,file,file,file,file,file,file,file,file,file,file,file,file,file,file,file,file,file
lab2double,measured,mfile,,file,file,file,file,file,file,file,file,file,file,file,file,file,file,file,file,file,file,file,file,file,file,file,file,file,file,file,file,file,file,file,file,file,file,file,file,file
lab2rgb,measured,mfile,,file,file,file,file,file,file,file,file,file,file,file,file,file,file,file,file,file,file,file,file,file,file,file,file,file,file,file,file,file,file,file,file,file,file,file,file,file
lab2uint16,measured,mfile,,file,file,file,file,file,file,file,file,file,file,file,file,file,file,file,file,file,file,file,file,file,file,file,file,file,file,file,file,file,file,file,file,file,file,file,file,file
lab2uint8,measured,mfile,,file,file,file,file,file,file,file,file,file,file,file,file,file,file,file,file,file,file,file,file,file,file,file,file,file,file,file,file,file,file,file,file,file,file,file,file,file
lab2xyz,measured,mfile,,file,file,file,file,file,file,file,file,file,file,file,file,file,file,file,file,file,file,file,file,file,file,file,file,file,file,file,file,file,file,file,file,file,file,file,file,file
label2idx,measured,mfile,,file,file,file,file,file,file,file,file,file,file,file,file,file,file,file,file,file,file,file,file,file,file,file,file,file,file,file,file,file,file,file,file,file,file,file,file,file
label2rgb,measured,mfile,,file,file,file,file,file,file,file,file,file,file,file,file,file,file,file,file,file,file,file,file,file,file,file,file,file,file,file,file,file,file,file,file,file,file,file,file,file
labelmatrix,measured,mfile,,file,file,file,file,file,file,file,file,file,file,file,file,file,file,file,file,file,file,file,file,file,file,file,file,file,file,file,file,file,file,file,file,file,file,file,file,file
labeloverlay,measured,mfile,,file,file,file,file,file,file,file,file,file,file,file,file,file,file,file,file,file,file,file,file,file,file,file,file,file,file,file,file,file,file,file,file,file,file,file,file,file
lar2rc,measured,mfile,,file,file,file,file,file,file,file,file,file,file,file,file,file,file,file,file,file,file,file,file,file,file,file,file,file,file,file,file,file,file,file,file,file,file,file,file,file
lasso,measured,none,,file,file,file,file,file,file,file,file,file,file,file,file,file,file,file,file,file,file,file,file,file,file,file,file,file,file,file,file,file,file,file,file,file,file,file,file,file
lassoglm,measured,none,,file,file,file,file,file,file,file,file,file,file,file,file,file,file,file,file,file,file,file,file,file,file,file,file,file,file,file,file,file,file,file,file,file,file,file,file,file
lassoPlot,measured,none,,file,file,file,file,file,file,file,file,file,file,file,file,file,file,file,file,file,file,file,file,file,file,file,file,file,file,file,file,file,file,file,file,file,file,file,file,file
lasterr,measured,builtin,,file,file,file,file,file,file,file,file,file,file,file,file,file,file,file,file,file,file,file,file,file,file,file,file,file,file,file,file,file,file,file,file,file,file,file,file,file
lasterror,measured,builtin,,file,file,file,file,file,file,file,file,file,file,file,file,file,file,file,file,file,file,file,file,file,file,file,file,file,file,file,file,file,file,file,file,file,file,file,file,file
lastwarn,measured,builtin,,file,file,file,file,file,file,file,file,file,file,file,file,file,file,file,file,file,file,file,file,file,file,file,file,file,file,file,file,file,file,file,file,file,file,file,file,file
latc2tf,measured,mfile,,file,file,file,file,file,file,file,file,file,file,file,file,file,file,file,file,file,file,file,file,file,file,file,file,file,file,file,file,file,file,file,file,file,file,file,file,file
latcfilt,measured,mfile,,file,file,file,file,file,file,file,file,file,file,file,file,file,file,file,file,file,file,file,file,file,file,file,file,file,file,file,file,file,file,file,file,file,file,file,file,file
lcm,measured,mfile,sym,file,file,file,file,file,file,file,file,file,file,file,file,file,file,file,file,file,file,file,file,file,file,file,file,file,file,file,file,file,file,file,file,file,file,file,file,file
ldivide,measured,builtin,char;codistributed;double;duration;gpuArray;int16;int32;int64;int8;logical;quaternion;single;tabular;tall;timeseries;uint16;uint32;uint64;uint8,file,builtin-err,file,file,file,file,builtin-err,builtin-err,builtin-err,builtin-err,file,builtin-err,file,file,builtin,file,file,file,file,file,file,builtin,builtin,builtin,file,builtin,builtin,file,file,builtin,file,file,file,file,file,file,file
ldl,measured,builtin,double;single,file,builtin,file,file,file,file,file,file,file,file,file,file,file,file,builtin-err,file,file,file,file,file,file,file,builtin-err,file,file,file,file,file,file,file,file,file,file,file,file,file,file
le,measured,builtin,categorical;char;codistributed;dlarray;double;gpuArray;int16;int32;int64;int8;logical;mtree;single;string;sweepset;tabular;uint16;uint32;uint64;uint8,file,builtin-err,builtin-err,file,file,file,builtin-err,builtin-err,builtin-err,builtin-err,builtin-err,builtin-err,builtin-err,builtin-err,builtin,builtin-err,builtin-err,file,file,file,file,builtin,builtin,builtin,builtin,builtin,builtin,builtin-err,builtin-err,builtin,builtin-err,builtin,builtin,builtin-err,builtin-err,builtin-err,file
legend,measured,mfile,,file,file,file,file,file,file,file,file,file,file,file,file,file,file,file,file,file,file,file,file,file,file,file,file,file,file,file,file,file,file,file,file,file,file,file,file,file
legendre,measured,mfile,gpuArray,file,file,file,file,file,file,file,file,file,file,file,file,file,file,file,file,file,file,file,file,file,file,file,file,file,file,file,file,file,file,file,file,file,file,file,file,file
length,measured,builtin,Bluetooth;Composite;LegacyIcdevice;RedefinesParen;Scalar;categorical;cgrules;cgtradeoffkeytable;codistributed;coninputfactor;dataset;des_constraints;designdev;distributed;double;gpib;gpuArray;i2c;icgroup;icsignal;int16;int32;int64;int8;logical;mbcstore;serial;single;string;tall;tcpip;tscollection;udp;uint16;uint32;uint64;uint8;videoinput;visa;xregcontainer;xregcovariance;xregdataset;xregmonitorplotproperties;xregmulti,file,builtin,builtin,file,file,file,file,builtin,builtin,builtin-err,builtin,builtin,builtin,builtin,builtin-err,file,builtin-err,file,file,file,file,builtin-err,builtin-err,file,builtin-err,builtin-err,builtin-err,builtin-err,builtin-err,builtin-err,builtin-err,file,builtin-err,builtin-err,file,file,file
leverage,measured,none,,file,file,file,file,file,file,file,file,file,file,file,file,file,file,file,file,file,file,file,file,file,file,file,file,file,file,file,file,file,file,file,file,file,file,file,file,file
levinson,measured,mfile,gpuArray,file,file,file,file,file,file,file,file,file,file,file,file,file,file,file,file,file,file,file,file,file,file,file,file,file,file,file,file,file,file,file,file,file,file,file,file,file
lhsdesign,measured,none,,file,file,file,file,file,file,file,file,file,file,file,file,file,file,file,file,file,file,file,file,file,file,file,file,file,file,file,file,file,file,file,file,file,file,file,file,file
lhsnorm,measured,none,,file,file,file,file,file,file,file,file,file,file,file,file,file,file,file,file,file,file,file,file,file,file,file,file,file,file,file,file,file,file,file,file,file,file,file,file,file
license,measured,builtin,,file,file,file,file,file,file,file,file,file,file,file,file,file,file,file,file,file,file,file,file,file,file,file,file,file,file,file,file,file,file,file,file,file,file,file,file,file
light,measured,builtin,,file,file,file,file,file,file,file,file,file,file,file,file,file,file,file,file,file,file,file,file,file,file,file,file,file,file,file,file,file,file,file,file,file,file,file,file,file
lightangle,measured,mfile,,file,file,file,file,file,file,file,file,file,file,file,file,file,file,file,file,file,file,file,file,file,file,file,file,file,file,file,file,file,file,file,file,file,file,file,file,file
lighting,measured,mfile,,file,file,file,file,file,file,file,file,file,file,file,file,file,file,file,file,file,file,file,file,file,file,file,file,file,file,file,file,file,file,file,file,file,file,file,file,file
lillietest,measured,none,,file,file,file,file,file,file,file,file,file,file,file,file,file,file,file,file,file,file,file,file,file,file,file,file,file,file,file,file,file,file,file,file,file,file,file,file,file
lin2rgb,measured,mfile,,file,file,file,file,file,file,file,file,file,file,file,file,file,file,file,file,file,file,file,file,file,file,file,file,file,file,file,file,file,file,file,file,file,file,file,file,file
line,measured,builtin,,file,file,file,file,file,file,file,file,file,file,file,file,file,file,file,file,file,file,file,file,file,file,file,file,file,file,file,file,file,file,file,file,file,file,file,file,file
lines,measured,mfile,,file,file,file,file,file,file,file,file,file,file,file,file,file,file,file,file,file,file,file,file,file,file,file,file,file,file,file,file,file,file,file,file,file,file,file,file,file
linhyptest,measured,none,,file,file,file,file,file,file,file,file,file,file,file,file,file,file,file,file,file,file,file,file,file,file,file,file,file,file,file,file,file,file,file,file,file,file,file,file,file
linkage,measured,none,,file,file,file,file,file,file,file,file,file,file,file,file,file,file,file,file,file,file,file,file,file,file,file,file,file,file,file,file,file,file,file,file,file,file,file,file,file
linkaxes,measured,mfile,,file,file,file,file,file,file,file,file,file,file,file,file,file,file,file,file,file,file,file,file,file,file,file,file,file,file,file,file,file,file,file,file,file,file,file,file,file
linkprop,measured,mfile,,file,file,file,file,file,file,file,file,file,file,file,file,file,file,file,file,file,file,file,file,file,file,file,file,file,file,file,file,file,file,file,file,file,file,file,file,file
linsolve,measured,builtin,char;codistributed;double;gpuArray;int16;int32;int64;int8;logical;single;sym;uint16;uint32;uint64;uint8,file,builtin-err,file,file,file,file,builtin-err,builtin-err,builtin-err,file,file,file,file,file,builtin,file,file,file,file,file,file,builtin-err,builtin-err,builtin-err,file,file,file,file,file,file,file,file,file,file,file,file,file
linspace,measured,mfile,cgvalue;codistributed;codistributor1d;codistributor2dbc;datetime;distributed;duration;gpuArray;symfun,file,file,file,file,file,file,file,file,file,file,builtin-err,builtin-err,file,file,file,file,file,file,file,file,file,file,file,file,file,file,file,builtin-err,builtin-err,builtin,file,file,file,file,file,file,file
load,measured,builtin,COM;UpgradeAdvisor;cgproject;mdevproject,file,file,file,file,file,file,file,file,file,file,file,file,file,file,file,file,file,file,file,file,file,file,file,file,file,file,file,file,file,file,file,file,file,file,file,file,file
loadfigure,measured,mfile,,file,file,file,file,file,file,file,file,file,file,file,file,file,file,file,file,file,file,file,file,file,file,file,file,file,file,file,file,file,file,file,file,file,file,file,file,file
log,measured,builtin,bfloat16;codistributed;dlarray;double;gpuArray;half;single;sym;tabular,file,builtin,file,file,file,file,file,file,file,builtin,file,file,file,file,builtin-err,file,file,file,file,file,file,file,builtin-err,file,file,builtin-err,builtin-err,file,file,file,file,file,file,file,file,file,file
log10,measured,builtin,codistributed;dlarray;double;gpuArray;half;single;sym;tabular,file,builtin,file,file,file,file,file,file,file,builtin,file,file,file,file,builtin-err,file,file,file,file,file,file,file,builtin-err,file,file,builtin-err,builtin-err,file,file,file,file,file,file,file,file,file,file
log1p,measured,builtin,codistributed;double;gpuArray;half;single;tabular,file,builtin,file,file,file,file,file,file,file,builtin,file,file,file,file,builtin-err,file,file,file,file,file,file,file,builtin-err,file,file,builtin-err,builtin-err,file,file,file,file,file,file,file,file,file,file
log2,measured,builtin,codistributed;double;gpuArray;half;single;sym;tabular,file,builtin,file,file,file,file,file,file,file,builtin,file,file,file,file,builtin-err,file,file,file,file,file,file,file,builtin-err,file,file,builtin-err,builtin-err,file,file,file,file,file,file,file,file,file,file
logical,measured,builtin,char;codistributed;dlarray;double;gpuArray;int16;int32;int64;int8;logical;single;uint16;uint32;uint64;uint8,file,builtin,file,file,file,file,builtin,builtin,builtin,file,file,file,file,file,builtin-err,file,file,file,file,file,file,builtin-err,builtin-err,builtin-err,file,file,file,file,file,file,file,file,file,file,file,file,file
LogisticDistribution,measured,none,,file,file,file,file,file,file,file,file,file,file,file,file,file,file,file,file,file,file,file,file,file,file,file,file,file,file,file,file,file,file,file,file,file,file,file,file,file
loglog,measured,builtin,frd,file,file,file,file,file,file,file,file,file,file,file,file,file,file,file,file,file,file,file,file,file,file,file,file,file,file,file,file,file,file,file,file,file,file,file,file,file
LoglogisticDistribution,measured,none,,file,file,file,file,file,file,file,file,file,file,file,file,file,file,file,file,file,file,file,file,file,file,file,file,file,file,file,file,file,file,file,file,file,file,file,file,file
logm,measured,mfile,sym,file,file,file,file,file,file,file,file,file,file,file,file,file,file,file,file,file,file,file,file,file,file,file,file,file,file,file,file,file,file,file,file,file,file,file,file,file
logncdf,measured,none,,file,file,file,file,file,file,file,file,file,file,file,file,file,file,file,file,file,file,file,file,file,file,file,file,file,file,file,file,file,file,file,file,file,file,file,file,file
lognfit,measured,none,,file,file,file,file,file,file,file,file,file,file,file,file,file,file,file,file,file,file,file,file,file,file,file,file,file,file,file,file,file,file,file,file,file,file,file,file,file
logninv,measured,none,,file,file,file,file,file,file,file,file,file,file,file,file,file,file,file,file,file,file,file,file,file,file,file,file,file,file,file,file,file,file,file,file,file,file,file,file,file
lognlike,measured,none,,file,file,file,file,file,file,file,file,file,file,file,file,file,file,file,file,file,file,file,file,file,file,file,file,file,file,file,file,file,file,file,file,file,file,file,file,file
LognormalDistribution,measured,none,,file,file,file,file,file,file,file,file,file,file,file,file,file,file,file,file,file,file,file,file,file,file,file,file,file,file,file,file,file,file,file,file,file,file,file,file,file
lognpdf,measured,none,,file,file,file,file,file,file,file,file,file,file,file,file,file,file,file,file,file,file,file,file,file,file,file,file,file,file,file,file,file,file,file,file,file,file,file,file,file
lognrnd,measured,none,,file,file,file,file,file,file,file,file,file,file,file,file,file,file,file,file,file,file,file,file,file,file,file,file,file,file,file,file,file,file,file,file,file,file,file,file,file
lognstat,measured,none,,file,file,file,file,file,file,file,file,file,file,file,file,file,file,file,file,file,file,file,file,file,file,file,file,file,file,file,file,file,file,file,file,file,file,file,file,file
logspace,measured,mfile,codistributed;codistributor1d;codistributor2dbc;distributed;gpuArray;symfun,file,file,file,file,file,file,file,file,file,file,file,file,file,file,file,file,file,file,file,file,file,file,file,file,file,file,file,file,file,file,file,file,file,file,file,file,file
LoguniformDistribution,measured,none,,file,file,file,file,file,file,file,file,file,file,file,file,file,file,file,file,file,file,file,file,file,file,file,file,file,file,file,file,file,file,file,file,file,file,file,file,file
lookfor,measured,mfile,,file,file,file,file,file,file,file,file,file,file,file,file,file,file,file,file,file,file,file,file,file,file,file,file,file,file,file,file,file,file,file,file,file,file,file,file,file
lookup,measured,other,bloomberg;blp;cgslparser,file,file,file,file,file,file,file,file,file,file,file,file,file,file,file,file,file,file,file,file,file,file,file,file,file,file,file,file,file,file,file,file,file,file,file,file,file
lower,measured,builtin,codistributed;string,file,file,builtin,file,file,file,file,file,file,file,file,file,file,file,file,file,builtin-err,file,file,file,file,file,file,file,builtin-err,file,file,file,file,file,file,file,file,builtin-err,file,file,file
lowpass,measured,mfile,,file,file,file,file,file,file,file,file,file,file,file,file,file,file,file,file,file,file,file,file,file,file,file,file,file,file,file,file,file,file,file,file,file,file,file,file,file
lp2bp,measured,mfile,,file,file,file,file,file,file,file,file,file,file,file,file,file,file,file,file,file,file,file,file,file,file,file,file,file,file,file,file,file,file,file,file,file,file,file,file,file
lp2bs,measured,mfile,,file,file,file,file,file,file,file,file,file,file,file,file,file,file,file,file,file,file,file,file,file,file,file,file,file,file,file,file,file,file,file,file,file,file,file,file,file
lp2hp,measured,mfile,,file,file,file,file,file,file,file,file,file,file,file,file,file,file,file,file,file,file,file,file,file,file,file,file,file,file,file,file,file,file,file,file,file,file,file,file,file
lp2lp,measured,mfile,,file,file,file,file,file,file,file,file,file,file,file,file,file,file,file,file,file,file,file,file,file,file,file,file,file,file,file,file,file,file,file,file,file,file,file,file,file
lpc,measured,mfile,,file,file,file,file,file,file,file,file,file,file,file,file,file,file,file,file,file,file,file,file,file,file,file,file,file,file,file,file,file,file,file,file,file,file,file,file,file
ls,measured,mfile,,file,file,file,file,file,file,file,file,file,file,file,file,file,file,file,file,file,file,file,file,file,file,file,file,file,file,file,file,file,file,file,file,file,file,file,file,file
lscov,measured,mfile,codistributed;gpuArray,file,file,file,file,file,file,file,file,file,file,file,file,file,file,file,file,file,file,file,file,file,file,file,file,file,file,file,file,file,file,file,file,file,file,file,file,file
lsf2poly,measured,mfile,,file,file,file,file,file,file,file,file,file,file,file,file,file,file,file,file,file,file,file,file,file,file,file,file,file,file,file,file,file,file,file,file,file,file,file,file,file
lsline,measured,none,,file,file,file,file,file,file,file,file,file,file,file,file,file,file,file,file,file,file,file,file,file,file,file,file,file,file,file,file,file,file,file,file,file,file,file,file,file
lsqminnorm,measured,mfile,dlarray;gpuArray,file,file,file,file,file,file,file,file,file,file,file,file,file,file,file,file,file,file,file,file,file,file,file,file,file,file,file,file,file,file,file,file,file,file,file,file,file
lsqnonneg,measured,mfile,,file,file,file,file,file,file,file,file,file,file,file,file,file,file,file,file,file,file,file,file,file,file,file,file,file,file,file,file,file,file,file,file,file,file,file,file,file
lsqr,measured,mfile,codistributed;gpuArray,file,file,file,file,file,file,file,file,file,file,file,file,file,file,file,file,file,file,file,file,file,file,file,file,file,file,file,file,file,file,file,file,file,file,file,file,file
lt,measured,builtin,categorical;char;codistributed;dlarray;double;gpuArray;int16;int32;int64;int8;logical;single;string;sweepset;tabular;uint16;uint32;uint64;uint8,file,builtin-err,builtin-err,file,file,file,builtin-err,builtin-err,builtin-err,builtin-err,builtin-err,builtin-err,builtin-err,builtin-err,builtin,builtin-err,builtin-err,file,file,file,file,builtin,builtin,builtin,builtin,builtin,builtin,builtin-err,builtin-err,builtin,builtin-err,builtin,builtin,builtin-err,builtin-err,builtin-err,file
lu,measured,builtin,codistributed;double;gpuArray;half;single;sym,file,builtin,file,file,file,file,file,file,file,file,file,file,file,file,builtin-err,file,file,file,file,file,file,file,builtin-err,file,file,file,file,file,file,file,file,file,file,file,file,file,file
mad,measured,none,,file,file,file,file,file,file,file,file,file,file,file,file,file,file,file,file,file,file,file,file,file,file,file,file,file,file,file,file,file,file,file,file,file,file,file,file,file
mag2db,measured,mfile,,file,file,file,file,file,file,file,file,file,file,file,file,file,file,file,file,file,file,file,file,file,file,file,file,file,file,file,file,file,file,file,file,file,file,file,file,file
magic,measured,mfile,,file,file,file,file,file,file,file,file,file,file,file,file,file,file,file,file,file,file,file,file,file,file,file,file,file,file,file,file,file,file,file,file,file,file,file,file,file
mahal,measured,none,,file,file,file,file,file,file,file,file,file,file,file,file,file,file,file,file,file,file,file,file,file,file,file,file,file,file,file,file,file,file,file,file,file,file,file,file,file
maineffectsplot,measured,none,,file,file,file,file,file,file,file,file,file,file,file,file,file,file,file,file,file,file,file,file,file,file,file,file,file,file,file,file,file,file,file,file,file,file,file,file,file
makedist,measured,mfile,,file,file,file,file,file,file,file,file,file,file,file,file,file,file,file,file,file,file,file,file,file,file,file,file,file,file,file,file,file,file,file,file,file,file,file,file,file
makehgtform,measured,mfile,,file,file,file,file,file,file,file,file,file,file,file,file,file,file,file,file,file,file,file,file,file,file,file,file,file,file,file,file,file,file,file,file,file,file,file,file,file
makelut,measured,mfile,,file,file,file,file,file,file,file,file,file,file,file,file,file,file,file,file,file,file,file,file,file,file,file,file,file,file,file,file,file,file,file,file,file,file,file,file,file
makima,measured,mfile,distributed,file,file,file,file,file,file,file,file,file,file,file,file,file,file,file,file,file,file,file,file,file,file,file,file,file,file,file,file,file,file,file,file,file,file,file,file,file
manova1,measured,none,,file,file,file,file,file,file,file,file,file,file,file,file,file,file,file,file,file,file,file,file,file,file,file,file,file,file,file,file,file,file,file,file,file,file,file,file,file
manovacluster,measured,none,,file,file,file,file,file,file,file,file,file,file,file,file,file,file,file,file,file,file,file,file,file,file,file,file,file,file,file,file,file,file,file,file,file,file,file,file,file
mape,measured,mfile,codistributed;tall,file,file,file,file,file,file,file,file,file,file,file,file,file,file,file,file,file,file,file,file,file,file,file,file,file,file,file,file,file,file,file,file,file,file,file,file,file
marcumq,measured,mfile,,file,file,file,file,file,file,file,file,file,file,file,file,file,file,file,file,file,file,file,file,file,file,file,file,file,file,file,file,file,file,file,file,file,file,file,file,file
mat2gray,measured,mfile,gpuArray,file,file,file,file,file,file,file,file,file,file,file,file,file,file,file,file,file,file,file,file,file,file,file,file,file,file,file,file,file,file,file,file,file,file,file,file,file
mat2im,measured,none,,file,file,file,file,file,file,file,file,file,file,file,file,file,file,file,file,file,file,file,file,file,file,file,file,file,file,file,file,file,file,file,file,file,file,file,file,file
mat2str,measured,mfile,codistributed;dlarray;gpuArray,file,file,file,file,file,file,file,file,file,file,file,file,file,file,file,file,file,file,file,file,file,file,file,file,file,file,file,file,file,file,file,file,file,file,file,file,file
matches,measured,builtin,codistributed;string;tall,file,file,builtin-err,file,file,file,file,file,file,file,file,file,file,file,file,builtin-err,builtin-err,file,file,file,file,file,file,file,builtin,file,file,file,file,file,file,file,file,builtin-err,builtin-err,builtin-err,file
matchpairs,measured,mfile,,file,file,file,file,file,file,file,file,file,file,file,file,file,file,file,file,file,file,file,file,file,file,file,file,file,file,file,file,file,file,file,file,file,file,file,file,file
material,measured,mfile,,file,file,file,file,file,file,file,file,file,file,file,file,file,file,file,file,file,file,file,file,file,file,file,file,file,file,file,file,file,file,file,file,file,file,file,file,file
matlabdrive,measured,builtin,,file,file,file,file,file,file,file,file,file,file,file,file,file,file,file,file,file,file,file,file,file,file,file,file,file,file,file,file,file,file,file,file,file,file,file,file,file
matlabroot,measured,builtin,,file,file,file,file,file,file,file,file,file,file,file,file,file,file,file,file,file,file,file,file,file,file,file,file,file,file,file,file,file,file,file,file,file,file,file,file,file
max,measured,builtin,categorical;codistributed;datetime;dlarray;double;duration;gpuArray;half;int16;int32;int64;int8;localpoly;localpspline;logical;single;sym;tabular;tall;timeseries;uint16;uint32;uint64;uint8,file,builtin,file,file,file,file,file,builtin,builtin,builtin,builtin,builtin,builtin-err,file,builtin,file,file,file,file,file,file,builtin,builtin-err,file,file,builtin,builtin,builtin-err,builtin-err,builtin,builtin-err,file,file,file,file,file,file
maxflat,measured,mfile,,file,file,file,file,file,file,file,file,file,file,file,file,file,file,file,file,file,file,file,file,file,file,file,file,file,file,file,file,file,file,file,file,file,file,file,file,file
maxhessiannorm,measured,mfile,,file,file,file,file,file,file,file,file,file,file,file,file,file,file,file,file,file,file,file,file,file,file,file,file,file,file,file,file,file,file,file,file,file,file,file,file,file
maxk,measured,builtin,categorical;cell;char;codistributed;datetime;double;duration;gpuArray;int16;int32;int64;int8;logical;single;tall;uint16;uint32;uint64;uint8,file,builtin-err,file,builtin-err,file,file,builtin-err,builtin-err,builtin-err,file,builtin-err,builtin-err,builtin-err,file,builtin-err,file,file,builtin-err,builtin-err,file,file,builtin-err,builtin-err,builtin-err,file,file,file,builtin-err,builtin-err,builtin-err,builtin-err,file,file,file,file,file,builtin-err
maxNumCompThreads,measured,builtin,,file,file,file,file,file,file,file,file,file,file,file,file,file,file,file,file,file,file,file,file,file,file,file,file,file,file,file,file,file,file,file,file,file,file,file,file,file
mean,measured,mfile,codistributed;datetime;dlarray;duration;gpuArray;half;sweepset;symfun;tabular;tall;timeseries,file,file,file,file,file,file,file,file,file,builtin,builtin,builtin,file,file,file,file,file,file,file,file,file,file,file,file,file,builtin-err,builtin-err,builtin-err,builtin-err,file,file,file,file,file,file,file,file
mean2,measured,mfile,,file,file,file,file,file,file,file,file,file,file,file,file,file,file,file,file,file,file,file,file,file,file,file,file,file,file,file,file,file,file,file,file,file,file,file,file,file
meanfreq,measured,mfile,,file,file,file,file,file,file,file,file,file,file,file,file,file,file,file,file,file,file,file,file,file,file,file,file,file,file,file,file,file,file,file,file,file,file,file,file,file
medfilt1,measured,mfile,,file,file,file,file,file,file,file,file,file,file,file,file,file,file,file,file,file,file,file,file,file,file,file,file,file,file,file,file,file,file,file,file,file,file,file,file,file
medfilt2,measured,mfile,gpuArray,file,file,file,file,file,file,file,file,file,file,file,file,file,file,file,file,file,file,file,file,file,file,file,file,file,file,file,file,file,file,file,file,file,file,file,file,file
medfilt3,measured,mfile,,file,file,file,file,file,file,file,file,file,file,file,file,file,file,file,file,file,file,file,file,file,file,file,file,file,file,file,file,file,file,file,file,file,file,file,file,file
medfreq,measured,mfile,,file,file,file,file,file,file,file,file,file,file,file,file,file,file,file,file,file,file,file,file,file,file,file,file,file,file,file,file,file,file,file,file,file,file,file,file,file
median,measured,mfile,categorical;codistributed;datetime;dlarray;duration;gpuArray;tabular;tall;timeseries,file,file,file,file,file,file,file,file,file,builtin,builtin,builtin,builtin-err,file,file,file,file,file,file,file,file,file,file,file,file,builtin-err,builtin-err,file,builtin-err,file,builtin-err,file,file,file,file,file,file
membrane,measured,mfile,,file,file,file,file,file,file,file,file,file,file,file,file,file,file,file,file,file,file,file,file,file,file,file,file,file,file,file,file,file,file,file,file,file,file,file,file,file
memory,measured,builtin,,file,file,file,file,file,file,file,file,file,file,file,file,file,file,file,file,file,file,file,file,file,file,file,file,file,file,file,file,file,file,file,file,file,file,file,file,file
mesh,measured,mfile,,file,file,file,file,file,file,file,file,file,file,file,file,file,file,file,file,file,file,file,file,file,file,file,file,file,file,file,file,file,file,file,file,file,file,file,file,file
meshc,measured,mfile,,file,file,file,file,file,file,file,file,file,file,file,file,file,file,file,file,file,file,file,file,file,file,file,file,file,file,file,file,file,file,file,file,file,file,file,file,file
meshgrid,measured,mfile,codistributed;gpuArray,file,file,file,file,file,file,file,file,file,file,file,file,file,file,file,file,file,file,file,file,file,file,file,file,file,file,file,file,file,file,file,file,file,file,file,file,file
meshz,measured,mfile,,file,file,file,file,file,file,file,file,file,file,file,file,file,file,file,file,file,file,file,file,file,file,file,file,file,file,file,file,file,file,file,file,file,file,file,file,file
metaclass,measured,builtin,,file,file,file,file,file,file,file,file,file,file,file,file,file,file,file,file,file,file,file,file,file,file,file,file,file,file,file,file,file,file,file,file,file,file,file,file,file
methods,measured,builtin,LegacyIcdevice;icgroup;icinterface;imaqchild;imaqdevice;iviconfigurationstore;serial,file,file,file,file,file,file,file,file,file,file,file,file,file,file,file,file,file,file,file,file,file,file,file,file,file,file,file,file,file,file,file,file,file,file,file,file,file
MException,measured,other,,builtin-err,builtin-err,builtin-err,builtin-err,builtin-err,builtin-err,builtin-err,builtin-err,builtin-err,builtin-err,builtin-err,builtin-err,builtin-err,builtin-err,builtin-err,builtin-err,builtin-err,builtin-err,builtin-err,builtin-err,builtin-err,builtin-err,builtin-err,builtin-err,builtin-err,builtin-err,builtin-err,builtin-err,builtin-err,builtin-err,builtin-err,builtin-err,builtin-err,builtin-err,builtin-err,builtin-err,builtin-err
mfilename,measured,builtin,,file,file,file,file,file,file,file,file,file,file,file,file,file,file,file,file,file,file,file,file,file,file,file,file,file,file,file,file,file,file,file,file,file,file,file,file,file
mhsample,measured,none,,file,file,file,file,file,file,file,file,file,file,file,file,file,file,file,file,file,file,file,file,file,file,file,file,file,file,file,file,file,file,file,file,file,file,file,file,file
microseconds,measured,none,,file,file,file,file,file,file,file,file,file,file,file,file,file,file,file,file,file,file,file,file,file,file,file,file,file,file,file,file,file,file,file,file,file,file,file,file,file
microstrip,measured,none,,file,file,file,file,file,file,file,file,file,file,file,file,file,file,file,file,file,file,file,file,file,file,file,file,file,file,file,file,file,file,file,file,file,file,file,file,file
microstripw,measured,none,,file,file,file,file,file,file,file,file,file,file,file,file,file,file,file,file,file,file,file,file,file,file,file,file,file,file,file,file,file,file,file,file,file,file,file,file,file
midcross,measured,mfile,,file,file,file,file,file,file,file,file,file,file,file,file,file,file,file,file,file,file,file,file,file,file,file,file,file,file,file,file,file,file,file,file,file,file,file,file,file
milliseconds,measured,mfile,codistributed;tall,file,file,file,file,file,file,file,file,file,file,file,builtin,file,file,file,file,file,file,file,file,file,file,file,file,file,file,file,file,file,builtin-err,file,file,file,file,file,file,file
min,measured,builtin,categorical;codistributed;datetime;dlarray;double;duration;gpuArray;half;int16;int32;int64;int8;localpoly;localpspline;logical;single;sym;tabular;tall;timeseries;uint16;uint32;uint64;uint8,file,builtin,file,file,file,file,file,builtin,builtin,builtin,builtin,builtin,builtin-err,file,builtin,file,file,file,file,file,file,builtin,builtin-err,file,file,builtin,builtin,builtin-err,builtin-err,builtin,builtin-err,file,file,file,file,file,file
mink,measured,builtin,categorical;cell;char;codistributed;datetime;double;duration;gpuArray;int16;int32;int64;int8;logical;single;tall;uint16;uint32;uint64;uint8,file,builtin-err,file,builtin-err,file,file,builtin-err,builtin-err,builtin-err,file,builtin-err,builtin-err,builtin-err,file,builtin-err,file,file,builtin-err,builtin-err,file,file,builtin-err,builtin-err,builtin-err,file,file,file,builtin-err,builtin-err,builtin-err,builtin-err,file,file,file,file,file,builtin-err
minres,measured,mfile,codistributed;gpuArray,file,file,file,file,file,file,file,file,file,file,file,file,file,file,file,file,file,file,file,file,file,file,file,file,file,file,file,file,file,file,file,file,file,file,file,file,file
minus,measured,builtin,LagOp;calendarDuration;char;codistributed;cvdata;datetime;dlarray;double;duration;gpuArray;icsignal;int16;int32;int64;int8;laurmat;laurpoly;logical;mtree;single;sweepset;sym;tabular;tall;timeseries;uint16;uint32;uint64;uint8,file,builtin-err,file,file,file,file,builtin-err,builtin-err,builtin-err,builtin-err,builtin-err,builtin-err,file,file,builtin,file,file,file,file,file,file,builtin,builtin,builtin,file,builtin,builtin,builtin-err,builtin,builtin,file,file,file,file,file,file,file
minute,measured,mfile,codistributed;tall,file,file,file,file,file,file,file,file,file,file,builtin,file,file,file,file,file,file,file,file,file,file,file,file,file,file,file,file,builtin-err,builtin-err,file,file,file,file,file,file,file,file
minutes,measured,mfile,codistributed;tall,file,file,file,file,file,file,file,file,file,file,file,builtin,file,file,file,file,file,file,file,file,file,file,file,file,file,file,file,file,file,builtin-err,file,file,file,file,file,file,file
missing,measured,mfile,,file,file,file,file,file,file,file,file,file,file,file,file,file,file,file,file,file,file,file,file,file,file,file,file,file,file,file,file,file,file,file,file,file,file,file,file,file
mkdir,measured,builtin,,file,file,file,file,file,file,file,file,file,file,file,file,file,file,file,file,file,file,file,file,file,file,file,file,file,file,file,file,file,file,file,file,file,file,file,file,file
mkpp,measured,mfile,,file,file,file,file,file,file,file,file,file,file,file,file,file,file,file,file,file,file,file,file,file,file,file,file,file,file,file,file,file,file,file,file,file,file,file,file,file
mldivide,measured,builtin,DynamicSystem;LagOp;StaticModel;codistributed;distributed;double;duration;gpuArray;int16;int32;int64;int8;laurpoly;logical;single;tall;timeseries;uint16;uint32;uint64;uint8,file,builtin-err,file,file,file,file,file,builtin-err,builtin-err,file,file,builtin-err,file,file,builtin,file,file,file,file,file,file,builtin,builtin,file,file,file,file,file,file,builtin,file,file,file,file,file,file,file
mle,measured,mfile,mdev_local;xregtwostage,file,file,file,file,file,file,file,file,file,file,file,file,file,file,file,file,file,file,file,file,file,file,file,file,file,file,file,file,file,file,file,file,file,file,file,file,file
mlecov,measured,none,,file,file,file,file,file,file,file,file,file,file,file,file,file,file,file,file,file,file,file,file,file,file,file,file,file,file,file,file,file,file,file,file,file,file,file,file,file
mnpdf,measured,none,,file,file,file,file,file,file,file,file,file,file,file,file,file,file,file,file,file,file,file,file,file,file,file,file,file,file,file,file,file,file,file,file,file,file,file,file,file
mnrfit,measured,none,,file,file,file,file,file,file,file,file,file,file,file,file,file,file,file,file,file,file,file,file,file,file,file,file,file,file,file,file,file,file,file,file,file,file,file,file,file
mnrnd,measured,none,,file,file,file,file,file,file,file,file,file,file,file,file,file,file,file,file,file,file,file,file,file,file,file,file,file,file,file,file,file,file,file,file,file,file,file,file,file
mnrval,measured,none,,file,file,file,file,file,file,file,file,file,file,file,file,file,file,file,file,file,file,file,file,file,file,file,file,file,file,file,file,file,file,file,file,file,file,file,file,file
mod,measured,builtin,char;codistributed;double;gpuArray;half;int16;int32;int64;int8;logical;single;sym;tabular;uint16;uint32;uint64;uint8,file,builtin-err,file,file,file,file,builtin-err,builtin-err,builtin-err,builtin-err,file,builtin-err,file,file,builtin,file,file,file,file,file,file,builtin,builtin,builtin,file,builtin,builtin,file,file,builtin,file,file,file,file,file,file,file
modalfit,measured,mfile,,file,file,file,file,file,file,file,file,file,file,file,file,file,file,file,file,file,file,file,file,file,file,file,file,file,file,file,file,file,file,file,file,file,file,file,file,file
modalfrf,measured,mfile,,file,file,file,file,file,file,file,file,file,file,file,file,file,file,file,file,file,file,file,file,file,file,file,file,file,file,file,file,file,file,file,file,file,file,file,file,file
modalsd,measured,mfile,,file,file,file,file,file,file,file,file,file,file,file,file,file,file,file,file,file,file,file,file,file,file,file,file,file,file,file,file,file,file,file,file,file,file,file,file,file
mode,measured,mfile,categorical;codistributed;datetime;duration;gpuArray;symfun;tabular;targetmapping;timeseries,file,file,file,file,file,file,file,file,file,builtin,builtin-err,builtin-err,builtin,file,file,file,file,file,file,file,file,file,file,file,file,builtin-err,builtin-err,builtin-err,builtin-err,builtin-err,builtin-err,file,file,file,file,file,file
modefilt,measured,mfile,,file,file,file,file,file,file,file,file,file,file,file,file,file,file,file,file,file,file,file,file,file,file,file,file,file,file,file,file,file,file,file,file,file,file,file,file,file
modulate,measured,mfile,laurpoly,file,file,file,file,file,file,file,file,file,file,file,file,file,file,file,file,file,file,file,file,file,file,file,file,file,file,file,file,file,file,file,file,file,file,file,file,file
moment,measured,none,,file,file,file,file,file,file,file,file,file,file,file,file,file,file,file,file,file,file,file,file,file,file,file,file,file,file,file,file,file,file,file,file,file,file,file,file,file
montage,measured,mfile,dlarray,file,file,file,file,file,file,file,file,file,file,file,file,file,file,file,file,file,file,file,file,file,file,file,file,file,file,file,file,file,file,file,file,file,file,file,file,file
month,measured,mfile,codistributed;tall,file,file,file,file,file,file,file,file,file,file,builtin,builtin-err,file,file,file,file,file,file,file,file,file,file,file,file,file,file,file,builtin-err,builtin-err,builtin-err,file,file,file,file,file,file,file
more,measured,builtin,,file,file,file,file,file,file,file,file,file,file,file,file,file,file,file,file,file,file,file,file,file,file,file,file,file,file,file,file,file,file,file,file,file,file,file,file,file
movefile,measured,builtin,,file,file,file,file,file,file,file,file,file,file,file,file,file,file,file,file,file,file,file,file,file,file,file,file,file,file,file,file,file,file,file,file,file,file,file,file,file
movie,measured,mfile,xregmodel,file,file,file,file,file,file,file,file,file,file,file,file,file,file,file,file,file,file,file,file,file,file,file,file,file,file,file,file,file,file,file,file,file,file,file,file,file
movmad,measured,mfile,codistributed;gpuArray;tall,file,builtin-err,file,file,file,file,file,file,builtin-err,file,file,file,file,file,builtin,file,file,file,file,file,file,builtin,builtin-err,file,file,file,file,file,file,file,file,file,file,file,file,file,file
movmax,measured,mfile,codistributed;gpuArray;tall,file,builtin-err,file,file,file,file,file,file,builtin-err,file,file,file,file,file,builtin,file,file,file,file,file,file,builtin,builtin-err,file,file,file,file,file,file,file,file,file,file,file,file,file,file
movmean,measured,mfile,codistributed;gpuArray;tall,file,builtin-err,file,file,file,file,file,file,builtin-err,file,file,file,file,file,builtin,file,file,file,file,file,file,builtin,builtin-err,file,file,file,file,file,file,file,file,file,file,file,file,file,file
movmedian,measured,mfile,codistributed;gpuArray;tall,file,builtin-err,file,file,file,file,file,file,builtin-err,file,file,file,file,file,builtin,file,file,file,file,file,file,builtin,builtin-err,file,file,file,file,file,file,file,file,file,file,file,file,file,file
movmin,measured,mfile,codistributed;gpuArray;tall,file,builtin-err,file,file,file,file,file,file,builtin-err,file,file,file,file,file,builtin,file,file,file,file,file,file,builtin,builtin-err,file,file,file,file,file,file,file,file,file,file,file,file,file,file
movprod,measured,mfile,codistributed;gpuArray;tall,file,builtin-err,file,file,file,file,file,file,builtin-err,file,file,file,file,file,builtin,file,file,file,file,file,file,builtin,builtin-err,file,file,file,file,file,file,file,file,file,file,file,file,file,file
movstd,measured,mfile,codistributed;gpuArray;tall,file,builtin-err,file,file,file,file,file,file,builtin-err,file,file,file,file,file,builtin,file,file,file,file,file,file,builtin-err,builtin-err,file,file,file,file,file,file,file,file,file,file,file,file,file,file
movsum,measured,mfile,codistributed;gpuArray;tall,file,builtin-err,file,file,file,file,file,file,builtin-err,file,file,file,file,file,builtin,file,file,file,file,file,file,builtin,builtin-err,file,file,file,file,file,file,file,file,file,file,file,file,file,file
movvar,measured,mfile,codistributed;gpuArray;tall,file,builtin-err,file,file,file,file,file,file,builtin-err,file,file,file,file,file,builtin,file,file,file,file,file,file,builtin-err,builtin-err,file,file,file,file,file,file,file,file,file,file,file,file,file,file
mpower,measured,mfile,InputOutputModel;codistributed;gpuArray;laurpoly,file,file,file,file,file,file,file,file,file,file,file,file,file,file,file,file,file,file,file,file,file,file,file,file,file,file,file,file,file,file,file,file,file,file,file,file,file
mrdivide,measured,builtin,DynamicSystem;LagOp;StaticModel;codistributed;distributed;dlarray;double;duration;gpuArray;int16;int32;int64;int8;laurpoly;logical;single;tall;timeseries;uint16;uint32;uint64;uint8,file,builtin-err,file,file,file,file,file,builtin-err,builtin-err,file,file,builtin-err,file,file,builtin,file,file,file,file,file,file,builtin,builtin,file,file,file,file,file,file,builtin-err,file,file,file,file,file,file,file
mscohere,measured,mfile,gpuArray,file,file,file,file,file,file,file,file,file,file,file,file,file,file,file,file,file,file,file,file,file,file,file,file,file,file,file,file,file,file,file,file,file,file,file,file,file
mtimes,measured,builtin,InputOutputModel;LagOp;calendarDuration;char;codistributed;cvdata;dlarray;double;duration;gpuArray;icsignal;int16;int32;int64;int8;laurmat;laurpoly;localpoly;logical;single;tall;timeseries;uint16;uint32;uint64;uint8,file,builtin-err,file,file,file,file,builtin-err,builtin-err,builtin-err,file,file,builtin-err,file,file,builtin,file,file,file,file,file,file,builtin,builtin,builtin,file,file,file,file,file,builtin,file,file,file,file,file,file,file
multcompare,measured,none,,file,file,file,file,file,file,file,file,file,file,file,file,file,file,file,file,file,file,file,file,file,file,file,file,file,file,file,file,file,file,file,file,file,file,file,file,file
MultinomialDistribution,measured,none,,file,file,file,file,file,file,file,file,file,file,file,file,file,file,file,file,file,file,file,file,file,file,file,file,file,file,file,file,file,file,file,file,file,file,file,file,file
multissim,measured,mfile,dlarray,file,file,file,file,file,file,file,file,file,file,file,file,file,file,file,file,file,file,file,file,file,file,file,file,file,file,file,file,file,file,file,file,file,file,file,file,file
multissim3,measured,mfile,dlarray,file,file,file,file,file,file,file,file,file,file,file,file,file,file,file,file,file,file,file,file,file,file,file,file,file,file,file,file,file,file,file,file,file,file,file,file,file
multithresh,measured,mfile,,file,file,file,file,file,file,file,file,file,file,file,file,file,file,file,file,file,file,file,file,file,file,file,file,file,file,file,file,file,file,file,file,file,file,file,file,file
multivarichart,measured,none,,file,file,file,file,file,file,file,file,file,file,file,file,file,file,file,file,file,file,file,file,file,file,file,file,file,file,file,file,file,file,file,file,file,file,file,file,file
mustBeA,measured,builtin,half,file,file,file,file,file,file,file,file,file,file,file,file,file,file,file,file,file,file,file,file,file,file,file,file,file,file,file,file,file,file,file,file,file,file,file,file,file
mustBeFile,measured,mfile,,file,file,file,file,file,file,file,file,file,file,file,file,file,file,file,file,file,file,file,file,file,file,file,file,file,file,file,file,file,file,file,file,file,file,file,file,file
mustBeFinite,measured,mfile,,file,file,file,file,file,file,file,file,file,file,file,file,file,file,file,file,file,file,file,file,file,file,file,file,file,file,file,file,file,file,file,file,file,file,file,file,file
mustBeFloat,measured,mfile,,file,file,file,file,file,file,file,file,file,file,file,file,file,file,file,file,file,file,file,file,file,file,file,file,file,file,file,file,file,file,file,file,file,file,file,file,file
mustBeFolder,measured,mfile,,file,file,file,file,file,file,file,file,file,file,file,file,file,file,file,file,file,file,file,file,file,file,file,file,file,file,file,file,file,file,file,file,file,file,file,file,file
mustBeGreaterThan,measured,mfile,,file,file,file,file,file,file,file,file,file,file,file,file,file,file,file,file,file,file,file,file,file,file,file,file,file,file,file,file,file,file,file,file,file,file,file,file,file
mustBeGreaterThanOrEqual,measured,mfile,,file,file,file,file,file,file,file,file,file,file,file,file,file,file,file,file,file,file,file,file,file,file,file,file,file,file,file,file,file,file,file,file,file,file,file,file,file
mustBeInRange,measured,mfile,,file,file,file,file,file,file,file,file,file,file,file,file,file,file,file,file,file,file,file,file,file,file,file,file,file,file,file,file,file,file,file,file,file,file,file,file,file
mustBeInteger,measured,mfile,sym,file,file,file,file,file,file,file,file,file,file,file,file,file,file,file,file,file,file,file,file,file,file,file,file,file,file,file,file,file,file,file,file,file,file,file,file,file
mustBeLessThan,measured,mfile,,file,file,file,file,file,file,file,file,file,file,file,file,file,file,file,file,file,file,file,file,file,file,file,file,file,file,file,file,file,file,file,file,file,file,file,file,file
mustBeLessThanOrEqual,measured,mfile,,file,file,file,file,file,file,file,file,file,file,file,file,file,file,file,file,file,file,file,file,file,file,file,file,file,file,file,file,file,file,file,file,file,file,file,file,file
mustBeMember,measured,mfile,,file,file,file,file,file,file,file,file,file,file,file,file,file,file,file,file,file,file,file,file,file,file,file,file,file,file,file,file,file,file,file,file,file,file,file,file,file
mustBeNegative,measured,mfile,,file,file,file,file,file,file,file,file,file,file,file,file,file,file,file,file,file,file,file,file,file,file,file,file,file,file,file,file,file,file,file,file,file,file,file,file,file
mustBeNonempty,measured,mfile,,file,file,file,file,file,file,file,file,file,file,file,file,file,file,file,file,file,file,file,file,file,file,file,file,file,file,file,file,file,file,file,file,file,file,file,file,file
mustBeNonNan,measured,mfile,,file,file,file,file,file,file,file,file,file,file,file,file,file,file,file,file,file,file,file,file,file,file,file,file,file,file,file,file,file,file,file,file,file,file,file,file,file
mustBeNonnegative,measured,mfile,,file,file,file,file,file,file,file,file,file,file,file,file,file,file,file,file,file,file,file,file,file,file,file,file,file,file,file,file,file,file,file,file,file,file,file,file,file
mustBeNonpositive,measured,mfile,,file,file,file,file,file,file,file,file,file,file,file,file,file,file,file,file,file,file,file,file,file,file,file,file,file,file,file,file,file,file,file,file,file,file,file,file,file
mustBeNonsparse,measured,mfile,,file,file,file,file,file,file,file,file,file,file,file,file,file,file,file,file,file,file,file,file,file,file,file,file,file,file,file,file,file,file,file,file,file,file,file,file,file
mustBeNonzero,measured,mfile,,file,file,file,file,file,file,file,file,file,file,file,file,file,file,file,file,file,file,file,file,file,file,file,file,file,file,file,file,file,file,file,file,file,file,file,file,file
mustBeNumeric,measured,mfile,,file,file,file,file,file,file,file,file,file,file,file,file,file,file,file,file,file,file,file,file,file,file,file,file,file,file,file,file,file,file,file,file,file,file,file,file,file
mustBeNumericOrLogical,measured,mfile,,file,file,file,file,file,file,file,file,file,file,file,file,file,file,file,file,file,file,file,file,file,file,file,file,file,file,file,file,file,file,file,file,file,file,file,file,file
mustBePositive,measured,mfile,sym,file,file,file,file,file,file,file,file,file,file,file,file,file,file,file,file,file,file,file,file,file,file,file,file,file,file,file,file,file,file,file,file,file,file,file,file,file
mustBeReal,measured,mfile,,file,file,file,file,file,file,file,file,file,file,file,file,file,file,file,file,file,file,file,file,file,file,file,file,file,file,file,file,file,file,file,file,file,file,file,file,file
mustBeScalarOrEmpty,measured,mfile,,file,file,file,file,file,file,file,file,file,file,file,file,file,file,file,file,file,file,file,file,file,file,file,file,file,file,file,file,file,file,file,file,file,file,file,file,file
mustBeText,measured,mfile,,file,file,file,file,file,file,file,file,file,file,file,file,file,file,file,file,file,file,file,file,file,file,file,file,file,file,file,file,file,file,file,file,file,file,file,file,file
mustBeTextScalar,measured,mfile,,file,file,file,file,file,file,file,file,file,file,file,file,file,file,file,file,file,file,file,file,file,file,file,file,file,file,file,file,file,file,file,file,file,file,file,file,file
mustBeValidVariableName,measured,mfile,,file,file,file,file,file,file,file,file,file,file,file,file,file,file,file,file,file,file,file,file,file,file,file,file,file,file,file,file,file,file,file,file,file,file,file,file,file
mustBeVector,measured,mfile,,file,file,file,file,file,file,file,file,file,file,file,file,file,file,file,file,file,file,file,file,file,file,file,file,file,file,file,file,file,file,file,file,file,file,file,file,file
mvksdensity,measured,none,,file,file,file,file,file,file,file,file,file,file,file,file,file,file,file,file,file,file,file,file,file,file,file,file,file,file,file,file,file,file,file,file,file,file,file,file,file
mvncdf,measured,none,,file,file,file,file,file,file,file,file,file,file,file,file,file,file,file,file,file,file,file,file,file,file,file,file,file,file,file,file,file,file,file,file,file,file,file,file,file
mvnpdf,measured,none,,file,file,file,file,file,file,file,file,file,file,file,file,file,file,file,file,file,file,file,file,file,file,file,file,file,file,file,file,file,file,file,file,file,file,file,file,file
mvnrnd,measured,none,,file,file,file,file,file,file,file,file,file,file,file,file,file,file,file,file,file,file,file,file,file,file,file,file,file,file,file,file,file,file,file,file,file,file,file,file,file
mvregress,measured,none,,file,file,file,file,file,file,file,file,file,file,file,file,file,file,file,file,file,file,file,file,file,file,file,file,file,file,file,file,file,file,file,file,file,file,file,file,file
mvregresslike,measured,none,,file,file,file,file,file,file,file,file,file,file,file,file,file,file,file,file,file,file,file,file,file,file,file,file,file,file,file,file,file,file,file,file,file,file,file,file,file
mvtcdf,measured,none,,file,file,file,file,file,file,file,file,file,file,file,file,file,file,file,file,file,file,file,file,file,file,file,file,file,file,file,file,file,file,file,file,file,file,file,file,file
mvtpdf,measured,none,,file,file,file,file,file,file,file,file,file,file,file,file,file,file,file,file,file,file,file,file,file,file,file,file,file,file,file,file,file,file,file,file,file,file,file,file,file
mvtrnd,measured,none,,file,file,file,file,file,file,file,file,file,file,file,file,file,file,file,file,file,file,file,file,file,file,file,file,file,file,file,file,file,file,file,file,file,file,file,file,file
NakagamiDistribution,measured,none,,file,file,file,file,file,file,file,file,file,file,file,file,file,file,file,file,file,file,file,file,file,file,file,file,file,file,file,file,file,file,file,file,file,file,file,file,file
namelengthmax,measured,builtin,,file,file,file,file,file,file,file,file,file,file,file,file,file,file,file,file,file,file,file,file,file,file,file,file,file,file,file,file,file,file,file,file,file,file,file,file,file
NaN,measured,builtin,codistributed;distributed;gpuArray,file,file,file,file,file,file,file,file,file,file,file,file,file,file,file,file,file,file,file,file,file,file,file,file,file,file,file,file,file,file,file,file,file,file,file,file,file
nan,measured,builtin,codistributor1d;codistributor2dbc;half;quaternion,file,file,file,file,file,file,file,file,file,file,file,file,file,file,file,file,file,file,file,file,file,file,file,file,file,file,file,file,file,file,file,file,file,file,file,file,file
nancov,measured,none,,file,file,file,file,file,file,file,file,file,file,file,file,file,file,file,file,file,file,file,file,file,file,file,file,file,file,file,file,file,file,file,file,file,file,file,file,file
nanmax,measured,none,,file,file,file,file,file,file,file,file,file,file,file,file,file,file,file,file,file,file,file,file,file,file,file,file,file,file,file,file,file,file,file,file,file,file,file,file,file
nanmean,measured,none,,file,file,file,file,file,file,file,file,file,file,file,file,file,file,file,file,file,file,file,file,file,file,file,file,file,file,file,file,file,file,file,file,file,file,file,file,file
nanmedian,measured,none,,file,file,file,file,file,file,file,file,file,file,file,file,file,file,file,file,file,file,file,file,file,file,file,file,file,file,file,file,file,file,file,file,file,file,file,file,file
nanmin,measured,none,,file,file,file,file,file,file,file,file,file,file,file,file,file,file,file,file,file,file,file,file,file,file,file,file,file,file,file,file,file,file,file,file,file,file,file,file,file
nanoseconds,measured,none,,file,file,file,file,file,file,file,file,file,file,file,file,file,file,file,file,file,file,file,file,file,file,file,file,file,file,file,file,file,file,file,file,file,file,file,file,file
nanstd,measured,none,,file,file,file,file,file,file,file,file,file,file,file,file,file,file,file,file,file,file,file,file,file,file,file,file,file,file,file,file,file,file,file,file,file,file,file,file,file
nansum,measured,none,,file,file,file,file,file,file,file,file,file,file,file,file,file,file,file,file,file,file,file,file,file,file,file,file,file,file,file,file,file,file,file,file,file,file,file,file,file
nanvar,measured,none,,file,file,file,file,file,file,file,file,file,file,file,file,file,file,file,file,file,file,file,file,file,file,file,file,file,file,file,file,file,file,file,file,file,file,file,file,file
nargchk,measured,builtin,,file,file,file,file,file,file,file,file,file,file,file,file,file,file,file,file,file,file,file,file,file,file,file,file,file,file,file,file,file,file,file,file,file,file,file,file,file
nargin,measured,builtin,fittype;function_handle;inline,file,file,file,file,file,builtin,file,file,file,file,file,file,file,file,file,file,file,file,file,file,builtin-err,file,file,file,file,file,file,file,file,file,file,file,file,file,file,file,file
narginchk,measured,builtin,,file,file,file,file,file,file,file,file,file,file,file,file,file,file,file,file,file,file,file,file,file,file,file,file,file,file,file,file,file,file,file,file,file,file,file,file,file
nargout,measured,builtin,fittype;function_handle;inline,file,file,file,file,file,builtin,file,file,file,file,file,file,file,file,file,file,file,file,file,file,builtin-err,file,file,file,file,file,file,file,file,file,file,file,file,file,file,file,file
nargoutchk,measured,builtin,,file,file,file,file,file,file,file,file,file,file,file,file,file,file,file,file,file,file,file,file,file,file,file,file,file,file,file,file,file,file,file,file,file,file,file,file,file
NaT,measured,mfile,,file,file,file,file,file,file,file,file,file,file,file,file,file,file,file,file,file,file,file,file,file,file,file,file,file,file,file,file,file,file,file,file,file,file,file,file,file
native2unicode,measured,builtin,,file,file,file,file,file,file,file,file,file,file,file,file,file,file,file,file,file,file,file,file,file,file,file,file,file,file,file,file,file,file,file,file,file,file,file,file,file
nbincdf,measured,none,,file,file,file,file,file,file,file,file,file,file,file,file,file,file,file,file,file,file,file,file,file,file,file,file,file,file,file,file,file,file,file,file,file,file,file,file,file
nbinfit,measured,none,,file,file,file,file,file,file,file,file,file,file,file,file,file,file,file,file,file,file,file,file,file,file,file,file,file,file,file,file,file,file,file,file,file,file,file,file,file
nbininv,measured,none,,file,file,file,file,file,file,file,file,file,file,file,file,file,file,file,file,file,file,file,file,file,file,file,file,file,file,file,file,file,file,file,file,file,file,file,file,file
nbinpdf,measured,none,,file,file,file,file,file,file,file,file,file,file,file,file,file,file,file,file,file,file,file,file,file,file,file,file,file,file,file,file,file,file,file,file,file,file,file,file,file
nbinrnd,measured,none,,file,file,file,file,file,file,file,file,file,file,file,file,file,file,file,file,file,file,file,file,file,file,file,file,file,file,file,file,file,file,file,file,file,file,file,file,file
nbinstat,measured,none,,file,file,file,file,file,file,file,file,file,file,file,file,file,file,file,file,file,file,file,file,file,file,file,file,file,file,file,file,file,file,file,file,file,file,file,file,file
ncfcdf,measured,none,,file,file,file,file,file,file,file,file,file,file,file,file,file,file,file,file,file,file,file,file,file,file,file,file,file,file,file,file,file,file,file,file,file,file,file,file,file
ncfinv,measured,none,,file,file,file,file,file,file,file,file,file,file,file,file,file,file,file,file,file,file,file,file,file,file,file,file,file,file,file,file,file,file,file,file,file,file,file,file,file
ncfpdf,measured,none,,file,file,file,file,file,file,file,file,file,file,file,file,file,file,file,file,file,file,file,file,file,file,file,file,file,file,file,file,file,file,file,file,file,file,file,file,file
ncfrnd,measured,none,,file,file,file,file,file,file,file,file,file,file,file,file,file,file,file,file,file,file,file,file,file,file,file,file,file,file,file,file,file,file,file,file,file,file,file,file,file
ncfstat,measured,none,,file,file,file,file,file,file,file,file,file,file,file,file,file,file,file,file,file,file,file,file,file,file,file,file,file,file,file,file,file,file,file,file,file,file,file,file,file
nchoosek,measured,mfile,sym,file,file,file,file,file,file,file,file,file,file,file,file,file,file,file,file,file,file,file,file,file,file,file,file,file,file,file,file,file,file,file,file,file,file,file,file,file
nctcdf,measured,none,,file,file,file,file,file,file,file,file,file,file,file,file,file,file,file,file,file,file,file,file,file,file,file,file,file,file,file,file,file,file,file,file,file,file,file,file,file
nctinv,measured,none,,file,file,file,file,file,file,file,file,file,file,file,file,file,file,file,file,file,file,file,file,file,file,file,file,file,file,file,file,file,file,file,file,file,file,file,file,file
nctpdf,measured,none,,file,file,file,file,file,file,file,file,file,file,file,file,file,file,file,file,file,file,file,file,file,file,file,file,file,file,file,file,file,file,file,file,file,file,file,file,file
nctrnd,measured,none,,file,file,file,file,file,file,file,file,file,file,file,file,file,file,file,file,file,file,file,file,file,file,file,file,file,file,file,file,file,file,file,file,file,file,file,file,file
nctstat,measured,none,,file,file,file,file,file,file,file,file,file,file,file,file,file,file,file,file,file,file,file,file,file,file,file,file,file,file,file,file,file,file,file,file,file,file,file,file,file
ncx2cdf,measured,none,,file,file,file,file,file,file,file,file,file,file,file,file,file,file,file,file,file,file,file,file,file,file,file,file,file,file,file,file,file,file,file,file,file,file,file,file,file
ncx2inv,measured,none,,file,file,file,file,file,file,file,file,file,file,file,file,file,file,file,file,file,file,file,file,file,file,file,file,file,file,file,file,file,file,file,file,file,file,file,file,file
ncx2pdf,measured,none,,file,file,file,file,file,file,file,file,file,file,file,file,file,file,file,file,file,file,file,file,file,file,file,file,file,file,file,file,file,file,file,file,file,file,file,file,file
ncx2rnd,measured,none,,file,file,file,file,file,file,file,file,file,file,file,file,file,file,file,file,file,file,file,file,file,file,file,file,file,file,file,file,file,file,file,file,file,file,file,file,file
ncx2stat,measured,none,,file,file,file,file,file,file,file,file,file,file,file,file,file,file,file,file,file,file,file,file,file,file,file,file,file,file,file,file,file,file,file,file,file,file,file,file,file
ndgrid,measured,mfile,codistributed;gpuArray,file,file,file,file,file,file,file,file,file,file,file,file,file,file,file,file,file,file,file,file,file,file,file,file,file,file,file,file,file,file,file,file,file,file,file,file,file
ndims,measured,builtin,Composite;RedefinesParen;Scalar;categorical;codistributed;dataset;distributed;dlarray;double;gpuArray;int16;int32;int64;int8;logical;single;string;sym;tabular;tall;uint16;uint32;uint64;uint8,file,builtin,builtin,file,file,file,file,builtin,builtin,builtin,builtin,builtin,builtin,file,builtin-err,file,builtin-err,file,file,file,file,builtin-err,builtin-err,file,builtin-err,builtin-err,builtin-err,builtin-err,builtin-err,builtin-err,builtin-err,file,file,builtin-err,file,file,file
ne,measured,builtin,categorical;char;codistributed;dlarray;double;gpuArray;icgroup;imaqchild;imaqdevice;instrument;int16;int32;int64;int8;iviconfigurationstore;laurmat;laurpoly;logical;mtree;opaque;scribehandle;serial;single;string;sweepset;tabular;timer;uint16;uint32;uint64;uint8;vrfigure;vrnode;vrworld;xregcovariance,file,builtin-err,builtin-err,file,file,file,builtin-err,builtin-err,builtin-err,builtin-err,builtin-err,builtin-err,builtin-err,builtin-err,builtin,builtin-err,builtin-err,file,file,file,file,builtin,builtin,builtin,builtin,builtin,builtin,builtin-err,builtin-err,builtin,builtin-err,builtin,builtin,builtin-err,builtin-err,builtin-err,file
nearcorr,measured,none,,file,file,file,file,file,file,file,file,file,file,file,file,file,file,file,file,file,file,file,file,file,file,file,file,file,file,file,file,file,file,file,file,file,file,file,file,file
NegativeBinomialDistribution,measured,none,,file,file,file,file,file,file,file,file,file,file,file,file,file,file,file,file,file,file,file,file,file,file,file,file,file,file,file,file,file,file,file,file,file,file,file,file,file
negloglik,measured,none,,file,file,file,file,file,file,file,file,file,file,file,file,file,file,file,file,file,file,file,file,file,file,file,file,file,file,file,file,file,file,file,file,file,file,file,file,file
newline,measured,builtin,,file,file,file,file,file,file,file,file,file,file,file,file,file,file,file,file,file,file,file,file,file,file,file,file,file,file,file,file,file,file,file,file,file,file,file,file,file
newplot,measured,mfile,,file,file,file,file,file,file,file,file,file,file,file,file,file,file,file,file,file,file,file,file,file,file,file,file,file,file,file,file,file,file,file,file,file,file,file,file,file
nextpow2,measured,mfile,codistributed;gpuArray;tabular,file,file,file,file,file,file,file,file,file,builtin-err,file,file,file,file,file,file,file,file,file,file,file,file,file,file,file,builtin-err,builtin-err,file,file,file,file,file,file,file,file,file,file
nexttile,measured,mfile,,file,file,file,file,file,file,file,file,file,file,file,file,file,file,file,file,file,file,file,file,file,file,file,file,file,file,file,file,file,file,file,file,file,file,file,file,file
nlfilter,measured,mfile,,file,file,file,file,file,file,file,file,file,file,file,file,file,file,file,file,file,file,file,file,file,file,file,file,file,file,file,file,file,file,file,file,file,file,file,file,file
nlinfit,measured,none,,file,file,file,file,file,file,file,file,file,file,file,file,file,file,file,file,file,file,file,file,file,file,file,file,file,file,file,file,file,file,file,file,file,file,file,file,file
nlparci,measured,none,,file,file,file,file,file,file,file,file,file,file,file,file,file,file,file,file,file,file,file,file,file,file,file,file,file,file,file,file,file,file,file,file,file,file,file,file,file
nlpredci,measured,none,,file,file,file,file,file,file,file,file,file,file,file,file,file,file,file,file,file,file,file,file,file,file,file,file,file,file,file,file,file,file,file,file,file,file,file,file,file
nnmf,measured,none,,file,file,file,file,file,file,file,file,file,file,file,file,file,file,file,file,file,file,file,file,file,file,file,file,file,file,file,file,file,file,file,file,file,file,file,file,file
nnz,measured,builtin,char;codistributed;double;gpuArray;int16;int32;int64;int8;logical;single;sym;symfun;tall;uint16;uint32;uint64;uint8,file,builtin,file,file,file,file,builtin,builtin,builtin,file,file,builtin,file,file,builtin-err,file,file,file,file,file,file,builtin-err,builtin-err,builtin-err,file,file,file,file,file,builtin-err,file,file,file,file,file,file,file
nonzeros,measured,builtin,char;codistributed;double;gpuArray;int16;int32;int64;int8;logical;single;sym;symfun;uint16;uint32;uint64;uint8,file,builtin,file,file,file,file,builtin,builtin,builtin,file,file,file,file,file,builtin-err,file,file,file,file,file,file,builtin-err,builtin-err,builtin-err,file,file,file,file,file,file,file,file,file,file,file,file,file
norm,measured,builtin,DynamicSystem;codistributed;double;gpuArray;int16;int32;int64;int8;logical;single;sym;tall;uint16;uint32;uint64;uint8,file,builtin,file,file,file,file,file,builtin-err,builtin-err,file,file,file,file,file,builtin,file,file,file,file,file,file,builtin-err,builtin-err,file,file,file,file,file,file,file,file,file,file,file,file,file,file
NormalDistribution,measured,none,,file,file,file,file,file,file,file,file,file,file,file,file,file,file,file,file,file,file,file,file,file,file,file,file,file,file,file,file,file,file,file,file,file,file,file,file,file
normalize,measured,mfile,distributed;tall,file,file,file,file,file,file,file,file,file,file,file,file,file,file,file,file,file,file,file,file,file,file,file,file,file,file,file,file,file,file,file,file,file,file,file,file,file
normcdf,measured,none,,file,file,file,file,file,file,file,file,file,file,file,file,file,file,file,file,file,file,file,file,file,file,file,file,file,file,file,file,file,file,file,file,file,file,file,file,file
normest,measured,mfile,codistributed;gpuArray,file,file,file,file,file,file,file,file,file,file,file,file,file,file,file,file,file,file,file,file,file,file,file,file,file,file,file,file,file,file,file,file,file,file,file,file,file
normest1,measured,mfile,,file,file,file,file,file,file,file,file,file,file,file,file,file,file,file,file,file,file,file,file,file,file,file,file,file,file,file,file,file,file,file,file,file,file,file,file,file
normfit,measured,none,,file,file,file,file,file,file,file,file,file,file,file,file,file,file,file,file,file,file,file,file,file,file,file,file,file,file,file,file,file,file,file,file,file,file,file,file,file
norminv,measured,none,,file,file,file,file,file,file,file,file,file,file,file,file,file,file,file,file,file,file,file,file,file,file,file,file,file,file,file,file,file,file,file,file,file,file,file,file,file
normlike,measured,none,,file,file,file,file,file,file,file,file,file,file,file,file,file,file,file,file,file,file,file,file,file,file,file,file,file,file,file,file,file,file,file,file,file,file,file,file,file
normpdf,measured,none,,file,file,file,file,file,file,file,file,file,file,file,file,file,file,file,file,file,file,file,file,file,file,file,file,file,file,file,file,file,file,file,file,file,file,file,file,file
normplot,measured,mfile,xregmodel,file,file,file,file,file,file,file,file,file,file,file,file,file,file,file,file,file,file,file,file,file,file,file,file,file,file,file,file,file,file,file,file,file,file,file,file,file
normrnd,measured,none,,file,file,file,file,file,file,file,file,file,file,file,file,file,file,file,file,file,file,file,file,file,file,file,file,file,file,file,file,file,file,file,file,file,file,file,file,file
normspec,measured,none,,file,file,file,file,file,file,file,file,file,file,file,file,file,file,file,file,file,file,file,file,file,file,file,file,file,file,file,file,file,file,file,file,file,file,file,file,file
normstat,measured,none,,file,file,file,file,file,file,file,file,file,file,file,file,file,file,file,file,file,file,file,file,file,file,file,file,file,file,file,file,file,file,file,file,file,file,file,file,file
normxcorr2,measured,mfile,gpuArray,file,file,file,file,file,file,file,file,file,file,file,file,file,file,file,file,file,file,file,file,file,file,file,file,file,file,file,file,file,file,file,file,file,file,file,file,file
not,measured,builtin,char;codistributed;conbase;conboolean;conellipsoid;conlinear;contable1;contable2;dlarray;double;gpuArray;half;int16;int32;int64;int8;logical;mtree;single;tabular;uint16;uint32;uint64;uint8,file,builtin,file,file,file,file,builtin,builtin,builtin,builtin,file,file,file,file,builtin-err,file,file,file,file,file,file,builtin-err,builtin-err,builtin-err,file,builtin-err,builtin-err,file,file,file,file,file,file,file,file,file,file
now,measured,mfile,,file,file,file,file,file,file,file,file,file,file,file,file,file,file,file,file,file,file,file,file,file,file,file,file,file,file,file,file,file,file,file,file,file,file,file,file,file
nthroot,measured,mfile,codistributed;gpuArray;sym;tabular,file,file,file,file,file,file,file,file,file,builtin-err,file,file,file,file,file,file,file,file,file,file,file,file,file,file,file,builtin-err,builtin-err,file,file,file,file,file,file,file,file,file,file
ntsc2rgb,measured,mfile,,file,file,file,file,file,file,file,file,file,file,file,file,file,file,file,file,file,file,file,file,file,file,file,file,file,file,file,file,file,file,file,file,file,file,file,file,file
null,measured,mfile,codistributed;gpuArray;mtree;sym,file,file,file,file,file,file,file,file,file,file,file,file,file,file,file,file,file,file,file,file,file,file,file,file,file,file,file,file,file,file,file,file,file,file,file,file,file
num,measured,none,,file,file,file,file,file,file,file,file,file,file,file,file,file,file,file,file,file,file,file,file,file,file,file,file,file,file,file,file,file,file,file,file,file,file,file,file,file
num2cell,measured,mfile,codistributed,file,file,file,file,file,file,file,file,file,file,file,file,file,file,file,file,file,file,file,file,file,file,file,file,file,file,file,file,file,file,file,file,file,file,file,file,file
num2hex,measured,mfile,,file,file,file,file,file,file,file,file,file,file,file,file,file,file,file,file,file,file,file,file,file,file,file,file,file,file,file,file,file,file,file,file,file,file,file,file,file
num2ruler,measured,mfile,,file,file,file,file,file,file,file,file,file,file,file,file,file,file,file,file,file,file,file,file,file,file,file,file,file,file,file,file,file,file,file,file,file,file,file,file,file
num2str,measured,mfile,codistributed;dlarray;gpuArray,file,file,file,file,file,file,file,file,file,file,file,file,file,file,file,file,file,file,file,file,file,file,file,file,file,file,file,file,file,file,file,file,file,file,file,file,file
numel,measured,builtin,Composite;RedefinesParen;Scalar;categorical;codistributed;dataset;distributed;double;gpuArray;int16;int32;int64;int8;logical;single;string;sym;symfun;tabular;tall;uint16;uint32;uint64;uint8,file,builtin,builtin,file,file,file,file,builtin,builtin,builtin,builtin,builtin,builtin,builtin,builtin,file,builtin-err,file,file,file,file,builtin,builtin,file,builtin-err,builtin-err,builtin-err,builtin-err,builtin,builtin-err,builtin-err,file,builtin,builtin-err,file,file,file
numEntries,measured,other,,file,file,file,file,file,file,file,file,file,file,file,file,file,file,file,file,file,file,file,file,file,file,file,file,file,file,file,file,file,file,file,file,file,file,file,file,file
nuttallwin,measured,mfile,,file,file,file,file,file,file,file,file,file,file,file,file,file,file,file,file,file,file,file,file,file,file,file,file,file,file,file,file,file,file,file,file,file,file,file,file,file
nzmax,measured,builtin,char;codistributed;double;gpuArray;int16;int32;int64;int8;logical;single;uint16;uint32;uint64;uint8,file,builtin,file,file,file,file,builtin,builtin,builtin,file,file,file,file,file,builtin-err,file,file,file,file,file,file,builtin-err,builtin-err,builtin-err,file,file,file,file,file,file,file,file,file,file,file,file,file
obliqueslice,measured,mfile,,file,file,file,file,file,file,file,file,file,file,file,file,file,file,file,file,file,file,file,file,file,file,file,file,file,file,file,file,file,file,file,file,file,file,file,file,file
obw,measured,mfile,,file,file,file,file,file,file,file,file,file,file,file,file,file,file,file,file,file,file,file,file,file,file,file,file,file,file,file,file,file,file,file,file,file,file,file,file,file
ode113,measured,mfile,,file,file,file,file,file,file,file,file,file,file,file,file,file,file,file,file,file,file,file,file,file,file,file,file,file,file,file,file,file,file,file,file,file,file,file,file,file
ode15i,measured,mfile,,file,file,file,file,file,file,file,file,file,file,file,file,file,file,file,file,file,file,file,file,file,file,file,file,file,file,file,file,file,file,file,file,file,file,file,file,file
ode15s,measured,mfile,,file,file,file,file,file,file,file,file,file,file,file,file,file,file,file,file,file,file,file,file,file,file,file,file,file,file,file,file,file,file,file,file,file,file,file,file,file
ode23,measured,mfile,,file,file,file,file,file,file,file,file,file,file,file,file,file,file,file,file,file,file,file,file,file,file,file,file,file,file,file,file,file,file,file,file,file,file,file,file,file
ode23s,measured,mfile,,file,file,file,file,file,file,file,file,file,file,file,file,file,file,file,file,file,file,file,file,file,file,file,file,file,file,file,file,file,file,file,file,file,file,file,file,file
ode23t,measured,mfile,,file,file,file,file,file,file,file,file,file,file,file,file,file,file,file,file,file,file,file,file,file,file,file,file,file,file,file,file,file,file,file,file,file,file,file,file,file
ode23tb,measured,mfile,,file,file,file,file,file,file,file,file,file,file,file,file,file,file,file,file,file,file,file,file,file,file,file,file,file,file,file,file,file,file,file,file,file,file,file,file,file
ode45,measured,mfile,dlarray,file,file,file,file,file,file,file,file,file,file,file,file,file,file,file,file,file,file,file,file,file,file,file,file,file,file,file,file,file,file,file,file,file,file,file,file,file
ode78,measured,mfile,,file,file,file,file,file,file,file,file,file,file,file,file,file,file,file,file,file,file,file,file,file,file,file,file,file,file,file,file,file,file,file,file,file,file,file,file,file
ode89,measured,mfile,,file,file,file,file,file,file,file,file,file,file,file,file,file,file,file,file,file,file,file,file,file,file,file,file,file,file,file,file,file,file,file,file,file,file,file,file,file
odeget,measured,mfile,,file,file,file,file,file,file,file,file,file,file,file,file,file,file,file,file,file,file,file,file,file,file,file,file,file,file,file,file,file,file,file,file,file,file,file,file,file
odephas2,measured,mfile,,file,file,file,file,file,file,file,file,file,file,file,file,file,file,file,file,file,file,file,file,file,file,file,file,file,file,file,file,file,file,file,file,file,file,file,file,file
odephas3,measured,mfile,,file,file,file,file,file,file,file,file,file,file,file,file,file,file,file,file,file,file,file,file,file,file,file,file,file,file,file,file,file,file,file,file,file,file,file,file,file
odeplot,measured,mfile,,file,file,file,file,file,file,file,file,file,file,file,file,file,file,file,file,file,file,file,file,file,file,file,file,file,file,file,file,file,file,file,file,file,file,file,file,file
odeprint,measured,mfile,,file,file,file,file,file,file,file,file,file,file,file,file,file,file,file,file,file,file,file,file,file,file,file,file,file,file,file,file,file,file,file,file,file,file,file,file,file
odeset,measured,mfile,,file,file,file,file,file,file,file,file,file,file,file,file,file,file,file,file,file,file,file,file,file,file,file,file,file,file,file,file,file,file,file,file,file,file,file,file,file
odextend,measured,mfile,,file,file,file,file,file,file,file,file,file,file,file,file,file,file,file,file,file,file,file,file,file,file,file,file,file,file,file,file,file,file,file,file,file,file,file,file,file
offsetstrel,measured,mfile,,file,file,file,file,file,file,file,file,file,file,file,file,file,file,file,file,file,file,file,file,file,file,file,file,file,file,file,file,file,file,file,file,file,file,file,file,file
onehotdecode,measured,mfile,dlarray,file,file,file,file,file,file,file,file,file,file,file,file,file,file,file,file,file,file,file,file,file,file,file,file,file,file,file,file,file,file,file,file,file,file,file,file,file
onehotencode,measured,mfile,,file,file,file,file,file,file,file,file,file,file,file,file,file,file,file,file,file,file,file,file,file,file,file,file,file,file,file,file,file,file,file,file,file,file,file,file,file
ones,measured,builtin,codistributed;codistributor1d;codistributor2dbc;distributed;gpuArray;half;quaternion;se2;se3;so2;so3,file,file,file,file,file,file,file,file,file,file,file,file,file,file,file,file,file,file,file,file,file,file,file,file,file,file,file,file,file,file,file,file,file,file,file,file,file
open,measured,mfile,LegacyIcdevice;UpgradeAdvisor;function_handle;instrument;scribehandle;serial;vrworld,file,file,file,file,file,builtin-err,file,file,file,file,file,file,file,file,file,file,file,file,file,file,builtin-err,file,file,file,file,file,file,file,file,file,file,file,file,file,file,file,file
openfig,measured,mfile,,file,file,file,file,file,file,file,file,file,file,file,file,file,file,file,file,file,file,file,file,file,file,file,file,file,file,file,file,file,file,file,file,file,file,file,file,file
opengl,measured,builtin,,file,file,file,file,file,file,file,file,file,file,file,file,file,file,file,file,file,file,file,file,file,file,file,file,file,file,file,file,file,file,file,file,file,file,file,file,file
optimalleaforder,measured,none,,file,file,file,file,file,file,file,file,file,file,file,file,file,file,file,file,file,file,file,file,file,file,file,file,file,file,file,file,file,file,file,file,file,file,file,file,file
optimget,measured,mfile,,file,file,file,file,file,file,file,file,file,file,file,file,file,file,file,file,file,file,file,file,file,file,file,file,file,file,file,file,file,file,file,file,file,file,file,file,file
optimplotfunccount,measured,mfile,,file,file,file,file,file,file,file,file,file,file,file,file,file,file,file,file,file,file,file,file,file,file,file,file,file,file,file,file,file,file,file,file,file,file,file,file,file
optimplotfval,measured,mfile,,file,file,file,file,file,file,file,file,file,file,file,file,file,file,file,file,file,file,file,file,file,file,file,file,file,file,file,file,file,file,file,file,file,file,file,file,file
optimplotx,measured,mfile,,file,file,file,file,file,file,file,file,file,file,file,file,file,file,file,file,file,file,file,file,file,file,file,file,file,file,file,file,file,file,file,file,file,file,file,file,file
optimset,measured,mfile,cgoptimstore,file,file,file,file,file,file,file,file,file,file,file,file,file,file,file,file,file,file,file,file,file,file,file,file,file,file,file,file,file,file,file,file,file,file,file,file,file
or,measured,builtin,char;codistributed;conbase;conboolean;conrange;dlarray;double;gpuArray;half;int16;int32;int64;int8;logical;mtree;single;string;tabular;uint16;uint32;uint64;uint8,file,builtin-err,builtin-err,file,file,file,builtin-err,builtin-err,builtin-err,builtin-err,file,file,file,file,builtin,builtin-err,builtin-err,file,file,file,file,builtin,builtin,builtin,builtin,builtin,builtin,file,file,file,file,file,file,builtin-err,builtin-err,builtin-err,file
ordeig,measured,builtin,double;single,file,builtin,file,file,file,file,file,file,file,file,file,file,file,file,builtin,file,file,file,file,file,file,file,builtin-err,file,file,file,file,file,file,file,file,file,file,file,file,file,file
orderfields,measured,mfile,,file,file,file,file,file,file,file,file,file,file,file,file,file,file,file,file,file,file,file,file,file,file,file,file,file,file,file,file,file,file,file,file,file,file,file,file,file
orderspectrum,measured,mfile,,file,file,file,file,file,file,file,file,file,file,file,file,file,file,file,file,file,file,file,file,file,file,file,file,file,file,file,file,file,file,file,file,file,file,file,file,file
ordertrack,measured,mfile,,file,file,file,file,file,file,file,file,file,file,file,file,file,file,file,file,file,file,file,file,file,file,file,file,file,file,file,file,file,file,file,file,file,file,file,file,file
orderwaveform,measured,mfile,,file,file,file,file,file,file,file,file,file,file,file,file,file,file,file,file,file,file,file,file,file,file,file,file,file,file,file,file,file,file,file,file,file,file,file,file,file
ordfilt2,measured,mfile,,file,file,file,file,file,file,file,file,file,file,file,file,file,file,file,file,file,file,file,file,file,file,file,file,file,file,file,file,file,file,file,file,file,file,file,file,file
ordqz,measured,builtin,double;single,file,builtin-err,file,file,file,file,file,file,file,file,file,file,file,file,builtin-err,file,file,file,file,file,file,file,builtin-err,file,file,file,file,file,file,file,file,file,file,file,file,file,file
ordschur,measured,builtin,double;single,file,builtin-err,file,file,file,file,file,file,file,file,file,file,file,file,builtin-err,file,file,file,file,file,file,file,builtin-err,file,file,file,file,file,file,file,file,file,file,file,file,file,file
orient,measured,mfile,,file,file,file,file,file,file,file,file,file,file,file,file,file,file,file,file,file,file,file,file,file,file,file,file,file,file,file,file,file,file,file,file,file,file,file,file,file
orth,measured,mfile,distributed;sym,file,file,file,file,file,file,file,file,file,file,file,file,file,file,file,file,file,file,file,file,file,file,file,file,file,file,file,file,file,file,file,file,file,file,file,file,file
otf2psf,measured,mfile,,file,file,file,file,file,file,file,file,file,file,file,file,file,file,file,file,file,file,file,file,file,file,file,file,file,file,file,file,file,file,file,file,file,file,file,file,file
otsuthresh,measured,mfile,,file,file,file,file,file,file,file,file,file,file,file,file,file,file,file,file,file,file,file,file,file,file,file,file,file,file,file,file,file,file,file,file,file,file,file,file,file
overshoot,measured,mfile,,file,file,file,file,file,file,file,file,file,file,file,file,file,file,file,file,file,file,file,file,file,file,file,file,file,file,file,file,file,file,file,file,file,file,file,file,file
pack,measured,none,,file,file,file,file,file,file,file,file,file,file,file,file,file,file,file,file,file,file,file,file,file,file,file,file,file,file,file,file,file,file,file,file,file,file,file,file,file
pad,measured,mfile,codistributed;tall,file,file,builtin,file,file,file,file,file,file,file,file,file,file,file,file,file,builtin-err,file,file,file,file,file,file,file,builtin,file,file,file,file,file,file,file,file,builtin-err,file,file,file
padarray,measured,mfile,gpuArray,file,file,file,file,file,file,file,file,file,file,file,file,file,file,file,file,file,file,file,file,file,file,file,file,file,file,file,file,file,file,file,file,file,file,file,file,file
pagesetupdlg,measured,mfile,,file,file,file,file,file,file,file,file,file,file,file,file,file,file,file,file,file,file,file,file,file,file,file,file,file,file,file,file,file,file,file,file,file,file,file,file,file
pan,measured,mfile,,file,file,file,file,file,file,file,file,file,file,file,file,file,file,file,file,file,file,file,file,file,file,file,file,file,file,file,file,file,file,file,file,file,file,file,file,file
panInteraction,measured,mfile,,file,file,file,file,file,file,file,file,file,file,file,file,file,file,file,file,file,file,file,file,file,file,file,file,file,file,file,file,file,file,file,file,file,file,file,file,file
para2fan,measured,mfile,,file,file,file,file,file,file,file,file,file,file,file,file,file,file,file,file,file,file,file,file,file,file,file,file,file,file,file,file,file,file,file,file,file,file,file,file,file
parallelcoords,measured,none,,file,file,file,file,file,file,file,file,file,file,file,file,file,file,file,file,file,file,file,file,file,file,file,file,file,file,file,file,file,file,file,file,file,file,file,file,file
paramci,measured,none,,file,file,file,file,file,file,file,file,file,file,file,file,file,file,file,file,file,file,file,file,file,file,file,file,file,file,file,file,file,file,file,file,file,file,file,file,file
pareto,measured,mfile,,file,file,file,file,file,file,file,file,file,file,file,file,file,file,file,file,file,file,file,file,file,file,file,file,file,file,file,file,file,file,file,file,file,file,file,file,file
paretotails,measured,none,,file,file,file,file,file,file,file,file,file,file,file,file,file,file,file,file,file,file,file,file,file,file,file,file,file,file,file,file,file,file,file,file,file,file,file,file,file
partialcorr,measured,none,,file,file,file,file,file,file,file,file,file,file,file,file,file,file,file,file,file,file,file,file,file,file,file,file,file,file,file,file,file,file,file,file,file,file,file,file,file
partialcorri,measured,none,,file,file,file,file,file,file,file,file,file,file,file,file,file,file,file,file,file,file,file,file,file,file,file,file,file,file,file,file,file,file,file,file,file,file,file,file,file
parula,measured,mfile,,file,file,file,file,file,file,file,file,file,file,file,file,file,file,file,file,file,file,file,file,file,file,file,file,file,file,file,file,file,file,file,file,file,file,file,file,file
parzenwin,measured,mfile,,file,file,file,file,file,file,file,file,file,file,file,file,file,file,file,file,file,file,file,file,file,file,file,file,file,file,file,file,file,file,file,file,file,file,file,file,file
pascal,measured,mfile,,file,file,file,file,file,file,file,file,file,file,file,file,file,file,file,file,file,file,file,file,file,file,file,file,file,file,file,file,file,file,file,file,file,file,file,file,file
patch,measured,builtin,,file,file,file,file,file,file,file,file,file,file,file,file,file,file,file,file,file,file,file,file,file,file,file,file,file,file,file,file,file,file,file,file,file,file,file,file,file
path,measured,mfile,,file,file,file,file,file,file,file,file,file,file,file,file,file,file,file,file,file,file,file,file,file,file,file,file,file,file,file,file,file,file,file,file,file,file,file,file,file
pathsep,measured,mfile,,file,file,file,file,file,file,file,file,file,file,file,file,file,file,file,file,file,file,file,file,file,file,file,file,file,file,file,file,file,file,file,file,file,file,file,file,file
pause,measured,builtin,,file,file,file,file,file,file,file,file,file,file,file,file,file,file,file,file,file,file,file,file,file,file,file,file,file,file,file,file,file,file,file,file,file,file,file,file,file
pbaspect,measured,mfile,,file,file,file,file,file,file,file,file,file,file,file,file,file,file,file,file,file,file,file,file,file,file,file,file,file,file,file,file,file,file,file,file,file,file,file,file,file
pburg,measured,mfile,,file,file,file,file,file,file,file,file,file,file,file,file,file,file,file,file,file,file,file,file,file,file,file,file,file,file,file,file,file,file,file,file,file,file,file,file,file
pca,measured,none,,file,file,file,file,file,file,file,file,file,file,file,file,file,file,file,file,file,file,file,file,file,file,file,file,file,file,file,file,file,file,file,file,file,file,file,file,file
pcacov,measured,none,,file,file,file,file,file,file,file,file,file,file,file,file,file,file,file,file,file,file,file,file,file,file,file,file,file,file,file,file,file,file,file,file,file,file,file,file,file
pcares,measured,none,,file,file,file,file,file,file,file,file,file,file,file,file,file,file,file,file,file,file,file,file,file,file,file,file,file,file,file,file,file,file,file,file,file,file,file,file,file
pcg,measured,mfile,codistributed;gpuArray,file,file,file,file,file,file,file,file,file,file,file,file,file,file,file,file,file,file,file,file,file,file,file,file,file,file,file,file,file,file,file,file,file,file,file,file,file
pchip,measured,mfile,distributed,file,file,file,file,file,file,file,file,file,file,file,file,file,file,file,file,file,file,file,file,file,file,file,file,file,file,file,file,file,file,file,file,file,file,file,file,file
pcolor,measured,mfile,,file,file,file,file,file,file,file,file,file,file,file,file,file,file,file,file,file,file,file,file,file,file,file,file,file,file,file,file,file,file,file,file,file,file,file,file,file
pcov,measured,mfile,,file,file,file,file,file,file,file,file,file,file,file,file,file,file,file,file,file,file,file,file,file,file,file,file,file,file,file,file,file,file,file,file,file,file,file,file,file
pdepe,measured,mfile,,file,file,file,file,file,file,file,file,file,file,file,file,file,file,file,file,file,file,file,file,file,file,file,file,file,file,file,file,file,file,file,file,file,file,file,file,file
pdeval,measured,mfile,,file,file,file,file,file,file,file,file,file,file,file,file,file,file,file,file,file,file,file,file,file,file,file,file,file,file,file,file,file,file,file,file,file,file,file,file,file
pdf,measured,none,,file,file,file,file,file,file,file,file,file,file,file,file,file,file,file,file,file,file,file,file,file,file,file,file,file,file,file,file,file,file,file,file,file,file,file,file,file
pdist,measured,mfile,phytree,file,file,file,file,file,file,file,file,file,file,file,file,file,file,file,file,file,file,file,file,file,file,file,file,file,file,file,file,file,file,file,file,file,file,file,file,file
pdist2,measured,none,,file,file,file,file,file,file,file,file,file,file,file,file,file,file,file,file,file,file,file,file,file,file,file,file,file,file,file,file,file,file,file,file,file,file,file,file,file
peak2peak,measured,mfile,tall,file,file,file,file,file,file,file,file,file,file,file,file,file,file,file,file,file,file,file,file,file,file,file,file,file,file,file,file,file,file,file,file,file,file,file,file,file
peak2rms,measured,mfile,tall,file,file,file,file,file,file,file,file,file,file,file,file,file,file,file,file,file,file,file,file,file,file,file,file,file,file,file,file,file,file,file,file,file,file,file,file,file
peaks,measured,mfile,,file,file,file,file,file,file,file,file,file,file,file,file,file,file,file,file,file,file,file,file,file,file,file,file,file,file,file,file,file,file,file,file,file,file,file,file,file
pearsrnd,measured,none,,file,file,file,file,file,file,file,file,file,file,file,file,file,file,file,file,file,file,file,file,file,file,file,file,file,file,file,file,file,file,file,file,file,file,file,file,file
peig,measured,mfile,,file,file,file,file,file,file,file,file,file,file,file,file,file,file,file,file,file,file,file,file,file,file,file,file,file,file,file,file,file,file,file,file,file,file,file,file,file
percentile,measured,none,,file,file,file,file,file,file,file,file,file,file,file,file,file,file,file,file,file,file,file,file,file,file,file,file,file,file,file,file,file,file,file,file,file,file,file,file,file
perfcurve,measured,mfile,,file,file,file,file,file,file,file,file,file,file,file,file,file,file,file,file,file,file,file,file,file,file,file,file,file,file,file,file,file,file,file,file,file,file,file,file,file
periodogram,measured,mfile,gpuArray,file,file,file,file,file,file,file,file,file,file,file,file,file,file,file,file,file,file,file,file,file,file,file,file,file,file,file,file,file,file,file,file,file,file,file,file,file
perms,measured,mfile,distributed;sym,file,file,file,file,file,file,file,file,file,file,file,file,file,file,file,file,file,file,file,file,file,file,file,file,file,file,file,file,file,file,file,file,file,file,file,file,file
permute,measured,builtin,categorical;cell;char;codistributed;dlarray;double;gpuArray;half;int16;int32;int64;int8;logical;opaque;quaternion;se2;se3;single;so2;so3;string;struct;sym;tall;tokenizedDocument;uint16;uint32;uint64;uint8,file,builtin-err,builtin-err,builtin-err,builtin-err,file,builtin-err,builtin-err,builtin-err,builtin-err,builtin-err,builtin-err,builtin-err,builtin-err,builtin-err,file,builtin-err,builtin-err,builtin-err,builtin-err,file,builtin-err,builtin-err,builtin-err,builtin-err,builtin-err,builtin-err,builtin-err,builtin-err,builtin-err,builtin-err,builtin-err,builtin-err,builtin-err,file,file,builtin-err
phantom,measured,mfile,,file,file,file,file,file,file,file,file,file,file,file,file,file,file,file,file,file,file,file,file,file,file,file,file,file,file,file,file,file,file,file,file,file,file,file,file,file
phasedelay,measured,mfile,,file,file,file,file,file,file,file,file,file,file,file,file,file,file,file,file,file,file,file,file,file,file,file,file,file,file,file,file,file,file,file,file,file,file,file,file,file
phasez,measured,mfile,,file,file,file,file,file,file,file,file,file,file,file,file,file,file,file,file,file,file,file,file,file,file,file,file,file,file,file,file,file,file,file,file,file,file,file,file,file
pi,measured,builtin,,file,file,file,file,file,file,file,file,file,file,file,file,file,file,file,file,file,file,file,file,file,file,file,file,file,file,file,file,file,file,file,file,file,file,file,file,file
pie,measured,mfile,tall,file,file,file,file,file,file,file,file,file,file,file,file,file,file,file,file,file,file,file,file,file,file,file,file,file,file,file,file,file,file,file,file,file,file,file,file,file
pie3,measured,mfile,,file,file,file,file,file,file,file,file,file,file,file,file,file,file,file,file,file,file,file,file,file,file,file,file,file,file,file,file,file,file,file,file,file,file,file,file,file
PiecewiseLinearDistribution,measured,none,,file,file,file,file,file,file,file,file,file,file,file,file,file,file,file,file,file,file,file,file,file,file,file,file,file,file,file,file,file,file,file,file,file,file,file,file,file
pink,measured,mfile,,file,file,file,file,file,file,file,file,file,file,file,file,file,file,file,file,file,file,file,file,file,file,file,file,file,file,file,file,file,file,file,file,file,file,file,file,file
pinv,measured,mfile,dlarray;gpuArray;sym,file,file,file,file,file,file,file,file,file,file,file,file,file,file,file,file,file,file,file,file,file,file,file,file,file,file,file,file,file,file,file,file,file,file,file,file,file
planerot,measured,mfile,codistributed;gpuArray;symfun,file,file,file,file,file,file,file,file,file,file,file,file,file,file,file,file,file,file,file,file,file,file,file,file,file,file,file,file,file,file,file,file,file,file,file,file,file
plomb,measured,mfile,,file,file,file,file,file,file,file,file,file,file,file,file,file,file,file,file,file,file,file,file,file,file,file,file,file,file,file,file,file,file,file,file,file,file,file,file,file
plot,measured,builtin,HeatMap;alphaShape;blm;cfit;cgdatasetnode;cgrules;clustergram;conjugateblm;customblm;diffuseblm;digraph;drivingScenario;dtree;empiricalblm;esbacktest;eyeContour;eyeDiagramSI;eyeMask;frd;graph;iddata;idnlarx;idnlhw;lassoblm;localavfit;localmod;localmulti;mixconjugateblm;mixsemiconjugateblm;mpc;ntree;phytree;polyshape;propagationData;semiconjugateblm;sfit;sweepset;tall;timeseries;umargin;varbacktest;wdectree;xregmodel;xregtransient;xregtwostage,file,file,file,file,file,file,file,file,file,file,file,file,file,file,file,file,file,file,file,file,file,file,file,file,file,file,file,file,file,file,file,file,file,file,file,file,file
plot3,measured,builtin,,file,file,file,file,file,file,file,file,file,file,file,file,file,file,file,file,file,file,file,file,file,file,file,file,file,file,file,file,file,file,file,file,file,file,file,file,file
plotmatrix,measured,mfile,,file,file,file,file,file,file,file,file,file,file,file,file,file,file,file,file,file,file,file,file,file,file,file,file,file,file,file,file,file,file,file,file,file,file,file,file,file
plotyy,measured,mfile,,file,file,file,file,file,file,file,file,file,file,file,file,file,file,file,file,file,file,file,file,file,file,file,file,file,file,file,file,file,file,file,file,file,file,file,file,file
plsregress,measured,none,,file,file,file,file,file,file,file,file,file,file,file,file,file,file,file,file,file,file,file,file,file,file,file,file,file,file,file,file,file,file,file,file,file,file,file,file,file
plus,measured,builtin,InputOutputModel;LagOp;calendarDuration;char;codistributed;cvdata;datetime;dlarray;double;duration;emlhalf;gpuArray;icsignal;int16;int32;int64;int8;laurmat;laurpoly;logical;single;string;sym;tabular;tall;timeseries;uint16;uint32;uint64;uint8,file,builtin-err,builtin-err,file,file,file,builtin-err,builtin-err,builtin-err,builtin-err,builtin-err,builtin-err,file,file,builtin,builtin,builtin,file,file,file,file,builtin,builtin,builtin,builtin,builtin,builtin,builtin,builtin,builtin,file,file,file,builtin,builtin,builtin-err,file
pmcov,measured,mfile,,file,file,file,file,file,file,file,file,file,file,file,file,file,file,file,file,file,file,file,file,file,file,file,file,file,file,file,file,file,file,file,file,file,file,file,file,file
pmem,measured,mfile,,file,file,file,file,file,file,file,file,file,file,file,file,file,file,file,file,file,file,file,file,file,file,file,file,file,file,file,file,file,file,file,file,file,file,file,file,file
pmtm,measured,mfile,,file,file,file,file,file,file,file,file,file,file,file,file,file,file,file,file,file,file,file,file,file,file,file,file,file,file,file,file,file,file,file,file,file,file,file,file,file
pmusic,measured,mfile,,file,file,file,file,file,file,file,file,file,file,file,file,file,file,file,file,file,file,file,file,file,file,file,file,file,file,file,file,file,file,file,file,file,file,file,file,file
poisscdf,measured,none,,file,file,file,file,file,file,file,file,file,file,file,file,file,file,file,file,file,file,file,file,file,file,file,file,file,file,file,file,file,file,file,file,file,file,file,file,file
poissfit,measured,none,,file,file,file,file,file,file,file,file,file,file,file,file,file,file,file,file,file,file,file,file,file,file,file,file,file,file,file,file,file,file,file,file,file,file,file,file,file
poissinv,measured,none,,file,file,file,file,file,file,file,file,file,file,file,file,file,file,file,file,file,file,file,file,file,file,file,file,file,file,file,file,file,file,file,file,file,file,file,file,file
PoissonDistribution,measured,none,,file,file,file,file,file,file,file,file,file,file,file,file,file,file,file,file,file,file,file,file,file,file,file,file,file,file,file,file,file,file,file,file,file,file,file,file,file
poisspdf,measured,none,,file,file,file,file,file,file,file,file,file,file,file,file,file,file,file,file,file,file,file,file,file,file,file,file,file,file,file,file,file,file,file,file,file,file,file,file,file
poissrnd,measured,none,,file,file,file,file,file,file,file,file,file,file,file,file,file,file,file,file,file,file,file,file,file,file,file,file,file,file,file,file,file,file,file,file,file,file,file,file,file
poisstat,measured,none,,file,file,file,file,file,file,file,file,file,file,file,file,file,file,file,file,file,file,file,file,file,file,file,file,file,file,file,file,file,file,file,file,file,file,file,file,file
pol2cart,measured,mfile,distributed,file,file,file,file,file,file,file,file,file,file,file,file,file,file,file,file,file,file,file,file,file,file,file,file,file,file,file,file,file,file,file,file,file,file,file,file,file
polar,measured,mfile,,file,file,file,file,file,file,file,file,file,file,file,file,file,file,file,file,file,file,file,file,file,file,file,file,file,file,file,file,file,file,file,file,file,file,file,file,file
polaraxes,measured,builtin,,file,file,file,file,file,file,file,file,file,file,file,file,file,file,file,file,file,file,file,file,file,file,file,file,file,file,file,file,file,file,file,file,file,file,file,file,file
polarbubblechart,measured,mfile,,file,file,file,file,file,file,file,file,file,file,file,file,file,file,file,file,file,file,file,file,file,file,file,file,file,file,file,file,file,file,file,file,file,file,file,file,file
polarhistogram,measured,mfile,,file,file,file,file,file,file,file,file,file,file,file,file,file,file,file,file,file,file,file,file,file,file,file,file,file,file,file,file,file,file,file,file,file,file,file,file,file
polarplot,measured,mfile,,file,file,file,file,file,file,file,file,file,file,file,file,file,file,file,file,file,file,file,file,file,file,file,file,file,file,file,file,file,file,file,file,file,file,file,file,file
polarscatter,measured,mfile,,file,file,file,file,file,file,file,file,file,file,file,file,file,file,file,file,file,file,file,file,file,file,file,file,file,file,file,file,file,file,file,file,file,file,file,file,file
poly,measured,mfile,gpuArray;sym,file,file,file,file,file,file,file,file,file,file,file,file,file,file,file,file,file,file,file,file,file,file,file,file,file,file,file,file,file,file,file,file,file,file,file,file,file
poly2ac,measured,mfile,,file,file,file,file,file,file,file,file,file,file,file,file,file,file,file,file,file,file,file,file,file,file,file,file,file,file,file,file,file,file,file,file,file,file,file,file,file
poly2label,measured,mfile,,file,file,file,file,file,file,file,file,file,file,file,file,file,file,file,file,file,file,file,file,file,file,file,file,file,file,file,file,file,file,file,file,file,file,file,file,file
poly2lsf,measured,mfile,,file,file,file,file,file,file,file,file,file,file,file,file,file,file,file,file,file,file,file,file,file,file,file,file,file,file,file,file,file,file,file,file,file,file,file,file,file
poly2mask,measured,mfile,,file,file,file,file,file,file,file,file,file,file,file,file,file,file,file,file,file,file,file,file,file,file,file,file,file,file,file,file,file,file,file,file,file,file,file,file,file
poly2rc,measured,mfile,,file,file,file,file,file,file,file,file,file,file,file,file,file,file,file,file,file,file,file,file,file,file,file,file,file,file,file,file,file,file,file,file,file,file,file,file,file
polyarea,measured,mfile,distributed,file,file,file,file,file,file,file,file,file,file,file,file,file,file,file,file,file,file,file,file,file,file,file,file,file,file,file,file,file,file,file,file,file,file,file,file,file
polyconf,measured,none,,file,file,file,file,file,file,file,file,file,file,file,file,file,file,file,file,file,file,file,file,file,file,file,file,file,file,file,file,file,file,file,file,file,file,file,file,file
polyder,measured,mfile,gpuArray,file,file,file,file,file,file,file,file,file,file,file,file,file,file,file,file,file,file,file,file,file,file,file,file,file,file,file,file,file,file,file,file,file,file,file,file,file
polyeig,measured,mfile,,file,file,file,file,file,file,file,file,file,file,file,file,file,file,file,file,file,file,file,file,file,file,file,file,file,file,file,file,file,file,file,file,file,file,file,file,file
polyfit,measured,mfile,codistributed;gpuArray;tall,file,file,file,file,file,file,file,file,file,file,file,file,file,file,file,file,file,file,file,file,file,file,file,file,file,file,file,file,file,file,file,file,file,file,file,file,file
polyint,measured,mfile,distributed,file,file,file,file,file,file,file,file,file,file,file,file,file,file,file,file,file,file,file,file,file,file,file,file,file,file,file,file,file,file,file,file,file,file,file,file,file
polyscale,measured,mfile,,file,file,file,file,file,file,file,file,file,file,file,file,file,file,file,file,file,file,file,file,file,file,file,file,file,file,file,file,file,file,file,file,file,file,file,file,file
polystab,measured,mfile,,file,file,file,file,file,file,file,file,file,file,file,file,file,file,file,file,file,file,file,file,file,file,file,file,file,file,file,file,file,file,file,file,file,file,file,file,file
polyval,measured,mfile,codistributed;gpuArray;tall,file,file,file,file,file,file,file,file,file,file,file,file,file,file,file,file,file,file,file,file,file,file,file,file,file,file,file,file,file,file,file,file,file,file,file,file,file
polyvalm,measured,mfile,codistributed;gpuArray,file,file,file,file,file,file,file,file,file,file,file,file,file,file,file,file,file,file,file,file,file,file,file,file,file,file,file,file,file,file,file,file,file,file,file,file,file
posixtime,measured,mfile,codistributed;tall,file,file,file,file,file,file,file,file,file,file,builtin,file,file,file,file,file,file,file,file,file,file,file,file,file,file,file,file,builtin-err,builtin-err,file,file,file,file,file,file,file,file
pow,measured,none,,file,file,file,file,file,file,file,file,file,file,file,file,file,file,file,file,file,file,file,file,file,file,file,file,file,file,file,file,file,file,file,file,file,file,file,file,file
pow2,measured,builtin,codistributed;double;gpuArray;half;single;tabular,file,builtin,file,file,file,file,file,file,file,builtin,file,file,file,file,builtin,file,file,file,file,file,file,file,builtin-err,file,file,builtin,builtin,file,file,file,file,file,file,file,file,file,file
pow2db,measured,mfile,,file,file,file,file,file,file,file,file,file,file,file,file,file,file,file,file,file,file,file,file,file,file,file,file,file,file,file,file,file,file,file,file,file,file,file,file,file
power,measured,builtin,char;codistributed;dlarray;double;gpuArray;half;int16;int32;int64;int8;logical;quaternion;single;tabular;uint16;uint32;uint64;uint8;xregcovariance,file,builtin-err,file,file,file,file,builtin-err,builtin-err,builtin-err,builtin-err,file,file,file,file,builtin,file,file,file,file,file,file,builtin-err,builtin,builtin,file,builtin,builtin,file,file,file,file,file,file,file,file,file,file
powerbw,measured,mfile,,file,file,file,file,file,file,file,file,file,file,file,file,file,file,file,file,file,file,file,file,file,file,file,file,file,file,file,file,file,file,file,file,file,file,file,file,file
ppca,measured,none,,file,file,file,file,file,file,file,file,file,file,file,file,file,file,file,file,file,file,file,file,file,file,file,file,file,file,file,file,file,file,file,file,file,file,file,file,file
ppval,measured,mfile,,file,file,file,file,file,file,file,file,file,file,file,file,file,file,file,file,file,file,file,file,file,file,file,file,file,file,file,file,file,file,file,file,file,file,file,file,file
prctile,measured,mfile,distributed;tall,file,file,file,file,file,file,file,file,file,file,file,file,file,file,file,file,file,file,file,file,file,file,file,file,file,file,file,file,file,file,file,file,file,file,file,file,file
primes,measured,mfile,symfun,file,file,file,file,file,file,file,file,file,file,file,file,file,file,file,file,file,file,file,file,file,file,file,file,file,file,file,file,file,file,file,file,file,file,file,file,file
print,measured,mfile,mdev_local;modeldev,file,file,file,file,file,file,file,file,file,file,file,file,file,file,file,file,file,file,file,file,file,file,file,file,file,file,file,file,file,file,file,file,file,file,file,file,file
printdlg,measured,mfile,,file,file,file,file,file,file,file,file,file,file,file,file,file,file,file,file,file,file,file,file,file,file,file,file,file,file,file,file,file,file,file,file,file,file,file,file,file
printpreview,measured,mfile,,file,file,file,file,file,file,file,file,file,file,file,file,file,file,file,file,file,file,file,file,file,file,file,file,file,file,file,file,file,file,file,file,file,file,file,file,file
prism,measured,mfile,,file,file,file,file,file,file,file,file,file,file,file,file,file,file,file,file,file,file,file,file,file,file,file,file,file,file,file,file,file,file,file,file,file,file,file,file,file
probplot,measured,none,,file,file,file,file,file,file,file,file,file,file,file,file,file,file,file,file,file,file,file,file,file,file,file,file,file,file,file,file,file,file,file,file,file,file,file,file,file
procrustes,measured,none,,file,file,file,file,file,file,file,file,file,file,file,file,file,file,file,file,file,file,file,file,file,file,file,file,file,file,file,file,file,file,file,file,file,file,file,file,file
prod,measured,builtin,codistributed;dlarray;double;gpuArray;half;int16;int32;int64;int8;laurmat;laurpoly;logical;single;sym;tabular;tall;uint16;uint32;uint64;uint8,file,builtin,file,file,file,file,file,builtin,builtin,builtin,file,file,file,file,builtin-err,file,file,file,file,file,file,builtin-err,builtin-err,file,file,builtin-err,builtin-err,file,file,file,file,file,file,file,file,file,file
proflik,measured,none,,file,file,file,file,file,file,file,file,file,file,file,file,file,file,file,file,file,file,file,file,file,file,file,file,file,file,file,file,file,file,file,file,file,file,file,file,file
projective2d,measured,mfile,,file,file,file,file,file,file,file,file,file,file,file,file,file,file,file,file,file,file,file,file,file,file,file,file,file,file,file,file,file,file,file,file,file,file,file,file,file
prony,measured,mfile,,file,file,file,file,file,file,file,file,file,file,file,file,file,file,file,file,file,file,file,file,file,file,file,file,file,file,file,file,file,file,file,file,file,file,file,file,file
properties,measured,builtin,codistributed;conbase;conconvexhull;conellipsoid;conrange;constar;conswitch;contwostage;tall;tscollection;xregbdrydev;xregbdrynode;xregbdryroot,file,file,file,file,file,file,file,file,file,builtin,file,file,file,file,file,file,file,file,file,file,file,file,file,file,file,builtin-err,builtin-err,file,file,file,file,file,file,file,file,file,file
psd,measured,mfile,,file,file,file,file,file,file,file,file,file,file,file,file,file,file,file,file,file,file,file,file,file,file,file,file,file,file,file,file,file,file,file,file,file,file,file,file,file
psf2otf,measured,mfile,,file,file,file,file,file,file,file,file,file,file,file,file,file,file,file,file,file,file,file,file,file,file,file,file,file,file,file,file,file,file,file,file,file,file,file,file,file
psi,measured,builtin,codistributed;double;gpuArray;single;sym;tall,file,builtin,file,file,file,file,file,file,file,file,file,file,file,file,builtin-err,file,file,file,file,file,file,file,builtin-err,file,file,file,file,file,file,file,file,file,file,file,file,file,file
psnr,measured,mfile,dlarray,file,file,file,file,file,file,file,file,file,file,file,file,file,file,file,file,file,file,file,file,file,file,file,file,file,file,file,file,file,file,file,file,file,file,file,file,file
pulseperiod,measured,mfile,,file,file,file,file,file,file,file,file,file,file,file,file,file,file,file,file,file,file,file,file,file,file,file,file,file,file,file,file,file,file,file,file,file,file,file,file,file
pulsesep,measured,mfile,,file,file,file,file,file,file,file,file,file,file,file,file,file,file,file,file,file,file,file,file,file,file,file,file,file,file,file,file,file,file,file,file,file,file,file,file,file
pulsewidth,measured,mfile,,file,file,file,file,file,file,file,file,file,file,file,file,file,file,file,file,file,file,file,file,file,file,file,file,file,file,file,file,file,file,file,file,file,file,file,file,file
pulstran,measured,mfile,,file,file,file,file,file,file,file,file,file,file,file,file,file,file,file,file,file,file,file,file,file,file,file,file,file,file,file,file,file,file,file,file,file,file,file,file,file
pwd,measured,mfile,,file,file,file,file,file,file,file,file,file,file,file,file,file,file,file,file,file,file,file,file,file,file,file,file,file,file,file,file,file,file,file,file,file,file,file,file,file
pwelch,measured,mfile,gpuArray;tall,file,file,file,file,file,file,file,file,file,file,file,file,file,file,file,file,file,file,file,file,file,file,file,file,file,file,file,file,file,file,file,file,file,file,file,file,file
pyulear,measured,mfile,,file,file,file,file,file,file,file,file,file,file,file,file,file,file,file,file,file,file,file,file,file,file,file,file,file,file,file,file,file,file,file,file,file,file,file,file,file
qmr,measured,mfile,codistributed;gpuArray,file,file,file,file,file,file,file,file,file,file,file,file,file,file,file,file,file,file,file,file,file,file,file,file,file,file,file,file,file,file,file,file,file,file,file,file,file
qqplot,measured,none,,file,file,file,file,file,file,file,file,file,file,file,file,file,file,file,file,file,file,file,file,file,file,file,file,file,file,file,file,file,file,file,file,file,file,file,file,file
qr,measured,builtin,codistributed;double;gpuArray;single;sym,file,builtin,file,file,file,file,file,file,file,file,file,file,file,file,builtin-err,file,file,file,file,file,file,file,builtin-err,file,file,file,file,file,file,file,file,file,file,file,file,file,file
qrdelete,measured,mfile,xreglinear,file,file,file,file,file,file,file,file,file,file,file,file,file,file,file,file,file,file,file,file,file,file,file,file,file,file,file,file,file,file,file,file,file,file,file,file,file
qrinsert,measured,mfile,,file,file,file,file,file,file,file,file,file,file,file,file,file,file,file,file,file,file,file,file,file,file,file,file,file,file,file,file,file,file,file,file,file,file,file,file,file
qrupdate,measured,builtin,double;single,file,builtin-err,file,file,file,file,file,file,file,file,file,file,file,file,builtin-err,file,file,file,file,file,file,file,builtin-err,file,file,file,file,file,file,file,file,file,file,file,file,file,file
qtdecomp,measured,mfile,,file,file,file,file,file,file,file,file,file,file,file,file,file,file,file,file,file,file,file,file,file,file,file,file,file,file,file,file,file,file,file,file,file,file,file,file,file
qtgetblk,measured,mfile,,file,file,file,file,file,file,file,file,file,file,file,file,file,file,file,file,file,file,file,file,file,file,file,file,file,file,file,file,file,file,file,file,file,file,file,file,file
qtsetblk,measured,mfile,,file,file,file,file,file,file,file,file,file,file,file,file,file,file,file,file,file,file,file,file,file,file,file,file,file,file,file,file,file,file,file,file,file,file,file,file,file
quad,measured,mfile,,file,file,file,file,file,file,file,file,file,file,file,file,file,file,file,file,file,file,file,file,file,file,file,file,file,file,file,file,file,file,file,file,file,file,file,file,file
quad2d,measured,mfile,sfit,file,file,file,file,file,file,file,file,file,file,file,file,file,file,file,file,file,file,file,file,file,file,file,file,file,file,file,file,file,file,file,file,file,file,file,file,file
quadgk,measured,mfile,,file,file,file,file,file,file,file,file,file,file,file,file,file,file,file,file,file,file,file,file,file,file,file,file,file,file,file,file,file,file,file,file,file,file,file,file,file
quadl,measured,mfile,,file,file,file,file,file,file,file,file,file,file,file,file,file,file,file,file,file,file,file,file,file,file,file,file,file,file,file,file,file,file,file,file,file,file,file,file,file
quadv,measured,mfile,,file,file,file,file,file,file,file,file,file,file,file,file,file,file,file,file,file,file,file,file,file,file,file,file,file,file,file,file,file,file,file,file,file,file,file,file,file
quantile,measured,mfile,esbacktestbysim,file,file,file,file,file,file,file,file,file,file,file,file,file,file,file,file,file,file,file,file,file,file,file,file,file,file,file,file,file,file,file,file,file,file,file,file,file
quarter,measured,mfile,codistributed;tall,file,file,file,file,file,file,file,file,file,file,builtin,file,file,file,file,file,file,file,file,file,file,file,file,file,file,file,file,builtin-err,builtin-err,file,file,file,file,file,file,file,file
quit,measured,builtin,,file,file,file,file,file,file,file,file,file,file,file,file,file,file,file,file,file,file,file,file,file,file,file,file,file,file,file,file,file,file,file,file,file,file,file,file,file
quiver,measured,mfile,,file,file,file,file,file,file,file,file,file,file,file,file,file,file,file,file,file,file,file,file,file,file,file,file,file,file,file,file,file,file,file,file,file,file,file,file,file
quiver3,measured,mfile,,file,file,file,file,file,file,file,file,file,file,file,file,file,file,file,file,file,file,file,file,file,file,file,file,file,file,file,file,file,file,file,file,file,file,file,file,file
qz,measured,builtin,double;single,file,builtin-err,file,file,file,file,file,file,file,file,file,file,file,file,builtin,file,file,file,file,file,file,file,builtin-err,file,file,file,file,file,file,file,file,file,file,file,file,file,file
rad2deg,measured,mfile,codistributed;gpuArray;sym,file,file,file,file,file,file,file,file,file,file,file,file,file,file,file,file,file,file,file,file,file,file,file,file,file,file,file,file,file,file,file,file,file,file,file,file,file
radon,measured,mfile,gpuArray,file,file,file,file,file,file,file,file,file,file,file,file,file,file,file,file,file,file,file,file,file,file,file,file,file,file,file,file,file,file,file,file,file,file,file,file,file
rainflow,measured,mfile,,file,file,file,file,file,file,file,file,file,file,file,file,file,file,file,file,file,file,file,file,file,file,file,file,file,file,file,file,file,file,file,file,file,file,file,file,file
rand,measured,builtin,RandStream;codistributed;codistributor1d;codistributor2dbc;distributed;gpuArray,file,file,file,file,file,file,file,file,file,file,file,file,file,file,file,file,file,file,file,file,file,file,file,file,file,file,file,file,file,file,file,file,file,file,file,file,file
randg,measured,builtin,,file,file,file,file,file,file,file,file,file,file,file,file,file,file,file,file,file,file,file,file,file,file,file,file,file,file,file,file,file,file,file,file,file,file,file,file,file
randi,measured,builtin,RandStream;codistributed;codistributor1d;codistributor2dbc;distributed;gpuArray,file,file,file,file,file,file,file,file,file,file,file,file,file,file,file,file,file,file,file,file,file,file,file,file,file,file,file,file,file,file,file,file,file,file,file,file,file
randn,measured,builtin,RandStream;codistributed;codistributor1d;codistributor2dbc;distributed;gpuArray,file,file,file,file,file,file,file,file,file,file,file,file,file,file,file,file,file,file,file,file,file,file,file,file,file,file,file,file,file,file,file,file,file,file,file,file,file
random,measured,none,,file,file,file,file,file,file,file,file,file,file,file,file,file,file,file,file,file,file,file,file,file,file,file,file,file,file,file,file,file,file,file,file,file,file,file,file,file
randperm,measured,builtin,RandStream;gpuArray,file,file,file,file,file,file,file,file,file,file,file,file,file,file,file,file,file,file,file,file,file,file,file,file,file,file,file,file,file,file,file,file,file,file,file,file,file
randsample,measured,none,,file,file,file,file,file,file,file,file,file,file,file,file,file,file,file,file,file,file,file,file,file,file,file,file,file,file,file,file,file,file,file,file,file,file,file,file,file
range,measured,mfile,sweepset;txsite;xregexportmodel;xregmodel,file,file,file,file,file,file,file,file,file,file,file,file,file,file,file,file,file,file,file,file,file,file,file,file,file,file,file,file,file,file,file,file,file,file,file,file,file
rangefilt,measured,mfile,,file,file,file,file,file,file,file,file,file,file,file,file,file,file,file,file,file,file,file,file,file,file,file,file,file,file,file,file,file,file,file,file,file,file,file,file,file
rangesearch,measured,mfile,KDTreeSearcher,file,file,file,file,file,file,file,file,file,file,file,file,file,file,file,file,file,file,file,file,file,file,file,file,file,file,file,file,file,file,file,file,file,file,file,file,file
rank,measured,mfile,distributed;sym;xregdesign,file,file,file,file,file,file,file,file,file,file,file,file,file,file,file,file,file,file,file,file,file,file,file,file,file,file,file,file,file,file,file,file,file,file,file,file,file
ranksum,measured,none,,file,file,file,file,file,file,file,file,file,file,file,file,file,file,file,file,file,file,file,file,file,file,file,file,file,file,file,file,file,file,file,file,file,file,file,file,file
rat,measured,mfile,sym,file,file,file,file,file,file,file,file,file,file,file,file,file,file,file,file,file,file,file,file,file,file,file,file,file,file,file,file,file,file,file,file,file,file,file,file,file
rats,measured,mfile,,file,file,file,file,file,file,file,file,file,file,file,file,file,file,file,file,file,file,file,file,file,file,file,file,file,file,file,file,file,file,file,file,file,file,file,file,file
raylcdf,measured,none,,file,file,file,file,file,file,file,file,file,file,file,file,file,file,file,file,file,file,file,file,file,file,file,file,file,file,file,file,file,file,file,file,file,file,file,file,file
RayleighDistribution,measured,none,,file,file,file,file,file,file,file,file,file,file,file,file,file,file,file,file,file,file,file,file,file,file,file,file,file,file,file,file,file,file,file,file,file,file,file,file,file
raylfit,measured,none,,file,file,file,file,file,file,file,file,file,file,file,file,file,file,file,file,file,file,file,file,file,file,file,file,file,file,file,file,file,file,file,file,file,file,file,file,file
raylinv,measured,none,,file,file,file,file,file,file,file,file,file,file,file,file,file,file,file,file,file,file,file,file,file,file,file,file,file,file,file,file,file,file,file,file,file,file,file,file,file
raylpdf,measured,none,,file,file,file,file,file,file,file,file,file,file,file,file,file,file,file,file,file,file,file,file,file,file,file,file,file,file,file,file,file,file,file,file,file,file,file,file,file
raylrnd,measured,none,,file,file,file,file,file,file,file,file,file,file,file,file,file,file,file,file,file,file,file,file,file,file,file,file,file,file,file,file,file,file,file,file,file,file,file,file,file
raylstat,measured,none,,file,file,file,file,file,file,file,file,file,file,file,file,file,file,file,file,file,file,file,file,file,file,file,file,file,file,file,file,file,file,file,file,file,file,file,file,file
rc2ac,measured,mfile,,file,file,file,file,file,file,file,file,file,file,file,file,file,file,file,file,file,file,file,file,file,file,file,file,file,file,file,file,file,file,file,file,file,file,file,file,file
rc2is,measured,mfile,,file,file,file,file,file,file,file,file,file,file,file,file,file,file,file,file,file,file,file,file,file,file,file,file,file,file,file,file,file,file,file,file,file,file,file,file,file
rc2lar,measured,mfile,,file,file,file,file,file,file,file,file,file,file,file,file,file,file,file,file,file,file,file,file,file,file,file,file,file,file,file,file,file,file,file,file,file,file,file,file,file
rc2poly,measured,mfile,,file,file,file,file,file,file,file,file,file,file,file,file,file,file,file,file,file,file,file,file,file,file,file,file,file,file,file,file,file,file,file,file,file,file,file,file,file
rceps,measured,mfile,,file,file,file,file,file,file,file,file,file,file,file,file,file,file,file,file,file,file,file,file,file,file,file,file,file,file,file,file,file,file,file,file,file,file,file,file,file
rcond,measured,builtin,double;frd;single,file,builtin,file,file,file,file,file,file,file,file,file,file,file,file,builtin-err,file,file,file,file,file,file,file,builtin-err,file,file,file,file,file,file,file,file,file,file,file,file,file,file
rcoplot,measured,none,,file,file,file,file,file,file,file,file,file,file,file,file,file,file,file,file,file,file,file,file,file,file,file,file,file,file,file,file,file,file,file,file,file,file,file,file,file
rcosdesign,measured,mfile,,file,file,file,file,file,file,file,file,file,file,file,file,file,file,file,file,file,file,file,file,file,file,file,file,file,file,file,file,file,file,file,file,file,file,file,file,file
rdivide,measured,builtin,char;codistributed;dlarray;double;duration;emlhalf;gpuArray;int16;int32;int64;int8;logical;quaternion;single;tabular;tall;timeseries;uint16;uint32;uint64;uint8,file,builtin-err,file,file,file,file,builtin-err,builtin-err,builtin-err,builtin-err,file,builtin-err,file,file,builtin,file,file,file,file,file,file,builtin,builtin,builtin,file,builtin,builtin,file,file,builtin-err,file,file,file,file,file,file,file
readcell,measured,mfile,,file,file,file,file,file,file,file,file,file,file,file,file,file,file,file,file,file,file,file,file,file,file,file,file,file,file,file,file,file,file,file,file,file,file,file,file,file
readcsv,measured,none,,file,file,file,file,file,file,file,file,file,file,file,file,file,file,file,file,file,file,file,file,file,file,file,file,file,file,file,file,file,file,file,file,file,file,file,file,file
readlines,measured,mfile,,file,file,file,file,file,file,file,file,file,file,file,file,file,file,file,file,file,file,file,file,file,file,file,file,file,file,file,file,file,file,file,file,file,file,file,file,file
readmatrix,measured,mfile,,file,file,file,file,file,file,file,file,file,file,file,file,file,file,file,file,file,file,file,file,file,file,file,file,file,file,file,file,file,file,file,file,file,file,file,file,file
readtable,measured,mfile,,file,file,file,file,file,file,file,file,file,file,file,file,file,file,file,file,file,file,file,file,file,file,file,file,file,file,file,file,file,file,file,file,file,file,file,file,file
readtimetable,measured,mfile,,file,file,file,file,file,file,file,file,file,file,file,file,file,file,file,file,file,file,file,file,file,file,file,file,file,file,file,file,file,file,file,file,file,file,file,file,file
readxlsx,measured,none,,file,file,file,file,file,file,file,file,file,file,file,file,file,file,file,file,file,file,file,file,file,file,file,file,file,file,file,file,file,file,file,file,file,file,file,file,file
real,measured,builtin,char;codistributed;dlarray;double;gpuArray;int16;int32;int64;int8;logical;single;sym;uint16;uint32;uint64;uint8,file,builtin,file,file,file,file,builtin,builtin,builtin,file,file,file,file,file,builtin-err,file,file,file,file,file,file,builtin-err,builtin-err,builtin-err,file,file,file,file,file,file,file,file,file,file,file,file,file
reallog,measured,mfile,codistributed;dlarray;gpuArray;tabular,file,file,file,file,file,file,file,file,file,builtin-err,file,file,file,file,file,file,file,file,file,file,file,file,file,file,file,builtin-err,builtin-err,file,file,file,file,file,file,file,file,file,file
realmax,measured,builtin,half,file,file,file,file,file,file,file,file,file,file,file,file,file,file,file,file,file,file,file,file,file,file,file,file,file,file,file,file,file,file,file,file,file,file,file,file,file
realmin,measured,builtin,half,file,file,file,file,file,file,file,file,file,file,file,file,file,file,file,file,file,file,file,file,file,file,file,file,file,file,file,file,file,file,file,file,file,file,file,file,file
realpow,measured,mfile,codistributed;dlarray;gpuArray;tabular,file,file,file,file,file,file,file,file,file,builtin-err,file,file,file,file,file,file,file,file,file,file,file,file,file,file,file,builtin-err,builtin-err,file,file,file,file,file,file,file,file,file,file
realsqrt,measured,mfile,codistributed;dlarray;gpuArray;tabular,file,file,file,file,file,file,file,file,file,builtin-err,file,file,file,file,file,file,file,file,file,file,file,file,file,file,file,builtin-err,builtin-err,file,file,file,file,file,file,file,file,file,file
rectangle,measured,builtin,,file,file,file,file,file,file,file,file,file,file,file,file,file,file,file,file,file,file,file,file,file,file,file,file,file,file,file,file,file,file,file,file,file,file,file,file,file
rectint,measured,mfile,distributed,file,file,file,file,file,file,file,file,file,file,file,file,file,file,file,file,file,file,file,file,file,file,file,file,file,file,file,file,file,file,file,file,file,file,file,file,file
rectpuls,measured,mfile,,file,file,file,file,file,file,file,file,file,file,file,file,file,file,file,file,file,file,file,file,file,file,file,file,file,file,file,file,file,file,file,file,file,file,file,file,file
rectwin,measured,mfile,,file,file,file,file,file,file,file,file,file,file,file,file,file,file,file,file,file,file,file,file,file,file,file,file,file,file,file,file,file,file,file,file,file,file,file,file,file
recycle,measured,builtin,,file,file,file,file,file,file,file,file,file,file,file,file,file,file,file,file,file,file,file,file,file,file,file,file,file,file,file,file,file,file,file,file,file,file,file,file,file
reducepatch,measured,mfile,,file,file,file,file,file,file,file,file,file,file,file,file,file,file,file,file,file,file,file,file,file,file,file,file,file,file,file,file,file,file,file,file,file,file,file,file,file
reducepoly,measured,mfile,,file,file,file,file,file,file,file,file,file,file,file,file,file,file,file,file,file,file,file,file,file,file,file,file,file,file,file,file,file,file,file,file,file,file,file,file,file
reducevolume,measured,mfile,,file,file,file,file,file,file,file,file,file,file,file,file,file,file,file,file,file,file,file,file,file,file,file,file,file,file,file,file,file,file,file,file,file,file,file,file,file
refcurve,measured,none,,file,file,file,file,file,file,file,file,file,file,file,file,file,file,file,file,file,file,file,file,file,file,file,file,file,file,file,file,file,file,file,file,file,file,file,file,file
refline,measured,none,,file,file,file,file,file,file,file,file,file,file,file,file,file,file,file,file,file,file,file,file,file,file,file,file,file,file,file,file,file,file,file,file,file,file,file,file,file
refresh,measured,mfile,slCustomizer,file,file,file,file,file,file,file,file,file,file,file,file,file,file,file,file,file,file,file,file,file,file,file,file,file,file,file,file,file,file,file,file,file,file,file,file,file
refreshdata,measured,mfile,,file,file,file,file,file,file,file,file,file,file,file,file,file,file,file,file,file,file,file,file,file,file,file,file,file,file,file,file,file,file,file,file,file,file,file,file,file
regexp,measured,builtin,,file,file,file,file,file,file,file,file,file,file,file,file,file,file,file,file,file,file,file,file,file,file,file,file,file,file,file,file,file,file,file,file,file,file,file,file,file
regexpi,measured,builtin,,file,file,file,file,file,file,file,file,file,file,file,file,file,file,file,file,file,file,file,file,file,file,file,file,file,file,file,file,file,file,file,file,file,file,file,file,file
regexprep,measured,builtin,tall,file,file,file,file,file,file,file,file,file,file,file,file,file,file,file,file,file,file,file,file,file,file,file,file,file,file,file,file,file,file,file,file,file,file,file,file,file
regexptranslate,measured,builtin,,file,file,file,file,file,file,file,file,file,file,file,file,file,file,file,file,file,file,file,file,file,file,file,file,file,file,file,file,file,file,file,file,file,file,file,file,file
regionfill,measured,mfile,,file,file,file,file,file,file,file,file,file,file,file,file,file,file,file,file,file,file,file,file,file,file,file,file,file,file,file,file,file,file,file,file,file,file,file,file,file
regionprops,measured,mfile,gpuArray,file,file,file,file,file,file,file,file,file,file,file,file,file,file,file,file,file,file,file,file,file,file,file,file,file,file,file,file,file,file,file,file,file,file,file,file,file
regionprops3,measured,mfile,,file,file,file,file,file,file,file,file,file,file,file,file,file,file,file,file,file,file,file,file,file,file,file,file,file,file,file,file,file,file,file,file,file,file,file,file,file
regionZoomInteraction,measured,mfile,,file,file,file,file,file,file,file,file,file,file,file,file,file,file,file,file,file,file,file,file,file,file,file,file,file,file,file,file,file,file,file,file,file,file,file,file,file
regress,measured,none,,file,file,file,file,file,file,file,file,file,file,file,file,file,file,file,file,file,file,file,file,file,file,file,file,file,file,file,file,file,file,file,file,file,file,file,file,file
regstats,measured,none,,file,file,file,file,file,file,file,file,file,file,file,file,file,file,file,file,file,file,file,file,file,file,file,file,file,file,file,file,file,file,file,file,file,file,file,file,file
rehash,measured,builtin,csetinterface,file,file,file,file,file,file,file,file,file,file,file,file,file,file,file,file,file,file,file,file,file,file,file,file,file,file,file,file,file,file,file,file,file,file,file,file,file
rem,measured,builtin,char;codistributed;double;gpuArray;half;int16;int32;int64;int8;logical;single;sym;tabular;uint16;uint32;uint64;uint8,file,builtin-err,file,file,file,file,builtin-err,builtin-err,builtin-err,builtin-err,file,builtin-err,file,file,builtin,file,file,file,file,file,file,builtin,builtin,builtin,file,builtin,builtin,file,file,builtin,file,file,file,file,file,file,file
remez,measured,mfile,,file,file,file,file,file,file,file,file,file,file,file,file,file,file,file,file,file,file,file,file,file,file,file,file,file,file,file,file,file,file,file,file,file,file,file,file,file
remezord,measured,mfile,,file,file,file,file,file,file,file,file,file,file,file,file,file,file,file,file,file,file,file,file,file,file,file,file,file,file,file,file,file,file,file,file,file,file,file,file,file
remove,measured,other,SimData;cgddnode;iviconfigurationstore;xregcardlayout;xregcontainer;xreglistctrl;xregmulti;xregtransient;xregusermod,file,file,file,file,file,file,file,file,file,file,file,file,file,builtin-err,file,file,file,file,file,file,file,file,file,file,file,file,file,file,file,file,file,file,builtin,file,file,file,file
removeToolbarExplorationButtons,measured,mfile,,file,file,file,file,file,file,file,file,file,file,file,file,file,file,file,file,file,file,file,file,file,file,file,file,file,file,file,file,file,file,file,file,file,file,file,file,file
rendererinfo,measured,mfile,,file,file,file,file,file,file,file,file,file,file,file,file,file,file,file,file,file,file,file,file,file,file,file,file,file,file,file,file,file,file,file,file,file,file,file,file,file
repelem,measured,mfile,codistributed;gpuArray;symfun;tabular;tall,file,builtin-err,file,file,file,file,builtin-err,builtin-err,builtin-err,builtin-err,file,file,file,file,builtin-err,file,file,file,file,file,file,builtin-err,builtin-err,builtin-err,file,builtin-err,builtin-err,file,file,file,file,file,file,file,file,file,file
replace,measured,mfile,cgddnode;codistributed;tall;xregcontainer,file,file,builtin-err,file,file,file,file,file,file,file,file,file,file,file,file,file,builtin-err,file,file,file,file,file,file,file,builtin-err,file,file,file,file,file,file,file,file,builtin-err,file,file,file
replaceBetween,measured,mfile,codistributed;tall,file,file,builtin-err,file,file,file,file,file,file,file,file,file,file,file,file,file,builtin-err,file,file,file,file,file,file,file,builtin-err,file,file,file,file,file,file,file,file,builtin-err,file,file,file
repmat,measured,mfile,InputOutputModel;codistributed;dlarray;gpuArray;half;symfun;tall,file,builtin-err,file,file,file,file,builtin-err,builtin-err,builtin-err,file,file,file,file,file,builtin-err,file,file,file,file,file,file,builtin-err,builtin-err,builtin-err,file,file,file,file,file,file,file,file,file,file,file,file,file
resample,measured,mfile,SimData;gpuArray;iddata;timeseries;tscollection,file,file,file,file,file,file,file,file,file,file,file,file,file,file,file,file,file,file,file,file,file,file,file,file,file,file,file,file,file,file,file,file,file,file,file,file,file
rescale,measured,mfile,distributed;dlarray;laurpoly;tall,file,file,file,file,file,file,file,file,file,file,file,file,file,file,file,file,file,file,file,file,file,file,file,file,file,file,file,file,file,file,file,file,file,file,file,file,file
reset,measured,builtin,RandStream;audioDatastore;candidateset;cset_lhs;cset_pointset;des_constraints;satelliteScenario;signalDatastore;system;xreggpr;xreghybridrbf;xreginterprbf;xreglinear;xregmodel;xregmultilin;xregrbf;xregtwostage,file,file,file,file,file,file,file,file,file,file,file,file,file,file,file,file,file,file,file,file,file,file,file,file,file,file,file,file,file,file,file,file,file,file,file,file,file
reshape,measured,builtin,InputOutputModel;RedefinesParen;Scalar;categorical;cell;char;codistributed;dlarray;double;gpuArray;half;int16;int32;int64;int8;logical;opaque;quaternion;se2;se3;single;so2;so3;string;struct;sym;tall;tokenizedDocument;uint16;uint32;uint64;uint8,file,builtin-err,builtin-err,builtin-err,builtin-err,file,builtin-err,builtin-err,builtin-err,builtin-err,builtin-err,builtin-err,builtin-err,builtin-err,builtin-err,file,builtin-err,builtin-err,builtin-err,builtin-err,file,builtin-err,builtin-err,builtin-err,builtin-err,builtin-err,builtin-err,builtin-err,builtin-err,builtin-err,builtin-err,builtin-err,builtin-err,builtin-err,file,file,builtin-err
residue,measured,mfile,,file,file,file,file,file,file,file,file,file,file,file,file,file,file,file,file,file,file,file,file,file,file,file,file,file,file,file,file,file,file,file,file,file,file,file,file,file
residuez,measured,mfile,,file,file,file,file,file,file,file,file,file,file,file,file,file,file,file,file,file,file,file,file,file,file,file,file,file,file,file,file,file,file,file,file,file,file,file,file,file
rethrow,measured,builtin,,file,file,file,file,file,file,file,file,file,file,file,file,file,file,file,file,file,file,file,file,file,file,file,file,file,file,file,file,file,file,file,file,file,file,file,file,file
reverse,measured,mfile,codistributed;tall,file,file,builtin,file,file,file,file,file,file,file,file,file,file,file,file,file,builtin-err,file,file,file,file,file,file,file,builtin-err,file,file,file,file,file,file,file,file,builtin-err,file,file,file
rffreq,measured,none,,file,file,file,file,file,file,file,file,file,file,file,file,file,file,file,file,file,file,file,file,file,file,file,file,file,file,file,file,file,file,file,file,file,file,file,file,file
rfparam,measured,mfile,,file,file,file,file,file,file,file,file,file,file,file,file,file,file,file,file,file,file,file,file,file,file,file,file,file,file,file,file,file,file,file,file,file,file,file,file,file
rfplot,measured,mfile,sparameters,file,file,file,file,file,file,file,file,file,file,file,file,file,file,file,file,file,file,file,file,file,file,file,file,file,file,file,file,file,file,file,file,file,file,file,file,file
rgb2gray,measured,mfile,codistributed;gpuArray,file,file,file,file,file,file,file,file,file,file,file,file,file,file,file,file,file,file,file,file,file,file,file,file,file,file,file,file,file,file,file,file,file,file,file,file,file
rgb2hsv,measured,mfile,codistributed;gpuArray,file,file,file,file,file,file,file,file,file,file,file,file,file,file,file,file,file,file,file,file,file,file,file,file,file,file,file,file,file,file,file,file,file,file,file,file,file
rgb2ind,measured,mfile,,file,file,file,file,file,file,file,file,file,file,file,file,file,file,file,file,file,file,file,file,file,file,file,file,file,file,file,file,file,file,file,file,file,file,file,file,file
rgb2lab,measured,mfile,,file,file,file,file,file,file,file,file,file,file,file,file,file,file,file,file,file,file,file,file,file,file,file,file,file,file,file,file,file,file,file,file,file,file,file,file,file
rgb2lightness,measured,mfile,,file,file,file,file,file,file,file,file,file,file,file,file,file,file,file,file,file,file,file,file,file,file,file,file,file,file,file,file,file,file,file,file,file,file,file,file,file
rgb2lin,measured,mfile,,file,file,file,file,file,file,file,file,file,file,file,file,file,file,file,file,file,file,file,file,file,file,file,file,file,file,file,file,file,file,file,file,file,file,file,file,file
rgb2ntsc,measured,mfile,,file,file,file,file,file,file,file,file,file,file,file,file,file,file,file,file,file,file,file,file,file,file,file,file,file,file,file,file,file,file,file,file,file,file,file,file,file
rgb2xyz,measured,mfile,,file,file,file,file,file,file,file,file,file,file,file,file,file,file,file,file,file,file,file,file,file,file,file,file,file,file,file,file,file,file,file,file,file,file,file,file,file
rgb2ycbcr,measured,mfile,gpuArray,file,file,file,file,file,file,file,file,file,file,file,file,file,file,file,file,file,file,file,file,file,file,file,file,file,file,file,file,file,file,file,file,file,file,file,file,file
rgbplot,measured,mfile,,file,file,file,file,file,file,file,file,file,file,file,file,file,file,file,file,file,file,file,file,file,file,file,file,file,file,file,file,file,file,file,file,file,file,file,file,file
ribbon,measured,mfile,,file,file,file,file,file,file,file,file,file,file,file,file,file,file,file,file,file,file,file,file,file,file,file,file,file,file,file,file,file,file,file,file,file,file,file,file,file
RicianDistribution,measured,none,,file,file,file,file,file,file,file,file,file,file,file,file,file,file,file,file,file,file,file,file,file,file,file,file,file,file,file,file,file,file,file,file,file,file,file,file,file
ridge,measured,none,,file,file,file,file,file,file,file,file,file,file,file,file,file,file,file,file,file,file,file,file,file,file,file,file,file,file,file,file,file,file,file,file,file,file,file,file,file
rigid2d,measured,mfile,,file,file,file,file,file,file,file,file,file,file,file,file,file,file,file,file,file,file,file,file,file,file,file,file,file,file,file,file,file,file,file,file,file,file,file,file,file
risetime,measured,mfile,eyeDiagramSI,file,file,file,file,file,file,file,file,file,file,file,file,file,file,file,file,file,file,file,file,file,file,file,file,file,file,file,file,file,file,file,file,file,file,file,file,file
rlevinson,measured,mfile,,file,file,file,file,file,file,file,file,file,file,file,file,file,file,file,file,file,file,file,file,file,file,file,file,file,file,file,file,file,file,file,file,file,file,file,file,file
rlim,measured,mfile,,file,file,file,file,file,file,file,file,file,file,file,file,file,file,file,file,file,file,file,file,file,file,file,file,file,file,file,file,file,file,file,file,file,file,file,file,file
rmappdata,measured,builtin,,file,file,file,file,file,file,file,file,file,file,file,file,file,file,file,file,file,file,file,file,file,file,file,file,file,file,file,file,file,file,file,file,file,file,file,file,file
rmdir,measured,builtin,,file,file,file,file,file,file,file,file,file,file,file,file,file,file,file,file,file,file,file,file,file,file,file,file,file,file,file,file,file,file,file,file,file,file,file,file,file
rmfield,measured,mfile,codistributed,file,file,file,file,file,file,file,file,file,file,file,file,file,file,file,file,file,file,file,file,file,file,file,file,file,file,file,file,file,file,file,file,file,file,file,file,file
rmmissing,measured,mfile,codistributed;gpuArray;tall,file,file,file,file,file,file,file,file,file,file,file,file,file,file,file,file,file,file,file,file,file,file,file,file,file,file,file,file,file,file,file,file,file,file,file,file,file
rmoutliers,measured,mfile,gpuArray;tall,file,file,file,file,file,file,file,file,file,file,file,file,file,file,file,file,file,file,file,file,file,file,file,file,file,file,file,file,file,file,file,file,file,file,file,file,file
rmpath,measured,mfile,,file,file,file,file,file,file,file,file,file,file,file,file,file,file,file,file,file,file,file,file,file,file,file,file,file,file,file,file,file,file,file,file,file,file,file,file,file
rms,measured,mfile,distributed;tall,file,file,file,file,file,file,file,file,file,file,file,file,file,file,file,file,file,file,file,file,file,file,file,file,file,file,file,file,file,file,file,file,file,file,file,file,file
rmse,measured,mfile,codistributed;tall,file,file,file,file,file,file,file,file,file,file,file,file,file,file,file,file,file,file,file,file,file,file,file,file,file,file,file,file,file,file,file,file,file,file,file,file,file
rng,measured,mfile,,file,file,file,file,file,file,file,file,file,file,file,file,file,file,file,file,file,file,file,file,file,file,file,file,file,file,file,file,file,file,file,file,file,file,file,file,file
robustcov,measured,none,,file,file,file,file,file,file,file,file,file,file,file,file,file,file,file,file,file,file,file,file,file,file,file,file,file,file,file,file,file,file,file,file,file,file,file,file,file
robustfit,measured,none,,file,file,file,file,file,file,file,file,file,file,file,file,file,file,file,file,file,file,file,file,file,file,file,file,file,file,file,file,file,file,file,file,file,file,file,file,file
roicolor,measured,mfile,,file,file,file,file,file,file,file,file,file,file,file,file,file,file,file,file,file,file,file,file,file,file,file,file,file,file,file,file,file,file,file,file,file,file,file,file,file
roifilt2,measured,mfile,,file,file,file,file,file,file,file,file,file,file,file,file,file,file,file,file,file,file,file,file,file,file,file,file,file,file,file,file,file,file,file,file,file,file,file,file,file
roipoly,measured,mfile,,file,file,file,file,file,file,file,file,file,file,file,file,file,file,file,file,file,file,file,file,file,file,file,file,file,file,file,file,file,file,file,file,file,file,file,file,file
rooteig,measured,mfile,,file,file,file,file,file,file,file,file,file,file,file,file,file,file,file,file,file,file,file,file,file,file,file,file,file,file,file,file,file,file,file,file,file,file,file,file,file
rootmusic,measured,mfile,,file,file,file,file,file,file,file,file,file,file,file,file,file,file,file,file,file,file,file,file,file,file,file,file,file,file,file,file,file,file,file,file,file,file,file,file,file
roots,measured,mfile,gpuArray;localpoly;sym,file,file,file,file,file,file,file,file,file,file,file,file,file,file,file,file,file,file,file,file,file,file,file,file,file,file,file,file,file,file,file,file,file,file,file,file,file
rose,measured,mfile,,file,file,file,file,file,file,file,file,file,file,file,file,file,file,file,file,file,file,file,file,file,file,file,file,file,file,file,file,file,file,file,file,file,file,file,file,file
rosser,measured,mfile,,file,file,file,file,file,file,file,file,file,file,file,file,file,file,file,file,file,file,file,file,file,file,file,file,file,file,file,file,file,file,file,file,file,file,file,file,file
rot90,measured,mfile,distributed;gpuArray,file,file,file,file,file,file,file,file,file,file,file,file,file,file,file,file,file,file,file,file,file,file,file,file,file,file,file,file,file,file,file,file,file,file,file,file,file
rotate,measured,mfile,polyshape;surfaceMesh,file,file,file,file,file,file,file,file,file,file,file,file,file,file,file,file,file,file,file,file,file,file,file,file,file,file,file,file,file,file,file,file,file,file,file,file,file
rotate3d,measured,mfile,,file,file,file,file,file,file,file,file,file,file,file,file,file,file,file,file,file,file,file,file,file,file,file,file,file,file,file,file,file,file,file,file,file,file,file,file,file
rotatefactors,measured,none,,file,file,file,file,file,file,file,file,file,file,file,file,file,file,file,file,file,file,file,file,file,file,file,file,file,file,file,file,file,file,file,file,file,file,file,file,file
rotateInteraction,measured,mfile,,file,file,file,file,file,file,file,file,file,file,file,file,file,file,file,file,file,file,file,file,file,file,file,file,file,file,file,file,file,file,file,file,file,file,file,file,file
round,measured,builtin,codistributed;dlarray;double;duration;gpuArray;int16;int32;int64;int8;logical;single;sym;tabular;tall;uint16;uint32;uint64;uint8,file,builtin,file,file,file,file,file,builtin,builtin,builtin,builtin-err,builtin,file,file,builtin-err,file,file,file,file,file,file,builtin-err,builtin-err,file,file,builtin-err,builtin-err,builtin-err,builtin-err,builtin-err,file,file,file,file,file,file,file
rowcount,measured,none,,file,file,file,file,file,file,file,file,file,file,file,file,file,file,file,file,file,file,file,file,file,file,file,file,file,file,file,file,file,file,file,file,file,file,file,file,file
rpmfreqmap,measured,mfile,,file,file,file,file,file,file,file,file,file,file,file,file,file,file,file,file,file,file,file,file,file,file,file,file,file,file,file,file,file,file,file,file,file,file,file,file,file
rpmordermap,measured,mfile,,file,file,file,file,file,file,file,file,file,file,file,file,file,file,file,file,file,file,file,file,file,file,file,file,file,file,file,file,file,file,file,file,file,file,file,file,file
rref,measured,mfile,sym,file,file,file,file,file,file,file,file,file,file,file,file,file,file,file,file,file,file,file,file,file,file,file,file,file,file,file,file,file,file,file,file,file,file,file,file,file
rsf2csf,measured,mfile,,file,file,file,file,file,file,file,file,file,file,file,file,file,file,file,file,file,file,file,file,file,file,file,file,file,file,file,file,file,file,file,file,file,file,file,file,file
rssq,measured,mfile,,file,file,file,file,file,file,file,file,file,file,file,file,file,file,file,file,file,file,file,file,file,file,file,file,file,file,file,file,file,file,file,file,file,file,file,file,file
rtickangle,measured,mfile,,file,file,file,file,file,file,file,file,file,file,file,file,file,file,file,file,file,file,file,file,file,file,file,file,file,file,file,file,file,file,file,file,file,file,file,file,file
rtickformat,measured,mfile,,file,file,file,file,file,file,file,file,file,file,file,file,file,file,file,file,file,file,file,file,file,file,file,file,file,file,file,file,file,file,file,file,file,file,file,file,file
rticklabels,measured,mfile,,file,file,file,file,file,file,file,file,file,file,file,file,file,file,file,file,file,file,file,file,file,file,file,file,file,file,file,file,file,file,file,file,file,file,file,file,file
rticks,measured,mfile,,file,file,file,file,file,file,file,file,file,file,file,file,file,file,file,file,file,file,file,file,file,file,file,file,file,file,file,file,file,file,file,file,file,file,file,file,file
ruler2num,measured,mfile,,file,file,file,file,file,file,file,file,file,file,file,file,file,file,file,file,file,file,file,file,file,file,file,file,file,file,file,file,file,file,file,file,file,file,file,file,file
rulerPanInteraction,measured,mfile,,file,file,file,file,file,file,file,file,file,file,file,file,file,file,file,file,file,file,file,file,file,file,file,file,file,file,file,file,file,file,file,file,file,file,file,file,file
run,measured,mfile,ModelAdvisor;cgoptim;cgoptimnode;cgoptimrunner;xregoptmgr,file,file,file,file,file,file,file,file,file,file,file,file,file,file,file,file,file,file,file,file,file,file,file,file,file,file,file,file,file,file,file,file,file,file,file,file,file
runstest,measured,none,,file,file,file,file,file,file,file,file,file,file,file,file,file,file,file,file,file,file,file,file,file,file,file,file,file,file,file,file,file,file,file,file,file,file,file,file,file
s2abcd,measured,mfile,,file,file,file,file,file,file,file,file,file,file,file,file,file,file,file,file,file,file,file,file,file,file,file,file,file,file,file,file,file,file,file,file,file,file,file,file,file
s2y,measured,mfile,,file,file,file,file,file,file,file,file,file,file,file,file,file,file,file,file,file,file,file,file,file,file,file,file,file,file,file,file,file,file,file,file,file,file,file,file,file
s2z,measured,mfile,,file,file,file,file,file,file,file,file,file,file,file,file,file,file,file,file,file,file,file,file,file,file,file,file,file,file,file,file,file,file,file,file,file,file,file,file,file
sampsizepwr,measured,none,,file,file,file,file,file,file,file,file,file,file,file,file,file,file,file,file,file,file,file,file,file,file,file,file,file,file,file,file,file,file,file,file,file,file,file,file,file
save,measured,builtin,COM;cgproject;mdevproject;vrworld,file,file,file,file,file,file,file,file,file,file,file,file,file,file,file,file,file,file,file,file,file,file,file,file,file,file,file,file,file,file,file,file,file,file,file,file,file
saveas,measured,mfile,,file,file,file,file,file,file,file,file,file,file,file,file,file,file,file,file,file,file,file,file,file,file,file,file,file,file,file,file,file,file,file,file,file,file,file,file,file
savefig,measured,mfile,,file,file,file,file,file,file,file,file,file,file,file,file,file,file,file,file,file,file,file,file,file,file,file,file,file,file,file,file,file,file,file,file,file,file,file,file,file
savefigure,measured,mfile,,file,file,file,file,file,file,file,file,file,file,file,file,file,file,file,file,file,file,file,file,file,file,file,file,file,file,file,file,file,file,file,file,file,file,file,file,file
sawtooth,measured,mfile,,file,file,file,file,file,file,file,file,file,file,file,file,file,file,file,file,file,file,file,file,file,file,file,file,file,file,file,file,file,file,file,file,file,file,file,file,file
scaleFilterSections,measured,mfile,,file,file,file,file,file,file,file,file,file,file,file,file,file,file,file,file,file,file,file,file,file,file,file,file,file,file,file,file,file,file,file,file,file,file,file,file,file
scatter,measured,mfile,tall,file,file,file,file,file,file,file,file,file,file,file,file,file,file,file,file,file,file,file,file,file,file,file,file,file,file,file,file,file,file,file,file,file,file,file,file,file
scatter3,measured,mfile,,file,file,file,file,file,file,file,file,file,file,file,file,file,file,file,file,file,file,file,file,file,file,file,file,file,file,file,file,file,file,file,file,file,file,file,file,file
scatteredInterpolant,measured,other,scatteredInterpolant,builtin,builtin-err,builtin-err,builtin-err,builtin-err,builtin-err,builtin-err,builtin-err,builtin-err,builtin-err,builtin-err,builtin-err,builtin-err,builtin-err,builtin-err,builtin-err,builtin-err,builtin-err,builtin-err,builtin-err,builtin-err,builtin-err,builtin-err,builtin-err,builtin-err,builtin-err,builtin-err,builtin-err,builtin-err,builtin-err,builtin-err,builtin-err,builtin-err,builtin-err,builtin-err,builtin-err,builtin-err
scatterhist,measured,none,,file,file,file,file,file,file,file,file,file,file,file,file,file,file,file,file,file,file,file,file,file,file,file,file,file,file,file,file,file,file,file,file,file,file,file,file,file
scatterhistogram,measured,mfile,,file,file,file,file,file,file,file,file,file,file,file,file,file,file,file,file,file,file,file,file,file,file,file,file,file,file,file,file,file,file,file,file,file,file,file,file,file
schur,measured,mfile,frd,file,file,file,file,file,file,file,file,file,file,file,file,file,file,file,file,file,file,file,file,file,file,file,file,file,file,file,file,file,file,file,file,file,file,file,file,file
schurrc,measured,mfile,,file,file,file,file,file,file,file,file,file,file,file,file,file,file,file,file,file,file,file,file,file,file,file,file,file,file,file,file,file,file,file,file,file,file,file,file,file
sec,measured,mfile,codistributed;dlarray;gpuArray;sym;tabular,file,file,file,file,file,file,file,file,file,builtin-err,file,file,file,file,file,file,file,file,file,file,file,file,file,file,file,builtin-err,builtin-err,file,file,file,file,file,file,file,file,file,file
secd,measured,mfile,codistributed;gpuArray;sym;tabular,file,file,file,file,file,file,file,file,file,builtin-err,file,file,file,file,file,file,file,file,file,file,file,file,file,file,file,builtin-err,builtin-err,file,file,file,file,file,file,file,file,file,file
sech,measured,mfile,codistributed;gpuArray;sym;tabular,file,file,file,file,file,file,file,file,file,builtin-err,file,file,file,file,file,file,file,file,file,file,file,file,file,file,file,builtin-err,builtin-err,file,file,file,file,file,file,file,file,file,file
second,measured,mfile,codistributed;tall,file,file,file,file,file,file,file,file,file,file,builtin,file,file,file,file,file,file,file,file,file,file,file,file,file,file,file,file,builtin-err,builtin-err,file,file,file,file,file,file,file,file
seconds,measured,mfile,codistributed;tall,file,file,file,file,file,file,file,file,file,file,file,builtin,file,file,file,file,file,file,file,file,file,file,file,file,file,file,file,file,file,builtin-err,file,file,file,file,file,file,file
semilogx,measured,builtin,frd,file,file,file,file,file,file,file,file,file,file,file,file,file,file,file,file,file,file,file,file,file,file,file,file,file,file,file,file,file,file,file,file,file,file,file,file,file
semilogy,measured,builtin,frd,file,file,file,file,file,file,file,file,file,file,file,file,file,file,file,file,file,file,file,file,file,file,file,file,file,file,file,file,file,file,file,file,file,file,file,file,file
seqperiod,measured,other,,file,file,file,file,file,file,file,file,file,file,file,file,file,file,file,file,file,file,file,file,file,file,file,file,file,file,file,file,file,file,file,file,file,file,file,file,file
set,measured,builtin,BioSeq;COM;DynamicSystem;InputOutputModel;LegacyIcdevice;RandStream;arrowline;axestext;axischild;axisobj;axistext;cellline;celltext;cgclipexpr;cgconstant;cgdivexpr;cgfeature;cgfuncexpr;cgifexpr;cglookupnd;cglookupone;cglookuptwo;cgminmaxexpr;cgmodexpr;cgmswitchexpr;cgnormaliser;cgnormfunction;cgnormnode;cgoppoint;cgoptim;cgprec;cgprecfix;cgprecfloat;cgpreclookupfix;cgprecpolyfix;cgrelexpr;cgrules;cgsubexpr;cgsymvalue;cgtablenode;cgvalue;cgvariable;cset_boxb;cset_ccd;cset_fullfact;cset_grdlatt;cset_grid;cset_haltonset;cset_lattice;cset_lhs;cset_pb;cset_pointset;cset_simplex;cset_sobolset;cset_stratlattice;cset_userdef;csetinterface;customreg;dataset;dtree;editline;editrect;figobj;framerect;gsref;icgroup;iddata;idnlfun;idnlmodel;imaqchild;imaqdevice;instrument;iviconfigurationstore;listitemselector;localavfit;localbspline;localmod;localmulti;localpoly;localpspline;localsurface;localtruncps;localusermod;mbcrichtext;mpc;mpcmoveopt;mpcsimopt;mpcstate;mvgraph1d;mvgraph2d;mvgraph3d;mvgraph4d;ntree;phytree;scribehandle;scribehgobj;seltext;serial;sweepset;sweepsetfilter;term_selector;testplansweepsetfilter;texlistbox;timeseries;tscollection;vrfigure;vrnode;vrworld;wptree;wtbo;xreg3xspline;xregaxesinput;xregborderlayout;xregcardlayout;xregclickinput;xregclicktolinput;xregcolorbar;xregcontainer;xregcubic;xregcurtainfxlayout;xregexportmodel;xregflowlayout;xreggpr;xreggridlayout;xreghybridrbf;xreginterprbf;xreglayerlayout;xreglegend;xreglinear;xreglistctrl;xregmodel;xregmulti;xregmultigraph2d;xregnnet;xregoptmgr;xregrangeinput;xregrbf;xregslidefxlayout;xregsnapsplitlayout;xregsplitlayout;xregtable;xregtransient;xregtwostage;xregunispline;xregvectorinput,file,file,file,file,file,file,file,file,file,file,file,file,file,file,file,file,file,file,file,file,file,file,file,file,file,file,file,file,file,file,file,file,file,file,file,file,file
setappdata,measured,builtin,,file,file,file,file,file,file,file,file,file,file,file,file,file,file,file,file,file,file,file,file,file,file,file,file,file,file,file,file,file,file,file,file,file,file,file,file,file
setdiff,measured,mfile,categorical;cell;codistributed;dataset;datetime;duration;gpuArray;symfun;tabular;tall,file,file,file,builtin-err,file,file,file,file,file,builtin-err,builtin-err,builtin-err,builtin-err,file,file,file,file,builtin-err,builtin-err,file,file,file,file,file,file,builtin-err,builtin-err,builtin-err,builtin-err,builtin,builtin-err,file,file,file,file,file,builtin-err
setenv,measured,mfile,,file,file,file,file,file,file,file,file,file,file,file,file,file,file,file,file,file,file,file,file,file,file,file,file,file,file,file,file,file,file,file,file,file,file,file,file,file
setfield,measured,mfile,vrnode,file,file,file,file,file,file,file,file,file,file,file,file,file,file,file,file,file,file,file,file,file,file,file,file,file,file,file,file,file,file,file,file,file,file,file,file,file
setstr,measured,builtin,,file,file,file,file,file,file,file,file,file,file,file,file,file,file,file,file,file,file,file,file,file,file,file,file,file,file,file,file,file,file,file,file,file,file,file,file,file
settlingtime,measured,mfile,,file,file,file,file,file,file,file,file,file,file,file,file,file,file,file,file,file,file,file,file,file,file,file,file,file,file,file,file,file,file,file,file,file,file,file,file,file
setxor,measured,mfile,categorical;cell;codistributed;dataset;datetime;duration;gpuArray;symfun;tabular;tall,file,file,file,builtin-err,file,file,file,file,file,builtin-err,builtin-err,builtin-err,builtin-err,file,file,file,file,builtin-err,builtin-err,file,file,file,file,file,file,builtin-err,builtin-err,builtin-err,builtin-err,builtin,builtin-err,file,file,file,file,file,builtin-err
sfdr,measured,mfile,,file,file,file,file,file,file,file,file,file,file,file,file,file,file,file,file,file,file,file,file,file,file,file,file,file,file,file,file,file,file,file,file,file,file,file,file,file
sgolay,measured,mfile,,file,file,file,file,file,file,file,file,file,file,file,file,file,file,file,file,file,file,file,file,file,file,file,file,file,file,file,file,file,file,file,file,file,file,file,file,file
sgolayfilt,measured,mfile,,file,file,file,file,file,file,file,file,file,file,file,file,file,file,file,file,file,file,file,file,file,file,file,file,file,file,file,file,file,file,file,file,file,file,file,file,file
sgtitle,measured,mfile,,file,file,file,file,file,file,file,file,file,file,file,file,file,file,file,file,file,file,file,file,file,file,file,file,file,file,file,file,file,file,file,file,file,file,file,file,file
shading,measured,mfile,,file,file,file,file,file,file,file,file,file,file,file,file,file,file,file,file,file,file,file,file,file,file,file,file,file,file,file,file,file,file,file,file,file,file,file,file,file
shg,measured,mfile,,file,file,file,file,file,file,file,file,file,file,file,file,file,file,file,file,file,file,file,file,file,file,file,file,file,file,file,file,file,file,file,file,file,file,file,file,file
shiftdata,measured,mfile,,file,file,file,file,file,file,file,file,file,file,file,file,file,file,file,file,file,file,file,file,file,file,file,file,file,file,file,file,file,file,file,file,file,file,file,file,file
shiftdim,measured,mfile,codistributed;gpuArray,file,file,file,file,file,file,file,file,file,file,file,file,file,file,file,file,file,file,file,file,file,file,file,file,file,file,file,file,file,file,file,file,file,file,file,file,file
show,measured,mfile,cgdatasetnode;cgddnode;cgfeaturenode;cgmodelnode;cgnode;cgnormnode;cgoptimnode;cgoptimoutnode;cgproject;cgtablenode;cgtradeoffnode;cgtradeofftblnode;mdev_local;mdevproject;mdevtestplan;modeldev;mtree;polymesh;satelliteScenario;scenenode;trackingArchitecture,file,file,file,file,file,file,file,file,file,file,file,file,file,file,file,file,file,file,file,file,file,file,file,file,file,file,file,file,file,file,file,file,file,file,file,file,file
shrinkfaces,measured,mfile,,file,file,file,file,file,file,file,file,file,file,file,file,file,file,file,file,file,file,file,file,file,file,file,file,file,file,file,file,file,file,file,file,file,file,file,file,file
sign,measured,builtin,cgslparser;char;codistributed;dlarray;double;gpuArray;half;int16;int32;int64;int8;logical;single;sym;uint16;uint32;uint64;uint8,file,builtin,file,file,file,file,builtin,builtin,builtin,file,file,builtin,file,file,builtin-err,file,file,file,file,file,file,builtin-err,builtin-err,builtin-err,file,file,file,file,file,builtin-err,file,file,file,file,file,file,file
signrank,measured,none,,file,file,file,file,file,file,file,file,file,file,file,file,file,file,file,file,file,file,file,file,file,file,file,file,file,file,file,file,file,file,file,file,file,file,file,file,file
signtest,measured,none,,file,file,file,file,file,file,file,file,file,file,file,file,file,file,file,file,file,file,file,file,file,file,file,file,file,file,file,file,file,file,file,file,file,file,file,file,file
silhouette,measured,none,,file,file,file,file,file,file,file,file,file,file,file,file,file,file,file,file,file,file,file,file,file,file,file,file,file,file,file,file,file,file,file,file,file,file,file,file,file
sin,measured,builtin,codistributed;dlarray;double;gpuArray;half;single;sym;tabular,file,builtin,file,file,file,file,file,file,file,builtin,file,file,file,file,builtin-err,file,file,file,file,file,file,file,builtin-err,file,file,builtin-err,builtin-err,file,file,file,file,file,file,file,file,file,file
sinad,measured,mfile,,file,file,file,file,file,file,file,file,file,file,file,file,file,file,file,file,file,file,file,file,file,file,file,file,file,file,file,file,file,file,file,file,file,file,file,file,file
sinc,measured,mfile,sym;tall,file,file,file,file,file,file,file,file,file,file,file,file,file,file,file,file,file,file,file,file,file,file,file,file,file,file,file,file,file,file,file,file,file,file,file,file,file
sind,measured,builtin,codistributed;double;gpuArray;single;sym;tabular,file,builtin,file,file,file,file,file,file,file,builtin,file,file,file,file,builtin-err,file,file,file,file,file,file,file,builtin-err,file,file,builtin-err,builtin-err,file,file,file,file,file,file,file,file,file,file
single,measured,builtin,categorical;char;codistributed;dataset;dlarray;double;gpuArray;int16;int32;int64;int8;logical;quaternion;single;uint16;uint32;uint64;uint8,file,builtin,file,file,file,file,builtin,builtin,builtin,builtin-err,builtin-err,builtin-err,builtin,file,builtin-err,file,file,file,file,file,file,builtin-err,builtin-err,builtin-err,file,builtin-err,builtin-err,builtin-err,builtin-err,builtin-err,builtin-err,file,file,file,file,file,file
sinh,measured,builtin,codistributed;dlarray;double;gpuArray;half;single;sym;tabular,file,builtin,file,file,file,file,file,file,file,builtin,file,file,file,file,builtin-err,file,file,file,file,file,file,file,builtin-err,file,file,builtin-err,builtin-err,file,file,file,file,file,file,file,file,file,file
size,measured,builtin,Bluetooth;Composite;InputOutputModel;LegacyIcdevice;RedefinesParen;Scalar;TriRep;candidateset;categorical;cgoppoint;codistributed;coninputfactor;dataset;designdev;distributed;dlarray;double;explicitMPC;gpib;gpuArray;half;i2c;icgroup;icsignal;iddata;int16;int32;int64;int8;localbspline;localmulti;localpspline;localsurface;localtruncps;localusermod;logical;mpc;serial;single;string;sweepset;sweepsetfilter;tabular;tall;tcpip;triangulation;tscollection;udp;uint16;uint32;uint64;uint8;videoinput;visa;xregdataset;xregdesign;xreglinear;xreglistctrl;xregmodel;xregmonitorplotproperties;xregmulti;xregmultilin;xregtable;xregtwostage;xregunispline;xregusermod,file,builtin,builtin,file,file,file,file,builtin,builtin,builtin,builtin,builtin,builtin,builtin,builtin-err,file,builtin-err,file,file,file,file,builtin-err,builtin-err,file,builtin-err,builtin-err,builtin-err,builtin-err,builtin-err,builtin-err,builtin-err,file,builtin,builtin-err,file,file,file
skewness,measured,none,,file,file,file,file,file,file,file,file,file,file,file,file,file,file,file,file,file,file,file,file,file,file,file,file,file,file,file,file,file,file,file,file,file,file,file,file,file
slewrate,measured,mfile,,file,file,file,file,file,file,file,file,file,file,file,file,file,file,file,file,file,file,file,file,file,file,file,file,file,file,file,file,file,file,file,file,file,file,file,file,file
slice,measured,mfile,eyeDiagramSI,file,file,file,file,file,file,file,file,file,file,file,file,file,file,file,file,file,file,file,file,file,file,file,file,file,file,file,file,file,file,file,file,file,file,file,file,file
slicesample,measured,none,,file,file,file,file,file,file,file,file,file,file,file,file,file,file,file,file,file,file,file,file,file,file,file,file,file,file,file,file,file,file,file,file,file,file,file,file,file
smithplot,measured,mfile,,file,file,file,file,file,file,file,file,file,file,file,file,file,file,file,file,file,file,file,file,file,file,file,file,file,file,file,file,file,file,file,file,file,file,file,file,file
smooth3,measured,mfile,,file,file,file,file,file,file,file,file,file,file,file,file,file,file,file,file,file,file,file,file,file,file,file,file,file,file,file,file,file,file,file,file,file,file,file,file,file
smoothdata,measured,mfile,tall,file,file,file,file,file,file,file,file,file,file,file,file,file,file,file,file,file,file,file,file,file,file,file,file,file,file,file,file,file,file,file,file,file,file,file,file,file
snr,measured,mfile,,file,file,file,file,file,file,file,file,file,file,file,file,file,file,file,file,file,file,file,file,file,file,file,file,file,file,file,file,file,file,file,file,file,file,file,file,file
sort,measured,builtin,categorical;cell;cgprojconnections;char;codistributed;datetime;dlarray;double;duration;gpuArray;half;int16;int32;int64;int8;logical;opaque;single;string;sweepset;sym;tall;uint16;uint32;uint64;uint8,file,builtin,builtin,builtin-err,file,file,builtin,builtin,builtin,builtin-err,builtin,builtin,builtin,builtin,builtin-err,file,builtin-err,builtin-err,builtin-err,file,file,builtin-err,builtin-err,builtin-err,builtin-err,builtin-err,builtin-err,builtin-err,builtin-err,builtin-err,builtin-err,builtin-err,builtin-err,builtin-err,file,file,builtin-err
sortrows,measured,mfile,categorical;codistributed;dataset;datetime;duration;gpuArray;tabular;tall;timetable,file,file,file,file,file,file,file,file,file,builtin,builtin,builtin,builtin,file,file,file,file,file,file,file,file,file,file,file,file,builtin-err,builtin-err,builtin-err,builtin,builtin-err,builtin-err,file,file,file,file,file,file
sos2cell,measured,mfile,,file,file,file,file,file,file,file,file,file,file,file,file,file,file,file,file,file,file,file,file,file,file,file,file,file,file,file,file,file,file,file,file,file,file,file,file,file
sos2ctf,measured,mfile,,file,file,file,file,file,file,file,file,file,file,file,file,file,file,file,file,file,file,file,file,file,file,file,file,file,file,file,file,file,file,file,file,file,file,file,file,file
sos2ss,measured,mfile,,file,file,file,file,file,file,file,file,file,file,file,file,file,file,file,file,file,file,file,file,file,file,file,file,file,file,file,file,file,file,file,file,file,file,file,file,file
sos2tf,measured,mfile,,file,file,file,file,file,file,file,file,file,file,file,file,file,file,file,file,file,file,file,file,file,file,file,file,file,file,file,file,file,file,file,file,file,file,file,file,file
sos2zp,measured,mfile,,file,file,file,file,file,file,file,file,file,file,file,file,file,file,file,file,file,file,file,file,file,file,file,file,file,file,file,file,file,file,file,file,file,file,file,file,file
sosfilt,measured,mfile,gpuArray,file,file,file,file,file,file,file,file,file,file,file,file,file,file,file,file,file,file,file,file,file,file,file,file,file,file,file,file,file,file,file,file,file,file,file,file,file
sound,measured,mfile,,file,file,file,file,file,file,file,file,file,file,file,file,file,file,file,file,file,file,file,file,file,file,file,file,file,file,file,file,file,file,file,file,file,file,file,file,file
spalloc,measured,mfile,codistributed;codistributor1d;codistributor2dbc;distributed,file,file,file,file,file,file,file,file,file,file,file,file,file,file,file,file,file,file,file,file,file,file,file,file,file,file,file,file,file,file,file,file,file,file,file,file,file
sparameters,measured,mfile,sparameters,builtin,builtin-err,builtin-err,builtin-err,builtin-err,builtin-err,builtin-err,builtin-err,builtin-err,builtin-err,builtin-err,builtin-err,builtin-err,builtin-err,builtin,builtin-err,builtin-err,builtin-err,builtin-err,builtin-err,builtin-err,builtin,builtin-err,builtin-err,builtin-err,builtin-err,builtin-err,builtin-err,builtin-err,builtin-err,builtin-err,builtin-err,builtin-err,builtin-err,builtin-err,builtin-err,builtin-err
sparse,measured,builtin,codistributed;codistributor1d;codistributor2dbc;gpuArray,file,file,file,file,file,file,file,file,file,file,file,file,file,file,file,file,file,file,file,file,file,file,file,file,file,file,file,file,file,file,file,file,file,file,file,file,file
spaugment,measured,mfile,,file,file,file,file,file,file,file,file,file,file,file,file,file,file,file,file,file,file,file,file,file,file,file,file,file,file,file,file,file,file,file,file,file,file,file,file,file
spconvert,measured,mfile,distributed,file,file,file,file,file,file,file,file,file,file,file,file,file,file,file,file,file,file,file,file,file,file,file,file,file,file,file,file,file,file,file,file,file,file,file,file,file
spdiags,measured,mfile,codistributed;gpuArray,file,file,file,file,file,file,file,file,file,file,file,file,file,file,file,file,file,file,file,file,file,file,file,file,file,file,file,file,file,file,file,file,file,file,file,file,file
specgram,measured,mfile,,file,file,file,file,file,file,file,file,file,file,file,file,file,file,file,file,file,file,file,file,file,file,file,file,file,file,file,file,file,file,file,file,file,file,file,file,file
spectralcluster,measured,none,,file,file,file,file,file,file,file,file,file,file,file,file,file,file,file,file,file,file,file,file,file,file,file,file,file,file,file,file,file,file,file,file,file,file,file,file,file
spectralCrest,measured,mfile,,file,file,file,file,file,file,file,file,file,file,file,file,file,file,file,file,file,file,file,file,file,file,file,file,file,file,file,file,file,file,file,file,file,file,file,file,file
spectralEntropy,measured,mfile,,file,file,file,file,file,file,file,file,file,file,file,file,file,file,file,file,file,file,file,file,file,file,file,file,file,file,file,file,file,file,file,file,file,file,file,file,file
spectralFlatness,measured,mfile,,file,file,file,file,file,file,file,file,file,file,file,file,file,file,file,file,file,file,file,file,file,file,file,file,file,file,file,file,file,file,file,file,file,file,file,file,file
spectralKurtosis,measured,mfile,,file,file,file,file,file,file,file,file,file,file,file,file,file,file,file,file,file,file,file,file,file,file,file,file,file,file,file,file,file,file,file,file,file,file,file,file,file
spectralSkewness,measured,mfile,,file,file,file,file,file,file,file,file,file,file,file,file,file,file,file,file,file,file,file,file,file,file,file,file,file,file,file,file,file,file,file,file,file,file,file,file,file
spectrogram,measured,mfile,gpuArray;tall,file,file,file,file,file,file,file,file,file,file,file,file,file,file,file,file,file,file,file,file,file,file,file,file,file,file,file,file,file,file,file,file,file,file,file,file,file
spectrum,measured,mfile,idlti,file,file,file,file,file,file,file,file,file,file,file,file,file,file,file,file,file,file,file,file,file,file,file,file,file,file,file,file,file,file,file,file,file,file,file,file,file
specular,measured,mfile,,file,file,file,file,file,file,file,file,file,file,file,file,file,file,file,file,file,file,file,file,file,file,file,file,file,file,file,file,file,file,file,file,file,file,file,file,file
speye,measured,builtin,codistributed;codistributor1d;codistributor2dbc;distributed;gpuArray,file,file,file,file,file,file,file,file,file,file,file,file,file,file,file,file,file,file,file,file,file,file,file,file,file,file,file,file,file,file,file,file,file,file,file,file,file
spfun,measured,mfile,codistributed,file,file,file,file,file,file,file,file,file,file,file,file,file,file,file,file,file,file,file,file,file,file,file,file,file,file,file,file,file,file,file,file,file,file,file,file,file
sph2cart,measured,mfile,distributed,file,file,file,file,file,file,file,file,file,file,file,file,file,file,file,file,file,file,file,file,file,file,file,file,file,file,file,file,file,file,file,file,file,file,file,file,file
sphere,measured,mfile,,file,file,file,file,file,file,file,file,file,file,file,file,file,file,file,file,file,file,file,file,file,file,file,file,file,file,file,file,file,file,file,file,file,file,file,file,file
spline,measured,mfile,gpuArray,file,file,file,file,file,file,file,file,file,file,file,file,file,file,file,file,file,file,file,file,file,file,file,file,file,file,file,file,file,file,file,file,file,file,file,file,file
split,measured,mfile,calendarDuration;codistributed;dtree;tall;wdectree;wptree;xregfittree,file,file,builtin,file,file,file,file,file,file,file,file,file,file,file,file,file,builtin-err,file,file,file,file,file,file,file,builtin,file,file,file,file,file,file,file,file,builtin-err,file,file,file
splitapply,measured,mfile,tall,file,file,file,file,file,file,file,file,file,file,file,file,file,file,file,file,file,file,file,file,file,file,file,file,file,file,file,file,file,file,file,file,file,file,file,file,file
splitlines,measured,mfile,tall,file,file,builtin,file,file,file,file,file,file,file,file,file,file,file,file,file,builtin-err,file,file,file,file,file,file,file,builtin-err,file,file,file,file,file,file,file,file,builtin-err,file,file,file
spones,measured,mfile,codistributed;gpuArray,file,file,file,file,file,file,file,file,file,file,file,file,file,file,file,file,file,file,file,file,file,file,file,file,file,file,file,file,file,file,file,file,file,file,file,file,file
sprand,measured,mfile,codistributed;codistributor1d;codistributor2dbc;distributed;gpuArray,file,file,file,file,file,file,file,file,file,file,file,file,file,file,file,file,file,file,file,file,file,file,file,file,file,file,file,file,file,file,file,file,file,file,file,file,file
sprandn,measured,mfile,codistributed;codistributor1d;codistributor2dbc;distributed;gpuArray,file,file,file,file,file,file,file,file,file,file,file,file,file,file,file,file,file,file,file,file,file,file,file,file,file,file,file,file,file,file,file,file,file,file,file,file,file
sprandsym,measured,mfile,codistributed;distributed;gpuArray,file,file,file,file,file,file,file,file,file,file,file,file,file,file,file,file,file,file,file,file,file,file,file,file,file,file,file,file,file,file,file,file,file,file,file,file,file
sprank,measured,mfile,,file,file,file,file,file,file,file,file,file,file,file,file,file,file,file,file,file,file,file,file,file,file,file,file,file,file,file,file,file,file,file,file,file,file,file,file,file
spring,measured,mfile,,file,file,file,file,file,file,file,file,file,file,file,file,file,file,file,file,file,file,file,file,file,file,file,file,file,file,file,file,file,file,file,file,file,file,file,file,file
sprintf,measured,builtin,codistributed;dlarray;gpuArray;xregtable,file,file,file,file,file,file,file,file,file,file,file,file,file,file,file,file,file,file,file,file,file,file,file,file,file,file,file,file,file,file,file,file,file,file,file,file,file
spy,measured,mfile,mechss;sparss,file,file,file,file,file,file,file,file,file,file,file,file,file,file,file,file,file,file,file,file,file,file,file,file,file,file,file,file,file,file,file,file,file,file,file,file,file
sqrt,measured,builtin,codistributed;dlarray;double;gpuArray;half;single;sym;tabular,file,builtin,file,file,file,file,file,file,file,builtin,file,file,file,file,builtin-err,file,file,file,file,file,file,file,builtin-err,file,file,builtin-err,builtin-err,file,file,file,file,file,file,file,file,file,file
sqrtm,measured,mfile,sym,file,file,file,file,file,file,file,file,file,file,file,file,file,file,file,file,file,file,file,file,file,file,file,file,file,file,file,file,file,file,file,file,file,file,file,file,file
square,measured,mfile,,file,file,file,file,file,file,file,file,file,file,file,file,file,file,file,file,file,file,file,file,file,file,file,file,file,file,file,file,file,file,file,file,file,file,file,file,file
squareform,measured,none,,file,file,file,file,file,file,file,file,file,file,file,file,file,file,file,file,file,file,file,file,file,file,file,file,file,file,file,file,file,file,file,file,file,file,file,file,file
squeeze,measured,mfile,distributed;dlarray;tall,file,file,file,file,file,file,file,file,file,file,file,file,file,file,file,file,file,file,file,file,file,file,file,file,file,file,file,file,file,file,file,file,file,file,file,file,file
ss,measured,mfile,DynamicSystem;StaticModel;idParametric;mpc;ss,builtin,builtin,builtin-err,builtin-err,builtin-err,builtin-err,builtin-err,builtin-err,builtin,builtin-err,builtin-err,builtin-err,builtin-err,builtin-err,builtin-err,builtin-err,builtin-err,builtin-err,builtin-err,builtin,builtin-err,builtin-err,builtin-err,builtin-err,builtin-err,builtin-err,builtin-err,builtin-err,builtin-err,builtin-err,builtin-err,builtin-err,builtin-err,builtin-err,builtin-err,builtin-err,builtin-err
ss2sos,measured,mfile,,file,file,file,file,file,file,file,file,file,file,file,file,file,file,file,file,file,file,file,file,file,file,file,file,file,file,file,file,file,file,file,file,file,file,file,file,file
ss2tf,measured,mfile,,file,file,file,file,file,file,file,file,file,file,file,file,file,file,file,file,file,file,file,file,file,file,file,file,file,file,file,file,file,file,file,file,file,file,file,file,file
ss2zp,measured,mfile,,file,file,file,file,file,file,file,file,file,file,file,file,file,file,file,file,file,file,file,file,file,file,file,file,file,file,file,file,file,file,file,file,file,file,file,file,file
sscanf,measured,builtin,,file,file,file,file,file,file,file,file,file,file,file,file,file,file,file,file,file,file,file,file,file,file,file,file,file,file,file,file,file,file,file,file,file,file,file,file,file
ssim,measured,mfile,dlarray,file,file,file,file,file,file,file,file,file,file,file,file,file,file,file,file,file,file,file,file,file,file,file,file,file,file,file,file,file,file,file,file,file,file,file,file,file
StableDistribution,measured,none,,file,file,file,file,file,file,file,file,file,file,file,file,file,file,file,file,file,file,file,file,file,file,file,file,file,file,file,file,file,file,file,file,file,file,file,file,file
stackedplot,measured,mfile,,file,file,file,file,file,file,file,file,file,file,file,file,file,file,file,file,file,file,file,file,file,file,file,file,file,file,file,file,file,file,file,file,file,file,file,file,file
stairs,measured,mfile,,file,file,file,file,file,file,file,file,file,file,file,file,file,file,file,file,file,file,file,file,file,file,file,file,file,file,file,file,file,file,file,file,file,file,file,file,file
standardizeMissing,measured,mfile,codistributed;tall,file,file,file,file,file,file,file,file,file,file,file,file,file,file,file,file,file,file,file,file,file,file,file,file,file,file,file,file,file,file,file,file,file,file,file,file,file
startsWith,measured,builtin,codistributed;string;tall,file,file,builtin-err,file,file,file,file,file,file,file,file,file,file,file,file,builtin-err,builtin-err,file,file,file,file,file,file,file,builtin,file,file,file,file,file,file,file,file,builtin-err,builtin-err,builtin-err,file
statelevels,measured,mfile,,file,file,file,file,file,file,file,file,file,file,file,file,file,file,file,file,file,file,file,file,file,file,file,file,file,file,file,file,file,file,file,file,file,file,file,file,file
statget,measured,none,,file,file,file,file,file,file,file,file,file,file,file,file,file,file,file,file,file,file,file,file,file,file,file,file,file,file,file,file,file,file,file,file,file,file,file,file,file
statset,measured,none,,file,file,file,file,file,file,file,file,file,file,file,file,file,file,file,file,file,file,file,file,file,file,file,file,file,file,file,file,file,file,file,file,file,file,file,file,file
std,measured,mfile,datetime;distributed;duration;tabular;tall;timeseries,file,file,file,file,file,file,file,file,file,builtin,builtin-err,builtin-err,file,file,file,file,file,file,file,file,file,file,file,file,file,builtin-err,builtin,builtin-err,builtin-err,builtin-err,file,file,file,file,file,file,file
std2,measured,mfile,gpuArray,file,file,file,file,file,file,file,file,file,file,file,file,file,file,file,file,file,file,file,file,file,file,file,file,file,file,file,file,file,file,file,file,file,file,file,file,file
stdfilt,measured,mfile,gpuArray,file,file,file,file,file,file,file,file,file,file,file,file,file,file,file,file,file,file,file,file,file,file,file,file,file,file,file,file,file,file,file,file,file,file,file,file,file
stem,measured,mfile,,file,file,file,file,file,file,file,file,file,file,file,file,file,file,file,file,file,file,file,file,file,file,file,file,file,file,file,file,file,file,file,file,file,file,file,file,file
stem3,measured,mfile,,file,file,file,file,file,file,file,file,file,file,file,file,file,file,file,file,file,file,file,file,file,file,file,file,file,file,file,file,file,file,file,file,file,file,file,file,file
stepwisefit,measured,none,,file,file,file,file,file,file,file,file,file,file,file,file,file,file,file,file,file,file,file,file,file,file,file,file,file,file,file,file,file,file,file,file,file,file,file,file,file
stepz,measured,mfile,,file,file,file,file,file,file,file,file,file,file,file,file,file,file,file,file,file,file,file,file,file,file,file,file,file,file,file,file,file,file,file,file,file,file,file,file,file
stft,measured,mfile,gpuArray;tall,file,file,file,file,file,file,file,file,file,file,file,file,file,file,file,file,file,file,file,file,file,file,file,file,file,file,file,file,file,file,file,file,file,file,file,file,file
stftmag2sig,measured,mfile,gpuArray,file,file,file,file,file,file,file,file,file,file,file,file,file,file,file,file,file,file,file,file,file,file,file,file,file,file,file,file,file,file,file,file,file,file,file,file,file
stlread,measured,mfile,,file,file,file,file,file,file,file,file,file,file,file,file,file,file,file,file,file,file,file,file,file,file,file,file,file,file,file,file,file,file,file,file,file,file,file,file,file
stlwrite,measured,mfile,,file,file,file,file,file,file,file,file,file,file,file,file,file,file,file,file,file,file,file,file,file,file,file,file,file,file,file,file,file,file,file,file,file,file,file,file,file
stmcb,measured,mfile,,file,file,file,file,file,file,file,file,file,file,file,file,file,file,file,file,file,file,file,file,file,file,file,file,file,file,file,file,file,file,file,file,file,file,file,file,file
str,measured,none,,file,file,file,file,file,file,file,file,file,file,file,file,file,file,file,file,file,file,file,file,file,file,file,file,file,file,file,file,file,file,file,file,file,file,file,file,file
str2double,measured,mfile,codistributed;opaque;tall,file,file,file,file,file,file,file,file,file,file,file,file,file,file,file,file,file,file,file,file,file,file,file,file,file,file,file,file,file,file,file,file,file,file,file,file,file
str2func,measured,builtin,,file,file,file,file,file,file,file,file,file,file,file,file,file,file,file,file,file,file,file,file,file,file,file,file,file,file,file,file,file,file,file,file,file,file,file,file,file
str2mat,measured,mfile,,file,file,file,file,file,file,file,file,file,file,file,file,file,file,file,file,file,file,file,file,file,file,file,file,file,file,file,file,file,file,file,file,file,file,file,file,file
str2num,measured,mfile,codistributed;opaque;tall,file,file,file,file,file,file,file,file,file,file,file,file,file,file,file,file,file,file,file,file,file,file,file,file,file,file,file,file,file,file,file,file,file,file,file,file,file
strcat,measured,mfile,cell;string,file,file,builtin,builtin,file,file,file,file,file,file,file,file,file,file,file,builtin-err,builtin-err,builtin-err,builtin-err,file,file,file,file,file,builtin,file,file,file,file,file,file,file,file,builtin,builtin,builtin-err,builtin-err
strcmp,measured,builtin,codistributed;opaque;tall,file,file,file,file,file,file,file,file,file,file,file,file,file,file,file,file,file,file,file,file,file,file,file,file,file,file,file,file,file,file,file,file,file,file,file,file,file
strcmpi,measured,builtin,codistributed;opaque;tall,file,file,file,file,file,file,file,file,file,file,file,file,file,file,file,file,file,file,file,file,file,file,file,file,file,file,file,file,file,file,file,file,file,file,file,file,file
stream2,measured,mfile,,file,file,file,file,file,file,file,file,file,file,file,file,file,file,file,file,file,file,file,file,file,file,file,file,file,file,file,file,file,file,file,file,file,file,file,file,file
stream3,measured,mfile,,file,file,file,file,file,file,file,file,file,file,file,file,file,file,file,file,file,file,file,file,file,file,file,file,file,file,file,file,file,file,file,file,file,file,file,file,file
streamline,measured,mfile,,file,file,file,file,file,file,file,file,file,file,file,file,file,file,file,file,file,file,file,file,file,file,file,file,file,file,file,file,file,file,file,file,file,file,file,file,file
streamparticles,measured,mfile,,file,file,file,file,file,file,file,file,file,file,file,file,file,file,file,file,file,file,file,file,file,file,file,file,file,file,file,file,file,file,file,file,file,file,file,file,file
streamribbon,measured,mfile,,file,file,file,file,file,file,file,file,file,file,file,file,file,file,file,file,file,file,file,file,file,file,file,file,file,file,file,file,file,file,file,file,file,file,file,file,file
streamslice,measured,mfile,,file,file,file,file,file,file,file,file,file,file,file,file,file,file,file,file,file,file,file,file,file,file,file,file,file,file,file,file,file,file,file,file,file,file,file,file,file
streamtube,measured,mfile,,file,file,file,file,file,file,file,file,file,file,file,file,file,file,file,file,file,file,file,file,file,file,file,file,file,file,file,file,file,file,file,file,file,file,file,file,file
strel,measured,mfile,,file,file,file,file,file,file,file,file,file,file,file,file,file,file,file,file,file,file,file,file,file,file,file,file,file,file,file,file,file,file,file,file,file,file,file,file,file
stretchlim,measured,mfile,gpuArray,file,file,file,file,file,file,file,file,file,file,file,file,file,file,file,file,file,file,file,file,file,file,file,file,file,file,file,file,file,file,file,file,file,file,file,file,file
strfind,measured,builtin,codistributed;opaque;tall,file,file,file,file,file,file,file,file,file,file,file,file,file,file,file,file,file,file,file,file,file,file,file,file,file,file,file,file,file,file,file,file,file,file,file,file,file
string,measured,other,categorical;codistributed;dlarray;opaque;string;sym;symfun;tall;tokenizedDocument,builtin,builtin,builtin,builtin,builtin-err,builtin-err,builtin,builtin,builtin,builtin-err,builtin,builtin,builtin,builtin-err,builtin-err,builtin-err,builtin-err,builtin-err,builtin-err,builtin-err,builtin-err,builtin-err,builtin-err,builtin-err,builtin-err,builtin-err,builtin-err,builtin-err,builtin-err,builtin-err,builtin-err,builtin-err,builtin-err,builtin-err,builtin-err,builtin-err,builtin-err
strings,measured,builtin,,file,file,file,file,file,file,file,file,file,file,file,file,file,file,file,file,file,file,file,file,file,file,file,file,file,file,file,file,file,file,file,file,file,file,file,file,file
strip,measured,mfile,codistributed;tall,file,file,builtin,file,file,file,file,file,file,file,file,file,file,file,file,file,builtin-err,file,file,file,file,file,file,file,builtin,file,file,file,file,file,file,file,file,builtin-err,file,file,file
stripline,measured,mfile,,file,file,file,file,file,file,file,file,file,file,file,file,file,file,file,file,file,file,file,file,file,file,file,file,file,file,file,file,file,file,file,file,file,file,file,file,file
striplinew,measured,none,,file,file,file,file,file,file,file,file,file,file,file,file,file,file,file,file,file,file,file,file,file,file,file,file,file,file,file,file,file,file,file,file,file,file,file,file,file
strips,measured,mfile,,file,file,file,file,file,file,file,file,file,file,file,file,file,file,file,file,file,file,file,file,file,file,file,file,file,file,file,file,file,file,file,file,file,file,file,file,file
strjoin,measured,mfile,,file,file,file,file,file,file,file,file,file,file,file,file,file,file,file,file,file,file,file,file,file,file,file,file,file,file,file,file,file,file,file,file,file,file,file,file,file
strjust,measured,mfile,,file,file,file,file,file,file,file,file,file,file,file,file,file,file,file,file,file,file,file,file,file,file,file,file,file,file,file,file,file,file,file,file,file,file,file,file,file
strlength,measured,builtin,codistributed;string;tall,file,file,builtin,file,file,file,file,file,file,file,file,file,file,file,file,file,builtin-err,file,file,file,file,file,file,file,builtin-err,file,file,file,file,file,file,file,file,builtin-err,file,file,file
strmatch,measured,mfile,opaque,file,file,file,file,file,file,file,file,file,file,file,file,file,file,file,file,file,file,file,file,file,file,file,file,file,file,file,file,file,file,file,file,file,file,file,file,file
strncmp,measured,builtin,codistributed;opaque;tall,file,file,file,file,file,file,file,file,file,file,file,file,file,file,file,file,file,file,file,file,file,file,file,file,file,file,file,file,file,file,file,file,file,file,file,file,file
strncmpi,measured,builtin,codistributed;opaque;tall,file,file,file,file,file,file,file,file,file,file,file,file,file,file,file,file,file,file,file,file,file,file,file,file,file,file,file,file,file,file,file,file,file,file,file,file,file
strrep,measured,builtin,codistributed;tall,file,file,file,file,file,file,file,file,file,file,file,file,file,file,file,file,file,file,file,file,file,file,file,file,file,file,file,file,file,file,file,file,file,file,file,file,file
strsplit,measured,mfile,,file,file,file,file,file,file,file,file,file,file,file,file,file,file,file,file,file,file,file,file,file,file,file,file,file,file,file,file,file,file,file,file,file,file,file,file,file
strtok,measured,mfile,,file,file,file,file,file,file,file,file,file,file,file,file,file,file,file,file,file,file,file,file,file,file,file,file,file,file,file,file,file,file,file,file,file,file,file,file,file
strtrim,measured,builtin,codistributed;tall,file,file,file,file,file,file,file,file,file,file,file,file,file,file,file,file,file,file,file,file,file,file,file,file,file,file,file,file,file,file,file,file,file,file,file,file,file
struct,measured,builtin,SimData;dictionary,file,file,file,file,file,file,file,file,file,file,file,file,file,file,file,file,file,file,file,file,file,file,file,file,file,file,file,file,file,file,file,file,file,file,file,file,file
struct2cell,measured,builtin,codistributed;struct,file,file,file,file,builtin,file,file,file,file,file,file,file,file,file,file,file,file,file,file,builtin-err,file,file,file,file,file,file,file,file,file,file,file,file,file,file,file,file,file
struct2table,measured,mfile,,file,file,file,file,file,file,file,file,file,file,file,file,file,file,file,file,file,file,file,file,file,file,file,file,file,file,file,file,file,file,file,file,file,file,file,file,file
structfun,measured,builtin,,file,file,file,file,file,file,file,file,file,file,file,file,file,file,file,file,file,file,file,file,file,file,file,file,file,file,file,file,file,file,file,file,file,file,file,file,file
strvcat,measured,mfile,,file,file,file,file,file,file,file,file,file,file,file,file,file,file,file,file,file,file,file,file,file,file,file,file,file,file,file,file,file,file,file,file,file,file,file,file,file
sub2ind,measured,mfile,distributed;gpuArray;tall,file,file,file,file,file,file,file,file,file,file,file,file,file,file,file,file,file,file,file,file,file,file,file,file,file,file,file,file,file,file,file,file,file,file,file,file,file
subplot,measured,mfile,,file,file,file,file,file,file,file,file,file,file,file,file,file,file,file,file,file,file,file,file,file,file,file,file,file,file,file,file,file,file,file,file,file,file,file,file,file
subspace,measured,mfile,distributed,file,file,file,file,file,file,file,file,file,file,file,file,file,file,file,file,file,file,file,file,file,file,file,file,file,file,file,file,file,file,file,file,file,file,file,file,file
subtitle,measured,mfile,,file,file,file,file,file,file,file,file,file,file,file,file,file,file,file,file,file,file,file,file,file,file,file,file,file,file,file,file,file,file,file,file,file,file,file,file,file
subvolume,measured,mfile,,file,file,file,file,file,file,file,file,file,file,file,file,file,file,file,file,file,file,file,file,file,file,file,file,file,file,file,file,file,file,file,file,file,file,file,file,file
sum,measured,builtin,codistributed;cvdata;dlarray;double;duration;gpuArray;half;int16;int32;int64;int8;logical;single;sym;tabular;tall;timeseries;uint16;uint32;uint64;uint8,file,builtin,file,file,file,file,file,builtin,builtin,builtin,file,builtin,file,file,builtin-err,file,file,file,file,file,file,builtin-err,builtin-err,file,file,builtin-err,builtin-err,file,file,file,file,file,file,file,file,file,file
summary,measured,mfile,categorical;codistributed;dataset;distributed;esbacktest;esbacktestbyde;esbacktestbysim;mdev_local;modeldev;tabular;tall;trackingArchitecture;varbacktest;xreggpr;xreginterprbf;xreglinear;xregmodel;xregmulti;xregmultilin;xregnnet;xregunispline,file,file,file,file,file,file,file,file,file,builtin,file,file,builtin,file,file,file,file,file,file,file,file,file,file,file,file,builtin-err,builtin-err,file,file,file,builtin-err,file,file,file,file,file,file
summer,measured,mfile,,file,file,file,file,file,file,file,file,file,file,file,file,file,file,file,file,file,file,file,file,file,file,file,file,file,file,file,file,file,file,file,file,file,file,file,file,file
superpixels,measured,mfile,,file,file,file,file,file,file,file,file,file,file,file,file,file,file,file,file,file,file,file,file,file,file,file,file,file,file,file,file,file,file,file,file,file,file,file,file,file
superpixels3,measured,mfile,,file,file,file,file,file,file,file,file,file,file,file,file,file,file,file,file,file,file,file,file,file,file,file,file,file,file,file,file,file,file,file,file,file,file,file,file,file
surf,measured,mfile,,file,file,file,file,file,file,file,file,file,file,file,file,file,file,file,file,file,file,file,file,file,file,file,file,file,file,file,file,file,file,file,file,file,file,file,file,file
surf2patch,measured,mfile,,file,file,file,file,file,file,file,file,file,file,file,file,file,file,file,file,file,file,file,file,file,file,file,file,file,file,file,file,file,file,file,file,file,file,file,file,file
surface,measured,builtin,xregmodel,file,file,file,file,file,file,file,file,file,file,file,file,file,file,file,file,file,file,file,file,file,file,file,file,file,file,file,file,file,file,file,file,file,file,file,file,file
surfc,measured,mfile,,file,file,file,file,file,file,file,file,file,file,file,file,file,file,file,file,file,file,file,file,file,file,file,file,file,file,file,file,file,file,file,file,file,file,file,file,file
surfl,measured,mfile,,file,file,file,file,file,file,file,file,file,file,file,file,file,file,file,file,file,file,file,file,file,file,file,file,file,file,file,file,file,file,file,file,file,file,file,file,file
surfnorm,measured,mfile,,file,file,file,file,file,file,file,file,file,file,file,file,file,file,file,file,file,file,file,file,file,file,file,file,file,file,file,file,file,file,file,file,file,file,file,file,file
svd,measured,builtin,codistributed;double;frd;gpuArray;single;sym;tall,file,builtin,file,file,file,file,file,file,file,file,file,file,file,file,builtin-err,file,file,file,file,file,file,file,builtin-err,file,file,file,file,file,file,file,file,file,file,file,file,file,file
svds,measured,mfile,codistributed;gpuArray,file,file,file,file,file,file,file,file,file,file,file,file,file,file,file,file,file,file,file,file,file,file,file,file,file,file,file,file,file,file,file,file,file,file,file,file,file
swarmchart,measured,mfile,,file,file,file,file,file,file,file,file,file,file,file,file,file,file,file,file,file,file,file,file,file,file,file,file,file,file,file,file,file,file,file,file,file,file,file,file,file
swarmchart3,measured,mfile,,file,file,file,file,file,file,file,file,file,file,file,file,file,file,file,file,file,file,file,file,file,file,file,file,file,file,file,file,file,file,file,file,file,file,file,file,file
sylvester,measured,mfile,,file,file,file,file,file,file,file,file,file,file,file,file,file,file,file,file,file,file,file,file,file,file,file,file,file,file,file,file,file,file,file,file,file,file,file,file,file
symamd,measured,mfile,,file,file,file,file,file,file,file,file,file,file,file,file,file,file,file,file,file,file,file,file,file,file,file,file,file,file,file,file,file,file,file,file,file,file,file,file,file
symbfact,measured,builtin,,file,file,file,file,file,file,file,file,file,file,file,file,file,file,file,file,file,file,file,file,file,file,file,file,file,file,file,file,file,file,file,file,file,file,file,file,file
symmlq,measured,mfile,codistributed;gpuArray,file,file,file,file,file,file,file,file,file,file,file,file,file,file,file,file,file,file,file,file,file,file,file,file,file,file,file,file,file,file,file,file,file,file,file,file,file
symrcm,measured,builtin,double;logical;single,file,builtin,file,file,file,file,file,builtin,file,file,file,file,file,file,builtin-err,file,file,file,file,file,file,file,builtin-err,file,file,file,file,file,file,file,file,file,file,file,file,file,file
symvar,measured,mfile,fittype;inline;sym,file,file,file,file,file,file,file,file,file,file,file,file,file,file,file,file,file,file,file,file,file,file,file,file,file,file,file,file,file,file,file,file,file,file,file,file,file
table,measured,mfile,cgoppoint;codistributed;distributed;table;tall,builtin,builtin,builtin,builtin,builtin,builtin-err,builtin-err,builtin,builtin,builtin,builtin,builtin,builtin,builtin,builtin,builtin,builtin,builtin,builtin,builtin,builtin-err,builtin,builtin-err,builtin-err,builtin,builtin-err,builtin-err,builtin,builtin,builtin,builtin,builtin,builtin,builtin,builtin,builtin,builtin
table2struct,measured,mfile,,file,file,file,file,file,file,file,file,file,file,file,file,file,file,file,file,file,file,file,file,file,file,file,file,file,file,file,file,file,file,file,file,file,file,file,file,file
tabulate,measured,none,,file,file,file,file,file,file,file,file,file,file,file,file,file,file,file,file,file,file,file,file,file,file,file,file,file,file,file,file,file,file,file,file,file,file,file,file,file
tachorpm,measured,mfile,,file,file,file,file,file,file,file,file,file,file,file,file,file,file,file,file,file,file,file,file,file,file,file,file,file,file,file,file,file,file,file,file,file,file,file,file,file
tail,measured,mfile,codistributed;distributed;gpuArray;tall,file,file,file,file,file,file,file,file,file,file,file,file,file,file,file,file,file,file,file,file,file,file,file,file,file,file,file,file,file,file,file,file,file,file,file,file,file
tan,measured,builtin,codistributed;dlarray;double;gpuArray;half;single;sym;tabular,file,builtin,file,file,file,file,file,file,file,builtin,file,file,file,file,builtin-err,file,file,file,file,file,file,file,builtin-err,file,file,builtin-err,builtin-err,file,file,file,file,file,file,file,file,file,file
tand,measured,builtin,codistributed;double;gpuArray;single;sym;tabular,file,builtin,file,file,file,file,file,file,file,builtin,file,file,file,file,builtin-err,file,file,file,file,file,file,file,builtin-err,file,file,builtin-err,builtin-err,file,file,file,file,file,file,file,file,file,file
tanh,measured,builtin,bfloat16;codistributed;dlarray;double;gpuArray;half;single;sym;tabular,file,builtin,file,file,file,file,file,file,file,builtin,file,file,file,file,builtin-err,file,file,file,file,file,file,file,builtin-err,file,file,builtin-err,builtin-err,file,file,file,file,file,file,file,file,file,file
taylorwin,measured,mfile,,file,file,file,file,file,file,file,file,file,file,file,file,file,file,file,file,file,file,file,file,file,file,file,file,file,file,file,file,file,file,file,file,file,file,file,file,file
tblread,measured,none,,file,file,file,file,file,file,file,file,file,file,file,file,file,file,file,file,file,file,file,file,file,file,file,file,file,file,file,file,file,file,file,file,file,file,file,file,file
tblwrite,measured,none,,file,file,file,file,file,file,file,file,file,file,file,file,file,file,file,file,file,file,file,file,file,file,file,file,file,file,file,file,file,file,file,file,file,file,file,file,file
tcdf,measured,none,,file,file,file,file,file,file,file,file,file,file,file,file,file,file,file,file,file,file,file,file,file,file,file,file,file,file,file,file,file,file,file,file,file,file,file,file,file
tdfread,measured,none,,file,file,file,file,file,file,file,file,file,file,file,file,file,file,file,file,file,file,file,file,file,file,file,file,file,file,file,file,file,file,file,file,file,file,file,file,file
tempdir,measured,mfile,,file,file,file,file,file,file,file,file,file,file,file,file,file,file,file,file,file,file,file,file,file,file,file,file,file,file,file,file,file,file,file,file,file,file,file,file,file
tempname,measured,mfile,,file,file,file,file,file,file,file,file,file,file,file,file,file,file,file,file,file,file,file,file,file,file,file,file,file,file,file,file,file,file,file,file,file,file,file,file,file
tetramesh,measured,mfile,,file,file,file,file,file,file,file,file,file,file,file,file,file,file,file,file,file,file,file,file,file,file,file,file,file,file,file,file,file,file,file,file,file,file,file,file,file
texlabel,measured,mfile,sym,file,file,file,file,file,file,file,file,file,file,file,file,file,file,file,file,file,file,file,file,file,file,file,file,file,file,file,file,file,file,file,file,file,file,file,file,file
text,measured,builtin,,file,file,file,file,file,file,file,file,file,file,file,file,file,file,file,file,file,file,file,file,file,file,file,file,file,file,file,file,file,file,file,file,file,file,file,file,file
textcolumn,measured,none,,file,file,file,file,file,file,file,file,file,file,file,file,file,file,file,file,file,file,file,file,file,file,file,file,file,file,file,file,file,file,file,file,file,file,file,file,file
textscan,measured,builtin,,file,file,file,file,file,file,file,file,file,file,file,file,file,file,file,file,file,file,file,file,file,file,file,file,file,file,file,file,file,file,file,file,file,file,file,file,file
tf,measured,mfile,DynamicSystem;StaticModel;idParametric;mpc;tf,builtin,builtin,builtin-err,builtin-err,builtin-err,builtin-err,builtin-err,builtin-err,builtin,builtin-err,builtin-err,builtin-err,builtin-err,builtin-err,builtin,builtin-err,builtin-err,builtin,builtin,builtin-err,builtin-err,builtin,builtin-err,builtin-err,builtin-err,builtin-err,builtin-err,builtin-err,builtin-err,builtin-err,builtin-err,builtin-err,builtin-err,builtin-err,builtin-err,builtin-err,builtin-err
tf2latc,measured,mfile,,file,file,file,file,file,file,file,file,file,file,file,file,file,file,file,file,file,file,file,file,file,file,file,file,file,file,file,file,file,file,file,file,file,file,file,file,file
tf2sos,measured,mfile,,file,file,file,file,file,file,file,file,file,file,file,file,file,file,file,file,file,file,file,file,file,file,file,file,file,file,file,file,file,file,file,file,file,file,file,file,file
tf2ss,measured,mfile,,file,file,file,file,file,file,file,file,file,file,file,file,file,file,file,file,file,file,file,file,file,file,file,file,file,file,file,file,file,file,file,file,file,file,file,file,file
tf2zp,measured,mfile,,file,file,file,file,file,file,file,file,file,file,file,file,file,file,file,file,file,file,file,file,file,file,file,file,file,file,file,file,file,file,file,file,file,file,file,file,file
tf2zpk,measured,mfile,,file,file,file,file,file,file,file,file,file,file,file,file,file,file,file,file,file,file,file,file,file,file,file,file,file,file,file,file,file,file,file,file,file,file,file,file,file
tfe,measured,mfile,,file,file,file,file,file,file,file,file,file,file,file,file,file,file,file,file,file,file,file,file,file,file,file,file,file,file,file,file,file,file,file,file,file,file,file,file,file
tfestimate,measured,mfile,gpuArray,file,file,file,file,file,file,file,file,file,file,file,file,file,file,file,file,file,file,file,file,file,file,file,file,file,file,file,file,file,file,file,file,file,file,file,file,file
tfqmr,measured,mfile,codistributed;gpuArray,file,file,file,file,file,file,file,file,file,file,file,file,file,file,file,file,file,file,file,file,file,file,file,file,file,file,file,file,file,file,file,file,file,file,file,file,file
tfridge,measured,mfile,,file,file,file,file,file,file,file,file,file,file,file,file,file,file,file,file,file,file,file,file,file,file,file,file,file,file,file,file,file,file,file,file,file,file,file,file,file
thd,measured,mfile,,file,file,file,file,file,file,file,file,file,file,file,file,file,file,file,file,file,file,file,file,file,file,file,file,file,file,file,file,file,file,file,file,file,file,file,file,file
thetalim,measured,mfile,,file,file,file,file,file,file,file,file,file,file,file,file,file,file,file,file,file,file,file,file,file,file,file,file,file,file,file,file,file,file,file,file,file,file,file,file,file
thetatickformat,measured,mfile,,file,file,file,file,file,file,file,file,file,file,file,file,file,file,file,file,file,file,file,file,file,file,file,file,file,file,file,file,file,file,file,file,file,file,file,file,file
thetaticklabels,measured,mfile,,file,file,file,file,file,file,file,file,file,file,file,file,file,file,file,file,file,file,file,file,file,file,file,file,file,file,file,file,file,file,file,file,file,file,file,file,file
thetaticks,measured,mfile,,file,file,file,file,file,file,file,file,file,file,file,file,file,file,file,file,file,file,file,file,file,file,file,file,file,file,file,file,file,file,file,file,file,file,file,file,file
throw,measured,other,,file,file,file,file,file,file,file,file,file,file,file,file,file,file,file,file,file,file,file,file,file,file,file,file,file,file,file,file,file,file,file,file,file,file,file,file,file
throwAsCaller,measured,other,,file,file,file,file,file,file,file,file,file,file,file,file,file,file,file,file,file,file,file,file,file,file,file,file,file,file,file,file,file,file,file,file,file,file,file,file,file
tic,measured,builtin,,file,file,file,file,file,file,file,file,file,file,file,file,file,file,file,file,file,file,file,file,file,file,file,file,file,file,file,file,file,file,file,file,file,file,file,file,file
tiedrank,measured,mfile,,file,file,file,file,file,file,file,file,file,file,file,file,file,file,file,file,file,file,file,file,file,file,file,file,file,file,file,file,file,file,file,file,file,file,file,file,file
tiledlayout,measured,mfile,,file,file,file,file,file,file,file,file,file,file,file,file,file,file,file,file,file,file,file,file,file,file,file,file,file,file,file,file,file,file,file,file,file,file,file,file,file
time,measured,mfile,codistributed;tall,file,file,file,file,file,file,file,file,file,file,file,file,file,file,file,file,file,file,file,file,file,file,file,file,file,file,file,file,file,file,file,file,file,file,file,file,file
timeofday,measured,mfile,codistributed;tall,file,file,file,file,file,file,file,file,file,file,builtin,file,file,file,file,file,file,file,file,file,file,file,file,file,file,file,file,builtin-err,builtin-err,file,file,file,file,file,file,file,file
times,measured,builtin,InputOutputModel;calendarDuration;categorical;char;codistributed;cvdata;dlarray;double;duration;emlhalf;gpuArray;int16;int32;int64;int8;logical;quaternion;single;tabular;tall;timeseries;uint16;uint32;uint64;uint8,file,builtin-err,file,file,file,file,builtin-err,builtin-err,builtin-err,builtin-err,file,builtin-err,builtin-err,file,builtin,file,file,file,file,file,file,builtin,builtin,builtin,file,builtin,builtin,file,file,builtin,builtin-err,file,file,file,file,file,file
timetable,measured,mfile,codistributed;distributed;tall;timetable,builtin,builtin-err,builtin-err,builtin-err,builtin-err,builtin-err,builtin-err,builtin-err,builtin-err,builtin-err,builtin,builtin,builtin-err,builtin-err,builtin-err,builtin-err,builtin-err,builtin-err,builtin-err,builtin-err,builtin-err,builtin-err,builtin-err,builtin-err,builtin-err,builtin-err,builtin-err,builtin-err,builtin,builtin-err,builtin-err,builtin-err,builtin-err,builtin-err,builtin-err,builtin-err,builtin-err
timezones,measured,mfile,,file,file,file,file,file,file,file,file,file,file,file,file,file,file,file,file,file,file,file,file,file,file,file,file,file,file,file,file,file,file,file,file,file,file,file,file,file
tinv,measured,none,,file,file,file,file,file,file,file,file,file,file,file,file,file,file,file,file,file,file,file,file,file,file,file,file,file,file,file,file,file,file,file,file,file,file,file,file,file
title,measured,mfile,,file,file,file,file,file,file,file,file,file,file,file,file,file,file,file,file,file,file,file,file,file,file,file,file,file,file,file,file,file,file,file,file,file,file,file,file,file
tLocationScaleDistribution,measured,none,,file,file,file,file,file,file,file,file,file,file,file,file,file,file,file,file,file,file,file,file,file,file,file,file,file,file,file,file,file,file,file,file,file,file,file,file,file
toc,measured,builtin,,file,file,file,file,file,file,file,file,file,file,file,file,file,file,file,file,file,file,file,file,file,file,file,file,file,file,file,file,file,file,file,file,file,file,file,file,file
toeplitz,measured,mfile,distributed;sym,file,file,file,file,file,file,file,file,file,file,file,file,file,file,file,file,file,file,file,file,file,file,file,file,file,file,file,file,file,file,file,file,file,file,file,file,file
toi,measured,mfile,,file,file,file,file,file,file,file,file,file,file,file,file,file,file,file,file,file,file,file,file,file,file,file,file,file,file,file,file,file,file,file,file,file,file,file,file,file
topkrows,measured,mfile,categorical;codistributed;datetime;duration;gpuArray;tabular;tall;timetable,file,file,file,file,file,file,file,file,file,builtin-err,builtin-err,builtin-err,builtin-err,file,file,file,file,file,file,file,file,file,file,file,file,builtin-err,builtin-err,builtin-err,builtin,builtin-err,builtin-err,file,file,file,file,file,file
tpdf,measured,none,,file,file,file,file,file,file,file,file,file,file,file,file,file,file,file,file,file,file,file,file,file,file,file,file,file,file,file,file,file,file,file,file,file,file,file,file,file
trace,measured,mfile,distributed;gpuArray,file,file,file,file,file,file,file,file,file,file,file,file,file,file,file,file,file,file,file,file,file,file,file,file,file,file,file,file,file,file,file,file,file,file,file,file,file
transformPointsForward,measured,none,,file,file,file,file,file,file,file,file,file,file,file,file,file,file,file,file,file,file,file,file,file,file,file,file,file,file,file,file,file,file,file,file,file,file,file,file,file
transformPointsInverse,measured,none,,file,file,file,file,file,file,file,file,file,file,file,file,file,file,file,file,file,file,file,file,file,file,file,file,file,file,file,file,file,file,file,file,file,file,file,file,file
transpose,measured,builtin,RedefinesParen;Scalar;categorical;cell;char;codistributed;dlarray;double;gpuArray;int16;int32;int64;int8;logical;opaque;quaternion;se2;se3;single;so2;so3;string;struct;sym;uint16;uint32;uint64;uint8,file,builtin,builtin,builtin,builtin,file,builtin,builtin,builtin,builtin-err,builtin,builtin,builtin,builtin,builtin-err,file,builtin-err,builtin-err,builtin-err,builtin-err,file,builtin-err,builtin-err,builtin-err,builtin-err,builtin-err,builtin-err,builtin-err,builtin-err,builtin-err,builtin-err,builtin-err,builtin-err,builtin-err,file,file,builtin-err
trapz,measured,mfile,codistributed;gpuArray,file,file,file,file,file,file,file,file,file,file,file,file,file,file,file,file,file,file,file,file,file,file,file,file,file,file,file,file,file,file,file,file,file,file,file,file,file
treelayout,measured,mfile,,file,file,file,file,file,file,file,file,file,file,file,file,file,file,file,file,file,file,file,file,file,file,file,file,file,file,file,file,file,file,file,file,file,file,file,file,file
treeplot,measured,mfile,,file,file,file,file,file,file,file,file,file,file,file,file,file,file,file,file,file,file,file,file,file,file,file,file,file,file,file,file,file,file,file,file,file,file,file,file,file
triang,measured,mfile,,file,file,file,file,file,file,file,file,file,file,file,file,file,file,file,file,file,file,file,file,file,file,file,file,file,file,file,file,file,file,file,file,file,file,file,file,file
TriangularDistribution,measured,none,,file,file,file,file,file,file,file,file,file,file,file,file,file,file,file,file,file,file,file,file,file,file,file,file,file,file,file,file,file,file,file,file,file,file,file,file,file
tril,measured,builtin,char;codistributed;double;gpuArray;int16;int32;int64;int8;logical;single;sym;uint16;uint32;uint64;uint8,file,builtin,file,file,file,file,builtin,builtin,builtin,file,file,file,file,file,builtin-err,file,file,file,file,file,file,builtin-err,builtin,builtin-err,file,file,file,file,file,file,file,file,file,file,file,file,file
trim,measured,mfile,mpc,file,file,file,file,file,file,file,file,file,file,file,file,file,file,file,file,file,file,file,file,file,file,file,file,file,file,file,file,file,file,file,file,file,file,file,file,file
trimesh,measured,mfile,,file,file,file,file,file,file,file,file,file,file,file,file,file,file,file,file,file,file,file,file,file,file,file,file,file,file,file,file,file,file,file,file,file,file,file,file,file
trimmean,measured,none,,file,file,file,file,file,file,file,file,file,file,file,file,file,file,file,file,file,file,file,file,file,file,file,file,file,file,file,file,file,file,file,file,file,file,file,file,file
triplequad,measured,mfile,,file,file,file,file,file,file,file,file,file,file,file,file,file,file,file,file,file,file,file,file,file,file,file,file,file,file,file,file,file,file,file,file,file,file,file,file,file
triplot,measured,mfile,,file,file,file,file,file,file,file,file,file,file,file,file,file,file,file,file,file,file,file,file,file,file,file,file,file,file,file,file,file,file,file,file,file,file,file,file,file
tripuls,measured,mfile,,file,file,file,file,file,file,file,file,file,file,file,file,file,file,file,file,file,file,file,file,file,file,file,file,file,file,file,file,file,file,file,file,file,file,file,file,file
trisurf,measured,mfile,,file,file,file,file,file,file,file,file,file,file,file,file,file,file,file,file,file,file,file,file,file,file,file,file,file,file,file,file,file,file,file,file,file,file,file,file,file
triu,measured,builtin,char;codistributed;double;gpuArray;int16;int32;int64;int8;logical;single;sym;uint16;uint32;uint64;uint8,file,builtin,file,file,file,file,builtin,builtin,builtin,file,file,file,file,file,builtin-err,file,file,file,file,file,file,builtin-err,builtin,builtin-err,file,file,file,file,file,file,file,file,file,file,file,file,file
trnd,measured,none,,file,file,file,file,file,file,file,file,file,file,file,file,file,file,file,file,file,file,file,file,file,file,file,file,file,file,file,file,file,file,file,file,file,file,file,file,file
true,measured,builtin,codistributed;codistributor1d;codistributor2dbc;distributed;gpuArray,file,file,file,file,file,file,file,file,file,file,file,file,file,file,file,file,file,file,file,file,file,file,file,file,file,file,file,file,file,file,file,file,file,file,file,file,file
truncate,measured,none,,file,file,file,file,file,file,file,file,file,file,file,file,file,file,file,file,file,file,file,file,file,file,file,file,file,file,file,file,file,file,file,file,file,file,file,file,file
tsa,measured,mfile,,file,file,file,file,file,file,file,file,file,file,file,file,file,file,file,file,file,file,file,file,file,file,file,file,file,file,file,file,file,file,file,file,file,file,file,file,file
tsearchn,measured,mfile,,file,file,file,file,file,file,file,file,file,file,file,file,file,file,file,file,file,file,file,file,file,file,file,file,file,file,file,file,file,file,file,file,file,file,file,file,file
tsne,measured,none,,file,file,file,file,file,file,file,file,file,file,file,file,file,file,file,file,file,file,file,file,file,file,file,file,file,file,file,file,file,file,file,file,file,file,file,file,file
tstat,measured,none,,file,file,file,file,file,file,file,file,file,file,file,file,file,file,file,file,file,file,file,file,file,file,file,file,file,file,file,file,file,file,file,file,file,file,file,file,file
ttest,measured,none,,file,file,file,file,file,file,file,file,file,file,file,file,file,file,file,file,file,file,file,file,file,file,file,file,file,file,file,file,file,file,file,file,file,file,file,file,file
ttest2,measured,none,,file,file,file,file,file,file,file,file,file,file,file,file,file,file,file,file,file,file,file,file,file,file,file,file,file,file,file,file,file,file,file,file,file,file,file,file,file
tukeywin,measured,mfile,,file,file,file,file,file,file,file,file,file,file,file,file,file,file,file,file,file,file,file,file,file,file,file,file,file,file,file,file,file,file,file,file,file,file,file,file,file
turbo,measured,mfile,,file,file,file,file,file,file,file,file,file,file,file,file,file,file,file,file,file,file,file,file,file,file,file,file,file,file,file,file,file,file,file,file,file,file,file,file,file
type,measured,builtin,cgexprmodel;cgfuncmodel;fittype;mdevtestplan;xregdataset;xregexportmodel;xregmodswitch;xregstatsmodel,file,file,file,file,file,file,file,file,file,file,file,file,file,file,file,file,file,file,file,file,file,file,file,file,file,file,file,file,file,file,file,file,file,file,file,file,file
typecast,measured,builtin,codistributed;gpuArray,file,file,file,file,file,file,file,file,file,file,file,file,file,file,file,file,file,file,file,file,file,file,file,file,file,file,file,file,file,file,file,file,file,file,file,file,file
tzoffset,measured,mfile,codistributed;tall,file,file,file,file,file,file,file,file,file,file,builtin,file,file,file,file,file,file,file,file,file,file,file,file,file,file,file,file,builtin-err,builtin-err,file,file,file,file,file,file,file,file
udecode,measured,mfile,,file,file,file,file,file,file,file,file,file,file,file,file,file,file,file,file,file,file,file,file,file,file,file,file,file,file,file,file,file,file,file,file,file,file,file,file,file
uencode,measured,mfile,,file,file,file,file,file,file,file,file,file,file,file,file,file,file,file,file,file,file,file,file,file,file,file,file,file,file,file,file,file,file,file,file,file,file,file,file,file
uiaxes,measured,mfile,,file,file,file,file,file,file,file,file,file,file,file,file,file,file,file,file,file,file,file,file,file,file,file,file,file,file,file,file,file,file,file,file,file,file,file,file,file
uicontextmenu,measured,builtin,,file,file,file,file,file,file,file,file,file,file,file,file,file,file,file,file,file,file,file,file,file,file,file,file,file,file,file,file,file,file,file,file,file,file,file,file,file
uimenu,measured,builtin,,file,file,file,file,file,file,file,file,file,file,file,file,file,file,file,file,file,file,file,file,file,file,file,file,file,file,file,file,file,file,file,file,file,file,file,file,file
uminus,measured,builtin,calendarDuration;cgslparser;char;codistributed;dlarray;double;duration;gpuArray;icsignal;idarx;int16;int32;int64;int8;laurmat;laurpoly;logical;single;uint16;uint32;uint64;uint8,file,builtin,file,file,file,file,builtin,builtin,builtin,file,file,builtin,file,file,builtin-err,file,file,file,file,file,file,builtin-err,builtin-err,builtin-err,file,file,file,file,file,builtin-err,file,file,file,file,file,file,file
undershoot,measured,mfile,,file,file,file,file,file,file,file,file,file,file,file,file,file,file,file,file,file,file,file,file,file,file,file,file,file,file,file,file,file,file,file,file,file,file,file,file,file
unicode2native,measured,builtin,,file,file,file,file,file,file,file,file,file,file,file,file,file,file,file,file,file,file,file,file,file,file,file,file,file,file,file,file,file,file,file,file,file,file,file,file,file
unidcdf,measured,none,,file,file,file,file,file,file,file,file,file,file,file,file,file,file,file,file,file,file,file,file,file,file,file,file,file,file,file,file,file,file,file,file,file,file,file,file,file
unidinv,measured,none,,file,file,file,file,file,file,file,file,file,file,file,file,file,file,file,file,file,file,file,file,file,file,file,file,file,file,file,file,file,file,file,file,file,file,file,file,file
unidpdf,measured,none,,file,file,file,file,file,file,file,file,file,file,file,file,file,file,file,file,file,file,file,file,file,file,file,file,file,file,file,file,file,file,file,file,file,file,file,file,file
unidrnd,measured,none,,file,file,file,file,file,file,file,file,file,file,file,file,file,file,file,file,file,file,file,file,file,file,file,file,file,file,file,file,file,file,file,file,file,file,file,file,file
unidstat,measured,none,,file,file,file,file,file,file,file,file,file,file,file,file,file,file,file,file,file,file,file,file,file,file,file,file,file,file,file,file,file,file,file,file,file,file,file,file,file
unifcdf,measured,none,,file,file,file,file,file,file,file,file,file,file,file,file,file,file,file,file,file,file,file,file,file,file,file,file,file,file,file,file,file,file,file,file,file,file,file,file,file
unifinv,measured,none,,file,file,file,file,file,file,file,file,file,file,file,file,file,file,file,file,file,file,file,file,file,file,file,file,file,file,file,file,file,file,file,file,file,file,file,file,file
unifit,measured,none,,file,file,file,file,file,file,file,file,file,file,file,file,file,file,file,file,file,file,file,file,file,file,file,file,file,file,file,file,file,file,file,file,file,file,file,file,file
UniformDistribution,measured,none,,file,file,file,file,file,file,file,file,file,file,file,file,file,file,file,file,file,file,file,file,file,file,file,file,file,file,file,file,file,file,file,file,file,file,file,file,file
unifpdf,measured,none,,file,file,file,file,file,file,file,file,file,file,file,file,file,file,file,file,file,file,file,file,file,file,file,file,file,file,file,file,file,file,file,file,file,file,file,file,file
unifrnd,measured,none,,file,file,file,file,file,file,file,file,file,file,file,file,file,file,file,file,file,file,file,file,file,file,file,file,file,file,file,file,file,file,file,file,file,file,file,file,file
unifstat,measured,none,,file,file,file,file,file,file,file,file,file,file,file,file,file,file,file,file,file,file,file,file,file,file,file,file,file,file,file,file,file,file,file,file,file,file,file,file,file
union,measured,mfile,categorical;cell;codistributed;dataset;datetime;duration;fegeometry;gpuArray;polyshape;symfun;tabular;tall,file,file,file,builtin-err,file,file,file,file,file,builtin-err,builtin-err,builtin-err,builtin-err,file,file,file,file,builtin-err,builtin-err,file,file,file,file,file,file,builtin-err,builtin-err,builtin-err,builtin-err,builtin,builtin-err,file,file,file,file,file,builtin-err
unique,measured,mfile,calendarDuration;categorical;cell;codistributed;dataset;datetime;duration;gpuArray;sym;symfun;tabular;tall,file,file,file,builtin-err,file,file,file,file,file,builtin-err,builtin,builtin,builtin,file,file,file,file,builtin-err,builtin-err,file,file,file,file,file,file,builtin-err,builtin-err,builtin-err,builtin,builtin-err,builtin-err,file,file,file,file,file,builtin-err
uniquetol,measured,builtin,gpuArray,file,file,file,file,file,file,file,file,file,file,file,file,file,file,file,file,file,file,file,file,file,file,file,file,file,file,file,file,file,file,file,file,file,file,file,file,file
unmesh,measured,mfile,,file,file,file,file,file,file,file,file,file,file,file,file,file,file,file,file,file,file,file,file,file,file,file,file,file,file,file,file,file,file,file,file,file,file,file,file,file
unmkpp,measured,mfile,,file,file,file,file,file,file,file,file,file,file,file,file,file,file,file,file,file,file,file,file,file,file,file,file,file,file,file,file,file,file,file,file,file,file,file,file,file
unshiftdata,measured,mfile,,file,file,file,file,file,file,file,file,file,file,file,file,file,file,file,file,file,file,file,file,file,file,file,file,file,file,file,file,file,file,file,file,file,file,file,file,file
unwrap,measured,mfile,codistributed;frd;gpuArray,file,file,file,file,file,file,file,file,file,file,file,file,file,file,file,file,file,file,file,file,file,file,file,file,file,file,file,file,file,file,file,file,file,file,file,file,file
upfirdn,measured,mfile,gpuArray,file,file,file,file,file,file,file,file,file,file,file,file,file,file,file,file,file,file,file,file,file,file,file,file,file,file,file,file,file,file,file,file,file,file,file,file,file
uplus,measured,builtin,char;codistributed;dlarray;double;gpuArray;icsignal;int16;int32;int64;int8;logical;single;uint16;uint32;uint64;uint8,file,builtin,file,file,file,file,builtin,builtin,builtin,file,file,builtin,file,file,builtin-err,file,file,file,file,file,file,builtin-err,builtin-err,builtin-err,file,file,file,file,file,builtin-err,file,file,file,file,file,file,file
upper,measured,builtin,codistributed;string,file,file,builtin,file,file,file,file,file,file,file,file,file,file,file,file,file,builtin-err,file,file,file,file,file,file,file,builtin-err,file,file,file,file,file,file,file,file,builtin-err,file,file,file
upsample,measured,mfile,DynamicSystem;gpuArray,file,file,file,file,file,file,file,file,file,file,file,file,file,file,file,file,file,file,file,file,file,file,file,file,file,file,file,file,file,file,file,file,file,file,file,file,file
validateattributes,measured,builtin,codistributed;distributed;dlarray;gpuArray,file,file,file,file,file,file,file,file,file,file,file,file,file,file,file,file,file,file,file,file,file,file,file,file,file,file,file,file,file,file,file,file,file,file,file,file,file
validatecolor,measured,mfile,,file,file,file,file,file,file,file,file,file,file,file,file,file,file,file,file,file,file,file,file,file,file,file,file,file,file,file,file,file,file,file,file,file,file,file,file,file
values,measured,other,,file,file,file,file,file,file,file,file,file,file,file,file,file,builtin,file,file,file,file,file,file,file,file,file,file,file,file,file,file,file,file,file,file,builtin-err,file,file,file,file
vander,measured,mfile,distributed;symfun,file,file,file,file,file,file,file,file,file,file,file,file,file,file,file,file,file,file,file,file,file,file,file,file,file,file,file,file,file,file,file,file,file,file,file,file,file
var,measured,mfile,codistributed;gpuArray;localavfit;localmulti;tabular;tall;timeseries;xregmodel;xregmulti;xregunispline,file,file,file,file,file,file,file,file,file,builtin,file,file,file,file,file,file,file,file,file,file,file,file,file,file,file,builtin-err,builtin,file,file,file,file,file,file,file,file,file,file
variance,measured,none,,file,file,file,file,file,file,file,file,file,file,file,file,file,file,file,file,file,file,file,file,file,file,file,file,file,file,file,file,file,file,file,file,file,file,file,file,file
vartest,measured,none,,file,file,file,file,file,file,file,file,file,file,file,file,file,file,file,file,file,file,file,file,file,file,file,file,file,file,file,file,file,file,file,file,file,file,file,file,file
vartest2,measured,none,,file,file,file,file,file,file,file,file,file,file,file,file,file,file,file,file,file,file,file,file,file,file,file,file,file,file,file,file,file,file,file,file,file,file,file,file,file
vartestn,measured,none,,file,file,file,file,file,file,file,file,file,file,file,file,file,file,file,file,file,file,file,file,file,file,file,file,file,file,file,file,file,file,file,file,file,file,file,file,file
vco,measured,mfile,,file,file,file,file,file,file,file,file,file,file,file,file,file,file,file,file,file,file,file,file,file,file,file,file,file,file,file,file,file,file,file,file,file,file,file,file,file
vecnorm,measured,builtin,codistributed;dlarray;double;gpuArray;single;tall,file,builtin,file,file,file,file,file,file,file,file,file,file,file,file,builtin,file,file,file,file,file,file,file,builtin-err,file,file,file,file,file,file,file,file,file,file,file,file,file,file
vectorize,measured,mfile,inline;merton;sdeddo,file,file,file,file,file,file,file,file,file,file,file,file,file,file,file,file,file,file,file,file,file,file,file,file,file,file,file,file,file,file,file,file,file,file,file,file,file
version,measured,builtin,mtree,file,file,file,file,file,file,file,file,file,file,file,file,file,file,file,file,file,file,file,file,file,file,file,file,file,file,file,file,file,file,file,file,file,file,file,file,file
vertcat,measured,builtin,Bluetooth;LegacyIcdevice;RedefinesParen;Scalar;categorical;codistributed;coninputfactor;dataset;dlarray;fittype;gpib;gpuArray;half;i2c;icgroup;icsignal;iddata;inline;iviconfigurationstore;laurpoly;network;serial;string;sweepset;sym;tabular;tall;tcpip;tokenizedDocument;tscollection;udp;videoinput;visa;xregdataset,file,file,builtin,file,file,file,file,file,file,builtin-err,builtin,builtin,builtin,builtin,file,builtin,builtin,file,file,file,file,file,file,file,builtin,builtin-err,builtin-err,builtin-err,builtin-err,builtin,builtin-err,file,builtin-err,builtin,builtin,builtin,file
VideoWriter,measured,mfile,,file,file,file,file,file,file,file,file,file,file,file,file,file,file,file,file,file,file,file,file,file,file,file,file,file,file,file,file,file,file,file,file,file,file,file,file,file
view,measured,mfile,DynamicSystem;HeatMap;cgdatasetnode;cgddnode;cgfeaturenode;cgmodelnode;cgnode;cgnormnode;cgoptimnode;cgoptimoutnode;cgproject;cgtablenode;cgtradeoffnode;cgtradeofftblnode;clustergram;genmat;mdev_local;mdevproject;mdevtestplan;modeldev;network;phytree;vrworld;xregmodel,file,file,file,file,file,file,file,file,file,file,file,file,file,file,file,file,file,file,file,file,file,file,file,file,file,file,file,file,file,file,file,file,file,file,file,file,file
viewmtx,measured,mfile,,file,file,file,file,file,file,file,file,file,file,file,file,file,file,file,file,file,file,file,file,file,file,file,file,file,file,file,file,file,file,file,file,file,file,file,file,file
viridis,measured,none,,file,file,file,file,file,file,file,file,file,file,file,file,file,file,file,file,file,file,file,file,file,file,file,file,file,file,file,file,file,file,file,file,file,file,file,file,file
visboundaries,measured,mfile,,file,file,file,file,file,file,file,file,file,file,file,file,file,file,file,file,file,file,file,file,file,file,file,file,file,file,file,file,file,file,file,file,file,file,file,file,file
viscircles,measured,mfile,,file,file,file,file,file,file,file,file,file,file,file,file,file,file,file,file,file,file,file,file,file,file,file,file,file,file,file,file,file,file,file,file,file,file,file,file,file
volumebounds,measured,mfile,,file,file,file,file,file,file,file,file,file,file,file,file,file,file,file,file,file,file,file,file,file,file,file,file,file,file,file,file,file,file,file,file,file,file,file,file,file
voronoi,measured,mfile,,file,file,file,file,file,file,file,file,file,file,file,file,file,file,file,file,file,file,file,file,file,file,file,file,file,file,file,file,file,file,file,file,file,file,file,file,file
voronoin,measured,mfile,,file,file,file,file,file,file,file,file,file,file,file,file,file,file,file,file,file,file,file,file,file,file,file,file,file,file,file,file,file,file,file,file,file,file,file,file,file
vswr,measured,mfile,,file,file,file,file,file,file,file,file,file,file,file,file,file,file,file,file,file,file,file,file,file,file,file,file,file,file,file,file,file,file,file,file,file,file,file,file,file
waitfor,measured,builtin,timer,file,file,file,file,file,file,file,file,file,file,file,file,file,file,file,file,file,file,file,file,file,file,file,file,file,file,file,file,file,file,file,file,file,file,file,file,file
waitforbuttonpress,measured,builtin,,file,file,file,file,file,file,file,file,file,file,file,file,file,file,file,file,file,file,file,file,file,file,file,file,file,file,file,file,file,file,file,file,file,file,file,file,file
warning,measured,builtin,,file,file,file,file,file,file,file,file,file,file,file,file,file,file,file,file,file,file,file,file,file,file,file,file,file,file,file,file,file,file,file,file,file,file,file,file,file
warp,measured,mfile,,file,file,file,file,file,file,file,file,file,file,file,file,file,file,file,file,file,file,file,file,file,file,file,file,file,file,file,file,file,file,file,file,file,file,file,file,file
waterfall,measured,mfile,,file,file,file,file,file,file,file,file,file,file,file,file,file,file,file,file,file,file,file,file,file,file,file,file,file,file,file,file,file,file,file,file,file,file,file,file,file
watershed,measured,mfile,,file,file,file,file,file,file,file,file,file,file,file,file,file,file,file,file,file,file,file,file,file,file,file,file,file,file,file,file,file,file,file,file,file,file,file,file,file
wavelength,measured,none,,file,file,file,file,file,file,file,file,file,file,file,file,file,file,file,file,file,file,file,file,file,file,file,file,file,file,file,file,file,file,file,file,file,file,file,file,file
wblcdf,measured,none,,file,file,file,file,file,file,file,file,file,file,file,file,file,file,file,file,file,file,file,file,file,file,file,file,file,file,file,file,file,file,file,file,file,file,file,file,file
wblfit,measured,none,,file,file,file,file,file,file,file,file,file,file,file,file,file,file,file,file,file,file,file,file,file,file,file,file,file,file,file,file,file,file,file,file,file,file,file,file,file
wblinv,measured,none,,file,file,file,file,file,file,file,file,file,file,file,file,file,file,file,file,file,file,file,file,file,file,file,file,file,file,file,file,file,file,file,file,file,file,file,file,file
wbllike,measured,none,,file,file,file,file,file,file,file,file,file,file,file,file,file,file,file,file,file,file,file,file,file,file,file,file,file,file,file,file,file,file,file,file,file,file,file,file,file
wblpdf,measured,none,,file,file,file,file,file,file,file,file,file,file,file,file,file,file,file,file,file,file,file,file,file,file,file,file,file,file,file,file,file,file,file,file,file,file,file,file,file
wblplot,measured,none,,file,file,file,file,file,file,file,file,file,file,file,file,file,file,file,file,file,file,file,file,file,file,file,file,file,file,file,file,file,file,file,file,file,file,file,file,file
wblrnd,measured,none,,file,file,file,file,file,file,file,file,file,file,file,file,file,file,file,file,file,file,file,file,file,file,file,file,file,file,file,file,file,file,file,file,file,file,file,file,file
wblstat,measured,none,,file,file,file,file,file,file,file,file,file,file,file,file,file,file,file,file,file,file,file,file,file,file,file,file,file,file,file,file,file,file,file,file,file,file,file,file,file
week,measured,mfile,codistributed;tall,file,file,file,file,file,file,file,file,file,file,builtin,file,file,file,file,file,file,file,file,file,file,file,file,file,file,file,file,builtin-err,builtin-err,file,file,file,file,file,file,file,file
weekday,measured,mfile,,file,file,file,file,file,file,file,file,file,file,file,file,file,file,file,file,file,file,file,file,file,file,file,file,file,file,file,file,file,file,file,file,file,file,file,file,file
WeibullDistribution,measured,none,,file,file,file,file,file,file,file,file,file,file,file,file,file,file,file,file,file,file,file,file,file,file,file,file,file,file,file,file,file,file,file,file,file,file,file,file,file
what,measured,builtin,,file,file,file,file,file,file,file,file,file,file,file,file,file,file,file,file,file,file,file,file,file,file,file,file,file,file,file,file,file,file,file,file,file,file,file,file,file
which,measured,builtin,,file,file,file,file,file,file,file,file,file,file,file,file,file,file,file,file,file,file,file,file,file,file,file,file,file,file,file,file,file,file,file,file,file,file,file,file,file
whitebg,measured,mfile,,file,file,file,file,file,file,file,file,file,file,file,file,file,file,file,file,file,file,file,file,file,file,file,file,file,file,file,file,file,file,file,file,file,file,file,file,file
whitepoint,measured,mfile,,file,file,file,file,file,file,file,file,file,file,file,file,file,file,file,file,file,file,file,file,file,file,file,file,file,file,file,file,file,file,file,file,file,file,file,file,file
who,measured,builtin,,file,file,file,file,file,file,file,file,file,file,file,file,file,file,file,file,file,file,file,file,file,file,file,file,file,file,file,file,file,file,file,file,file,file,file,file,file
whos,measured,builtin,,file,file,file,file,file,file,file,file,file,file,file,file,file,file,file,file,file,file,file,file,file,file,file,file,file,file,file,file,file,file,file,file,file,file,file,file,file
width,measured,mfile,tall,file,file,file,file,file,file,file,file,file,file,file,file,file,file,file,file,file,file,file,file,file,file,file,file,file,file,file,file,file,file,file,file,file,file,file,file,file
wiener2,measured,mfile,gpuArray,file,file,file,file,file,file,file,file,file,file,file,file,file,file,file,file,file,file,file,file,file,file,file,file,file,file,file,file,file,file,file,file,file,file,file,file,file
wilkinson,measured,mfile,,file,file,file,file,file,file,file,file,file,file,file,file,file,file,file,file,file,file,file,file,file,file,file,file,file,file,file,file,file,file,file,file,file,file,file,file,file
window,measured,mfile,,file,file,file,file,file,file,file,file,file,file,file,file,file,file,file,file,file,file,file,file,file,file,file,file,file,file,file,file,file,file,file,file,file,file,file,file,file
winter,measured,mfile,,file,file,file,file,file,file,file,file,file,file,file,file,file,file,file,file,file,file,file,file,file,file,file,file,file,file,file,file,file,file,file,file,file,file,file,file,file
wishrnd,measured,none,,file,file,file,file,file,file,file,file,file,file,file,file,file,file,file,file,file,file,file,file,file,file,file,file,file,file,file,file,file,file,file,file,file,file,file,file,file
writecell,measured,mfile,codistributed,file,file,file,file,file,file,file,file,file,file,file,file,file,file,file,file,file,file,file,file,file,file,file,file,file,file,file,file,file,file,file,file,file,file,file,file,file
writelines,measured,mfile,,file,file,file,file,file,file,file,file,file,file,file,file,file,file,file,file,file,file,file,file,file,file,file,file,file,file,file,file,file,file,file,file,file,file,file,file,file
writematrix,measured,mfile,codistributed;gpuArray,file,file,file,file,file,file,file,file,file,file,file,file,file,file,file,file,file,file,file,file,file,file,file,file,file,file,file,file,file,file,file,file,file,file,file,file,file
writetable,measured,mfile,codistributed;tall,file,file,file,file,file,file,file,file,file,file,file,file,file,file,file,file,file,file,file,file,file,file,file,file,file,file,file,file,file,file,file,file,file,file,file,file,file
writeVideo,measured,none,,file,file,file,file,file,file,file,file,file,file,file,file,file,file,file,file,file,file,file,file,file,file,file,file,file,file,file,file,file,file,file,file,file,file,file,file,file
x2fx,measured,mfile,localpoly;localpspline;localsurface;localtruncps;xreg3xspline;xregcubic;xreghybridrbf;xreglinear;xregmultilin;xregrbf;xregtwostage;xregunispline,file,file,file,file,file,file,file,file,file,file,file,file,file,file,file,file,file,file,file,file,file,file,file,file,file,file,file,file,file,file,file,file,file,file,file,file,file
xcorr,measured,mfile,gpuArray;tall,file,file,file,file,file,file,file,file,file,file,file,file,file,file,file,file,file,file,file,file,file,file,file,file,file,file,file,file,file,file,file,file,file,file,file,file,file
xcorr2,measured,mfile,,file,file,file,file,file,file,file,file,file,file,file,file,file,file,file,file,file,file,file,file,file,file,file,file,file,file,file,file,file,file,file,file,file,file,file,file,file
xcov,measured,mfile,tall,file,file,file,file,file,file,file,file,file,file,file,file,file,file,file,file,file,file,file,file,file,file,file,file,file,file,file,file,file,file,file,file,file,file,file,file,file
xlabel,measured,mfile,,file,file,file,file,file,file,file,file,file,file,file,file,file,file,file,file,file,file,file,file,file,file,file,file,file,file,file,file,file,file,file,file,file,file,file,file,file
xlim,measured,mfile,half,file,file,file,file,file,file,file,file,file,file,file,file,file,file,file,file,file,file,file,file,file,file,file,file,file,file,file,file,file,file,file,file,file,file,file,file,file
xline,measured,mfile,,file,file,file,file,file,file,file,file,file,file,file,file,file,file,file,file,file,file,file,file,file,file,file,file,file,file,file,file,file,file,file,file,file,file,file,file,file
xor,measured,builtin,char;codistributed;conbase;dlarray;double;gpuArray;int16;int32;int64;int8;logical;polyshape;single;tabular;uint16;uint32;uint64;uint8,file,builtin-err,file,file,file,file,builtin-err,builtin-err,builtin-err,builtin-err,file,file,file,file,builtin,file,file,file,file,file,file,builtin,builtin,builtin,file,builtin,builtin,file,file,file,file,file,file,file,file,file,file
xptread,measured,mfile,,file,file,file,file,file,file,file,file,file,file,file,file,file,file,file,file,file,file,file,file,file,file,file,file,file,file,file,file,file,file,file,file,file,file,file,file,file
xspectrogram,measured,mfile,gpuArray,file,file,file,file,file,file,file,file,file,file,file,file,file,file,file,file,file,file,file,file,file,file,file,file,file,file,file,file,file,file,file,file,file,file,file,file,file
xtickangle,measured,mfile,,file,file,file,file,file,file,file,file,file,file,file,file,file,file,file,file,file,file,file,file,file,file,file,file,file,file,file,file,file,file,file,file,file,file,file,file,file
xtickformat,measured,mfile,,file,file,file,file,file,file,file,file,file,file,file,file,file,file,file,file,file,file,file,file,file,file,file,file,file,file,file,file,file,file,file,file,file,file,file,file,file
xticklabels,measured,mfile,,file,file,file,file,file,file,file,file,file,file,file,file,file,file,file,file,file,file,file,file,file,file,file,file,file,file,file,file,file,file,file,file,file,file,file,file,file
xticks,measured,mfile,,file,file,file,file,file,file,file,file,file,file,file,file,file,file,file,file,file,file,file,file,file,file,file,file,file,file,file,file,file,file,file,file,file,file,file,file,file
xyz2double,measured,mfile,,file,file,file,file,file,file,file,file,file,file,file,file,file,file,file,file,file,file,file,file,file,file,file,file,file,file,file,file,file,file,file,file,file,file,file,file,file
xyz2lab,measured,mfile,,file,file,file,file,file,file,file,file,file,file,file,file,file,file,file,file,file,file,file,file,file,file,file,file,file,file,file,file,file,file,file,file,file,file,file,file,file
xyz2rgb,measured,mfile,,file,file,file,file,file,file,file,file,file,file,file,file,file,file,file,file,file,file,file,file,file,file,file,file,file,file,file,file,file,file,file,file,file,file,file,file,file
xyz2uint16,measured,mfile,,file,file,file,file,file,file,file,file,file,file,file,file,file,file,file,file,file,file,file,file,file,file,file,file,file,file,file,file,file,file,file,file,file,file,file,file,file
y2s,measured,mfile,,file,file,file,file,file,file,file,file,file,file,file,file,file,file,file,file,file,file,file,file,file,file,file,file,file,file,file,file,file,file,file,file,file,file,file,file,file
ycbcr2rgb,measured,mfile,gpuArray,file,file,file,file,file,file,file,file,file,file,file,file,file,file,file,file,file,file,file,file,file,file,file,file,file,file,file,file,file,file,file,file,file,file,file,file,file
year,measured,mfile,codistributed;tall,file,file,file,file,file,file,file,file,file,file,builtin,file,file,file,file,file,file,file,file,file,file,file,file,file,file,file,file,builtin-err,builtin-err,file,file,file,file,file,file,file,file
years,measured,mfile,codistributed;tall,file,file,file,file,file,file,file,file,file,file,file,builtin,file,file,file,file,file,file,file,file,file,file,file,file,file,file,file,file,file,builtin-err,file,file,file,file,file,file,file
ylabel,measured,mfile,,file,file,file,file,file,file,file,file,file,file,file,file,file,file,file,file,file,file,file,file,file,file,file,file,file,file,file,file,file,file,file,file,file,file,file,file,file
ylim,measured,mfile,half,file,file,file,file,file,file,file,file,file,file,file,file,file,file,file,file,file,file,file,file,file,file,file,file,file,file,file,file,file,file,file,file,file,file,file,file,file
yline,measured,mfile,,file,file,file,file,file,file,file,file,file,file,file,file,file,file,file,file,file,file,file,file,file,file,file,file,file,file,file,file,file,file,file,file,file,file,file,file,file
ymd,measured,mfile,codistributed;tall,file,file,file,file,file,file,file,file,file,file,builtin,file,file,file,file,file,file,file,file,file,file,file,file,file,file,file,file,builtin-err,builtin-err,file,file,file,file,file,file,file,file
ytickangle,measured,mfile,,file,file,file,file,file,file,file,file,file,file,file,file,file,file,file,file,file,file,file,file,file,file,file,file,file,file,file,file,file,file,file,file,file,file,file,file,file
ytickformat,measured,mfile,,file,file,file,file,file,file,file,file,file,file,file,file,file,file,file,file,file,file,file,file,file,file,file,file,file,file,file,file,file,file,file,file,file,file,file,file,file
yticklabels,measured,mfile,,file,file,file,file,file,file,file,file,file,file,file,file,file,file,file,file,file,file,file,file,file,file,file,file,file,file,file,file,file,file,file,file,file,file,file,file,file
yticks,measured,mfile,,file,file,file,file,file,file,file,file,file,file,file,file,file,file,file,file,file,file,file,file,file,file,file,file,file,file,file,file,file,file,file,file,file,file,file,file,file
yulewalk,measured,mfile,,file,file,file,file,file,file,file,file,file,file,file,file,file,file,file,file,file,file,file,file,file,file,file,file,file,file,file,file,file,file,file,file,file,file,file,file,file
yyaxis,measured,mfile,,file,file,file,file,file,file,file,file,file,file,file,file,file,file,file,file,file,file,file,file,file,file,file,file,file,file,file,file,file,file,file,file,file,file,file,file,file
yyyymmdd,measured,mfile,codistributed;tall,file,file,file,file,file,file,file,file,file,file,builtin,file,file,file,file,file,file,file,file,file,file,file,file,file,file,file,file,builtin-err,builtin-err,file,file,file,file,file,file,file,file
z2s,measured,mfile,,file,file,file,file,file,file,file,file,file,file,file,file,file,file,file,file,file,file,file,file,file,file,file,file,file,file,file,file,file,file,file,file,file,file,file,file,file
zerocrossrate,measured,mfile,,file,file,file,file,file,file,file,file,file,file,file,file,file,file,file,file,file,file,file,file,file,file,file,file,file,file,file,file,file,file,file,file,file,file,file,file,file
zerophase,measured,mfile,,file,file,file,file,file,file,file,file,file,file,file,file,file,file,file,file,file,file,file,file,file,file,file,file,file,file,file,file,file,file,file,file,file,file,file,file,file
zeros,measured,builtin,codistributed;codistributor1d;codistributor2dbc;distributed;gpuArray;half;quaternion,file,file,file,file,file,file,file,file,file,file,file,file,file,file,file,file,file,file,file,file,file,file,file,file,file,file,file,file,file,file,file,file,file,file,file,file,file
zlabel,measured,mfile,,file,file,file,file,file,file,file,file,file,file,file,file,file,file,file,file,file,file,file,file,file,file,file,file,file,file,file,file,file,file,file,file,file,file,file,file,file
zlim,measured,mfile,half,file,file,file,file,file,file,file,file,file,file,file,file,file,file,file,file,file,file,file,file,file,file,file,file,file,file,file,file,file,file,file,file,file,file,file,file,file
zoomInteraction,measured,mfile,,file,file,file,file,file,file,file,file,file,file,file,file,file,file,file,file,file,file,file,file,file,file,file,file,file,file,file,file,file,file,file,file,file,file,file,file,file
zp2ctf,measured,mfile,,file,file,file,file,file,file,file,file,file,file,file,file,file,file,file,file,file,file,file,file,file,file,file,file,file,file,file,file,file,file,file,file,file,file,file,file,file
zp2sos,measured,mfile,,file,file,file,file,file,file,file,file,file,file,file,file,file,file,file,file,file,file,file,file,file,file,file,file,file,file,file,file,file,file,file,file,file,file,file,file,file
zp2ss,measured,mfile,,file,file,file,file,file,file,file,file,file,file,file,file,file,file,file,file,file,file,file,file,file,file,file,file,file,file,file,file,file,file,file,file,file,file,file,file,file
zp2tf,measured,mfile,,file,file,file,file,file,file,file,file,file,file,file,file,file,file,file,file,file,file,file,file,file,file,file,file,file,file,file,file,file,file,file,file,file,file,file,file,file
zpk,measured,mfile,DynamicSystem;idParametric;mpc;zpk,builtin,builtin,builtin-err,builtin-err,builtin-err,builtin-err,builtin-err,builtin-err,builtin,builtin-err,builtin-err,builtin-err,builtin-err,builtin-err,builtin-err,builtin-err,builtin-err,builtin-err,builtin-err,builtin-err,builtin-err,builtin-err,builtin-err,builtin-err,builtin-err,builtin-err,builtin-err,builtin-err,builtin-err,builtin-err,builtin-err,builtin-err,builtin-err,builtin-err,builtin-err,builtin-err,builtin-err
zplane,measured,mfile,,file,file,file,file,file,file,file,file,file,file,file,file,file,file,file,file,file,file,file,file,file,file,file,file,file,file,file,file,file,file,file,file,file,file,file,file,file
zplaneplot,measured,mfile,,file,file,file,file,file,file,file,file,file,file,file,file,file,file,file,file,file,file,file,file,file,file,file,file,file,file,file,file,file,file,file,file,file,file,file,file,file
zscore,measured,none,,file,file,file,file,file,file,file,file,file,file,file,file,file,file,file,file,file,file,file,file,file,file,file,file,file,file,file,file,file,file,file,file,file,file,file,file,file
ztest,measured,none,,file,file,file,file,file,file,file,file,file,file,file,file,file,file,file,file,file,file,file,file,file,file,file,file,file,file,file,file,file,file,file,file,file,file,file,file,file
ztickangle,measured,mfile,,file,file,file,file,file,file,file,file,file,file,file,file,file,file,file,file,file,file,file,file,file,file,file,file,file,file,file,file,file,file,file,file,file,file,file,file,file
ztickformat,measured,mfile,,file,file,file,file,file,file,file,file,file,file,file,file,file,file,file,file,file,file,file,file,file,file,file,file,file,file,file,file,file,file,file,file,file,file,file,file,file
zticklabels,measured,mfile,,file,file,file,file,file,file,file,file,file,file,file,file,file,file,file,file,file,file,file,file,file,file,file,file,file,file,file,file,file,file,file,file,file,file,file,file,file
zticks,measured,mfile,,file,file,file,file,file,file,file,file,file,file,file,file,file,file,file,file,file,file,file,file,file,file,file,file,file,file,file,file,file,file,file,file,file,file,file,file,file
