class,property,summary
CodeCompatibilityAnalysis,ChecksPerformed,List of checks performed and frequency of occurrence
CodeCompatibilityAnalysis,Date,Date of code compatibility analysis
CodeCompatibilityAnalysis,Files,List of files analyzed
CodeCompatibilityAnalysis,MATLABVersion,Version of MATLAB
CodeCompatibilityAnalysis,Recommendations,Recommendations to update code
DelaunayTri,Constraints,Constrained edges
DelaunayTri,Triangulation,Triangulation connectivity
DelaunayTri,X,Vertex coordinates
DensityPlot,Annotation,Control for including or excluding object from legend
DensityPlot,BeingDeleted,Deletion status
DensityPlot,BusyAction,Callback queuing
DensityPlot,ButtonDownFcn,Mouse-click callback
DensityPlot,Children,Children
DensityPlot,ContextMenu,Context menu
DensityPlot,CreateFcn,Creation function
DensityPlot,DeleteFcn,Deletion function
DensityPlot,DisplayName,Legend label
DensityPlot,FaceAlpha,Face transparency
DensityPlot,FaceColor,Face color
DensityPlot,FaceColorMode,Control how FaceColor is set
DensityPlot,HandleVisibility,Visibility of object handle
DensityPlot,HitTest,Response to captured mouse clicks
DensityPlot,Interruptible,Callback interruption
DensityPlot,LatitudeData,Latitude coordinates of data points
DensityPlot,LatitudeDataSource,Variable linked to LatitudeData
DensityPlot,LongitudeData,Longitude coordinates of data points
DensityPlot,LongitudeDataSource,Variable linked to LongitudeData
DensityPlot,Parent,Parent
DensityPlot,PickableParts,Ability to capture mouse clicks
DensityPlot,Radius,Radius of influence on density calculation
DensityPlot,RadiusMode,Radius calculation
DensityPlot,Selected,Selection state
DensityPlot,SelectionHighlight,Display of selection handles
DensityPlot,SeriesIndex,Series index
DensityPlot,Tag,Object identifier
DensityPlot,Type,Type of graphics object
DensityPlot,UserData,User data
DensityPlot,Visible,State of visibility
DensityPlot,WeightData,Weights for data
DensityPlot,WeightDataSource,Workspace variable linked to WeightData
MException,Correction,Suggested fix for exception
MException,cause,Cause of exception
MException,identifier,Unique identifier of error
MException,message,Error message
MException,stack,Stack trace information
MemoizedFunction,CacheSize,Maximum number of cached input and output combinations
MemoizedFunction,Enabled,Caching state
MemoizedFunction,Function,Function with memoization semantics applied
NET.Assembly,AssemblyHandle,Instance of assembly
NET.Assembly,Classes,Class names
NET.Assembly,Delegates,Delegate names
NET.Assembly,Enums,Enumeration names
NET.Assembly,GenericTypes,Generic type names
NET.Assembly,Interfaces,Interface names
NET.Assembly,Structures,Structure names
NET.NetException,ExceptionObject,Class causing error
RandStream,Antithetic,Antithetic values
RandStream,FullPrecision,Full precision generation
RandStream,NormalTransform,Normal transformation algorithm
RandStream,NumStreams,Number of streams
RandStream,Seed,Random number seed
RandStream,State,Current internal state
RandStream,StreamIndex,Stream index
RandStream,Substream,Substream Index
RandStream,Type,Random number generator algorithm
Tiff,Compression,Scheme to compress image data
Tiff,ExtraSamples,Extra channel description
Tiff,Group3Options,Group 3 Fax compression options
Tiff,InkSet,Separated image ink set
Tiff,JPEGColorMode,Color mode
Tiff,Orientation,Visual orientation of image data
Tiff,Photometric,Color space of image data
Tiff,PlanarConfiguration,Storage configuration
Tiff,ResolutionUnit,Resolution units
Tiff,SGILogDataFmt,SGIL codec data format
Tiff,SampleFormat,Pixel sample format
Tiff,SubFileType,Type of image
Tiff,TagID,TIFF tag IDs
Tiff,Thresholding,Thresholding technique
Tiff,YCbCrPositioning,Position of chrominance samples
TriRep,Triangulation,Triangulation data structure
TriRep,X,Coordinates of the points in the triangulation
TriScatteredInterp,Method,Interpolation method
TriScatteredInterp,V,Sample point values
TriScatteredInterp,X,Scattered data points
VideoReader,BitsPerPixel,Bits per pixel of video data
VideoReader,CurrentTime,Timestamp of video frame to read
VideoReader,Duration,Length of file
VideoReader,FrameRate,Number of video frames per second
VideoReader,Height,Height of video frame
VideoReader,Name,File name
VideoReader,NumFrames,Number of frames in video stream
VideoReader,Path,Full path to video file
VideoReader,Tag,Generic text
VideoReader,UserData,User-defined data
VideoReader,VideoFormat,MATLAB representation of video format
VideoReader,Width,Width of video frame
VideoWriter,ColorChannels,Number of color channels
VideoWriter,Colormap,Color information for video file
VideoWriter,CompressionRatio,Target compression ratio
VideoWriter,Duration,Duration of output file
VideoWriter,FileFormat,Type of file to write
VideoWriter,Filename,Name of file
VideoWriter,FrameCount,Number of frames
VideoWriter,FrameRate,Rate of video playback
VideoWriter,Height,Height of each video frame
VideoWriter,LosslessCompression,Lossless compression
VideoWriter,MJ2BitDepth,Bit depth for Motion JPEG 2000 files
VideoWriter,Path,Full path to video file
VideoWriter,Quality,Video quality
VideoWriter,VideoBitsPerPixel,Number of bits per pixel
VideoWriter,VideoCompressionMethod,Type of video compression
VideoWriter,VideoFormat,MATLAB representation of video format
VideoWriter,Width,Width of each video frame
alphaShape,Alpha,Alpha radius
alphaShape,HoleThreshold,Maximum interior holes
alphaShape,Points,Coordinates of points
alphaShape,RegionThreshold,Maximum regions
audioplayer,BitsPerSample,Bits per sample
audioplayer,CurrentSample,Sample currently playing
audioplayer,DeviceID,Audio device identifier
audioplayer,NumChannels,Number of audio channels
audioplayer,Running,Audio player status
audioplayer,SampleRate,Sampling frequency
audioplayer,StartFcn,Function to execute at start
audioplayer,StopFcn,Function to execute at end
audioplayer,Tag,Label
audioplayer,TimerFcn,Function to execute repeatedly
audioplayer,TimerPeriod,Timer period
audioplayer,TotalSamples,Total length of audio data
audioplayer,Type,Object class name
audioplayer,UserData,User-defined data
audiorecorder,BitsPerSample,Bits per sample
audiorecorder,CurrentSample,Sample currently recording
audiorecorder,DeviceID,Audio device identifier
audiorecorder,Running,Audio recorder status
audiorecorder,SampleRate,Sampling frequency
audiorecorder,StartFcn,Function to execute at start
audiorecorder,StopFcn,Function to execute at end
audiorecorder,Tag,Label
audiorecorder,TimerFcn,Function to execute repeatedly
audiorecorder,TimerPeriod,Timer period
audiorecorder,TotalSamples,Total length of audio data
audiorecorder,Type,Object class name
audiorecorder,UserData,User-defined data
ble,Address,Peripheral device address
ble,Characteristics,Characteristics included on peripheral device
ble,Connected,Peripheral device connection status
ble,Name,Peripheral device name
ble,Services,Services included on peripheral device
bluetooth,Address,Bluetooth device address
bluetooth,ByteOrder,Sequential order of bytes
bluetooth,BytesAvailableFcn,Callback function triggered by bytes available event
bluetooth,BytesAvailableFcnCount,Number of bytes of data to trigger callback
bluetooth,BytesAvailableFcnMode,Bytes available callback trigger mode
bluetooth,Channel,Bluetooth device channel
bluetooth,ErrorOccurredFcn,Callback function triggered by error event
bluetooth,Name,Bluetooth device name
bluetooth,NumBytesAvailable,Number of bytes available to read
bluetooth,NumBytesWritten,Total number of bytes written to device
bluetooth,Terminator,Terminator character for data
bluetooth,Timeout,Allowed time to complete operations
bluetooth,UserData,General purpose property for user data
calendarDuration,Format,Display format
clibgen.ClassDefinition,CPPName,C++ class name
clibgen.ClassDefinition,Constructors,Class constructors
clibgen.ClassDefinition,DefiningLibrary,Library defining class
clibgen.ClassDefinition,Description,Help text
clibgen.ClassDefinition,DetailedDescription,Help text from C++ header file
clibgen.ClassDefinition,MATLABName,C++ class name in MATLAB
clibgen.ClassDefinition,Methods,Class methods
clibgen.ClassDefinition,Properties,Class properties
clibgen.ConstructorDefinition,CPPSignature,C++ constructor signature
clibgen.ConstructorDefinition,DefiningClass,Class containing constructor
clibgen.ConstructorDefinition,Description,Help text
clibgen.ConstructorDefinition,DetailedDescription,Help text from C++ header file
clibgen.ConstructorDefinition,MATLABSignature,Constructor signature in MATLAB
clibgen.ConstructorDefinition,Valid,Definition complete indicator
clibgen.EnumDefinition,CPPName,C++ enumeration name
clibgen.EnumDefinition,DefiningLibrary,Library defining enumeration
clibgen.EnumDefinition,Description,Help text
clibgen.EnumDefinition,DetailedDescription,Help text from C++ header file
clibgen.EnumDefinition,Entries,Enumerants
clibgen.EnumDefinition,MATLABName,C++ enumeration name in MATLAB
clibgen.EnumDefinition,MATLABType,MATLAB type
clibgen.EnumDefinition,Valid,Definition complete indicator
clibgen.FunctionDefinition,CPPSignature,C++ function signature
clibgen.FunctionDefinition,DefiningLibrary,Library containing function
clibgen.FunctionDefinition,Description,Help text
clibgen.FunctionDefinition,DetailedDescription,Help text from C++ header file
clibgen.FunctionDefinition,MATLABName,C++ function name in MATLAB
clibgen.FunctionDefinition,MATLABSignature,Function signature in MATLAB
clibgen.FunctionDefinition,TemplateUniqueName,Preferred function name
clibgen.FunctionDefinition,Valid,Definition complete indicator
clibgen.FunctionTypeDefinition,CPPSignature,Opaque type signature
clibgen.FunctionTypeDefinition,DefiningLibrary,Library defining class
clibgen.FunctionTypeDefinition,Description,Help text
clibgen.FunctionTypeDefinition,MATLABName,Opaque type name in MATLAB
clibgen.LibraryDefinition,Classes,Class definitions
clibgen.LibraryDefinition,DefinedMacros,Macro definitions
clibgen.LibraryDefinition,Enumerations,Enumeration definitions
clibgen.LibraryDefinition,FunctionTypes,Definition of function types
clibgen.LibraryDefinition,Functions,Nonmember function definitions
clibgen.LibraryDefinition,HeaderFiles,Header file names
clibgen.LibraryDefinition,IncludePath,Path for include folders
clibgen.LibraryDefinition,Libraries,Library names
clibgen.LibraryDefinition,OpaqueTypes,Definition of typedef void*
clibgen.LibraryDefinition,OutputFolder,Folder for interface files
clibgen.LibraryDefinition,PackageName,MATLAB package name
clibgen.LibraryDefinition,SupportingSourceFiles,C++ source file names
clibgen.LibraryDefinition,UndefinedMacros,Macro cancellations
clibgen.MethodDefinition,CPPSignature,C++ method signature
clibgen.MethodDefinition,DefiningClass,Class containing method
clibgen.MethodDefinition,Description,Help text
clibgen.MethodDefinition,DetailedDescription,Help text from C++ header file
clibgen.MethodDefinition,MATLABSignature,Method signature in MATLAB
clibgen.MethodDefinition,TemplateUniqueName,Preferred function name
clibgen.MethodDefinition,Valid,Definition complete indicator
clibgen.OpaqueTypeDefinition,CPPSignature,Opaque type signature
clibgen.OpaqueTypeDefinition,DefiningLibrary,Library defining class
clibgen.OpaqueTypeDefinition,Description,Help text
clibgen.OpaqueTypeDefinition,DetailedDescription,Help text from C++ header file
clibgen.OpaqueTypeDefinition,MATLABName,Opaque type name in MATLAB
clibgen.PropertyDefinition,CPPName,C++ property name
clibgen.PropertyDefinition,DefiningClass,Class containing property
clibgen.PropertyDefinition,Description,Help text
clibgen.PropertyDefinition,DetailedDescription,Help text from C++ header file
clibgen.PropertyDefinition,MATLABType,Type in MATLAB
containers.Map,Count,Number of key-value pairs
containers.Map,KeyType,Data type of keys
containers.Map,ValueType,Data type of values
datetime,Day,Day-of-month number
datetime,Format,Display format
datetime,Hour,Hour number
datetime,Minute,Minute number
datetime,Month,Month number
datetime,Second,Second number
datetime,SystemTimeZone,System time zone setting
datetime,TimeZone,Time zone
datetime,Year,Year number
decomposition,CheckCondition,Toggle to check condition of coefficient matrix
decomposition,Datatype,Data type of coefficient matrix
decomposition,IsConjugateTransposed,Indicator that coefficient matrix is complex conjugate transposed
decomposition,IsReal,Indicator that coefficient matrix is real
decomposition,IsSparse,Indicator that coefficient matrix is sparse
decomposition,MatrixSize,Size of coefficient matrix
decomposition,ScaleFactor,Multiplicative scale factor for coefficient matrix
decomposition,Type,Decomposition type
delaunayTriangulation,ConnectivityList,Triangulation connectivity list
delaunayTriangulation,Constraints,Constrained edges
delaunayTriangulation,Points,Triangulation points
digraph,Edges,Edges of graph
digraph,Nodes,Nodes of graph
duration,Format,Display format
event.ClassInstanceEvent,EventName,Name of the event
event.ClassInstanceEvent,Instance,Object being created or deleted
event.ClassInstanceEvent,Source,meta.class object that is the source of the event
event.DynamicPropertyEvent,EventName,Name of event
event.DynamicPropertyEvent,PropertyName,Name of dynamic property
event.DynamicPropertyEvent,Source,Event source
event.EventData,EventName,Name of event
event.EventData,Source,Event source
event.PropertyEvent,AffectedObject,Object whose property is affected
event.PropertyEvent,EventName,Name of property event
event.PropertyEvent,Source,Property that triggers the event
event.listener,Callback,Event callback
event.listener,Enabled,Enable or disable listener
event.listener,EventName,Name of event
event.listener,Recursive,Execute callback recursively
event.listener,Source,Event source objects
graph,Edges,Edges of graph
graph,Nodes,Nodes of graph
griddedInterpolant,ExtrapolationMethod,Extrapolation method
griddedInterpolant,GridVectors,Grid vectors
griddedInterpolant,Method,Interpolation method
griddedInterpolant,Values,Function values at sample points
inputParser,CaseSensitive,Indicator to match case
inputParser,FunctionName,Name of function for error message
inputParser,KeepUnmatched,Matching indicator
inputParser,Parameters,Argument names
inputParser,PartialMatching,Partial matching indicator
inputParser,Results,Results
inputParser,StructExpand,Structure indicator
inputParser,Unmatched,Unmatched input
inputParser,UsingDefaults,Inputs not passed explicitly to function
lib.pointer,DataType,Type of pointer
lib.pointer,Value,Value
matlab.alias.AliasFileManager,Aliases,Class alias definitions
matlab.diagram.ClassViewer,ActiveFile,Last file loaded or saved
matlab.diagram.ClassViewer,ClassesInDiagram,List of classes currently in diagram
matlab.diagram.ClassViewer,ShowMixins,Display mixin classes
matlab.diagram.ClassViewer,ShowPackageNames,Display package names
matlab.diagram.ClassViewer,Visible,Display Class Viewer instance
matlab.display.CompactDisplayRepresentation,Annotation,Descriptive comment about object array
matlab.display.CompactDisplayRepresentation,CharacterWidth,Character width of finalized padded display text
matlab.display.CompactDisplayRepresentation,PaddedDisplayOutput,Finalized padded display text
matlab.display.DimensionsAndClassNameRepresentation,Annotation,Descriptive comment about object array
matlab.display.DimensionsAndClassNameRepresentation,CharacterWidth,Character width of finalized padded display text
matlab.display.DimensionsAndClassNameRepresentation,PaddedDisplayOutput,Finalized padded display text
matlab.display.DimensionsAndClassNameRepresentation,UseSimpleName,Whether to use simple class name
matlab.display.DisplayConfiguration,AnnotationDelimiters,Delimiters used to wrap annotation
matlab.display.DisplayConfiguration,AnnotationPadding,Padding placed before annotation
matlab.display.DisplayConfiguration,DefaultPadSize,Default number of spaces between elements of plain-text representation
matlab.display.DisplayConfiguration,DefaultPaddingSizeBetweenDimensionsAndClassName,Default number of spaces between array dimensions and class name
matlab.display.DisplayConfiguration,Ellipsis,Ellipsis symbol
matlab.display.DisplayConfiguration,InterElementDelimiter,Inter-element delimiter
matlab.display.DisplayConfiguration,PaddingBetweenDimensionsAndClassName,Padding used to separate array dimensions and class name
matlab.display.DisplayFormatOptions,LineSpacing,Line spacing display format
matlab.display.DisplayFormatOptions,NumericFormat,Numeric display format
matlab.display.PlainTextRepresentation,Annotation,Descriptive comment about object array
matlab.display.PlainTextRepresentation,CharacterWidth,Character width of finalized padded display text
matlab.display.PlainTextRepresentation,PaddedDisplayOutput,Finalized padded display text
matlab.display.PlainTextRepresentation,Representation,Textual representation of data in object array
matlab.exception.JavaException,ExceptionObject,Java exception object
matlab.exception.PyException,ExceptionObject,Object
matlab.graphics.animation.AnimatedLine,AlignVertexCenters,Sharp vertical and horizontal lines
matlab.graphics.animation.AnimatedLine,Annotation,Control for including or excluding object from legend
matlab.graphics.animation.AnimatedLine,BeingDeleted,Deletion status
matlab.graphics.animation.AnimatedLine,BusyAction,Callback queuing
matlab.graphics.animation.AnimatedLine,ButtonDownFcn,Mouse-click callback
matlab.graphics.animation.AnimatedLine,Children,Children
matlab.graphics.animation.AnimatedLine,Clipping,Clipping of object to axes limits
matlab.graphics.animation.AnimatedLine,Color,Line color
matlab.graphics.animation.AnimatedLine,ContextMenu,Context menu
matlab.graphics.animation.AnimatedLine,CreateFcn,Creation function
matlab.graphics.animation.AnimatedLine,DeleteFcn,Deletion function
matlab.graphics.animation.AnimatedLine,DisplayName,Legend label
matlab.graphics.animation.AnimatedLine,HandleVisibility,Visibility of object handle
matlab.graphics.animation.AnimatedLine,HitTest,Response to captured mouse clicks
matlab.graphics.animation.AnimatedLine,Interruptible,Callback interruption
matlab.graphics.animation.AnimatedLine,LineStyle,Line style
matlab.graphics.animation.AnimatedLine,LineWidth,Line width
matlab.graphics.animation.AnimatedLine,Marker,Marker symbol
matlab.graphics.animation.AnimatedLine,MarkerEdgeColor,Marker outline color
matlab.graphics.animation.AnimatedLine,MarkerFaceColor,Marker fill color
matlab.graphics.animation.AnimatedLine,MarkerSize,Marker size
matlab.graphics.animation.AnimatedLine,MaximumNumPoints,Maximum number of points stored and displayed
matlab.graphics.animation.AnimatedLine,Parent,Parent
matlab.graphics.animation.AnimatedLine,PickableParts,Ability to capture mouse clicks
matlab.graphics.animation.AnimatedLine,Selected,Selection state
matlab.graphics.animation.AnimatedLine,SelectionHighlight,Display of selection handles
matlab.graphics.animation.AnimatedLine,Tag,Object identifier
matlab.graphics.animation.AnimatedLine,Type,Type of graphics object
matlab.graphics.animation.AnimatedLine,UserData,User data
matlab.graphics.animation.AnimatedLine,Visible,State of visibility
matlab.graphics.axis.Axes,ALim,Alpha limits
matlab.graphics.axis.Axes,ALimMode,Selection mode for ALim
matlab.graphics.axis.Axes,AlphaScale,Scale for transparency mapping
matlab.graphics.axis.Axes,Alphamap,Transparency map
matlab.graphics.axis.Axes,AmbientLightColor,Background light color
matlab.graphics.axis.Axes,BeingDeleted,Deletion status
matlab.graphics.axis.Axes,Box,Box outline
matlab.graphics.axis.Axes,BoxStyle,Box outline style
matlab.graphics.axis.Axes,BusyAction,Callback queuing
matlab.graphics.axis.Axes,ButtonDownFcn,Mouse-click callback
matlab.graphics.axis.Axes,CLim,Color limits
matlab.graphics.axis.Axes,CLimMode,Selection mode for CLim
matlab.graphics.axis.Axes,CameraPosition,Camera location
matlab.graphics.axis.Axes,CameraPositionMode,Selection mode for CameraPosition
matlab.graphics.axis.Axes,CameraTarget,Camera target point
matlab.graphics.axis.Axes,CameraTargetMode,Selection mode for CameraTarget
matlab.graphics.axis.Axes,CameraUpVector,Vector defining upwards direction
matlab.graphics.axis.Axes,CameraUpVectorMode,Selection mode for CameraUpVector
matlab.graphics.axis.Axes,CameraViewAngle,Field of view
matlab.graphics.axis.Axes,CameraViewAngleMode,Selection mode for CameraViewAngle
matlab.graphics.axis.Axes,Children,Children
matlab.graphics.axis.Axes,Clipping,Clipping of objects to axes limits
matlab.graphics.axis.Axes,ClippingStyle,Clipping boundaries
matlab.graphics.axis.Axes,Color,Background color
matlab.graphics.axis.Axes,ColorOrder,Color order
matlab.graphics.axis.Axes,ColorOrderIndex,Color order index
matlab.graphics.axis.Axes,ColorScale,Scale for color mapping
matlab.graphics.axis.Axes,Colormap,Color map
matlab.graphics.axis.Axes,ContextMenu,Context menu
matlab.graphics.axis.Axes,CreateFcn,Creation function
matlab.graphics.axis.Axes,CurrentPoint,Location of mouse pointer
matlab.graphics.axis.Axes,DataAspectRatio,Relative length of data units
matlab.graphics.axis.Axes,DataAspectRatioMode,Data aspect ratio mode
matlab.graphics.axis.Axes,DeleteFcn,Deletion function
matlab.graphics.axis.Axes,FontAngle,Character slant
matlab.graphics.axis.Axes,FontName,Font name
matlab.graphics.axis.Axes,FontSize,Font size
matlab.graphics.axis.Axes,FontSizeMode,Selection mode for font size
matlab.graphics.axis.Axes,FontSmoothing,Font smoothing
matlab.graphics.axis.Axes,FontUnits,Font size units
matlab.graphics.axis.Axes,FontWeight,Character thickness
matlab.graphics.axis.Axes,GridAlpha,Grid-line transparency
matlab.graphics.axis.Axes,GridAlphaMode,Selection mode for GridAlpha
matlab.graphics.axis.Axes,GridColor,Color of grid lines
matlab.graphics.axis.Axes,GridColorMode,Property for setting grid color
matlab.graphics.axis.Axes,GridLineStyle,Line style for grid lines
matlab.graphics.axis.Axes,HandleVisibility,Visibility of object handle
matlab.graphics.axis.Axes,HitTest,Response to captured mouse clicks
matlab.graphics.axis.Axes,InnerPosition,Inner size and location
matlab.graphics.axis.Axes,Interactions,Interactions
matlab.graphics.axis.Axes,Interruptible,Callback interruption
matlab.graphics.axis.Axes,LabelFontSizeMultiplier,Scale factor for label font size
matlab.graphics.axis.Axes,Layer,Placement of grid lines and tick marks
matlab.graphics.axis.Axes,Layout,Layout options
matlab.graphics.axis.Axes,Legend,Legend associated with axes
matlab.graphics.axis.Axes,LineStyleOrder,Line style order
matlab.graphics.axis.Axes,LineStyleOrderIndex,Line style order index
matlab.graphics.axis.Axes,LineWidth,Line width
matlab.graphics.axis.Axes,MinorGridAlpha,Minor grid line transparency
matlab.graphics.axis.Axes,MinorGridAlphaMode,Selection mode for MinorGridAlpha
matlab.graphics.axis.Axes,MinorGridColor,Color of minor grid lines
matlab.graphics.axis.Axes,MinorGridColorMode,Property for setting minor grid color
matlab.graphics.axis.Axes,MinorGridLineStyle,Line style for minor grid lines
matlab.graphics.axis.Axes,NextPlot,Properties to reset
matlab.graphics.axis.Axes,NextSeriesIndex,SeriesIndex value for next object
matlab.graphics.axis.Axes,OuterPosition,"Size and location, including labels and margin"
matlab.graphics.axis.Axes,Parent,Parent container
matlab.graphics.axis.Axes,PickableParts,Ability to capture mouse clicks
matlab.graphics.axis.Axes,PlotBoxAspectRatio,Relative length of each axis
matlab.graphics.axis.Axes,PlotBoxAspectRatioMode,Selection mode for PlotBoxAspectRatio
matlab.graphics.axis.Axes,Position,"Size and location, excluding margin for labels"
matlab.graphics.axis.Axes,PositionConstraint,Position to hold constant
matlab.graphics.axis.Axes,Projection,Type of projection onto 2-D screen
matlab.graphics.axis.Axes,Selected,Selection state
matlab.graphics.axis.Axes,SelectionHighlight,Display of selection handles
matlab.graphics.axis.Axes,SortMethod,Order for rendering objects
matlab.graphics.axis.Axes,Subtitle,Text object for subtitle
matlab.graphics.axis.Axes,SubtitleFontWeight,Subtitle character thickness
matlab.graphics.axis.Axes,Tag,Object identifier
matlab.graphics.axis.Axes,TickDir,Tick mark direction
matlab.graphics.axis.Axes,TickDirMode,Selection mode for TickDir
matlab.graphics.axis.Axes,TickLabelInterpreter,Tick label interpreter
matlab.graphics.axis.Axes,TickLength,Tick mark length
matlab.graphics.axis.Axes,TightInset,Margins for text labels
matlab.graphics.axis.Axes,Title,Text object for title
matlab.graphics.axis.Axes,TitleFontSizeMultiplier,Scale factor for title font size
matlab.graphics.axis.Axes,TitleFontWeight,Title character thickness
matlab.graphics.axis.Axes,TitleHorizontalAlignment,Title and subtitle horizontal alignment
matlab.graphics.axis.Axes,Toolbar,Data exploration toolbar
matlab.graphics.axis.Axes,Type,Type of graphics object
matlab.graphics.axis.Axes,Units,Position units
matlab.graphics.axis.Axes,UserData,User data
matlab.graphics.axis.Axes,View,Azimuth and elevation of view
matlab.graphics.axis.Axes,Visible,State of visibility
matlab.graphics.axis.Axes,XAxis,Axis ruler
matlab.graphics.axis.Axes,XAxisLocation,x-axis location
matlab.graphics.axis.Axes,XColor,"Color of axis line, tick values, and labels"
matlab.graphics.axis.Axes,XColorMode,Property for setting x-axis grid color
matlab.graphics.axis.Axes,XDir,x-axis direction
matlab.graphics.axis.Axes,XGrid,Grid lines
matlab.graphics.axis.Axes,XLabel,Text object for axis label
matlab.graphics.axis.Axes,XLim,Minimum and maximum axis limits
matlab.graphics.axis.Axes,XLimMode,Selection mode for axis limits
matlab.graphics.axis.Axes,XLimitMethod,Axis limit selection method
matlab.graphics.axis.Axes,XMinorGrid,Minor grid lines
matlab.graphics.axis.Axes,XMinorTick,Minor tick marks
matlab.graphics.axis.Axes,XScale,Scale of values along axis
matlab.graphics.axis.Axes,XTick,Tick values
matlab.graphics.axis.Axes,XTickLabel,Tick labels
matlab.graphics.axis.Axes,XTickLabelMode,Selection mode for tick labels
matlab.graphics.axis.Axes,XTickLabelRotation,Tick label rotation
matlab.graphics.axis.Axes,XTickMode,Selection mode for tick values
matlab.graphics.axis.Axes,YAxis,Axis ruler
matlab.graphics.axis.Axes,YAxisLocation,y-axis location
matlab.graphics.axis.Axes,YColor,"Color of axis line, tick values, and labels"
matlab.graphics.axis.Axes,YColorMode,Property for setting y-axis grid color
matlab.graphics.axis.Axes,YDir,y-axis direction
matlab.graphics.axis.Axes,YGrid,Grid lines
matlab.graphics.axis.Axes,YLabel,Text object for axis label
matlab.graphics.axis.Axes,YLim,Minimum and maximum axis limits
matlab.graphics.axis.Axes,YLimMode,Selection mode for axis limits
matlab.graphics.axis.Axes,YLimitMethod,Axis limit selection method
matlab.graphics.axis.Axes,YMinorGrid,Minor grid lines
matlab.graphics.axis.Axes,YMinorTick,Minor tick marks
matlab.graphics.axis.Axes,YScale,Scale of values along axis
matlab.graphics.axis.Axes,YTick,Tick values
matlab.graphics.axis.Axes,YTickLabel,Tick labels
matlab.graphics.axis.Axes,YTickLabelMode,Selection mode for tick labels
matlab.graphics.axis.Axes,YTickLabelRotation,Tick label rotation
matlab.graphics.axis.Axes,YTickMode,Selection mode for tick values
matlab.graphics.axis.Axes,ZAxis,Axis ruler
matlab.graphics.axis.Axes,ZColor,"Color of axis line, tick values, and labels"
matlab.graphics.axis.Axes,ZColorMode,Property for setting z-axis grid color
matlab.graphics.axis.Axes,ZDir,z-axis direction
matlab.graphics.axis.Axes,ZGrid,Grid lines
matlab.graphics.axis.Axes,ZLabel,Text object for axis label
matlab.graphics.axis.Axes,ZLim,Minimum and maximum axis limits
matlab.graphics.axis.Axes,ZLimMode,Selection mode for axis limits
matlab.graphics.axis.Axes,ZLimitMethod,Axis limit selection method
matlab.graphics.axis.Axes,ZMinorGrid,Minor grid lines
matlab.graphics.axis.Axes,ZMinorTick,Minor tick marks
matlab.graphics.axis.Axes,ZScale,Scale of values along axis
matlab.graphics.axis.Axes,ZTick,Tick values
matlab.graphics.axis.Axes,ZTickLabel,Tick labels
matlab.graphics.axis.Axes,ZTickLabelMode,Selection mode for tick labels
matlab.graphics.axis.Axes,ZTickLabelRotation,Tick label rotation
matlab.graphics.axis.Axes,ZTickMode,Selection mode for tick values
matlab.graphics.axis.GeographicAxes,ALim,Alpha limits for alphamap
matlab.graphics.axis.GeographicAxes,ALimMode,Selection mode for ALim
matlab.graphics.axis.GeographicAxes,AlphaScale,Scale for transparency mapping
matlab.graphics.axis.GeographicAxes,Alphamap,Transparency map
matlab.graphics.axis.GeographicAxes,AxisColor,"Color of axis lines, tick values, and labels"
matlab.graphics.axis.GeographicAxes,Basemap,Map on which to plot data
matlab.graphics.axis.GeographicAxes,BeingDeleted,Deletion status
matlab.graphics.axis.GeographicAxes,Box,Outline around geographic axes
matlab.graphics.axis.GeographicAxes,BusyAction,Callback queuing
matlab.graphics.axis.GeographicAxes,ButtonDownFcn,Mouse-click callback
matlab.graphics.axis.GeographicAxes,CLim,Color limits for colormap
matlab.graphics.axis.GeographicAxes,CLimMode,Selection mode for CLim
matlab.graphics.axis.GeographicAxes,Children,Children
matlab.graphics.axis.GeographicAxes,Color,Background color
matlab.graphics.axis.GeographicAxes,ColorOrder,Color order
matlab.graphics.axis.GeographicAxes,ColorOrderIndex,Color order index
matlab.graphics.axis.GeographicAxes,ColorScale,Scale for color mapping
matlab.graphics.axis.GeographicAxes,Colormap,Colormap
matlab.graphics.axis.GeographicAxes,ContextMenu,Context menu
matlab.graphics.axis.GeographicAxes,CreateFcn,Creation function
matlab.graphics.axis.GeographicAxes,CurrentPoint,Location of mouse pointer
matlab.graphics.axis.GeographicAxes,DeleteFcn,Deletion function
matlab.graphics.axis.GeographicAxes,FontAngle,Character slant
matlab.graphics.axis.GeographicAxes,FontName,Font name
matlab.graphics.axis.GeographicAxes,FontSize,Font size
matlab.graphics.axis.GeographicAxes,FontSizeMode,Selection mode for font size
matlab.graphics.axis.GeographicAxes,FontUnits,Font size units
matlab.graphics.axis.GeographicAxes,FontWeight,Character thickness
matlab.graphics.axis.GeographicAxes,Grid,Visibility of latitude and longitude lines
matlab.graphics.axis.GeographicAxes,GridAlpha,Grid-line transparency
matlab.graphics.axis.GeographicAxes,GridAlphaMode,Selection mode for GridAlpha
matlab.graphics.axis.GeographicAxes,GridColor,Color of grid lines
matlab.graphics.axis.GeographicAxes,GridColorMode,Property for setting grid color
matlab.graphics.axis.GeographicAxes,GridLineStyle,Line style for grid lines
matlab.graphics.axis.GeographicAxes,HandleVisibility,Visibility of object handle
matlab.graphics.axis.GeographicAxes,HitTest,Response to captured mouse clicks
matlab.graphics.axis.GeographicAxes,InnerPosition,Inner size and location
matlab.graphics.axis.GeographicAxes,Interactions,Interactions
matlab.graphics.axis.GeographicAxes,Interruptible,Callback interruption
matlab.graphics.axis.GeographicAxes,LabelFontSizeMultiplier,Scale factor for label font size
matlab.graphics.axis.GeographicAxes,LatitudeAxis,Latitude ruler
matlab.graphics.axis.GeographicAxes,LatitudeLabel,Latitude axis label
matlab.graphics.axis.GeographicAxes,LatitudeLimits,Latitude limits of map
matlab.graphics.axis.GeographicAxes,Layout,Layout options
matlab.graphics.axis.GeographicAxes,Legend,Legend associated with geographic axes
matlab.graphics.axis.GeographicAxes,LineStyleOrder,Line style order
matlab.graphics.axis.GeographicAxes,LineStyleOrderIndex,Line style order index
matlab.graphics.axis.GeographicAxes,LineWidth,Width of lines
matlab.graphics.axis.GeographicAxes,LongitudeAxis,Longitude ruler
matlab.graphics.axis.GeographicAxes,LongitudeLabel,Longitude axis label
matlab.graphics.axis.GeographicAxes,LongitudeLimits,Longitude limits of map
matlab.graphics.axis.GeographicAxes,MapCenter,Center point of map in latitude and longitude
matlab.graphics.axis.GeographicAxes,MapCenterMode,Selection mode for map center
matlab.graphics.axis.GeographicAxes,NextPlot,Properties to reset
matlab.graphics.axis.GeographicAxes,NextSeriesIndex,SeriesIndex value for next object
matlab.graphics.axis.GeographicAxes,OuterPosition,"Size and position of geographic axes, including labels and margins"
matlab.graphics.axis.GeographicAxes,Parent,Parent container
matlab.graphics.axis.GeographicAxes,PickableParts,Ability to capture mouse clicks
matlab.graphics.axis.GeographicAxes,Position,"Size and position of geographic axes, not including labels or margins"
matlab.graphics.axis.GeographicAxes,PositionConstraint,Position to hold constant
matlab.graphics.axis.GeographicAxes,Scalebar,Scale bar showing proportional distances on map
matlab.graphics.axis.GeographicAxes,Selected,Selection state
matlab.graphics.axis.GeographicAxes,SelectionHighlight,Display of selection handles
matlab.graphics.axis.GeographicAxes,SortMethod,Order for rendering objects
matlab.graphics.axis.GeographicAxes,Subtitle,Text object for subtitle
matlab.graphics.axis.GeographicAxes,SubtitleFontWeight,Subtitle character thickness
matlab.graphics.axis.GeographicAxes,Tag,Object identifier
matlab.graphics.axis.GeographicAxes,TickDir,Tick mark direction
matlab.graphics.axis.GeographicAxes,TickDirMode,Selection mode for tick mark direction
matlab.graphics.axis.GeographicAxes,TickLabelFormat,Tick label format
matlab.graphics.axis.GeographicAxes,TickLength,Tick mark length
matlab.graphics.axis.GeographicAxes,TightInset,Margins for text labels
matlab.graphics.axis.GeographicAxes,Title,Axes title
matlab.graphics.axis.GeographicAxes,TitleFontSizeMultiplier,Scale factor for title font size
matlab.graphics.axis.GeographicAxes,TitleFontWeight,Title character thickness
matlab.graphics.axis.GeographicAxes,TitleHorizontalAlignment,Title and subtitle horizontal alignment
matlab.graphics.axis.GeographicAxes,Toolbar,Data exploration toolbar
matlab.graphics.axis.GeographicAxes,Type,Type of graphics object
matlab.graphics.axis.GeographicAxes,Units,Position units
matlab.graphics.axis.GeographicAxes,UserData,User data
matlab.graphics.axis.GeographicAxes,Visible,State of visibility
matlab.graphics.axis.GeographicAxes,ZoomLevel,Magnification level of map
matlab.graphics.axis.GeographicAxes,ZoomLevelMode,Selection mode for zoom level
matlab.graphics.axis.PolarAxes,ALim,Alpha limits for alphamap
matlab.graphics.axis.PolarAxes,ALimMode,Selection mode for ALim
matlab.graphics.axis.PolarAxes,AlphaScale,Scale for transparency mapping
matlab.graphics.axis.PolarAxes,Alphamap,Transparency map
matlab.graphics.axis.PolarAxes,BeingDeleted,Deletion status
matlab.graphics.axis.PolarAxes,Box,Outline around polar axes
matlab.graphics.axis.PolarAxes,BusyAction,Callback queuing
matlab.graphics.axis.PolarAxes,ButtonDownFcn,Mouse-click callback
matlab.graphics.axis.PolarAxes,CLim,Color limits for colormap
matlab.graphics.axis.PolarAxes,CLimMode,Selection mode for CLim
matlab.graphics.axis.PolarAxes,Children,Children
matlab.graphics.axis.PolarAxes,Clipping,Clipping of objects to polar axes boundary
matlab.graphics.axis.PolarAxes,Color,Background color
matlab.graphics.axis.PolarAxes,ColorOrder,Color order
matlab.graphics.axis.PolarAxes,ColorOrderIndex,Color order index
matlab.graphics.axis.PolarAxes,ColorScale,Scale for color mapping
matlab.graphics.axis.PolarAxes,Colormap,Color map
matlab.graphics.axis.PolarAxes,ContextMenu,Context menu
matlab.graphics.axis.PolarAxes,CreateFcn,Creation function
matlab.graphics.axis.PolarAxes,CurrentPoint,Location of mouse pointer
matlab.graphics.axis.PolarAxes,DeleteFcn,Deletion function
matlab.graphics.axis.PolarAxes,FontAngle,Character slant
matlab.graphics.axis.PolarAxes,FontName,Font name
matlab.graphics.axis.PolarAxes,FontSize,Font size
matlab.graphics.axis.PolarAxes,FontSizeMode,Selection mode for font size
matlab.graphics.axis.PolarAxes,FontSmoothing,Font smoothing
matlab.graphics.axis.PolarAxes,FontUnits,Font size units
matlab.graphics.axis.PolarAxes,FontWeight,Character thickness
matlab.graphics.axis.PolarAxes,GridAlpha,Grid-line transparency
matlab.graphics.axis.PolarAxes,GridAlphaMode,Selection mode for GridAlpha
matlab.graphics.axis.PolarAxes,GridColor,Color of grid lines
matlab.graphics.axis.PolarAxes,GridColorMode,Property for setting grid color
matlab.graphics.axis.PolarAxes,GridLineStyle,Line style for grid lines
matlab.graphics.axis.PolarAxes,HandleVisibility,Visibility of object handle
matlab.graphics.axis.PolarAxes,HitTest,Response to captured mouse clicks
matlab.graphics.axis.PolarAxes,InnerPosition,Inner size and location
matlab.graphics.axis.PolarAxes,Interactions,Interactions
matlab.graphics.axis.PolarAxes,Interruptible,Callback interruption
matlab.graphics.axis.PolarAxes,Layer,Placement of grid lines and tick marks
matlab.graphics.axis.PolarAxes,Layout,Layout options
matlab.graphics.axis.PolarAxes,Legend,Legend associated with the axes
matlab.graphics.axis.PolarAxes,LineStyleOrder,Line style order
matlab.graphics.axis.PolarAxes,LineStyleOrderIndex,Line style order index
matlab.graphics.axis.PolarAxes,LineWidth,Width of circular and angle lines
matlab.graphics.axis.PolarAxes,MinorGridAlpha,Minor grid line transparency
matlab.graphics.axis.PolarAxes,MinorGridAlphaMode,Selection mode for MinorGridAlpha
matlab.graphics.axis.PolarAxes,MinorGridColor,Color of minor grid lines
matlab.graphics.axis.PolarAxes,MinorGridColorMode,Property for setting minor grid color
matlab.graphics.axis.PolarAxes,MinorGridLineStyle,Line style for minor grid lines
matlab.graphics.axis.PolarAxes,NextPlot,Properties to reset
matlab.graphics.axis.PolarAxes,NextSeriesIndex,SeriesIndex value for next object
matlab.graphics.axis.PolarAxes,OuterPosition,"Size and position of polar axes, including labels and margins"
matlab.graphics.axis.PolarAxes,Parent,Parent container
matlab.graphics.axis.PolarAxes,PickableParts,Ability to capture mouse clicks
matlab.graphics.axis.PolarAxes,Position,"Size and position of polar axes, not including labels or margins"
matlab.graphics.axis.PolarAxes,PositionConstraint,Position to hold constant
matlab.graphics.axis.PolarAxes,RAxis,Component that controls appearance and behavior of r-axis
matlab.graphics.axis.PolarAxes,RAxisLocation,Location of r-axis
matlab.graphics.axis.PolarAxes,RAxisLocationMode,Selection mode for RAxisLocation
matlab.graphics.axis.PolarAxes,RColor,Color of r-axis
matlab.graphics.axis.PolarAxes,RColorMode,Property for setting r-axis grid color
matlab.graphics.axis.PolarAxes,RDir,Direction of increasing values along r-axis
matlab.graphics.axis.PolarAxes,RGrid,Display of r-axis grid lines
matlab.graphics.axis.PolarAxes,RLim,Minimum and maximum radius limits
matlab.graphics.axis.PolarAxes,RLimMode,Selection mode for RLim
matlab.graphics.axis.PolarAxes,RMinorGrid,Display of r-axis minor grid lines
matlab.graphics.axis.PolarAxes,RMinorTick,Minor tick marks along r-axis
matlab.graphics.axis.PolarAxes,RTick,Radius tick values
matlab.graphics.axis.PolarAxes,RTickLabel,Radius tick labels
matlab.graphics.axis.PolarAxes,RTickLabelMode,Selection mode for RTickLabel
matlab.graphics.axis.PolarAxes,RTickLabelRotation,Rotation of r-axis tick labels
matlab.graphics.axis.PolarAxes,RTickMode,Selection mode for radius tick values
matlab.graphics.axis.PolarAxes,Selected,Selection state
matlab.graphics.axis.PolarAxes,SelectionHighlight,Display of selection handles
matlab.graphics.axis.PolarAxes,SortMethod,Order for rendering objects
matlab.graphics.axis.PolarAxes,Subtitle,Text object for subtitle
matlab.graphics.axis.PolarAxes,SubtitleFontWeight,Subtitle character thickness
matlab.graphics.axis.PolarAxes,Tag,Object identifier
matlab.graphics.axis.PolarAxes,ThetaAxis,Component that controls appearance and behavior of theta-axis
matlab.graphics.axis.PolarAxes,ThetaAxisUnits,Units for angle values
matlab.graphics.axis.PolarAxes,ThetaColor,Color of theta-axis
matlab.graphics.axis.PolarAxes,ThetaColorMode,Property for setting theta-axis grid color
matlab.graphics.axis.PolarAxes,ThetaDir,Direction of increasing angles
matlab.graphics.axis.PolarAxes,ThetaGrid,Display of theta-axis grid lines
matlab.graphics.axis.PolarAxes,ThetaLim,Minimum and maximum angle values
matlab.graphics.axis.PolarAxes,ThetaLimMode,Selection mode for ThetaLim
matlab.graphics.axis.PolarAxes,ThetaMinorGrid,Display of theta-axis minor grid lines
matlab.graphics.axis.PolarAxes,ThetaMinorTick,Minor tick marks between angle lines
matlab.graphics.axis.PolarAxes,ThetaTick,Angles at which to display lines
matlab.graphics.axis.PolarAxes,ThetaTickLabel,Labels for angle lines
matlab.graphics.axis.PolarAxes,ThetaTickLabelMode,Selection mode for ThetaTickLabel
matlab.graphics.axis.PolarAxes,ThetaTickMode,Selection mode for ThetaTick
matlab.graphics.axis.PolarAxes,ThetaZeroLocation,Location of the zero reference axis
matlab.graphics.axis.PolarAxes,TickDir,Tick mark direction
matlab.graphics.axis.PolarAxes,TickDirMode,Selection mode for TickDir
matlab.graphics.axis.PolarAxes,TickLabelInterpreter,Tick label interpreter
matlab.graphics.axis.PolarAxes,TickLength,Tick mark length
matlab.graphics.axis.PolarAxes,TightInset,Margins for text labels
matlab.graphics.axis.PolarAxes,Title,Text object for title
matlab.graphics.axis.PolarAxes,TitleFontSizeMultiplier,Scale factor for title font size
matlab.graphics.axis.PolarAxes,TitleFontWeight,Title character thickness
matlab.graphics.axis.PolarAxes,TitleHorizontalAlignment,Title and subtitle horizontal alignment
matlab.graphics.axis.PolarAxes,Toolbar,Data exploration toolbar
matlab.graphics.axis.PolarAxes,Type,Type of graphics object
matlab.graphics.axis.PolarAxes,Units,Position units
matlab.graphics.axis.PolarAxes,UserData,User data
matlab.graphics.axis.PolarAxes,Visible,State of visibility
matlab.graphics.axis.decorator.Baseline,BaseValue,Value of baseline
matlab.graphics.axis.decorator.Baseline,Children,Children
matlab.graphics.axis.decorator.Baseline,Color,Line color
matlab.graphics.axis.decorator.Baseline,LineStyle,Line style
matlab.graphics.axis.decorator.Baseline,LineWidth,Line width
matlab.graphics.axis.decorator.Baseline,Parent,Parent
matlab.graphics.axis.decorator.Baseline,Visible,Visibility
matlab.graphics.axis.decorator.CategoricalRuler,Categories,Categories plotted along axis
matlab.graphics.axis.decorator.CategoricalRuler,Children,Ruler children
matlab.graphics.axis.decorator.CategoricalRuler,Color,Color of axis line and labels
matlab.graphics.axis.decorator.CategoricalRuler,Direction,Direction of increasing values
matlab.graphics.axis.decorator.CategoricalRuler,FontAngle,Text character slant
matlab.graphics.axis.decorator.CategoricalRuler,FontName,Font name
matlab.graphics.axis.decorator.CategoricalRuler,FontSize,Font size
matlab.graphics.axis.decorator.CategoricalRuler,FontSmoothing,Text antialiasing
matlab.graphics.axis.decorator.CategoricalRuler,FontWeight,Thickness of text characters
matlab.graphics.axis.decorator.CategoricalRuler,Label,Axis label
matlab.graphics.axis.decorator.CategoricalRuler,LabelHorizontalAlignment,Axis label horizontal alignment
matlab.graphics.axis.decorator.CategoricalRuler,Limits,First and last categories displayed along axis
matlab.graphics.axis.decorator.CategoricalRuler,LimitsChangedFcn,Axis limits changed callback
matlab.graphics.axis.decorator.CategoricalRuler,LimitsMode,Selection mode for Limits property
matlab.graphics.axis.decorator.CategoricalRuler,LineWidth,Width of axis line and tick marks
matlab.graphics.axis.decorator.CategoricalRuler,MinorTick,Minor tick mark display
matlab.graphics.axis.decorator.CategoricalRuler,MinorTickValues,Minor tick mark locations
matlab.graphics.axis.decorator.CategoricalRuler,MinorTickValuesMode,Selection mode for MinorTickValues property
matlab.graphics.axis.decorator.CategoricalRuler,Parent,Ruler parent
matlab.graphics.axis.decorator.CategoricalRuler,Scale,Scale of values along axis
matlab.graphics.axis.decorator.CategoricalRuler,TickDirection,Tick mark direction
matlab.graphics.axis.decorator.CategoricalRuler,TickDirectionMode,Selection mode for TickDirection property
matlab.graphics.axis.decorator.CategoricalRuler,TickLabelColor,Tick label color
matlab.graphics.axis.decorator.CategoricalRuler,TickLabelInterpreter,Tick label interpreter
matlab.graphics.axis.decorator.CategoricalRuler,TickLabelRotation,Rotation of tick labels
matlab.graphics.axis.decorator.CategoricalRuler,TickLabelRotationMode,Selection mode for TickLabelRotation property
matlab.graphics.axis.decorator.CategoricalRuler,TickLabels,Tick mark labels
matlab.graphics.axis.decorator.CategoricalRuler,TickLabelsMode,Selection mode for TickLabels property
matlab.graphics.axis.decorator.CategoricalRuler,TickLength,Tick mark length
matlab.graphics.axis.decorator.CategoricalRuler,TickValues,Tick mark locations along the axis
matlab.graphics.axis.decorator.CategoricalRuler,TickValuesMode,Selection mode for TickValues property
matlab.graphics.axis.decorator.CategoricalRuler,Visible,Axis visibility
matlab.graphics.axis.decorator.DatetimeRuler,Children,Ruler children
matlab.graphics.axis.decorator.DatetimeRuler,Color,Color of axis line and labels
matlab.graphics.axis.decorator.DatetimeRuler,Direction,Direction of increasing values
matlab.graphics.axis.decorator.DatetimeRuler,FontAngle,Text character slant
matlab.graphics.axis.decorator.DatetimeRuler,FontName,Font name
matlab.graphics.axis.decorator.DatetimeRuler,FontSize,Font size
matlab.graphics.axis.decorator.DatetimeRuler,FontSmoothing,Text antialiasing
matlab.graphics.axis.decorator.DatetimeRuler,FontWeight,Thickness of text characters
matlab.graphics.axis.decorator.DatetimeRuler,Label,Axis label
matlab.graphics.axis.decorator.DatetimeRuler,LabelHorizontalAlignment,Axis label horizontal alignment
matlab.graphics.axis.decorator.DatetimeRuler,Limits,Minimum and maximum axis limits
matlab.graphics.axis.decorator.DatetimeRuler,LimitsChangedFcn,Axis limits changed callback
matlab.graphics.axis.decorator.DatetimeRuler,LimitsMode,Selection mode for Limits property
matlab.graphics.axis.decorator.DatetimeRuler,LineWidth,Width of axis line and tick marks
matlab.graphics.axis.decorator.DatetimeRuler,MinorTick,Minor tick mark display
matlab.graphics.axis.decorator.DatetimeRuler,MinorTickValues,Minor tick mark locations
matlab.graphics.axis.decorator.DatetimeRuler,MinorTickValuesMode,Selection mode for MinorTickValues property
matlab.graphics.axis.decorator.DatetimeRuler,Parent,Ruler parent
matlab.graphics.axis.decorator.DatetimeRuler,Scale,Scale of values along axis
matlab.graphics.axis.decorator.DatetimeRuler,TickDirection,Tick mark direction
matlab.graphics.axis.decorator.DatetimeRuler,TickDirectionMode,Selection mode for TickDirection property
matlab.graphics.axis.decorator.DatetimeRuler,TickLabelColor,Tick label color
matlab.graphics.axis.decorator.DatetimeRuler,TickLabelFormat,Tick label format
matlab.graphics.axis.decorator.DatetimeRuler,TickLabelFormatMode,Selection mode for TickLabelFormat property
matlab.graphics.axis.decorator.DatetimeRuler,TickLabelInterpreter,Tick label interpreter
matlab.graphics.axis.decorator.DatetimeRuler,TickLabelRotation,Rotation of tick labels
matlab.graphics.axis.decorator.DatetimeRuler,TickLabelRotationMode,Selection mode for TickLabelRotation property
matlab.graphics.axis.decorator.DatetimeRuler,TickLabels,Tick mark labels
matlab.graphics.axis.decorator.DatetimeRuler,TickLabelsMode,Selection mode for TickLabels property
matlab.graphics.axis.decorator.DatetimeRuler,TickLength,Tick mark length
matlab.graphics.axis.decorator.DatetimeRuler,TickValues,Tick mark locations along the axis
matlab.graphics.axis.decorator.DatetimeRuler,TickValuesMode,Selection mode for TickValues property
matlab.graphics.axis.decorator.DatetimeRuler,Visible,Axis visibility
matlab.graphics.axis.decorator.DurationRuler,Children,Ruler children
matlab.graphics.axis.decorator.DurationRuler,Color,Color of axis line and labels
matlab.graphics.axis.decorator.DurationRuler,Direction,Direction of increasing values
matlab.graphics.axis.decorator.DurationRuler,Exponent,Exponential notation common to all tick values
matlab.graphics.axis.decorator.DurationRuler,ExponentMode,Selection mode for Exponent property
matlab.graphics.axis.decorator.DurationRuler,FontAngle,Text character slant
matlab.graphics.axis.decorator.DurationRuler,FontName,Font name
matlab.graphics.axis.decorator.DurationRuler,FontSize,Font size
matlab.graphics.axis.decorator.DurationRuler,FontSmoothing,Text antialiasing
matlab.graphics.axis.decorator.DurationRuler,FontWeight,Thickness of text characters
matlab.graphics.axis.decorator.DurationRuler,Label,Axis label
matlab.graphics.axis.decorator.DurationRuler,LabelHorizontalAlignment,Axis label horizontal alignment
matlab.graphics.axis.decorator.DurationRuler,Limits,Minimum and maximum axis limits
matlab.graphics.axis.decorator.DurationRuler,LimitsChangedFcn,Axis limits changed callback
matlab.graphics.axis.decorator.DurationRuler,LimitsMode,Selection mode for Limits property
matlab.graphics.axis.decorator.DurationRuler,LineWidth,Width of axis line and tick marks
matlab.graphics.axis.decorator.DurationRuler,MinorTick,Minor tick mark display
matlab.graphics.axis.decorator.DurationRuler,MinorTickValues,Minor tick mark locations
matlab.graphics.axis.decorator.DurationRuler,MinorTickValuesMode,Selection mode for MinorTickValues property
matlab.graphics.axis.decorator.DurationRuler,Parent,Ruler parent
matlab.graphics.axis.decorator.DurationRuler,Scale,Scale of values along axis
matlab.graphics.axis.decorator.DurationRuler,TickDirection,Tick mark direction
matlab.graphics.axis.decorator.DurationRuler,TickDirectionMode,Selection mode for TickDirection property
matlab.graphics.axis.decorator.DurationRuler,TickLabelColor,Tick label color
matlab.graphics.axis.decorator.DurationRuler,TickLabelFormat,Tick label format
matlab.graphics.axis.decorator.DurationRuler,TickLabelInterpreter,Tick label interpreter
matlab.graphics.axis.decorator.DurationRuler,TickLabelRotation,Rotation of tick labels
matlab.graphics.axis.decorator.DurationRuler,TickLabelRotationMode,Selection mode for TickLabelRotation property
matlab.graphics.axis.decorator.DurationRuler,TickLabels,Tick mark labels
matlab.graphics.axis.decorator.DurationRuler,TickLabelsMode,Selection mode for TickLabels property
matlab.graphics.axis.decorator.DurationRuler,TickLength,Tick mark length
matlab.graphics.axis.decorator.DurationRuler,TickValues,Tick mark locations along the axis
matlab.graphics.axis.decorator.DurationRuler,TickValuesMode,Selection mode for TickValues property
matlab.graphics.axis.decorator.DurationRuler,Visible,Axis visibility
matlab.graphics.axis.decorator.GeographicRuler,Children,Ruler children
matlab.graphics.axis.decorator.GeographicRuler,Color,Color of axis line and labels
matlab.graphics.axis.decorator.GeographicRuler,FontAngle,Text character slant
matlab.graphics.axis.decorator.GeographicRuler,FontName,Font name
matlab.graphics.axis.decorator.GeographicRuler,FontSize,Font size
matlab.graphics.axis.decorator.GeographicRuler,FontSmoothing,Character smoothing
matlab.graphics.axis.decorator.GeographicRuler,FontWeight,Thickness of text characters
matlab.graphics.axis.decorator.GeographicRuler,Label,Axis label
matlab.graphics.axis.decorator.GeographicRuler,LabelHorizontalAlignment,Axis label horizontal alignment
matlab.graphics.axis.decorator.GeographicRuler,Limits,Minimum and maximum axis limits
matlab.graphics.axis.decorator.GeographicRuler,LimitsChangedFcn,Axis limits changed callback
matlab.graphics.axis.decorator.GeographicRuler,LineWidth,Width of axis line and tick marks
matlab.graphics.axis.decorator.GeographicRuler,Parent,Ruler parent
matlab.graphics.axis.decorator.GeographicRuler,TickDirection,Tick mark direction
matlab.graphics.axis.decorator.GeographicRuler,TickDirectionMode,Selection mode for TickDirection property
matlab.graphics.axis.decorator.GeographicRuler,TickLabelColor,Tick label color
matlab.graphics.axis.decorator.GeographicRuler,TickLabelFormat,Tick label format
matlab.graphics.axis.decorator.GeographicRuler,TickLabelInterpreter,Interpretation of tick label characters
matlab.graphics.axis.decorator.GeographicRuler,TickLabelRotation,Rotation of tick labels
matlab.graphics.axis.decorator.GeographicRuler,TickLabelRotationMode,Selection mode for TickLabelRotation property
matlab.graphics.axis.decorator.GeographicRuler,TickLabels,Tick mark labels
matlab.graphics.axis.decorator.GeographicRuler,TickLabelsMode,Selection mode for TickLabels property
matlab.graphics.axis.decorator.GeographicRuler,TickLength,Tick mark length
matlab.graphics.axis.decorator.GeographicRuler,TickValues,Tick mark locations along the axis
matlab.graphics.axis.decorator.GeographicRuler,TickValuesMode,Selection mode for TickValues property
matlab.graphics.axis.decorator.GeographicRuler,Visible,Axis ruler visibility
matlab.graphics.axis.decorator.GeographicScalebar,BackgroundAlpha,Transparency of scale bar background
matlab.graphics.axis.decorator.GeographicScalebar,BackgroundColor,Background color of scale bar
matlab.graphics.axis.decorator.GeographicScalebar,Children,Scale bar children
matlab.graphics.axis.decorator.GeographicScalebar,EdgeColor,Color of lines in scale bar
matlab.graphics.axis.decorator.GeographicScalebar,FontAngle,Character slant
matlab.graphics.axis.decorator.GeographicScalebar,FontColor,Font color
matlab.graphics.axis.decorator.GeographicScalebar,FontName,Font name
matlab.graphics.axis.decorator.GeographicScalebar,FontSize,Font size
matlab.graphics.axis.decorator.GeographicScalebar,FontSmoothing,Character smoothing
matlab.graphics.axis.decorator.GeographicScalebar,FontWeight,Character thickness
matlab.graphics.axis.decorator.GeographicScalebar,LineWidth,Width of lines in scale bar
matlab.graphics.axis.decorator.GeographicScalebar,Parent,Scale bar parent
matlab.graphics.axis.decorator.GeographicScalebar,Visible,Visibility of scale bar
matlab.graphics.axis.decorator.NumericRuler,Children,Ruler children
matlab.graphics.axis.decorator.NumericRuler,Color,Color of axis line and labels
matlab.graphics.axis.decorator.NumericRuler,Direction,Direction of increasing values
matlab.graphics.axis.decorator.NumericRuler,Exponent,Exponential notation common to all tick values
matlab.graphics.axis.decorator.NumericRuler,ExponentMode,Selection mode for Exponent property
matlab.graphics.axis.decorator.NumericRuler,FontAngle,Text character slant
matlab.graphics.axis.decorator.NumericRuler,FontName,Font name
matlab.graphics.axis.decorator.NumericRuler,FontSize,Font size
matlab.graphics.axis.decorator.NumericRuler,FontSmoothing,Text antialiasing
matlab.graphics.axis.decorator.NumericRuler,FontWeight,Thickness of text characters
matlab.graphics.axis.decorator.NumericRuler,Label,Axis label
matlab.graphics.axis.decorator.NumericRuler,LabelHorizontalAlignment,Axis label horizontal alignment
matlab.graphics.axis.decorator.NumericRuler,Limits,Minimum and maximum axis limits
matlab.graphics.axis.decorator.NumericRuler,LimitsChangedFcn,Axis limits changed callback
matlab.graphics.axis.decorator.NumericRuler,LimitsMode,Selection mode for Limits property
matlab.graphics.axis.decorator.NumericRuler,LineWidth,Width of axis line and tick marks
matlab.graphics.axis.decorator.NumericRuler,MinorTick,Minor tick mark display
matlab.graphics.axis.decorator.NumericRuler,MinorTickValues,Minor tick mark locations
matlab.graphics.axis.decorator.NumericRuler,MinorTickValuesMode,Selection mode for MinorTickValues property
matlab.graphics.axis.decorator.NumericRuler,Parent,Ruler parent
matlab.graphics.axis.decorator.NumericRuler,Scale,Scale of values along axis
matlab.graphics.axis.decorator.NumericRuler,TickDirection,Tick mark direction
matlab.graphics.axis.decorator.NumericRuler,TickDirectionMode,Selection mode for TickDirection property
matlab.graphics.axis.decorator.NumericRuler,TickLabelColor,Tick label color
matlab.graphics.axis.decorator.NumericRuler,TickLabelFormat,Tick label format and decimal precision
matlab.graphics.axis.decorator.NumericRuler,TickLabelInterpreter,Tick label interpreter
matlab.graphics.axis.decorator.NumericRuler,TickLabelRotation,Rotation of tick labels
matlab.graphics.axis.decorator.NumericRuler,TickLabelRotationMode,Selection mode for TickLabelRotation property
matlab.graphics.axis.decorator.NumericRuler,TickLabels,Tick mark labels
matlab.graphics.axis.decorator.NumericRuler,TickLabelsMode,Selection mode for TickLabels property
matlab.graphics.axis.decorator.NumericRuler,TickLength,Tick mark length
matlab.graphics.axis.decorator.NumericRuler,TickValues,Tick mark locations along the axis
matlab.graphics.axis.decorator.NumericRuler,TickValuesMode,Selection mode for TickValues property
matlab.graphics.axis.decorator.NumericRuler,Visible,Axis visibility
matlab.graphics.chart.BubbleCloud,ColorOrder,Color order
matlab.graphics.chart.BubbleCloud,EdgeColor,Bubble edge color
matlab.graphics.chart.BubbleCloud,FaceAlpha,Bubble fill color transparency
matlab.graphics.chart.BubbleCloud,FaceColor,Bubble fill color
matlab.graphics.chart.BubbleCloud,FontColor,Font color
matlab.graphics.chart.BubbleCloud,FontName,Font name
matlab.graphics.chart.BubbleCloud,FontSize,Font size
matlab.graphics.chart.BubbleCloud,GroupData,Bubble groups
matlab.graphics.chart.BubbleCloud,GroupVariable,Table variable for bubble groups
matlab.graphics.chart.BubbleCloud,InnerPosition,Inner size and location
matlab.graphics.chart.BubbleCloud,LabelData,Bubble labels
matlab.graphics.chart.BubbleCloud,LabelVariable,Table variable for bubble labels
matlab.graphics.chart.BubbleCloud,Layout,Layout options
matlab.graphics.chart.BubbleCloud,LegendTitle,Legend title
matlab.graphics.chart.BubbleCloud,LegendVisible,Visibility of legend
matlab.graphics.chart.BubbleCloud,MaxDisplayBubbles,Maximum number of bubbles
matlab.graphics.chart.BubbleCloud,OuterPosition,Outer size and location
matlab.graphics.chart.BubbleCloud,Parent,Parent container
matlab.graphics.chart.BubbleCloud,Position,Inner size and location
matlab.graphics.chart.BubbleCloud,PositionConstraint,Position to hold constant
matlab.graphics.chart.BubbleCloud,SizeData,Bubble sizes
matlab.graphics.chart.BubbleCloud,SizeVariable,Table variable for bubble sizes
matlab.graphics.chart.BubbleCloud,SourceTable,Table containing bubble data
matlab.graphics.chart.BubbleCloud,Title,Chart title
matlab.graphics.chart.BubbleCloud,Units,Position units
matlab.graphics.chart.BubbleCloud,Visible,State of visibility
matlab.graphics.chart.GeographicBubbleChart,Basemap,Map on which to plot data
matlab.graphics.chart.GeographicBubbleChart,BubbleColorList,Colors used to display bubbles and color code by category
matlab.graphics.chart.GeographicBubbleChart,BubbleWidthRange,Minimum and maximum width of bubbles
matlab.graphics.chart.GeographicBubbleChart,ColorData,Data controlling bubble color
matlab.graphics.chart.GeographicBubbleChart,ColorLegendTitle,Text to display as title of color legend
matlab.graphics.chart.GeographicBubbleChart,ColorVariable,Table variable used to determine bubble color
matlab.graphics.chart.GeographicBubbleChart,FontName,Font used in the geographic bubble chart
matlab.graphics.chart.GeographicBubbleChart,FontSize,Font size used in geographic bubble chart
matlab.graphics.chart.GeographicBubbleChart,GridVisible,Visibility of the latitude and longitude lines on the map
matlab.graphics.chart.GeographicBubbleChart,HandleVisibility,Visibility of object handle
matlab.graphics.chart.GeographicBubbleChart,InnerPosition,Inner size and position
matlab.graphics.chart.GeographicBubbleChart,LatitudeData,Latitude coordinates of bubble locations
matlab.graphics.chart.GeographicBubbleChart,LatitudeLimits,Latitude limits of map
matlab.graphics.chart.GeographicBubbleChart,LatitudeVariable,Table variable used for bubble latitude
matlab.graphics.chart.GeographicBubbleChart,Layout,Layout options
matlab.graphics.chart.GeographicBubbleChart,LegendVisible,Visibility of bubble size and color legends
matlab.graphics.chart.GeographicBubbleChart,LongitudeData,Longitude coordinates of bubble locations
matlab.graphics.chart.GeographicBubbleChart,LongitudeLimits,Longitude limits of map
matlab.graphics.chart.GeographicBubbleChart,LongitudeVariable,Table variable used for bubble longitude
matlab.graphics.chart.GeographicBubbleChart,MapCenter,Center point of map in latitude and longitude
matlab.graphics.chart.GeographicBubbleChart,MapLayout,Layout of map
matlab.graphics.chart.GeographicBubbleChart,OuterPosition,Size and position of geographic bubble chart within parent
matlab.graphics.chart.GeographicBubbleChart,Parent,Parent container
matlab.graphics.chart.GeographicBubbleChart,Position,Inner size and position
matlab.graphics.chart.GeographicBubbleChart,PositionConstraint,Position to hold constant
matlab.graphics.chart.GeographicBubbleChart,ScalebarVisible,Visibility of the scale bar on the map
matlab.graphics.chart.GeographicBubbleChart,SizeData,Data controlling bubble size
matlab.graphics.chart.GeographicBubbleChart,SizeLegendTitle,Size legend title
matlab.graphics.chart.GeographicBubbleChart,SizeLimits,Limits for mapping SizeData values to bubble width
matlab.graphics.chart.GeographicBubbleChart,SizeVariable,Table variable used to determine bubble size
matlab.graphics.chart.GeographicBubbleChart,SourceTable,Table containing data to be plotted
matlab.graphics.chart.GeographicBubbleChart,Title,Title of geographic bubble chart
matlab.graphics.chart.GeographicBubbleChart,Units,Position units
matlab.graphics.chart.GeographicBubbleChart,Visible,Visibility of the geographic bubble chart
matlab.graphics.chart.GeographicBubbleChart,ZoomLevel,Magnification level of map
matlab.graphics.chart.HeatmapChart,CellLabelColor,Text color for data labels
matlab.graphics.chart.HeatmapChart,CellLabelFormat,Format for data labels
matlab.graphics.chart.HeatmapChart,ColorData,Data to color each heatmap cell
matlab.graphics.chart.HeatmapChart,ColorDisplayData,Sorted color data
matlab.graphics.chart.HeatmapChart,ColorLimits,Color limits
matlab.graphics.chart.HeatmapChart,ColorMethod,Method to calculate color data
matlab.graphics.chart.HeatmapChart,ColorScaling,Mapping of color data to colormap colors
matlab.graphics.chart.HeatmapChart,ColorVariable,Table variable for color data
matlab.graphics.chart.HeatmapChart,ColorbarVisible,Display the colorbar
matlab.graphics.chart.HeatmapChart,Colormap,Colormap for coloring heatmap cells
matlab.graphics.chart.HeatmapChart,FontColor,"Text color for title, axis labels, and tick labels"
matlab.graphics.chart.HeatmapChart,FontName,Font name
matlab.graphics.chart.HeatmapChart,FontSize,Font size
matlab.graphics.chart.HeatmapChart,GridVisible,Display grid lines
matlab.graphics.chart.HeatmapChart,HandleVisibility,Visibility of object handle
matlab.graphics.chart.HeatmapChart,InnerPosition,Inner size and location
matlab.graphics.chart.HeatmapChart,Layout,Layout options
matlab.graphics.chart.HeatmapChart,MissingDataColor,Color for cells with no data value
matlab.graphics.chart.HeatmapChart,MissingDataLabel,Label for missing data icon
matlab.graphics.chart.HeatmapChart,OuterPosition,Outer size and location
matlab.graphics.chart.HeatmapChart,Parent,Parent container
matlab.graphics.chart.HeatmapChart,Position,Inner size and location
matlab.graphics.chart.HeatmapChart,PositionConstraint,Position to hold constant
matlab.graphics.chart.HeatmapChart,SourceTable,Source table
matlab.graphics.chart.HeatmapChart,Title,Chart title
matlab.graphics.chart.HeatmapChart,Units,Position units
matlab.graphics.chart.HeatmapChart,Visible,State of visibility
matlab.graphics.chart.HeatmapChart,XData,x values
matlab.graphics.chart.HeatmapChart,XDisplayData,Display order of x-axis values
matlab.graphics.chart.HeatmapChart,XDisplayLabels,Labels for x-axis values
matlab.graphics.chart.HeatmapChart,XLabel,Label for x-axis
matlab.graphics.chart.HeatmapChart,XLimits,x-axis limits
matlab.graphics.chart.HeatmapChart,XVariable,Table variable for x-axis
matlab.graphics.chart.HeatmapChart,YData,y values
matlab.graphics.chart.HeatmapChart,YDisplayData,Display order of y-axis values
matlab.graphics.chart.HeatmapChart,YDisplayLabels,Labels for y-axis values
matlab.graphics.chart.HeatmapChart,YLabel,Label for y-axis
matlab.graphics.chart.HeatmapChart,YLimits,y-axis limits
matlab.graphics.chart.HeatmapChart,YVariable,Table variable for y-axis
matlab.graphics.chart.ParallelCoordinatesPlot,Color,Group color
matlab.graphics.chart.ParallelCoordinatesPlot,CoordinateData,Variables displayed as coordinates
matlab.graphics.chart.ParallelCoordinatesPlot,CoordinateLabel,Horizontal axis label
matlab.graphics.chart.ParallelCoordinatesPlot,CoordinateTickLabels,Coordinate variable labels
matlab.graphics.chart.ParallelCoordinatesPlot,CoordinateVariables,Table variables to display as coordinates
matlab.graphics.chart.ParallelCoordinatesPlot,Data,Input data
matlab.graphics.chart.ParallelCoordinatesPlot,DataLabel,Vertical axis label
matlab.graphics.chart.ParallelCoordinatesPlot,DataNormalization,Normalization method for coordinates
matlab.graphics.chart.ParallelCoordinatesPlot,FontName,Font name
matlab.graphics.chart.ParallelCoordinatesPlot,FontSize,Font size
matlab.graphics.chart.ParallelCoordinatesPlot,GroupData,Values for grouping data
matlab.graphics.chart.ParallelCoordinatesPlot,GroupVariable,Table variable for grouping data
matlab.graphics.chart.ParallelCoordinatesPlot,HandleVisibility,Visibility of object handle
matlab.graphics.chart.ParallelCoordinatesPlot,InnerPosition,Inner size and position
matlab.graphics.chart.ParallelCoordinatesPlot,Jitter,Data displacement distance
matlab.graphics.chart.ParallelCoordinatesPlot,Layout,Layout options
matlab.graphics.chart.ParallelCoordinatesPlot,LegendTitle,Legend title
matlab.graphics.chart.ParallelCoordinatesPlot,LegendVisible,Visibility of legend
matlab.graphics.chart.ParallelCoordinatesPlot,LineAlpha,Group line transparency
matlab.graphics.chart.ParallelCoordinatesPlot,LineStyle,Group line style
matlab.graphics.chart.ParallelCoordinatesPlot,LineWidth,Group line width
matlab.graphics.chart.ParallelCoordinatesPlot,MarkerSize,Group marker size
matlab.graphics.chart.ParallelCoordinatesPlot,MarkerStyle,Group marker symbol
matlab.graphics.chart.ParallelCoordinatesPlot,OuterPosition,Outer size and position
matlab.graphics.chart.ParallelCoordinatesPlot,Parent,Parent container
matlab.graphics.chart.ParallelCoordinatesPlot,Position,Inner size and position
matlab.graphics.chart.ParallelCoordinatesPlot,PositionConstraint,Position to hold constant
matlab.graphics.chart.ParallelCoordinatesPlot,SourceTable,Source table
matlab.graphics.chart.ParallelCoordinatesPlot,Title,Plot title
matlab.graphics.chart.ParallelCoordinatesPlot,Units,Position units
matlab.graphics.chart.ParallelCoordinatesPlot,Visible,Visibility of object
matlab.graphics.chart.ScatterHistogramChart,BinWidths,Histogram bin widths
matlab.graphics.chart.ScatterHistogramChart,Color,Group color
matlab.graphics.chart.ScatterHistogramChart,FontName,Font name
matlab.graphics.chart.ScatterHistogramChart,FontSize,Font size
matlab.graphics.chart.ScatterHistogramChart,GroupData,Group values
matlab.graphics.chart.ScatterHistogramChart,GroupVariable,Table variable for grouping data
matlab.graphics.chart.ScatterHistogramChart,HandleVisibility,Visibility of object handle
matlab.graphics.chart.ScatterHistogramChart,HistogramDisplayStyle,Histogram display style
matlab.graphics.chart.ScatterHistogramChart,InnerPosition,Inner size and position
matlab.graphics.chart.ScatterHistogramChart,Layout,Layout options
matlab.graphics.chart.ScatterHistogramChart,LegendTitle,Legend title
matlab.graphics.chart.ScatterHistogramChart,LegendVisible,State of legend visibility
matlab.graphics.chart.ScatterHistogramChart,LineStyle,Histogram line style
matlab.graphics.chart.ScatterHistogramChart,LineWidth,Histogram line width
matlab.graphics.chart.ScatterHistogramChart,MarkerAlpha,Marker transparency
matlab.graphics.chart.ScatterHistogramChart,MarkerFilled,State of marker face fill
matlab.graphics.chart.ScatterHistogramChart,MarkerSize,Marker size
matlab.graphics.chart.ScatterHistogramChart,MarkerStyle,Marker symbol
matlab.graphics.chart.ScatterHistogramChart,NumBins,Number of histogram bins
matlab.graphics.chart.ScatterHistogramChart,OuterPosition,Outer size and position
matlab.graphics.chart.ScatterHistogramChart,Parent,Parent container
matlab.graphics.chart.ScatterHistogramChart,Position,Inner size and position
matlab.graphics.chart.ScatterHistogramChart,PositionConstraint,Position to hold constant
matlab.graphics.chart.ScatterHistogramChart,ScatterPlotLocation,Location of scatter plot
matlab.graphics.chart.ScatterHistogramChart,ScatterPlotProportion,Ratio of scatter plot length to chart length
matlab.graphics.chart.ScatterHistogramChart,SourceTable,Source table
matlab.graphics.chart.ScatterHistogramChart,Title,Chart title
matlab.graphics.chart.ScatterHistogramChart,Units,Position units
matlab.graphics.chart.ScatterHistogramChart,Visible,State of object visibility
matlab.graphics.chart.ScatterHistogramChart,XData,x values
matlab.graphics.chart.ScatterHistogramChart,XHistogramDirection,Direction of x data histograms
matlab.graphics.chart.ScatterHistogramChart,XLabel,Label for x-axis
matlab.graphics.chart.ScatterHistogramChart,XLimits,x-axis limits
matlab.graphics.chart.ScatterHistogramChart,XVariable,Table variable for x-axis
matlab.graphics.chart.ScatterHistogramChart,YData,y values
matlab.graphics.chart.ScatterHistogramChart,YHistogramDirection,Direction of y data histograms
matlab.graphics.chart.ScatterHistogramChart,YLabel,Label for y-axis
matlab.graphics.chart.ScatterHistogramChart,YLimits,y-axis limits
matlab.graphics.chart.ScatterHistogramChart,YVariable,Table variable for y-axis
matlab.graphics.chart.StackedLineChart,AxesProperties,Properties of y-axes
matlab.graphics.chart.StackedLineChart,Color,Line color
matlab.graphics.chart.StackedLineChart,DisplayLabels,Labels for y-axes
matlab.graphics.chart.StackedLineChart,DisplayVariables,Displayed variables
matlab.graphics.chart.StackedLineChart,FontName,Font name
matlab.graphics.chart.StackedLineChart,FontSize,Font size
matlab.graphics.chart.StackedLineChart,GridVisible,Display of grid lines
matlab.graphics.chart.StackedLineChart,HandleVisibility,Visibility of object handle
matlab.graphics.chart.StackedLineChart,InnerPosition,Inner size and location
matlab.graphics.chart.StackedLineChart,Layout,Layout options
matlab.graphics.chart.StackedLineChart,LineProperties,Properties of lines
matlab.graphics.chart.StackedLineChart,LineStyle,Line style
matlab.graphics.chart.StackedLineChart,LineWidth,Line width
matlab.graphics.chart.StackedLineChart,Marker,Marker symbol
matlab.graphics.chart.StackedLineChart,MarkerEdgeColor,Marker outline color
matlab.graphics.chart.StackedLineChart,MarkerFaceColor,Marker fill color
matlab.graphics.chart.StackedLineChart,MarkerSize,Marker size
matlab.graphics.chart.StackedLineChart,OuterPosition,Outer size and location
matlab.graphics.chart.StackedLineChart,Parent,Parent container
matlab.graphics.chart.StackedLineChart,Position,Inner size and location
matlab.graphics.chart.StackedLineChart,PositionConstraint,Position to hold constant
matlab.graphics.chart.StackedLineChart,SourceTable,Source table
matlab.graphics.chart.StackedLineChart,Title,Title of stacked plot
matlab.graphics.chart.StackedLineChart,Units,Position units
matlab.graphics.chart.StackedLineChart,Visible,State of visibility
matlab.graphics.chart.StackedLineChart,XData,x-values
matlab.graphics.chart.StackedLineChart,XLabel,Text for x-axis label
matlab.graphics.chart.StackedLineChart,XLimits,Minimum and maximum x-axis limits
matlab.graphics.chart.StackedLineChart,XVariable,Table variable for x-axis
matlab.graphics.chart.StackedLineChart,YData,y-values
matlab.graphics.chart.WordCloudChart,Box,Axes box outline
matlab.graphics.chart.WordCloudChart,Color,Word color
matlab.graphics.chart.WordCloudChart,FontName,Font used for text in the word cloud chart
matlab.graphics.chart.WordCloudChart,HandleVisibility,Visibility of object handle
matlab.graphics.chart.WordCloudChart,HighlightColor,Word highlight color
matlab.graphics.chart.WordCloudChart,InnerPosition,Inner size and position
matlab.graphics.chart.WordCloudChart,Layout,Layout options
matlab.graphics.chart.WordCloudChart,LayoutNum,Word placement layout
matlab.graphics.chart.WordCloudChart,MaxDisplayWords,Maximum number of words to display
matlab.graphics.chart.WordCloudChart,OuterPosition,Size and position of word cloud chart within its parent
matlab.graphics.chart.WordCloudChart,Parent,Parent container
matlab.graphics.chart.WordCloudChart,Position,Inner size and position
matlab.graphics.chart.WordCloudChart,PositionConstraint,Position to hold constant
matlab.graphics.chart.WordCloudChart,Shape,Shape of word cloud
matlab.graphics.chart.WordCloudChart,SizeData,Size data
matlab.graphics.chart.WordCloudChart,SizePower,Power to apply to SizeData
matlab.graphics.chart.WordCloudChart,SizeVariable,Size variable in source table
matlab.graphics.chart.WordCloudChart,SourceTable,Source table
matlab.graphics.chart.WordCloudChart,Title,Text displayed above word cloud chart in figure
matlab.graphics.chart.WordCloudChart,TitleFontName,Font used for title text in the word cloud chart
matlab.graphics.chart.WordCloudChart,Units,Units used by OuterPosition property
matlab.graphics.chart.WordCloudChart,Visible,State of visibility
matlab.graphics.chart.WordCloudChart,WordData,Word data
matlab.graphics.chart.WordCloudChart,WordVariable,Word variable in source table
matlab.graphics.chart.decoration.ConstantLine,Alpha,Line transparency
matlab.graphics.chart.decoration.ConstantLine,Annotation,Control for including or excluding object from legend
matlab.graphics.chart.decoration.ConstantLine,BeingDeleted,Deletion status
matlab.graphics.chart.decoration.ConstantLine,BusyAction,Callback queuing
matlab.graphics.chart.decoration.ConstantLine,ButtonDownFcn,Mouse-click callback
matlab.graphics.chart.decoration.ConstantLine,Children,Children
matlab.graphics.chart.decoration.ConstantLine,Color,Line color
matlab.graphics.chart.decoration.ConstantLine,ContextMenu,Context menu
matlab.graphics.chart.decoration.ConstantLine,CreateFcn,Creation function
matlab.graphics.chart.decoration.ConstantLine,DeleteFcn,Deletion function
matlab.graphics.chart.decoration.ConstantLine,DisplayName,Legend label
matlab.graphics.chart.decoration.ConstantLine,FontAngle,Character slant
matlab.graphics.chart.decoration.ConstantLine,FontName,Font name
matlab.graphics.chart.decoration.ConstantLine,FontSize,Font Size
matlab.graphics.chart.decoration.ConstantLine,FontWeight,Character thickness
matlab.graphics.chart.decoration.ConstantLine,HandleVisibility,Visibility of object handle
matlab.graphics.chart.decoration.ConstantLine,HitTest,Response to captured mouse clicks
matlab.graphics.chart.decoration.ConstantLine,InterceptAxis,Intercept axis
matlab.graphics.chart.decoration.ConstantLine,Interpreter,Text interpreter
matlab.graphics.chart.decoration.ConstantLine,Interruptible,Callback interruption
matlab.graphics.chart.decoration.ConstantLine,Label,Line label
matlab.graphics.chart.decoration.ConstantLine,LabelHorizontalAlignment,Horizontal alignment of label
matlab.graphics.chart.decoration.ConstantLine,LabelOrientation,Label orientation
matlab.graphics.chart.decoration.ConstantLine,LabelVerticalAlignment,Vertical alignment of label
matlab.graphics.chart.decoration.ConstantLine,LineStyle,Line style
matlab.graphics.chart.decoration.ConstantLine,LineWidth,Line width
matlab.graphics.chart.decoration.ConstantLine,Parent,Parent
matlab.graphics.chart.decoration.ConstantLine,PickableParts,Ability to capture mouse clicks
matlab.graphics.chart.decoration.ConstantLine,Selected,Selection state
matlab.graphics.chart.decoration.ConstantLine,SelectionHighlight,Display of selection handles
matlab.graphics.chart.decoration.ConstantLine,Tag,Object identifier
matlab.graphics.chart.decoration.ConstantLine,Type,Type of graphics object
matlab.graphics.chart.decoration.ConstantLine,UserData,User data
matlab.graphics.chart.decoration.ConstantLine,Value,Location of constant line
matlab.graphics.chart.decoration.ConstantLine,Visible,State of visibility
matlab.graphics.chart.internal.stackedplot.StackedAxesProperties,LegendLabels,Legend labels
matlab.graphics.chart.internal.stackedplot.StackedAxesProperties,LegendLocation,Location with respect to axes
matlab.graphics.chart.internal.stackedplot.StackedAxesProperties,LegendVisible,State of legend visibility
matlab.graphics.chart.internal.stackedplot.StackedAxesProperties,YLimits,Minimum and maximum y-axis limits
matlab.graphics.chart.internal.stackedplot.StackedAxesProperties,YScale,Linear or log scale for y-axis
matlab.graphics.chart.internal.stackedplot.StackedLineProperties,Color,Line color
matlab.graphics.chart.internal.stackedplot.StackedLineProperties,LineStyle,Line style
matlab.graphics.chart.internal.stackedplot.StackedLineProperties,LineWidth,Line width
matlab.graphics.chart.internal.stackedplot.StackedLineProperties,Marker,Marker symbol
matlab.graphics.chart.internal.stackedplot.StackedLineProperties,MarkerEdgeColor,Marker outline color
matlab.graphics.chart.internal.stackedplot.StackedLineProperties,MarkerFaceColor,Marker fill color
matlab.graphics.chart.internal.stackedplot.StackedLineProperties,MarkerSize,Marker size
matlab.graphics.chart.internal.stackedplot.StackedLineProperties,PlotType,Plot type
matlab.graphics.chart.primitive.Area,AlignVertexCenters,Sharp vertical and horizontal lines
matlab.graphics.chart.primitive.Area,Annotation,Control for including or excluding object from legend
matlab.graphics.chart.primitive.Area,BaseLine,Baseline
matlab.graphics.chart.primitive.Area,BaseValue,Baseline value
matlab.graphics.chart.primitive.Area,BeingDeleted,Deletion status
matlab.graphics.chart.primitive.Area,BusyAction,Callback queuing
matlab.graphics.chart.primitive.Area,ButtonDownFcn,Mouse-click callback
matlab.graphics.chart.primitive.Area,Children,Children
matlab.graphics.chart.primitive.Area,Clipping,Clipping of object to axes limits
matlab.graphics.chart.primitive.Area,ContextMenu,Context menu
matlab.graphics.chart.primitive.Area,CreateFcn,Creation function
matlab.graphics.chart.primitive.Area,DataTipTemplate,Data tip content
matlab.graphics.chart.primitive.Area,DeleteFcn,Deletion function
matlab.graphics.chart.primitive.Area,DisplayName,Legend label
matlab.graphics.chart.primitive.Area,EdgeAlpha,Edge transparency
matlab.graphics.chart.primitive.Area,EdgeColor,Area outline color
matlab.graphics.chart.primitive.Area,FaceAlpha,Face transparency
matlab.graphics.chart.primitive.Area,FaceColor,Area fill color
matlab.graphics.chart.primitive.Area,FaceColorMode,Control how FaceColor is set
matlab.graphics.chart.primitive.Area,HandleVisibility,Visibility of object handle
matlab.graphics.chart.primitive.Area,HitTest,Response to captured mouse clicks
matlab.graphics.chart.primitive.Area,Interruptible,Callback interruption
matlab.graphics.chart.primitive.Area,LineStyle,Line style
matlab.graphics.chart.primitive.Area,LineWidth,Area outline width
matlab.graphics.chart.primitive.Area,Parent,Parent
matlab.graphics.chart.primitive.Area,PickableParts,Ability to capture mouse clicks
matlab.graphics.chart.primitive.Area,Selected,Selection state
matlab.graphics.chart.primitive.Area,SelectionHighlight,Display of selection handles
matlab.graphics.chart.primitive.Area,SeriesIndex,Series index
matlab.graphics.chart.primitive.Area,ShowBaseLine,Baseline visibility
matlab.graphics.chart.primitive.Area,Tag,Object identifier
matlab.graphics.chart.primitive.Area,Type,Type of graphics object
matlab.graphics.chart.primitive.Area,UserData,User data
matlab.graphics.chart.primitive.Area,Visible,State of visibility
matlab.graphics.chart.primitive.Area,XData,x-coordinates
matlab.graphics.chart.primitive.Area,XDataMode,Selection mode for XData
matlab.graphics.chart.primitive.Area,XDataSource,Variable linked to XData
matlab.graphics.chart.primitive.Area,YData,y-coordinates
matlab.graphics.chart.primitive.Area,YDataSource,Variable linked to YData
matlab.graphics.chart.primitive.Bar,Annotation,Control for including or excluding object from legend
matlab.graphics.chart.primitive.Bar,BarLayout,Arrangement of bars
matlab.graphics.chart.primitive.Bar,BarWidth,Relative width of individual bars
matlab.graphics.chart.primitive.Bar,BaseLine,Baseline
matlab.graphics.chart.primitive.Bar,BaseValue,Baseline value
matlab.graphics.chart.primitive.Bar,BeingDeleted,Deletion status
matlab.graphics.chart.primitive.Bar,BusyAction,Callback queuing
matlab.graphics.chart.primitive.Bar,ButtonDownFcn,Mouse-click callback
matlab.graphics.chart.primitive.Bar,CData,Color data
matlab.graphics.chart.primitive.Bar,Children,Children
matlab.graphics.chart.primitive.Bar,Clipping,Clipping of object to axes limits
matlab.graphics.chart.primitive.Bar,ContextMenu,Context menu
matlab.graphics.chart.primitive.Bar,CreateFcn,Creation function
matlab.graphics.chart.primitive.Bar,DataTipTemplate,Data tip content
matlab.graphics.chart.primitive.Bar,DeleteFcn,Deletion function
matlab.graphics.chart.primitive.Bar,DisplayName,Legend label
matlab.graphics.chart.primitive.Bar,EdgeAlpha,Edge transparency
matlab.graphics.chart.primitive.Bar,EdgeColor,Outline color
matlab.graphics.chart.primitive.Bar,FaceAlpha,Face transparency
matlab.graphics.chart.primitive.Bar,FaceColor,Fill color
matlab.graphics.chart.primitive.Bar,FaceColorMode,Control how FaceColor is set
matlab.graphics.chart.primitive.Bar,HandleVisibility,Visibility of object handle
matlab.graphics.chart.primitive.Bar,HitTest,Response to captured mouse clicks
matlab.graphics.chart.primitive.Bar,Horizontal,Horizontal bar chart
matlab.graphics.chart.primitive.Bar,Interruptible,Callback interruption
matlab.graphics.chart.primitive.Bar,LineStyle,Line style
matlab.graphics.chart.primitive.Bar,LineWidth,Width of bar outlines
matlab.graphics.chart.primitive.Bar,Parent,Parent
matlab.graphics.chart.primitive.Bar,PickableParts,Ability to capture mouse clicks
matlab.graphics.chart.primitive.Bar,Selected,Selection state
matlab.graphics.chart.primitive.Bar,SelectionHighlight,Display of selection handles
matlab.graphics.chart.primitive.Bar,SeriesIndex,Series index
matlab.graphics.chart.primitive.Bar,ShowBaseLine,Baseline visibility
matlab.graphics.chart.primitive.Bar,Tag,Object identifier
matlab.graphics.chart.primitive.Bar,Type,Type of graphics object
matlab.graphics.chart.primitive.Bar,UserData,User data
matlab.graphics.chart.primitive.Bar,Visible,State of visibility
matlab.graphics.chart.primitive.Bar,XData,Bar locations
matlab.graphics.chart.primitive.Bar,XDataMode,Selection mode for XData
matlab.graphics.chart.primitive.Bar,XDataSource,Variable linked to XData
matlab.graphics.chart.primitive.Bar,XEndPoints,x-coordinates of bar tips
matlab.graphics.chart.primitive.Bar,YData,Bar lengths
matlab.graphics.chart.primitive.Bar,YDataSource,Variable linked to YData
matlab.graphics.chart.primitive.Bar,YEndPoints,y-coordinates of bar tips
matlab.graphics.chart.primitive.Binscatter,Annotation,Control for including or excluding object from legend
matlab.graphics.chart.primitive.Binscatter,BeingDeleted,Deletion status
matlab.graphics.chart.primitive.Binscatter,BusyAction,Callback queuing
matlab.graphics.chart.primitive.Binscatter,ButtonDownFcn,Mouse-click callback
matlab.graphics.chart.primitive.Binscatter,Children,Children
matlab.graphics.chart.primitive.Binscatter,ContextMenu,Context menu
matlab.graphics.chart.primitive.Binscatter,CreateFcn,Creation function
matlab.graphics.chart.primitive.Binscatter,DataTipTemplate,Data tip content
matlab.graphics.chart.primitive.Binscatter,DeleteFcn,Deletion function
matlab.graphics.chart.primitive.Binscatter,DisplayName,Text used by legend
matlab.graphics.chart.primitive.Binscatter,FaceAlpha,Transparency of tiles
matlab.graphics.chart.primitive.Binscatter,HandleVisibility,Visibility of object handle
matlab.graphics.chart.primitive.Binscatter,HitTest,Response to captured mouse clicks
matlab.graphics.chart.primitive.Binscatter,Interruptible,Callback interruption
matlab.graphics.chart.primitive.Binscatter,NumBins,Number of bins
matlab.graphics.chart.primitive.Binscatter,NumBinsMode,Selection mode for number of bins
matlab.graphics.chart.primitive.Binscatter,Parent,Parent
matlab.graphics.chart.primitive.Binscatter,PickableParts,Ability to capture mouse clicks
matlab.graphics.chart.primitive.Binscatter,Selected,Selection state
matlab.graphics.chart.primitive.Binscatter,SelectionHighlight,Display of selection handles
matlab.graphics.chart.primitive.Binscatter,ShowEmptyBins,Toggle to show empty bins
matlab.graphics.chart.primitive.Binscatter,Tag,Object identifier
matlab.graphics.chart.primitive.Binscatter,Type,Type of graphics object
matlab.graphics.chart.primitive.Binscatter,UserData,User data
matlab.graphics.chart.primitive.Binscatter,Values,Bin values
matlab.graphics.chart.primitive.Binscatter,Visible,State of visibility
matlab.graphics.chart.primitive.Binscatter,XBinEdges,Bin edges in x-dimension
matlab.graphics.chart.primitive.Binscatter,XData,x coordinates of data
matlab.graphics.chart.primitive.Binscatter,XLimits,Data limits in x-dimension
matlab.graphics.chart.primitive.Binscatter,XLimitsMode,Selection mode for data limits in x-dimension
matlab.graphics.chart.primitive.Binscatter,YBinEdges,Bin edges in y dimension
matlab.graphics.chart.primitive.Binscatter,YData,y coordinates of data
matlab.graphics.chart.primitive.Binscatter,YLimits,Data limits in y-dimension
matlab.graphics.chart.primitive.Binscatter,YLimitsMode,Selection mode for data limits in y-dimension
matlab.graphics.chart.primitive.BoxChart,Annotation,Control for including or excluding object from legend
matlab.graphics.chart.primitive.BoxChart,BoxFaceAlpha,Box fill transparency
matlab.graphics.chart.primitive.BoxChart,BoxFaceColor,Box color
matlab.graphics.chart.primitive.BoxChart,BoxFaceColorMode,How BoxFaceColor is set
matlab.graphics.chart.primitive.BoxChart,BoxWidth,Width of individual boxes
matlab.graphics.chart.primitive.BoxChart,Children,Children
matlab.graphics.chart.primitive.BoxChart,DataTipTemplate,Data tip content
matlab.graphics.chart.primitive.BoxChart,DisplayName,Legend label
matlab.graphics.chart.primitive.BoxChart,HandleVisibility,Visibility of object handle
matlab.graphics.chart.primitive.BoxChart,HitTest,Response to captured mouse clicks
matlab.graphics.chart.primitive.BoxChart,JitterOutliers,Outlier marker displacement
matlab.graphics.chart.primitive.BoxChart,LineWidth,Box edge and whisker width
matlab.graphics.chart.primitive.BoxChart,MarkerColor,Outlier color
matlab.graphics.chart.primitive.BoxChart,MarkerColorMode,How MarkerColor is set
matlab.graphics.chart.primitive.BoxChart,MarkerSize,Outlier size
matlab.graphics.chart.primitive.BoxChart,MarkerStyle,Outlier style
matlab.graphics.chart.primitive.BoxChart,Notch,Median comparison display
matlab.graphics.chart.primitive.BoxChart,Orientation,Orientation of box charts
matlab.graphics.chart.primitive.BoxChart,Parent,Parent
matlab.graphics.chart.primitive.BoxChart,PickableParts,Ability to capture mouse clicks
matlab.graphics.chart.primitive.BoxChart,SeriesIndex,Series index
matlab.graphics.chart.primitive.BoxChart,Tag,Object identifier
matlab.graphics.chart.primitive.BoxChart,Type,Type of graphics object
matlab.graphics.chart.primitive.BoxChart,UserData,User data
matlab.graphics.chart.primitive.BoxChart,Visible,State of visibility
matlab.graphics.chart.primitive.BoxChart,WhiskerLineColor,Whisker color
matlab.graphics.chart.primitive.BoxChart,WhiskerLineStyle,Whisker style
matlab.graphics.chart.primitive.BoxChart,XData,Position data
matlab.graphics.chart.primitive.BoxChart,YData,Sample data
matlab.graphics.chart.primitive.BubbleChart,AlphaData,Marker face transparency
matlab.graphics.chart.primitive.BubbleChart,AlphaDataMapping,Interpretation of AlphaData values
matlab.graphics.chart.primitive.BubbleChart,AlphaDataMode,Control how AlphaData is set
matlab.graphics.chart.primitive.BubbleChart,AlphaVariable,Table variable containing marker transparency data
matlab.graphics.chart.primitive.BubbleChart,Annotation,Control for including or excluding object from legend
matlab.graphics.chart.primitive.BubbleChart,BeingDeleted,Deletion status
matlab.graphics.chart.primitive.BubbleChart,BusyAction,Callback queuing
matlab.graphics.chart.primitive.BubbleChart,ButtonDownFcn,Mouse-click callback
matlab.graphics.chart.primitive.BubbleChart,CData,Marker colors
matlab.graphics.chart.primitive.BubbleChart,CDataMode,Control how CData is set
matlab.graphics.chart.primitive.BubbleChart,CDataSource,Variable linked to CData
matlab.graphics.chart.primitive.BubbleChart,Children,Children
matlab.graphics.chart.primitive.BubbleChart,Clipping,Clipping of object to axes limits
matlab.graphics.chart.primitive.BubbleChart,ColorVariable,Table variable containing color data
matlab.graphics.chart.primitive.BubbleChart,ContextMenu,Context menu
matlab.graphics.chart.primitive.BubbleChart,CreateFcn,Creation function
matlab.graphics.chart.primitive.BubbleChart,DataTipTemplate,Data tip content
matlab.graphics.chart.primitive.BubbleChart,DeleteFcn,Deletion function
matlab.graphics.chart.primitive.BubbleChart,DisplayName,Legend label
matlab.graphics.chart.primitive.BubbleChart,HandleVisibility,Visibility of object handle
matlab.graphics.chart.primitive.BubbleChart,HitTest,Response to captured mouse clicks
matlab.graphics.chart.primitive.BubbleChart,Interruptible,Callback interruption
matlab.graphics.chart.primitive.BubbleChart,LatitudeData,Latitude values
matlab.graphics.chart.primitive.BubbleChart,LatitudeDataSource,Variable linked to LatitudeData
matlab.graphics.chart.primitive.BubbleChart,LatitudeVariable,Table variable containing latitude values
matlab.graphics.chart.primitive.BubbleChart,LineWidth,Width of marker edge
matlab.graphics.chart.primitive.BubbleChart,LongitudeData,Longitude values
matlab.graphics.chart.primitive.BubbleChart,LongitudeDataSource,Variable linked to LongitudeData
matlab.graphics.chart.primitive.BubbleChart,LongitudeVariable,Table variable containing longitude values
matlab.graphics.chart.primitive.BubbleChart,MarkerEdgeAlpha,Marker edge transparency
matlab.graphics.chart.primitive.BubbleChart,MarkerEdgeColor,Marker outline color
matlab.graphics.chart.primitive.BubbleChart,MarkerFaceAlpha,Marker face transparency
matlab.graphics.chart.primitive.BubbleChart,MarkerFaceColor,Marker fill color
matlab.graphics.chart.primitive.BubbleChart,Parent,Parent
matlab.graphics.chart.primitive.BubbleChart,PickableParts,Ability to capture mouse clicks
matlab.graphics.chart.primitive.BubbleChart,RData,Radius values
matlab.graphics.chart.primitive.BubbleChart,RDataMode,Control how RData is set
matlab.graphics.chart.primitive.BubbleChart,RDataSource,Variable linked to RData
matlab.graphics.chart.primitive.BubbleChart,RVariable,Table variable containing radius values
matlab.graphics.chart.primitive.BubbleChart,Selected,Selection state
matlab.graphics.chart.primitive.BubbleChart,SelectionHighlight,Display of selection handles
matlab.graphics.chart.primitive.BubbleChart,SeriesIndex,Series index
matlab.graphics.chart.primitive.BubbleChart,SizeData,Marker sizes
matlab.graphics.chart.primitive.BubbleChart,SizeDataMode,Control how SizeData is set
matlab.graphics.chart.primitive.BubbleChart,SizeDataSource,Variable linked to SizeData
matlab.graphics.chart.primitive.BubbleChart,SizeVariable,Table variable containing marker size data
matlab.graphics.chart.primitive.BubbleChart,SourceTable,Source table
matlab.graphics.chart.primitive.BubbleChart,Tag,Object identifier
matlab.graphics.chart.primitive.BubbleChart,ThetaData,Angle values
matlab.graphics.chart.primitive.BubbleChart,ThetaDataMode,Control how ThetaData is set
matlab.graphics.chart.primitive.BubbleChart,ThetaDataSource,Variable linked to ThetaData
matlab.graphics.chart.primitive.BubbleChart,ThetaVariable,Table variable containing angle values
matlab.graphics.chart.primitive.BubbleChart,Type,Type of graphics object
matlab.graphics.chart.primitive.BubbleChart,UserData,User data
matlab.graphics.chart.primitive.BubbleChart,Visible,State of visibility
matlab.graphics.chart.primitive.BubbleChart,XData,x values
matlab.graphics.chart.primitive.BubbleChart,XDataMode,Control how XData is set
matlab.graphics.chart.primitive.BubbleChart,XDataSource,Variable linked to XData
matlab.graphics.chart.primitive.BubbleChart,XJitter,Jitter type for x-dimension
matlab.graphics.chart.primitive.BubbleChart,XJitterWidth,Maximum jitter along x-dimension
matlab.graphics.chart.primitive.BubbleChart,XVariable,Table variable containing x-coordinates
matlab.graphics.chart.primitive.BubbleChart,YData,y values
matlab.graphics.chart.primitive.BubbleChart,YDataMode,Control how YData is set
matlab.graphics.chart.primitive.BubbleChart,YDataSource,Variable linked to YData
matlab.graphics.chart.primitive.BubbleChart,YJitter,Jitter type for y-dimension
matlab.graphics.chart.primitive.BubbleChart,YJitterWidth,Maximum jitter along y-dimension
matlab.graphics.chart.primitive.BubbleChart,YVariable,Table variable containing y-coordinates
matlab.graphics.chart.primitive.BubbleChart,ZData,z values
matlab.graphics.chart.primitive.BubbleChart,ZDataMode,Control how ZData is set
matlab.graphics.chart.primitive.BubbleChart,ZDataSource,Variable linked to ZData
matlab.graphics.chart.primitive.BubbleChart,ZJitter,Jitter type for z-dimension
matlab.graphics.chart.primitive.BubbleChart,ZJitterWidth,Maximum jitter along z-dimension
matlab.graphics.chart.primitive.BubbleChart,ZVariable,Table variable containing z-coordinates
matlab.graphics.chart.primitive.Contour,Annotation,Control for including or excluding object from legend
matlab.graphics.chart.primitive.Contour,BeingDeleted,Deletion status
matlab.graphics.chart.primitive.Contour,BusyAction,Callback queuing
matlab.graphics.chart.primitive.Contour,ButtonDownFcn,Mouse-click callback
matlab.graphics.chart.primitive.Contour,Children,Children
matlab.graphics.chart.primitive.Contour,Clipping,Clipping of object to axes limits
matlab.graphics.chart.primitive.Contour,ContextMenu,Context menu
matlab.graphics.chart.primitive.Contour,ContourMatrix,Contour matrix
matlab.graphics.chart.primitive.Contour,CreateFcn,Creation function
matlab.graphics.chart.primitive.Contour,DataTipTemplate,Data tip content
matlab.graphics.chart.primitive.Contour,DeleteFcn,Deletion function
matlab.graphics.chart.primitive.Contour,DisplayName,Legend label
matlab.graphics.chart.primitive.Contour,Fill,Fill between contour lines
matlab.graphics.chart.primitive.Contour,HandleVisibility,Visibility of object handle
matlab.graphics.chart.primitive.Contour,HitTest,Response to captured mouse clicks
matlab.graphics.chart.primitive.Contour,Interruptible,Callback interruption
matlab.graphics.chart.primitive.Contour,LabelSpacing,Label spacing
matlab.graphics.chart.primitive.Contour,LevelList,Contour levels
matlab.graphics.chart.primitive.Contour,LevelListMode,Selection mode for LevelList
matlab.graphics.chart.primitive.Contour,LevelStep,Spacing between contour lines
matlab.graphics.chart.primitive.Contour,LevelStepMode,Selection mode for LevelStep
matlab.graphics.chart.primitive.Contour,LineColor,Color of contour lines
matlab.graphics.chart.primitive.Contour,LineStyle,Line style
matlab.graphics.chart.primitive.Contour,LineWidth,Line Width
matlab.graphics.chart.primitive.Contour,Parent,Parent
matlab.graphics.chart.primitive.Contour,PickableParts,Ability to capture mouse clicks
matlab.graphics.chart.primitive.Contour,Selected,Selection state
matlab.graphics.chart.primitive.Contour,SelectionHighlight,Display of selection handles
matlab.graphics.chart.primitive.Contour,ShowText,Contour line labels
matlab.graphics.chart.primitive.Contour,Tag,Object identifier
matlab.graphics.chart.primitive.Contour,TextList,Contour lines to label
matlab.graphics.chart.primitive.Contour,TextListMode,Selection mode for TextList
matlab.graphics.chart.primitive.Contour,TextStep,Interval between labeled contour lines
matlab.graphics.chart.primitive.Contour,TextStepMode,Selection mode for TextStep
matlab.graphics.chart.primitive.Contour,Type,Type of graphics object
matlab.graphics.chart.primitive.Contour,UserData,User data
matlab.graphics.chart.primitive.Contour,Visible,State of visibility
matlab.graphics.chart.primitive.Contour,XData,x values
matlab.graphics.chart.primitive.Contour,XDataMode,Selection mode for XData
matlab.graphics.chart.primitive.Contour,XDataSource,Variable linked to XData
matlab.graphics.chart.primitive.Contour,YData,y values
matlab.graphics.chart.primitive.Contour,YDataMode,Selection mode for YData
matlab.graphics.chart.primitive.Contour,YDataSource,Variable linked to YData
matlab.graphics.chart.primitive.Contour,ZData,Data that defines surface to contour
matlab.graphics.chart.primitive.Contour,ZDataSource,Variable linked to ZData
matlab.graphics.chart.primitive.Contour,ZLocation,Location of contours along z-axis
matlab.graphics.chart.primitive.ErrorBar,AlignVertexCenters,Sharp vertical and horizontal lines
matlab.graphics.chart.primitive.ErrorBar,Annotation,Control for including or excluding object from legend
matlab.graphics.chart.primitive.ErrorBar,BeingDeleted,Deletion status
matlab.graphics.chart.primitive.ErrorBar,BusyAction,Callback queuing
matlab.graphics.chart.primitive.ErrorBar,ButtonDownFcn,Mouse-click callback
matlab.graphics.chart.primitive.ErrorBar,CapSize,Length of caps at end of error bars
matlab.graphics.chart.primitive.ErrorBar,Children,Children
matlab.graphics.chart.primitive.ErrorBar,Clipping,Clipping of object to axes limits
matlab.graphics.chart.primitive.ErrorBar,Color,Line color
matlab.graphics.chart.primitive.ErrorBar,ColorMode,Control how Color is set
matlab.graphics.chart.primitive.ErrorBar,ContextMenu,Context menu
matlab.graphics.chart.primitive.ErrorBar,CreateFcn,Creation function
matlab.graphics.chart.primitive.ErrorBar,DataTipTemplate,Data tip content
matlab.graphics.chart.primitive.ErrorBar,DeleteFcn,Deletion function
matlab.graphics.chart.primitive.ErrorBar,DisplayName,Legend label
matlab.graphics.chart.primitive.ErrorBar,HandleVisibility,Visibility of object handle
matlab.graphics.chart.primitive.ErrorBar,HitTest,Response to captured mouse clicks
matlab.graphics.chart.primitive.ErrorBar,Interruptible,Callback interruption
matlab.graphics.chart.primitive.ErrorBar,LData,Error bar lengths below data points (not recommended)
matlab.graphics.chart.primitive.ErrorBar,LDataSource,Variable linked to LData (not recommended)
matlab.graphics.chart.primitive.ErrorBar,LineStyle,Line style
matlab.graphics.chart.primitive.ErrorBar,LineStyleMode,Control how LineStyle is set
matlab.graphics.chart.primitive.ErrorBar,LineWidth,Line width
matlab.graphics.chart.primitive.ErrorBar,Marker,Marker symbol
matlab.graphics.chart.primitive.ErrorBar,MarkerEdgeColor,Marker outline color
matlab.graphics.chart.primitive.ErrorBar,MarkerFaceColor,Marker fill color
matlab.graphics.chart.primitive.ErrorBar,MarkerMode,Control how Marker is set
matlab.graphics.chart.primitive.ErrorBar,MarkerSize,Marker size
matlab.graphics.chart.primitive.ErrorBar,Parent,Parent
matlab.graphics.chart.primitive.ErrorBar,PickableParts,Ability to capture mouse clicks
matlab.graphics.chart.primitive.ErrorBar,Selected,Selection state
matlab.graphics.chart.primitive.ErrorBar,SelectionHighlight,Display of selection handles
matlab.graphics.chart.primitive.ErrorBar,SeriesIndex,Series index
matlab.graphics.chart.primitive.ErrorBar,Tag,Object identifier
matlab.graphics.chart.primitive.ErrorBar,Type,Type of graphics object
matlab.graphics.chart.primitive.ErrorBar,UData,Error bar lengths above data points (not recommended)
matlab.graphics.chart.primitive.ErrorBar,UDataSource,Variable linked to UData (not recommended)
matlab.graphics.chart.primitive.ErrorBar,UserData,User data
matlab.graphics.chart.primitive.ErrorBar,Visible,State of visibility
matlab.graphics.chart.primitive.ErrorBar,XData,x values
matlab.graphics.chart.primitive.ErrorBar,XDataMode,Selection mode for XData
matlab.graphics.chart.primitive.ErrorBar,XDataSource,Variable linked to XData
matlab.graphics.chart.primitive.ErrorBar,XNegativeDelta,Horizontal error bar lengths to left of data points
matlab.graphics.chart.primitive.ErrorBar,XNegativeDeltaSource,Variable linked to XNegativeDelta
matlab.graphics.chart.primitive.ErrorBar,XPositiveDelta,Horizontal error bar lengths to right of data points
matlab.graphics.chart.primitive.ErrorBar,XPositiveDeltaSource,Variable linked to XPositiveDelta
matlab.graphics.chart.primitive.ErrorBar,YData,y values
matlab.graphics.chart.primitive.ErrorBar,YDataSource,Variable linked to YData
matlab.graphics.chart.primitive.ErrorBar,YNegativeDelta,Vertical error bar lengths below data points
matlab.graphics.chart.primitive.ErrorBar,YNegativeDeltaSource,Variable linked to YNegativeDelta
matlab.graphics.chart.primitive.ErrorBar,YPositiveDelta,Vertical error bar lengths above data points
matlab.graphics.chart.primitive.ErrorBar,YPositiveDeltaSource,Variable linked to YPositiveDelta
matlab.graphics.chart.primitive.GraphPlot,Annotation,Legend icon display style
matlab.graphics.chart.primitive.GraphPlot,ArrowPosition,Position of arrow along edge
matlab.graphics.chart.primitive.GraphPlot,ArrowSize,Arrow size
matlab.graphics.chart.primitive.GraphPlot,BeingDeleted,Deletion status
matlab.graphics.chart.primitive.GraphPlot,BusyAction,Callback queuing
matlab.graphics.chart.primitive.GraphPlot,ButtonDownFcn,Mouse-click callback
matlab.graphics.chart.primitive.GraphPlot,Children,Children
matlab.graphics.chart.primitive.GraphPlot,ContextMenu,Context menu
matlab.graphics.chart.primitive.GraphPlot,CreateFcn,Creation callback
matlab.graphics.chart.primitive.GraphPlot,DataTipTemplate,Data tip content
matlab.graphics.chart.primitive.GraphPlot,DeleteFcn,Deletion callback
matlab.graphics.chart.primitive.GraphPlot,DisplayName,Text used by legend
matlab.graphics.chart.primitive.GraphPlot,EdgeAlpha,Transparency of graph edges
matlab.graphics.chart.primitive.GraphPlot,EdgeCData,Color data of edge lines
matlab.graphics.chart.primitive.GraphPlot,EdgeColor,Edge color
matlab.graphics.chart.primitive.GraphPlot,EdgeFontAngle,Character slant of text in edge labels
matlab.graphics.chart.primitive.GraphPlot,EdgeFontName,Font name for edge labels
matlab.graphics.chart.primitive.GraphPlot,EdgeFontSize,Font size for edge labels
matlab.graphics.chart.primitive.GraphPlot,EdgeFontWeight,Thickness of text in edge labels
matlab.graphics.chart.primitive.GraphPlot,EdgeLabel,Edge labels
matlab.graphics.chart.primitive.GraphPlot,EdgeLabelColor,Color of edge labels
matlab.graphics.chart.primitive.GraphPlot,EdgeLabelMode,Selection mode for edge labels
matlab.graphics.chart.primitive.GraphPlot,HandleVisibility,Visibility of object handle
matlab.graphics.chart.primitive.GraphPlot,HitTest,Response to captured mouse clicks
matlab.graphics.chart.primitive.GraphPlot,Interpreter,Interpretation of text characters
matlab.graphics.chart.primitive.GraphPlot,Interruptible,Callback interruption
matlab.graphics.chart.primitive.GraphPlot,LineStyle,Line style
matlab.graphics.chart.primitive.GraphPlot,LineWidth,Edge line width
matlab.graphics.chart.primitive.GraphPlot,Marker,Node marker symbol
matlab.graphics.chart.primitive.GraphPlot,MarkerSize,Node marker size
matlab.graphics.chart.primitive.GraphPlot,NodeCData,Color data of node markers
matlab.graphics.chart.primitive.GraphPlot,NodeColor,Node color
matlab.graphics.chart.primitive.GraphPlot,NodeFontAngle,Character slant of text in node labels
matlab.graphics.chart.primitive.GraphPlot,NodeFontName,Font name for node labels
matlab.graphics.chart.primitive.GraphPlot,NodeFontSize,Font size for node labels
matlab.graphics.chart.primitive.GraphPlot,NodeFontWeight,Thickness of text in node labels
matlab.graphics.chart.primitive.GraphPlot,NodeLabel,Node labels
matlab.graphics.chart.primitive.GraphPlot,NodeLabelColor,Color of node labels
matlab.graphics.chart.primitive.GraphPlot,NodeLabelMode,Selection mode for node labels
matlab.graphics.chart.primitive.GraphPlot,Parent,Parent of GraphPlot
matlab.graphics.chart.primitive.GraphPlot,PickableParts,Ability to capture mouse clicks
matlab.graphics.chart.primitive.GraphPlot,Selected,Selection state
matlab.graphics.chart.primitive.GraphPlot,SelectionHighlight,Display of selection handles
matlab.graphics.chart.primitive.GraphPlot,ShowArrows,Toggle display of arrows on directed edges
matlab.graphics.chart.primitive.GraphPlot,Tag,Tag to associate with GraphPlot
matlab.graphics.chart.primitive.GraphPlot,Type,Type of graphics object
matlab.graphics.chart.primitive.GraphPlot,UserData,Data to associate with GraphPlot
matlab.graphics.chart.primitive.GraphPlot,Visible,State of visibility
matlab.graphics.chart.primitive.GraphPlot,XData,x-coordinate of nodes
matlab.graphics.chart.primitive.GraphPlot,YData,y-coordinate of nodes
matlab.graphics.chart.primitive.GraphPlot,ZData,z-coordinate of nodes
matlab.graphics.chart.primitive.Histogram,Annotation,Control for including or excluding object from legend
matlab.graphics.chart.primitive.Histogram,BarWidth,Relative width of categorical bars
matlab.graphics.chart.primitive.Histogram,BeingDeleted,Deletion status
matlab.graphics.chart.primitive.Histogram,BinCounts,Bin counts
matlab.graphics.chart.primitive.Histogram,BinCountsMode,Selection mode for bin counts
matlab.graphics.chart.primitive.Histogram,BinEdges,Edges of bins
matlab.graphics.chart.primitive.Histogram,BinLimits,Bin limits
matlab.graphics.chart.primitive.Histogram,BinLimitsMode,Selection mode for bin limits
matlab.graphics.chart.primitive.Histogram,BinMethod,Binning algorithm
matlab.graphics.chart.primitive.Histogram,BinWidth,Width of bins
matlab.graphics.chart.primitive.Histogram,BusyAction,Callback queuing
matlab.graphics.chart.primitive.Histogram,ButtonDownFcn,Mouse-click callback
matlab.graphics.chart.primitive.Histogram,Categories,Categories included in histogram
matlab.graphics.chart.primitive.Histogram,Children,Children
matlab.graphics.chart.primitive.Histogram,ContextMenu,Context menu
matlab.graphics.chart.primitive.Histogram,CreateFcn,Creation function
matlab.graphics.chart.primitive.Histogram,Data,Data to distribute among bins
matlab.graphics.chart.primitive.Histogram,DataTipTemplate,Data tip content
matlab.graphics.chart.primitive.Histogram,DeleteFcn,Deletion function
matlab.graphics.chart.primitive.Histogram,DisplayName,Text used by legend
matlab.graphics.chart.primitive.Histogram,DisplayOrder,Category display order
matlab.graphics.chart.primitive.Histogram,DisplayStyle,Histogram display style
matlab.graphics.chart.primitive.Histogram,EdgeAlpha,Transparency of histogram bar edges
matlab.graphics.chart.primitive.Histogram,EdgeColor,Histogram edge color
matlab.graphics.chart.primitive.Histogram,FaceAlpha,Transparency of histogram bars
matlab.graphics.chart.primitive.Histogram,FaceColor,Histogram bar color
matlab.graphics.chart.primitive.Histogram,HandleVisibility,Visibility of object handle
matlab.graphics.chart.primitive.Histogram,HitTest,Response to captured mouse clicks
matlab.graphics.chart.primitive.Histogram,Interruptible,Callback interruption
matlab.graphics.chart.primitive.Histogram,LineStyle,Line style
matlab.graphics.chart.primitive.Histogram,LineWidth,Width of bar outlines
matlab.graphics.chart.primitive.Histogram,Normalization,Type of normalization
matlab.graphics.chart.primitive.Histogram,NumBins,Number of bins
matlab.graphics.chart.primitive.Histogram,NumDisplayBins,Number of categories to display
matlab.graphics.chart.primitive.Histogram,Orientation,Orientation of bars
matlab.graphics.chart.primitive.Histogram,Parent,Parent
matlab.graphics.chart.primitive.Histogram,PickableParts,Ability to capture mouse clicks
matlab.graphics.chart.primitive.Histogram,Selected,Selection state
matlab.graphics.chart.primitive.Histogram,SelectionHighlight,Display of selection handles
matlab.graphics.chart.primitive.Histogram,SeriesIndex,Series index
matlab.graphics.chart.primitive.Histogram,ShowOthers,Toggle summary display of data belonging to undisplayed categories
matlab.graphics.chart.primitive.Histogram,Tag,Object identifier
matlab.graphics.chart.primitive.Histogram,Type,Type of graphics object
matlab.graphics.chart.primitive.Histogram,UserData,User data
matlab.graphics.chart.primitive.Histogram,Values,Bin values
matlab.graphics.chart.primitive.Histogram,Visible,State of visibility
matlab.graphics.chart.primitive.Histogram2,Annotation,Control for including or excluding object from legend
matlab.graphics.chart.primitive.Histogram2,BeingDeleted,Deletion status
matlab.graphics.chart.primitive.Histogram2,BinCounts,Bin counts
matlab.graphics.chart.primitive.Histogram2,BinCountsMode,Selection mode for bin counts
matlab.graphics.chart.primitive.Histogram2,BinMethod,Binning algorithm
matlab.graphics.chart.primitive.Histogram2,BinWidth,Width of bins in each dimension
matlab.graphics.chart.primitive.Histogram2,BusyAction,Callback queuing
matlab.graphics.chart.primitive.Histogram2,ButtonDownFcn,Mouse-click callback
matlab.graphics.chart.primitive.Histogram2,Children,Children
matlab.graphics.chart.primitive.Histogram2,ContextMenu,Context menu
matlab.graphics.chart.primitive.Histogram2,CreateFcn,Creation function
matlab.graphics.chart.primitive.Histogram2,Data,Data to distribute among bins
matlab.graphics.chart.primitive.Histogram2,DataTipTemplate,Data tip content
matlab.graphics.chart.primitive.Histogram2,DeleteFcn,Deletion function
matlab.graphics.chart.primitive.Histogram2,DisplayName,Text used by legend
matlab.graphics.chart.primitive.Histogram2,DisplayStyle,Histogram display style
matlab.graphics.chart.primitive.Histogram2,EdgeAlpha,Transparency of histogram bar edges
matlab.graphics.chart.primitive.Histogram2,EdgeColor,Histogram edge color
matlab.graphics.chart.primitive.Histogram2,FaceAlpha,Transparency of histogram bars
matlab.graphics.chart.primitive.Histogram2,FaceColor,Histogram bar color
matlab.graphics.chart.primitive.Histogram2,FaceLighting,Lighting effect on histogram bars
matlab.graphics.chart.primitive.Histogram2,HandleVisibility,Visibility of object handle
matlab.graphics.chart.primitive.Histogram2,HitTest,Response to captured mouse clicks
matlab.graphics.chart.primitive.Histogram2,Interruptible,Callback interruption
matlab.graphics.chart.primitive.Histogram2,LineStyle,Line style
matlab.graphics.chart.primitive.Histogram2,LineWidth,Width of bar outlines
matlab.graphics.chart.primitive.Histogram2,Normalization,Type of normalization
matlab.graphics.chart.primitive.Histogram2,NumBins,Number of bins in each dimension
matlab.graphics.chart.primitive.Histogram2,Parent,Parent
matlab.graphics.chart.primitive.Histogram2,PickableParts,Ability to capture mouse clicks
matlab.graphics.chart.primitive.Histogram2,Selected,Selection state
matlab.graphics.chart.primitive.Histogram2,SelectionHighlight,Display of selection handles
matlab.graphics.chart.primitive.Histogram2,SeriesIndex,Series index
matlab.graphics.chart.primitive.Histogram2,ShowEmptyBins,Toggle display of empty bins
matlab.graphics.chart.primitive.Histogram2,Tag,Object identifier
matlab.graphics.chart.primitive.Histogram2,Type,Type of graphics object
matlab.graphics.chart.primitive.Histogram2,UserData,User data
matlab.graphics.chart.primitive.Histogram2,Values,Bin values
matlab.graphics.chart.primitive.Histogram2,Visible,State of visibility
matlab.graphics.chart.primitive.Histogram2,XBinEdges,Bin edges in x-dimension
matlab.graphics.chart.primitive.Histogram2,XBinLimits,Bin limits in x-dimension
matlab.graphics.chart.primitive.Histogram2,XBinLimitsMode,Selection mode for bin limits in x-dimension
matlab.graphics.chart.primitive.Histogram2,YBinEdges,Bin edges in y-dimension
matlab.graphics.chart.primitive.Histogram2,YBinLimits,Bin limits in y-dimension
matlab.graphics.chart.primitive.Histogram2,YBinLimitsMode,Selection mode for bin limits in y-dimension
matlab.graphics.chart.primitive.Line,AlignVertexCenters,Sharp vertical and horizontal lines
matlab.graphics.chart.primitive.Line,Annotation,Control for including or excluding object from legend
matlab.graphics.chart.primitive.Line,BeingDeleted,Deletion status
matlab.graphics.chart.primitive.Line,BusyAction,Callback queuing
matlab.graphics.chart.primitive.Line,ButtonDownFcn,Mouse-click callback
matlab.graphics.chart.primitive.Line,Children,Children
matlab.graphics.chart.primitive.Line,Clipping,Clipping of object to axes limits
matlab.graphics.chart.primitive.Line,Color,Line color
matlab.graphics.chart.primitive.Line,ColorMode,Control how Color is set
matlab.graphics.chart.primitive.Line,ContextMenu,Context menu
matlab.graphics.chart.primitive.Line,CreateFcn,Creation function
matlab.graphics.chart.primitive.Line,DataTipTemplate,Data tip content
matlab.graphics.chart.primitive.Line,DeleteFcn,Deletion function
matlab.graphics.chart.primitive.Line,DisplayName,Legend label
matlab.graphics.chart.primitive.Line,HandleVisibility,Visibility of object handle
matlab.graphics.chart.primitive.Line,HitTest,Response to captured mouse clicks
matlab.graphics.chart.primitive.Line,Interruptible,Callback interruption
matlab.graphics.chart.primitive.Line,LatitudeData,Latitude values
matlab.graphics.chart.primitive.Line,LatitudeDataSource,Variable linked to LatitudeData
matlab.graphics.chart.primitive.Line,LineJoin,Style of line corners
matlab.graphics.chart.primitive.Line,LineStyle,Line style
matlab.graphics.chart.primitive.Line,LineStyleMode,Control how LineStyle is set
matlab.graphics.chart.primitive.Line,LineWidth,Line width
matlab.graphics.chart.primitive.Line,LongitudeData,Longitude values
matlab.graphics.chart.primitive.Line,LongitudeDataSource,Variable linked to LongitudeData
matlab.graphics.chart.primitive.Line,Marker,Marker symbol
matlab.graphics.chart.primitive.Line,MarkerEdgeColor,Marker outline color
matlab.graphics.chart.primitive.Line,MarkerFaceColor,Marker fill color
matlab.graphics.chart.primitive.Line,MarkerIndices,Indices of data points at which to display markers
matlab.graphics.chart.primitive.Line,MarkerMode,Control how Marker is set
matlab.graphics.chart.primitive.Line,MarkerSize,Marker size
matlab.graphics.chart.primitive.Line,Parent,Parent
matlab.graphics.chart.primitive.Line,PickableParts,Ability to capture mouse clicks
matlab.graphics.chart.primitive.Line,RData,Radius values
matlab.graphics.chart.primitive.Line,RDataSource,Variable linked to RData
matlab.graphics.chart.primitive.Line,Selected,Selection state
matlab.graphics.chart.primitive.Line,SelectionHighlight,Display of selection handles
matlab.graphics.chart.primitive.Line,SeriesIndex,Series index
matlab.graphics.chart.primitive.Line,Tag,Object identifier
matlab.graphics.chart.primitive.Line,ThetaData,Angle values
matlab.graphics.chart.primitive.Line,ThetaDataMode,Selection mode for ThetaData
matlab.graphics.chart.primitive.Line,ThetaDataSource,Variable linked to ThetaData
matlab.graphics.chart.primitive.Line,Type,Type of graphics object
matlab.graphics.chart.primitive.Line,UserData,User data
matlab.graphics.chart.primitive.Line,Visible,State of visibility
matlab.graphics.chart.primitive.Line,XData,x values
matlab.graphics.chart.primitive.Line,XDataMode,Selection mode for XData
matlab.graphics.chart.primitive.Line,XDataSource,Variable linked to XData
matlab.graphics.chart.primitive.Line,YData,y values
matlab.graphics.chart.primitive.Line,YDataSource,Variable linked to YData
matlab.graphics.chart.primitive.Line,ZData,z values
matlab.graphics.chart.primitive.Line,ZDataSource,Variable linked to ZData
matlab.graphics.chart.primitive.Quiver,AlignVertexCenters,Sharp vertical and horizontal lines
matlab.graphics.chart.primitive.Quiver,Annotation,Control for including or excluding object from legend
matlab.graphics.chart.primitive.Quiver,AutoScale,Automatic scaling of arrow length
matlab.graphics.chart.primitive.Quiver,AutoScaleFactor,Scale factor
matlab.graphics.chart.primitive.Quiver,BeingDeleted,Deletion status
matlab.graphics.chart.primitive.Quiver,BusyAction,Callback queuing
matlab.graphics.chart.primitive.Quiver,ButtonDownFcn,Mouse-click callback
matlab.graphics.chart.primitive.Quiver,Children,Children
matlab.graphics.chart.primitive.Quiver,Clipping,Clipping of object to axes limits
matlab.graphics.chart.primitive.Quiver,Color,Arrow color
matlab.graphics.chart.primitive.Quiver,ColorMode,Control how Color is set
matlab.graphics.chart.primitive.Quiver,ContextMenu,Context menu
matlab.graphics.chart.primitive.Quiver,CreateFcn,Creation function
matlab.graphics.chart.primitive.Quiver,DataTipTemplate,Data tip content
matlab.graphics.chart.primitive.Quiver,DeleteFcn,Deletion function
matlab.graphics.chart.primitive.Quiver,DisplayName,Legend label
matlab.graphics.chart.primitive.Quiver,HandleVisibility,Visibility of object handle
matlab.graphics.chart.primitive.Quiver,HitTest,Response to captured mouse clicks
matlab.graphics.chart.primitive.Quiver,Interruptible,Callback interruption
matlab.graphics.chart.primitive.Quiver,LineStyle,Style of arrow stem
matlab.graphics.chart.primitive.Quiver,LineStyleMode,Control how LineStyle is set
matlab.graphics.chart.primitive.Quiver,LineWidth,Width of arrow stem and head
matlab.graphics.chart.primitive.Quiver,Marker,Marker symbol
matlab.graphics.chart.primitive.Quiver,MarkerEdgeColor,Marker outline color
matlab.graphics.chart.primitive.Quiver,MarkerFaceColor,Marker fill color
matlab.graphics.chart.primitive.Quiver,MarkerMode,Control how Marker is set
matlab.graphics.chart.primitive.Quiver,MarkerSize,Marker size
matlab.graphics.chart.primitive.Quiver,MaxHeadSize,Maximum size of arrowhead
matlab.graphics.chart.primitive.Quiver,Parent,Parent
matlab.graphics.chart.primitive.Quiver,PickableParts,Ability to capture mouse clicks
matlab.graphics.chart.primitive.Quiver,Selected,Selection state
matlab.graphics.chart.primitive.Quiver,SelectionHighlight,Display of selection handles
matlab.graphics.chart.primitive.Quiver,SeriesIndex,Series index
matlab.graphics.chart.primitive.Quiver,ShowArrowHead,Arrowhead display
matlab.graphics.chart.primitive.Quiver,Tag,Object identifier
matlab.graphics.chart.primitive.Quiver,Type,Type of graphics object
matlab.graphics.chart.primitive.Quiver,UData,Vector lengths in x-direction
matlab.graphics.chart.primitive.Quiver,UDataSource,Variable linked to UData
matlab.graphics.chart.primitive.Quiver,UserData,User data
matlab.graphics.chart.primitive.Quiver,VData,Vector lengths in y-direction
matlab.graphics.chart.primitive.Quiver,VDataSource,Variable linked to VData
matlab.graphics.chart.primitive.Quiver,Visible,State of visibility
matlab.graphics.chart.primitive.Quiver,WData,Vector lengths in z-direction
matlab.graphics.chart.primitive.Quiver,WDataSource,Variable linked to WData
matlab.graphics.chart.primitive.Quiver,XData,x-coordinates
matlab.graphics.chart.primitive.Quiver,XDataMode,Selection mode for XData
matlab.graphics.chart.primitive.Quiver,XDataSource,Variable linked to XData
matlab.graphics.chart.primitive.Quiver,YData,y-coordinates
matlab.graphics.chart.primitive.Quiver,YDataMode,Selection mode for YData
matlab.graphics.chart.primitive.Quiver,YDataSource,Variable linked to YData
matlab.graphics.chart.primitive.Quiver,ZData,z-coordinates
matlab.graphics.chart.primitive.Quiver,ZDataSource,Variable linked to ZData
matlab.graphics.chart.primitive.Scatter,AlphaData,Marker face transparency
matlab.graphics.chart.primitive.Scatter,AlphaDataMapping,Interpretation of AlphaData values
matlab.graphics.chart.primitive.Scatter,AlphaDataMode,Control how AlphaData is set
matlab.graphics.chart.primitive.Scatter,AlphaVariable,Table variable containing marker transparency data
matlab.graphics.chart.primitive.Scatter,Annotation,Control for including or excluding object from legend
matlab.graphics.chart.primitive.Scatter,BeingDeleted,Deletion status
matlab.graphics.chart.primitive.Scatter,BusyAction,Callback queuing
matlab.graphics.chart.primitive.Scatter,ButtonDownFcn,Mouse-click callback
matlab.graphics.chart.primitive.Scatter,CData,Marker colors
matlab.graphics.chart.primitive.Scatter,CDataMode,Control how CData is set
matlab.graphics.chart.primitive.Scatter,CDataSource,Variable linked to CData
matlab.graphics.chart.primitive.Scatter,Children,Children
matlab.graphics.chart.primitive.Scatter,Clipping,Clipping of object to axes limits
matlab.graphics.chart.primitive.Scatter,ColorVariable,Table variable containing color data
matlab.graphics.chart.primitive.Scatter,ContextMenu,Context menu
matlab.graphics.chart.primitive.Scatter,CreateFcn,Creation function
matlab.graphics.chart.primitive.Scatter,DataTipTemplate,Data tip content
matlab.graphics.chart.primitive.Scatter,DeleteFcn,Deletion function
matlab.graphics.chart.primitive.Scatter,DisplayName,Legend label
matlab.graphics.chart.primitive.Scatter,HandleVisibility,Visibility of object handle
matlab.graphics.chart.primitive.Scatter,HitTest,Response to captured mouse clicks
matlab.graphics.chart.primitive.Scatter,Interruptible,Callback interruption
matlab.graphics.chart.primitive.Scatter,LatitudeData,Latitude values
matlab.graphics.chart.primitive.Scatter,LatitudeDataSource,Variable linked to LatitudeData
matlab.graphics.chart.primitive.Scatter,LatitudeVariable,Table variable containing latitude values
matlab.graphics.chart.primitive.Scatter,LineWidth,Width of marker edge
matlab.graphics.chart.primitive.Scatter,LongitudeData,Longitude values
matlab.graphics.chart.primitive.Scatter,LongitudeDataSource,Variable linked to LongitudeData
matlab.graphics.chart.primitive.Scatter,LongitudeVariable,Table variable containing longitude values
matlab.graphics.chart.primitive.Scatter,Marker,Marker symbol
matlab.graphics.chart.primitive.Scatter,MarkerEdgeAlpha,Marker edge transparency
matlab.graphics.chart.primitive.Scatter,MarkerEdgeColor,Marker outline color
matlab.graphics.chart.primitive.Scatter,MarkerFaceAlpha,Marker face transparency
matlab.graphics.chart.primitive.Scatter,MarkerFaceColor,Marker fill color
matlab.graphics.chart.primitive.Scatter,Parent,Parent
matlab.graphics.chart.primitive.Scatter,PickableParts,Ability to capture mouse clicks
matlab.graphics.chart.primitive.Scatter,RData,Radius values
matlab.graphics.chart.primitive.Scatter,RDataMode,Control how RData is set
matlab.graphics.chart.primitive.Scatter,RDataSource,Variable linked to RData
matlab.graphics.chart.primitive.Scatter,RVariable,Table variable containing radius values
matlab.graphics.chart.primitive.Scatter,Selected,Selection state
matlab.graphics.chart.primitive.Scatter,SelectionHighlight,Display of selection handles
matlab.graphics.chart.primitive.Scatter,SeriesIndex,Series index
matlab.graphics.chart.primitive.Scatter,SizeData,Marker sizes
matlab.graphics.chart.primitive.Scatter,SizeDataMode,Control how SizeData is set
matlab.graphics.chart.primitive.Scatter,SizeDataSource,Variable linked to SizeData
matlab.graphics.chart.primitive.Scatter,SizeVariable,Table variable containing marker size data
matlab.graphics.chart.primitive.Scatter,SourceTable,Source table
matlab.graphics.chart.primitive.Scatter,Tag,Object identifier
matlab.graphics.chart.primitive.Scatter,ThetaData,Angle values
matlab.graphics.chart.primitive.Scatter,ThetaDataMode,Control how ThetaData is set
matlab.graphics.chart.primitive.Scatter,ThetaDataSource,Variable linked to ThetaData
matlab.graphics.chart.primitive.Scatter,ThetaVariable,Table variable containing angle values
matlab.graphics.chart.primitive.Scatter,Type,Type of graphics object
matlab.graphics.chart.primitive.Scatter,UserData,User data
matlab.graphics.chart.primitive.Scatter,Visible,State of visibility
matlab.graphics.chart.primitive.Scatter,XData,x values
matlab.graphics.chart.primitive.Scatter,XDataMode,Control how XData is set
matlab.graphics.chart.primitive.Scatter,XDataSource,Variable linked to XData
matlab.graphics.chart.primitive.Scatter,XJitter,Jitter type for x-dimension
matlab.graphics.chart.primitive.Scatter,XJitterWidth,Maximum jitter along x-dimension
matlab.graphics.chart.primitive.Scatter,XVariable,Table variable containing x-coordinates
matlab.graphics.chart.primitive.Scatter,YData,y values
matlab.graphics.chart.primitive.Scatter,YDataMode,Control how YData is set
matlab.graphics.chart.primitive.Scatter,YDataSource,Variable linked to YData
matlab.graphics.chart.primitive.Scatter,YJitter,Jitter type for y-dimension
matlab.graphics.chart.primitive.Scatter,YJitterWidth,Maximum jitter along y-dimension
matlab.graphics.chart.primitive.Scatter,YVariable,Table variable containing y-coordinates
matlab.graphics.chart.primitive.Scatter,ZData,z values
matlab.graphics.chart.primitive.Scatter,ZDataMode,Control how ZData is set
matlab.graphics.chart.primitive.Scatter,ZDataSource,Variable linked to ZData
matlab.graphics.chart.primitive.Scatter,ZJitter,Jitter type for z-dimension
matlab.graphics.chart.primitive.Scatter,ZJitterWidth,Maximum jitter along z-dimension
matlab.graphics.chart.primitive.Scatter,ZVariable,Table variable containing z-coordinates
matlab.graphics.chart.primitive.Stair,Annotation,Control for including or excluding object from legend
matlab.graphics.chart.primitive.Stair,BeingDeleted,Deletion status
matlab.graphics.chart.primitive.Stair,BusyAction,Callback queuing
matlab.graphics.chart.primitive.Stair,ButtonDownFcn,Mouse-click callback
matlab.graphics.chart.primitive.Stair,Children,Children
matlab.graphics.chart.primitive.Stair,Clipping,Clipping of object to axes limits
matlab.graphics.chart.primitive.Stair,Color,Line color
matlab.graphics.chart.primitive.Stair,ColorMode,Control how Color is set
matlab.graphics.chart.primitive.Stair,ContextMenu,Context menu
matlab.graphics.chart.primitive.Stair,CreateFcn,Creation function
matlab.graphics.chart.primitive.Stair,DataTipTemplate,Data tip content
matlab.graphics.chart.primitive.Stair,DeleteFcn,Deletion function
matlab.graphics.chart.primitive.Stair,DisplayName,Legend label
matlab.graphics.chart.primitive.Stair,HandleVisibility,Visibility of object handle
matlab.graphics.chart.primitive.Stair,HitTest,Response to captured mouse clicks
matlab.graphics.chart.primitive.Stair,Interruptible,Callback interruption
matlab.graphics.chart.primitive.Stair,LineStyle,Line style
matlab.graphics.chart.primitive.Stair,LineStyleMode,Control how LineStyle is set
matlab.graphics.chart.primitive.Stair,LineWidth,Line width
matlab.graphics.chart.primitive.Stair,Marker,Marker symbol
matlab.graphics.chart.primitive.Stair,MarkerEdgeColor,Marker outline color
matlab.graphics.chart.primitive.Stair,MarkerFaceColor,Marker fill color
matlab.graphics.chart.primitive.Stair,MarkerMode,Control how Marker is set
matlab.graphics.chart.primitive.Stair,MarkerSize,Marker size
matlab.graphics.chart.primitive.Stair,Parent,Parent
matlab.graphics.chart.primitive.Stair,PickableParts,Ability to capture mouse clicks
matlab.graphics.chart.primitive.Stair,Selected,Selection state
matlab.graphics.chart.primitive.Stair,SelectionHighlight,Display of selection handles
matlab.graphics.chart.primitive.Stair,SeriesIndex,Series index
matlab.graphics.chart.primitive.Stair,Tag,Object identifier
matlab.graphics.chart.primitive.Stair,Type,Type of graphics object
matlab.graphics.chart.primitive.Stair,UserData,User data
matlab.graphics.chart.primitive.Stair,Visible,State of visibility
matlab.graphics.chart.primitive.Stair,XData,x values
matlab.graphics.chart.primitive.Stair,XDataMode,Selection mode for XData
matlab.graphics.chart.primitive.Stair,XDataSource,Variable linked to XData
matlab.graphics.chart.primitive.Stair,YData,y values
matlab.graphics.chart.primitive.Stair,YDataSource,Variable linked to YData
matlab.graphics.chart.primitive.Stem,Annotation,Control for including or excluding object from legend
matlab.graphics.chart.primitive.Stem,BaseLine,Baseline
matlab.graphics.chart.primitive.Stem,BaseValue,Baseline value
matlab.graphics.chart.primitive.Stem,BeingDeleted,Deletion status
matlab.graphics.chart.primitive.Stem,BusyAction,Callback queuing
matlab.graphics.chart.primitive.Stem,ButtonDownFcn,Mouse-click callback
matlab.graphics.chart.primitive.Stem,Children,Children
matlab.graphics.chart.primitive.Stem,Clipping,Clipping of object to axes limits
matlab.graphics.chart.primitive.Stem,Color,Stem color
matlab.graphics.chart.primitive.Stem,ColorMode,Control how Color is set
matlab.graphics.chart.primitive.Stem,ContextMenu,Context menu
matlab.graphics.chart.primitive.Stem,CreateFcn,Creation function
matlab.graphics.chart.primitive.Stem,DataTipTemplate,Data tip content
matlab.graphics.chart.primitive.Stem,DeleteFcn,Deletion function
matlab.graphics.chart.primitive.Stem,DisplayName,Legend label
matlab.graphics.chart.primitive.Stem,HandleVisibility,Visibility of object handle
matlab.graphics.chart.primitive.Stem,HitTest,Response to captured mouse clicks
matlab.graphics.chart.primitive.Stem,Interruptible,Callback interruption
matlab.graphics.chart.primitive.Stem,LineStyle,Stem line style
matlab.graphics.chart.primitive.Stem,LineStyleMode,Control how LineStyle is set
matlab.graphics.chart.primitive.Stem,LineWidth,Line width of stem and marker edge
matlab.graphics.chart.primitive.Stem,Marker,Marker symbol
matlab.graphics.chart.primitive.Stem,MarkerEdgeColor,Marker outline color
matlab.graphics.chart.primitive.Stem,MarkerFaceColor,Marker fill color
matlab.graphics.chart.primitive.Stem,MarkerMode,Control how Marker is set
matlab.graphics.chart.primitive.Stem,MarkerSize,Marker size
matlab.graphics.chart.primitive.Stem,Parent,Parent
matlab.graphics.chart.primitive.Stem,PickableParts,Ability to capture mouse clicks
matlab.graphics.chart.primitive.Stem,Selected,Selection state
matlab.graphics.chart.primitive.Stem,SelectionHighlight,Display of selection handles
matlab.graphics.chart.primitive.Stem,SeriesIndex,Series index
matlab.graphics.chart.primitive.Stem,ShowBaseLine,Baseline visibility
matlab.graphics.chart.primitive.Stem,Tag,Object identifier
matlab.graphics.chart.primitive.Stem,Type,Type of graphics object
matlab.graphics.chart.primitive.Stem,UserData,User data
matlab.graphics.chart.primitive.Stem,Visible,State of visibility
matlab.graphics.chart.primitive.Stem,XData,Values along x-axis
matlab.graphics.chart.primitive.Stem,XDataMode,Selection mode for XData
matlab.graphics.chart.primitive.Stem,XDataSource,Variable linked to XData
matlab.graphics.chart.primitive.Stem,YData,Values along y-axis
matlab.graphics.chart.primitive.Stem,YDataSource,Variable linked to YData
matlab.graphics.chart.primitive.Stem,ZData,Values along z-axis
matlab.graphics.chart.primitive.Stem,ZDataSource,Variable linked to ZData
matlab.graphics.chart.primitive.Surface,AlignVertexCenters,Sharp vertical and horizontal lines
matlab.graphics.chart.primitive.Surface,AlphaData,Transparency data
matlab.graphics.chart.primitive.Surface,AlphaDataMapping,Interpretation of AlphaData values
matlab.graphics.chart.primitive.Surface,AmbientStrength,Strength of ambient light
matlab.graphics.chart.primitive.Surface,Annotation,Control for including or excluding object from legend
matlab.graphics.chart.primitive.Surface,BackFaceLighting,Face lighting when normals point away from camera
matlab.graphics.chart.primitive.Surface,BeingDeleted,Deletion status
matlab.graphics.chart.primitive.Surface,BusyAction,Callback queuing
matlab.graphics.chart.primitive.Surface,ButtonDownFcn,Mouse-click callback
matlab.graphics.chart.primitive.Surface,CData,Vertex colors
matlab.graphics.chart.primitive.Surface,CDataMapping,Color mapping method
matlab.graphics.chart.primitive.Surface,CDataMode,Selection mode for CData
matlab.graphics.chart.primitive.Surface,CDataSource,Variable linked to CData
matlab.graphics.chart.primitive.Surface,Children,Children
matlab.graphics.chart.primitive.Surface,Clipping,Clipping of object to axes limits
matlab.graphics.chart.primitive.Surface,ContextMenu,Context menu
matlab.graphics.chart.primitive.Surface,CreateFcn,Creation function
matlab.graphics.chart.primitive.Surface,DataTipTemplate,Data tip content
matlab.graphics.chart.primitive.Surface,DeleteFcn,Deletion function
matlab.graphics.chart.primitive.Surface,DiffuseStrength,Strength of diffuse light
matlab.graphics.chart.primitive.Surface,DisplayName,Legend label
matlab.graphics.chart.primitive.Surface,EdgeAlpha,Edge transparency
matlab.graphics.chart.primitive.Surface,EdgeColor,Edge line color
matlab.graphics.chart.primitive.Surface,EdgeLighting,Effect of light objects on edges
matlab.graphics.chart.primitive.Surface,FaceAlpha,Face transparency
matlab.graphics.chart.primitive.Surface,FaceColor,Face color
matlab.graphics.chart.primitive.Surface,FaceLighting,Effect of light objects on faces
matlab.graphics.chart.primitive.Surface,FaceNormals,Normal vectors for each surface face
matlab.graphics.chart.primitive.Surface,FaceNormalsMode,Selection mode for FaceNormals
matlab.graphics.chart.primitive.Surface,HandleVisibility,Visibility of object handle
matlab.graphics.chart.primitive.Surface,HitTest,Response to captured mouse clicks
matlab.graphics.chart.primitive.Surface,Interruptible,Callback interruption
matlab.graphics.chart.primitive.Surface,LineStyle,Line style
matlab.graphics.chart.primitive.Surface,LineWidth,Line width
matlab.graphics.chart.primitive.Surface,Marker,Marker symbol
matlab.graphics.chart.primitive.Surface,MarkerEdgeColor,Marker outline color
matlab.graphics.chart.primitive.Surface,MarkerFaceColor,Marker fill color
matlab.graphics.chart.primitive.Surface,MarkerSize,Marker size
matlab.graphics.chart.primitive.Surface,MeshStyle,Edges to display
matlab.graphics.chart.primitive.Surface,Parent,Parent
matlab.graphics.chart.primitive.Surface,PickableParts,Ability to capture mouse clicks
matlab.graphics.chart.primitive.Surface,Selected,Selection state
matlab.graphics.chart.primitive.Surface,SelectionHighlight,Display of selection handles
matlab.graphics.chart.primitive.Surface,SpecularColorReflectance,Color of specular reflections
matlab.graphics.chart.primitive.Surface,SpecularExponent,Size of specular spot
matlab.graphics.chart.primitive.Surface,SpecularStrength,Strength of specular reflection
matlab.graphics.chart.primitive.Surface,Tag,Object identifier
matlab.graphics.chart.primitive.Surface,Type,Type of graphics object
matlab.graphics.chart.primitive.Surface,UserData,User data
matlab.graphics.chart.primitive.Surface,VertexNormals,Normal vectors for each surface vertex
matlab.graphics.chart.primitive.Surface,VertexNormalsMode,Selection mode for VertexNormals
matlab.graphics.chart.primitive.Surface,Visible,State of visibility
matlab.graphics.chart.primitive.Surface,XData,x-coordinate data
matlab.graphics.chart.primitive.Surface,XDataMode,Selection mode for XData
matlab.graphics.chart.primitive.Surface,XDataSource,Variable linked to XData
matlab.graphics.chart.primitive.Surface,YData,y-coordinate data
matlab.graphics.chart.primitive.Surface,YDataMode,Selection mode for YData
matlab.graphics.chart.primitive.Surface,YDataSource,Variable linked to YData
matlab.graphics.chart.primitive.Surface,ZData,z-coordinate data
matlab.graphics.chart.primitive.Surface,ZDataSource,Variable linked to ZData
matlab.graphics.chartcontainer.ChartContainer,HandleVisibility,Visibility of object handle
matlab.graphics.chartcontainer.ChartContainer,InnerPosition,"Chart size and location, excluding margins"
matlab.graphics.chartcontainer.ChartContainer,Layout,Layout options
matlab.graphics.chartcontainer.ChartContainer,OuterPosition,"Chart size and location, including margins"
matlab.graphics.chartcontainer.ChartContainer,Parent,Parent container
matlab.graphics.chartcontainer.ChartContainer,Position,"Chart size and location, excluding margins"
matlab.graphics.chartcontainer.ChartContainer,PositionConstraint,Position to hold constant
matlab.graphics.chartcontainer.ChartContainer,Units,Position units
matlab.graphics.chartcontainer.ChartContainer,Visible,State of visibility
matlab.graphics.chartcontainer.mixin.Colorbar,ColorbarVisible,Colorbar visibility
matlab.graphics.chartcontainer.mixin.Legend,LegendVisible,Legend visibility
matlab.graphics.controls.AxesToolbar,BeingDeleted,Deletion status
matlab.graphics.controls.AxesToolbar,BusyAction,Callback queuing
matlab.graphics.controls.AxesToolbar,ButtonDownFcn,Mouse-click callback (not used)
matlab.graphics.controls.AxesToolbar,Children,Child buttons
matlab.graphics.controls.AxesToolbar,ContextMenu,Context menu
matlab.graphics.controls.AxesToolbar,CreateFcn,Creation function
matlab.graphics.controls.AxesToolbar,DeleteFcn,Deletion function
matlab.graphics.controls.AxesToolbar,HandleVisibility,Visibility of object handle
matlab.graphics.controls.AxesToolbar,Interruptible,Callback interruption
matlab.graphics.controls.AxesToolbar,Parent,Parent container
matlab.graphics.controls.AxesToolbar,SelectionChangedFcn,Callback for selection changes
matlab.graphics.controls.AxesToolbar,Tag,Object identifier
matlab.graphics.controls.AxesToolbar,Type,Type of graphics object
matlab.graphics.controls.AxesToolbar,UserData,User data
matlab.graphics.controls.AxesToolbar,Visible,Visibility
matlab.graphics.datatip.DataTip,BeingDeleted,Deletion status
matlab.graphics.datatip.DataTip,BusyAction,Callback queuing
matlab.graphics.datatip.DataTip,ButtonDownFcn,Mouse-click callback
matlab.graphics.datatip.DataTip,Children,Children
matlab.graphics.datatip.DataTip,Content,Data tip content
matlab.graphics.datatip.DataTip,ContextMenu,Context menu
matlab.graphics.datatip.DataTip,CreateFcn,Creation function
matlab.graphics.datatip.DataTip,DataIndex,Index of plotted data
matlab.graphics.datatip.DataTip,DeleteFcn,Deletion function
matlab.graphics.datatip.DataTip,FontAngle,Character slant
matlab.graphics.datatip.DataTip,FontAngleMode,Selection mode for FontAngle
matlab.graphics.datatip.DataTip,FontName,Font name
matlab.graphics.datatip.DataTip,FontNameMode,Selection mode for FontName
matlab.graphics.datatip.DataTip,FontSize,Font size
matlab.graphics.datatip.DataTip,FontSizeMode,Selection mode for font size
matlab.graphics.datatip.DataTip,HandleVisibility,Visibility of object handle
matlab.graphics.datatip.DataTip,HitTest,Response to captured mouse clicks
matlab.graphics.datatip.DataTip,InterpolationFactor,Offset from DataIndex
matlab.graphics.datatip.DataTip,Interpreter,Text interpreter
matlab.graphics.datatip.DataTip,InterpreterMode,Selection mode for Interpreter
matlab.graphics.datatip.DataTip,Interruptible,Callback interruption
matlab.graphics.datatip.DataTip,Latitude,Latitude
matlab.graphics.datatip.DataTip,Location,Location
matlab.graphics.datatip.DataTip,LocationMode,Selection mode for Location
matlab.graphics.datatip.DataTip,Longitude,Longitude
matlab.graphics.datatip.DataTip,Parent,Parent
matlab.graphics.datatip.DataTip,PickableParts,Ability to capture mouse clicks
matlab.graphics.datatip.DataTip,R,Radius
matlab.graphics.datatip.DataTip,Selected,Selection state
matlab.graphics.datatip.DataTip,SelectionHighlight,Display of selection handles
matlab.graphics.datatip.DataTip,SnapToDataVertex,Display at closest data point
matlab.graphics.datatip.DataTip,Tag,Object identifier
matlab.graphics.datatip.DataTip,Theta,Angle
matlab.graphics.datatip.DataTip,Type,Type of graphics object
matlab.graphics.datatip.DataTip,UserData,User data
matlab.graphics.datatip.DataTip,Visible,State of visibility
matlab.graphics.datatip.DataTip,X,Position along x-axis
matlab.graphics.datatip.DataTip,Y,Position along y-axis
matlab.graphics.datatip.DataTip,Z,Position along z-axis
matlab.graphics.datatip.DataTipTemplate,DataTipRows,Row content
matlab.graphics.datatip.DataTipTemplate,FontAngle,Character slant
matlab.graphics.datatip.DataTipTemplate,FontName,Font name
matlab.graphics.datatip.DataTipTemplate,FontSize,Font size
matlab.graphics.datatip.DataTipTemplate,Interpreter,Text interpreter
matlab.graphics.datatip.DataTipTextRow,Format,Value format
matlab.graphics.datatip.DataTipTextRow,Label,Label
matlab.graphics.datatip.DataTipTextRow,Value,Value source
matlab.graphics.function.FunctionContour,Annotation,Control for including or excluding object from legend
matlab.graphics.function.FunctionContour,BeingDeleted,Deletion status
matlab.graphics.function.FunctionContour,BusyAction,Callback queuing
matlab.graphics.function.FunctionContour,ButtonDownFcn,Mouse-click callback
matlab.graphics.function.FunctionContour,Children,Children
matlab.graphics.function.FunctionContour,ContextMenu,Context menu
matlab.graphics.function.FunctionContour,ContourMatrix,Contour line definitions
matlab.graphics.function.FunctionContour,CreateFcn,Creation function
matlab.graphics.function.FunctionContour,DataTipTemplate,Data tip content
matlab.graphics.function.FunctionContour,DeleteFcn,Deletion function
matlab.graphics.function.FunctionContour,DisplayName,Text for legend label
matlab.graphics.function.FunctionContour,Fill,Fill between contour lines
matlab.graphics.function.FunctionContour,Function,Function to plot
matlab.graphics.function.FunctionContour,HandleVisibility,Visibility of object handle
matlab.graphics.function.FunctionContour,HitTest,Response to captured mouse clicks
matlab.graphics.function.FunctionContour,Interruptible,Callback interruption
matlab.graphics.function.FunctionContour,LevelList,Contour levels
matlab.graphics.function.FunctionContour,LevelListMode,Selection mode for LevelList
matlab.graphics.function.FunctionContour,LevelStep,Spacing between contour lines
matlab.graphics.function.FunctionContour,LevelStepMode,Selection mode for LevelStep
matlab.graphics.function.FunctionContour,LineColor,Color of contour lines
matlab.graphics.function.FunctionContour,LineStyle,Line style
matlab.graphics.function.FunctionContour,LineWidth,Line width
matlab.graphics.function.FunctionContour,MeshDensity,Number of evaluation points per direction
matlab.graphics.function.FunctionContour,Parent,Parent
matlab.graphics.function.FunctionContour,PickableParts,Ability to capture mouse clicks
matlab.graphics.function.FunctionContour,Selected,Selection state
matlab.graphics.function.FunctionContour,SelectionHighlight,Display of selection handles
matlab.graphics.function.FunctionContour,Tag,Object identifier
matlab.graphics.function.FunctionContour,Type,Type of graphics object
matlab.graphics.function.FunctionContour,UserData,User data
matlab.graphics.function.FunctionContour,Visible,State of visibility
matlab.graphics.function.FunctionContour,XData,x values
matlab.graphics.function.FunctionContour,XRange,Plotting interval for x values
matlab.graphics.function.FunctionContour,XRangeMode,Selection mode for XRange
matlab.graphics.function.FunctionContour,YData,y values
matlab.graphics.function.FunctionContour,YRange,Plotting interval for y values
matlab.graphics.function.FunctionContour,YRangeMode,Selection mode for YRange
matlab.graphics.function.FunctionContour,ZData,Data that defines surface to contour
matlab.graphics.function.FunctionLine,Annotation,Control for including or excluding object from legend
matlab.graphics.function.FunctionLine,BeingDeleted,Deletion status
matlab.graphics.function.FunctionLine,BusyAction,Callback queuing
matlab.graphics.function.FunctionLine,ButtonDownFcn,Mouse-click callback
matlab.graphics.function.FunctionLine,Children,Children
matlab.graphics.function.FunctionLine,Clipping,Clipping of object to axes limits
matlab.graphics.function.FunctionLine,Color,Line color
matlab.graphics.function.FunctionLine,ColorMode,Control how Color is set
matlab.graphics.function.FunctionLine,ContextMenu,Context menu
matlab.graphics.function.FunctionLine,CreateFcn,Creation function
matlab.graphics.function.FunctionLine,DataTipTemplate,Data tip content
matlab.graphics.function.FunctionLine,DeleteFcn,Deletion function
matlab.graphics.function.FunctionLine,DisplayName,Text for legend label
matlab.graphics.function.FunctionLine,Function,Function to plot
matlab.graphics.function.FunctionLine,HandleVisibility,Visibility of object handle
matlab.graphics.function.FunctionLine,HitTest,Response to captured mouse clicks
matlab.graphics.function.FunctionLine,Interruptible,Callback interruption
matlab.graphics.function.FunctionLine,LineStyle,Line style
matlab.graphics.function.FunctionLine,LineStyleMode,Control how LineStyle is set
matlab.graphics.function.FunctionLine,LineWidth,Line width
matlab.graphics.function.FunctionLine,Marker,Marker symbol
matlab.graphics.function.FunctionLine,MarkerEdgeColor,Marker outline color
matlab.graphics.function.FunctionLine,MarkerFaceColor,Marker fill color
matlab.graphics.function.FunctionLine,MarkerMode,Control how Marker is set
matlab.graphics.function.FunctionLine,MarkerSize,Marker size
matlab.graphics.function.FunctionLine,MeshDensity,Number of evaluation points
matlab.graphics.function.FunctionLine,Parent,Parent
matlab.graphics.function.FunctionLine,PickableParts,Ability to capture mouse clicks
matlab.graphics.function.FunctionLine,Selected,Selection state
matlab.graphics.function.FunctionLine,SelectionHighlight,Display of selection handles
matlab.graphics.function.FunctionLine,SeriesIndex,Series index
matlab.graphics.function.FunctionLine,ShowPoles,Display asymptotes at poles
matlab.graphics.function.FunctionLine,Tag,Object identifier
matlab.graphics.function.FunctionLine,Type,Type of graphics object
matlab.graphics.function.FunctionLine,UserData,User data
matlab.graphics.function.FunctionLine,Visible,State of visibility
matlab.graphics.function.FunctionLine,XData,x values
matlab.graphics.function.FunctionLine,XRange,Plotting interval for x values
matlab.graphics.function.FunctionLine,XRangeMode,Selection mode for XRange
matlab.graphics.function.FunctionLine,YData,y values
matlab.graphics.function.FunctionLine,ZData,z values
matlab.graphics.function.FunctionSurface,AmbientStrength,Strength of ambient light
matlab.graphics.function.FunctionSurface,Annotation,Control for including or excluding object from legend
matlab.graphics.function.FunctionSurface,BeingDeleted,Deletion status
matlab.graphics.function.FunctionSurface,BusyAction,Callback queuing
matlab.graphics.function.FunctionSurface,ButtonDownFcn,Mouse-click callback
matlab.graphics.function.FunctionSurface,Children,Children
matlab.graphics.function.FunctionSurface,ContextMenu,Context menu
matlab.graphics.function.FunctionSurface,CreateFcn,Creation function
matlab.graphics.function.FunctionSurface,DataTipTemplate,Data tip content
matlab.graphics.function.FunctionSurface,DeleteFcn,Deletion function
matlab.graphics.function.FunctionSurface,DiffuseStrength,Strength of diffuse light
matlab.graphics.function.FunctionSurface,DisplayName,Text for legend label
matlab.graphics.function.FunctionSurface,EdgeColor,Line color
matlab.graphics.function.FunctionSurface,FaceAlpha,Face transparency
matlab.graphics.function.FunctionSurface,FaceColor,Face color
matlab.graphics.function.FunctionSurface,Function,Function to plot
matlab.graphics.function.FunctionSurface,HandleVisibility,Visibility of object handle
matlab.graphics.function.FunctionSurface,HitTest,Response to captured mouse clicks
matlab.graphics.function.FunctionSurface,Interruptible,Callback interruption
matlab.graphics.function.FunctionSurface,LineStyle,Line style
matlab.graphics.function.FunctionSurface,LineWidth,Line width
matlab.graphics.function.FunctionSurface,Marker,Marker symbol
matlab.graphics.function.FunctionSurface,MarkerEdgeColor,Marker outline color
matlab.graphics.function.FunctionSurface,MarkerFaceColor,Marker fill color
matlab.graphics.function.FunctionSurface,MarkerSize,Marker size
matlab.graphics.function.FunctionSurface,MeshDensity,Number of evaluation points per direction
matlab.graphics.function.FunctionSurface,Parent,Parent
matlab.graphics.function.FunctionSurface,PickableParts,Ability to capture mouse clicks
matlab.graphics.function.FunctionSurface,Selected,Selection state
matlab.graphics.function.FunctionSurface,SelectionHighlight,Display of selection handles
matlab.graphics.function.FunctionSurface,ShowContours,Display contour plot under plot
matlab.graphics.function.FunctionSurface,SpecularColorReflectance,Color of specular reflections
matlab.graphics.function.FunctionSurface,SpecularExponent,Size of specular spot
matlab.graphics.function.FunctionSurface,SpecularStrength,Strength of specular reflection
matlab.graphics.function.FunctionSurface,Tag,Object identifier
matlab.graphics.function.FunctionSurface,Type,Type of graphics object
matlab.graphics.function.FunctionSurface,UserData,User data
matlab.graphics.function.FunctionSurface,Visible,State of visibility
matlab.graphics.function.FunctionSurface,XData,x values
matlab.graphics.function.FunctionSurface,XRange,Plotting interval for x values
matlab.graphics.function.FunctionSurface,XRangeMode,Selection mode for XRange
matlab.graphics.function.FunctionSurface,YData,y values
matlab.graphics.function.FunctionSurface,YRange,Plotting interval for y values
matlab.graphics.function.FunctionSurface,YRangeMode,Selection mode for YRange
matlab.graphics.function.FunctionSurface,ZData,Data that defines surface to contour
matlab.graphics.function.ImplicitFunctionLine,Annotation,Control for including or excluding object from legend
matlab.graphics.function.ImplicitFunctionLine,BeingDeleted,Deletion status
matlab.graphics.function.ImplicitFunctionLine,BusyAction,Callback queuing
matlab.graphics.function.ImplicitFunctionLine,ButtonDownFcn,Mouse-click callback
matlab.graphics.function.ImplicitFunctionLine,Children,Children
matlab.graphics.function.ImplicitFunctionLine,Clipping,Clipping of object to axes limits
matlab.graphics.function.ImplicitFunctionLine,Color,Line color
matlab.graphics.function.ImplicitFunctionLine,ColorMode,Control how Color is set
matlab.graphics.function.ImplicitFunctionLine,ContextMenu,Context menu
matlab.graphics.function.ImplicitFunctionLine,CreateFcn,Creation function
matlab.graphics.function.ImplicitFunctionLine,DataTipTemplate,Data tip content
matlab.graphics.function.ImplicitFunctionLine,DeleteFcn,Deletion function
matlab.graphics.function.ImplicitFunctionLine,DisplayName,Text for legend label
matlab.graphics.function.ImplicitFunctionLine,Function,Function to plot
matlab.graphics.function.ImplicitFunctionLine,HandleVisibility,Visibility of object handle
matlab.graphics.function.ImplicitFunctionLine,HitTest,Response to captured mouse clicks
matlab.graphics.function.ImplicitFunctionLine,Interruptible,Callback interruption
matlab.graphics.function.ImplicitFunctionLine,LineStyle,Line style
matlab.graphics.function.ImplicitFunctionLine,LineStyleMode,Control how LineStyle is set
matlab.graphics.function.ImplicitFunctionLine,LineWidth,Line width
matlab.graphics.function.ImplicitFunctionLine,Marker,Marker symbol
matlab.graphics.function.ImplicitFunctionLine,MarkerEdgeColor,Marker outline color
matlab.graphics.function.ImplicitFunctionLine,MarkerFaceColor,Marker fill color
matlab.graphics.function.ImplicitFunctionLine,MarkerMode,Control how Marker is set
matlab.graphics.function.ImplicitFunctionLine,MarkerSize,Marker size
matlab.graphics.function.ImplicitFunctionLine,MeshDensity,Number of evaluation points
matlab.graphics.function.ImplicitFunctionLine,Parent,Parent
matlab.graphics.function.ImplicitFunctionLine,PickableParts,Ability to capture mouse clicks
matlab.graphics.function.ImplicitFunctionLine,Selected,Selection state
matlab.graphics.function.ImplicitFunctionLine,SelectionHighlight,Display of selection handles
matlab.graphics.function.ImplicitFunctionLine,SeriesIndex,Series index
matlab.graphics.function.ImplicitFunctionLine,Tag,Object identifier
matlab.graphics.function.ImplicitFunctionLine,Type,Type of graphics object
matlab.graphics.function.ImplicitFunctionLine,UserData,User data
matlab.graphics.function.ImplicitFunctionLine,Visible,State of visibility
matlab.graphics.function.ImplicitFunctionLine,XData,x values
matlab.graphics.function.ImplicitFunctionLine,XRange,Plotting interval for x values
matlab.graphics.function.ImplicitFunctionLine,XRangeMode,Selection mode for XRange
matlab.graphics.function.ImplicitFunctionLine,YData,y values
matlab.graphics.function.ImplicitFunctionLine,YRange,Plotting interval for y values
matlab.graphics.function.ImplicitFunctionLine,YRangeMode,Selection mode for YRange
matlab.graphics.function.ImplicitFunctionLine,ZData,z values
matlab.graphics.function.ImplicitFunctionSurface,AmbientStrength,Strength of ambient light
matlab.graphics.function.ImplicitFunctionSurface,Annotation,Control for including or excluding object from legend
matlab.graphics.function.ImplicitFunctionSurface,BeingDeleted,Deletion status
matlab.graphics.function.ImplicitFunctionSurface,BusyAction,Callback queuing
matlab.graphics.function.ImplicitFunctionSurface,ButtonDownFcn,Mouse-click callback
matlab.graphics.function.ImplicitFunctionSurface,Children,Children
matlab.graphics.function.ImplicitFunctionSurface,ContextMenu,Context menu
matlab.graphics.function.ImplicitFunctionSurface,CreateFcn,Creation function
matlab.graphics.function.ImplicitFunctionSurface,DataTipTemplate,Data tip content
matlab.graphics.function.ImplicitFunctionSurface,DeleteFcn,Deletion function
matlab.graphics.function.ImplicitFunctionSurface,DiffuseStrength,Strength of diffuse light
matlab.graphics.function.ImplicitFunctionSurface,DisplayName,Text for legend label
matlab.graphics.function.ImplicitFunctionSurface,EdgeColor,Line color
matlab.graphics.function.ImplicitFunctionSurface,FaceAlpha,Face transparency
matlab.graphics.function.ImplicitFunctionSurface,FaceColor,Face color
matlab.graphics.function.ImplicitFunctionSurface,Function,Function to plot
matlab.graphics.function.ImplicitFunctionSurface,HandleVisibility,Visibility of object handle
matlab.graphics.function.ImplicitFunctionSurface,HitTest,Response to captured mouse clicks
matlab.graphics.function.ImplicitFunctionSurface,Interruptible,Callback interruption
matlab.graphics.function.ImplicitFunctionSurface,LineStyle,Line style
matlab.graphics.function.ImplicitFunctionSurface,LineWidth,Line width
matlab.graphics.function.ImplicitFunctionSurface,Marker,Marker symbol
matlab.graphics.function.ImplicitFunctionSurface,MarkerEdgeColor,Marker outline color
matlab.graphics.function.ImplicitFunctionSurface,MarkerFaceColor,Marker fill color
matlab.graphics.function.ImplicitFunctionSurface,MarkerSize,Marker size
matlab.graphics.function.ImplicitFunctionSurface,MeshDensity,Number of evaluation points per direction
matlab.graphics.function.ImplicitFunctionSurface,Parent,Parent
matlab.graphics.function.ImplicitFunctionSurface,PickableParts,Ability to capture mouse clicks
matlab.graphics.function.ImplicitFunctionSurface,Selected,Selection state
matlab.graphics.function.ImplicitFunctionSurface,SelectionHighlight,Display of selection handles
matlab.graphics.function.ImplicitFunctionSurface,SpecularColorReflectance,Color of specular reflections
matlab.graphics.function.ImplicitFunctionSurface,SpecularExponent,Size of specular spot
matlab.graphics.function.ImplicitFunctionSurface,SpecularStrength,Strength of specular reflection
matlab.graphics.function.ImplicitFunctionSurface,Tag,Object identifier
matlab.graphics.function.ImplicitFunctionSurface,Type,Type of graphics object
matlab.graphics.function.ImplicitFunctionSurface,UserData,User data
matlab.graphics.function.ImplicitFunctionSurface,Visible,State of visibility
matlab.graphics.function.ImplicitFunctionSurface,XRange,Plotting interval for x values
matlab.graphics.function.ImplicitFunctionSurface,XRangeMode,Selection mode for XRange
matlab.graphics.function.ImplicitFunctionSurface,YRange,Plotting interval for y values
matlab.graphics.function.ImplicitFunctionSurface,YRangeMode,Selection mode for YRange
matlab.graphics.function.ImplicitFunctionSurface,ZRange,Plotting interval for z values
matlab.graphics.function.ImplicitFunctionSurface,ZRangeMode,Selection mode for ZRange
matlab.graphics.function.ParameterizedFunctionLine,Annotation,Control for including or excluding object from legend
matlab.graphics.function.ParameterizedFunctionLine,BeingDeleted,Deletion status
matlab.graphics.function.ParameterizedFunctionLine,BusyAction,Callback queuing
matlab.graphics.function.ParameterizedFunctionLine,ButtonDownFcn,Mouse-click callback
matlab.graphics.function.ParameterizedFunctionLine,Children,Children
matlab.graphics.function.ParameterizedFunctionLine,Clipping,Clipping of object to axes limits
matlab.graphics.function.ParameterizedFunctionLine,Color,Line color
matlab.graphics.function.ParameterizedFunctionLine,ColorMode,Control how Color is set
matlab.graphics.function.ParameterizedFunctionLine,ContextMenu,Context menu
matlab.graphics.function.ParameterizedFunctionLine,CreateFcn,Creation function
matlab.graphics.function.ParameterizedFunctionLine,DataTipTemplate,Data tip content
matlab.graphics.function.ParameterizedFunctionLine,DeleteFcn,Deletion function
matlab.graphics.function.ParameterizedFunctionLine,DisplayName,Text for legend label
matlab.graphics.function.ParameterizedFunctionLine,HandleVisibility,Visibility of object handle
matlab.graphics.function.ParameterizedFunctionLine,HitTest,Response to captured mouse clicks
matlab.graphics.function.ParameterizedFunctionLine,Interruptible,Callback interruption
matlab.graphics.function.ParameterizedFunctionLine,LineStyle,Line style
matlab.graphics.function.ParameterizedFunctionLine,LineStyleMode,Control how LineStyle is set
matlab.graphics.function.ParameterizedFunctionLine,LineWidth,Line width
matlab.graphics.function.ParameterizedFunctionLine,Marker,Marker symbol
matlab.graphics.function.ParameterizedFunctionLine,MarkerEdgeColor,Marker outline color
matlab.graphics.function.ParameterizedFunctionLine,MarkerFaceColor,Marker fill color
matlab.graphics.function.ParameterizedFunctionLine,MarkerMode,Control how Marker is set
matlab.graphics.function.ParameterizedFunctionLine,MarkerSize,Marker size
matlab.graphics.function.ParameterizedFunctionLine,MeshDensity,Number of evaluation points
matlab.graphics.function.ParameterizedFunctionLine,Parent,Parent
matlab.graphics.function.ParameterizedFunctionLine,PickableParts,Ability to capture mouse clicks
matlab.graphics.function.ParameterizedFunctionLine,Selected,Selection state
matlab.graphics.function.ParameterizedFunctionLine,SelectionHighlight,Display of selection handles
matlab.graphics.function.ParameterizedFunctionLine,SeriesIndex,Series index
matlab.graphics.function.ParameterizedFunctionLine,TRange,Range of values of parameter
matlab.graphics.function.ParameterizedFunctionLine,TRangeMode,Selection mode for TRange
matlab.graphics.function.ParameterizedFunctionLine,Tag,Object identifier
matlab.graphics.function.ParameterizedFunctionLine,Type,Type of graphics object
matlab.graphics.function.ParameterizedFunctionLine,UserData,User data
matlab.graphics.function.ParameterizedFunctionLine,Visible,State of visibility
matlab.graphics.function.ParameterizedFunctionLine,XData,x values
matlab.graphics.function.ParameterizedFunctionLine,XFunction,Parametric input for x-coordinates
matlab.graphics.function.ParameterizedFunctionLine,YData,y values
matlab.graphics.function.ParameterizedFunctionLine,YFunction,Parametric input for y-coordinates
matlab.graphics.function.ParameterizedFunctionLine,ZData,z values
matlab.graphics.function.ParameterizedFunctionLine,ZFunction,Parametric input for z-coordinates
matlab.graphics.function.ParameterizedFunctionSurface,AmbientStrength,Strength of ambient light
matlab.graphics.function.ParameterizedFunctionSurface,Annotation,Control for including or excluding object from legend
matlab.graphics.function.ParameterizedFunctionSurface,BeingDeleted,Deletion status
matlab.graphics.function.ParameterizedFunctionSurface,BusyAction,Callback queuing
matlab.graphics.function.ParameterizedFunctionSurface,ButtonDownFcn,Mouse-click callback
matlab.graphics.function.ParameterizedFunctionSurface,Children,Children
matlab.graphics.function.ParameterizedFunctionSurface,ContextMenu,Context menu
matlab.graphics.function.ParameterizedFunctionSurface,CreateFcn,Creation function
matlab.graphics.function.ParameterizedFunctionSurface,DataTipTemplate,Data tip content
matlab.graphics.function.ParameterizedFunctionSurface,DeleteFcn,Deletion function
matlab.graphics.function.ParameterizedFunctionSurface,DiffuseStrength,Strength of diffuse light
matlab.graphics.function.ParameterizedFunctionSurface,DisplayName,Text for legend label
matlab.graphics.function.ParameterizedFunctionSurface,EdgeColor,Line color
matlab.graphics.function.ParameterizedFunctionSurface,FaceAlpha,Face transparency
matlab.graphics.function.ParameterizedFunctionSurface,FaceColor,Face color
matlab.graphics.function.ParameterizedFunctionSurface,HandleVisibility,Visibility of object handle
matlab.graphics.function.ParameterizedFunctionSurface,HitTest,Response to captured mouse clicks
matlab.graphics.function.ParameterizedFunctionSurface,Interruptible,Callback interruption
matlab.graphics.function.ParameterizedFunctionSurface,LineStyle,Line style
matlab.graphics.function.ParameterizedFunctionSurface,LineWidth,Line width
matlab.graphics.function.ParameterizedFunctionSurface,Marker,Marker symbol
matlab.graphics.function.ParameterizedFunctionSurface,MarkerEdgeColor,Marker outline color
matlab.graphics.function.ParameterizedFunctionSurface,MarkerFaceColor,Marker fill color
matlab.graphics.function.ParameterizedFunctionSurface,MarkerSize,Marker size
matlab.graphics.function.ParameterizedFunctionSurface,MeshDensity,Number of evaluation points per direction
matlab.graphics.function.ParameterizedFunctionSurface,Parent,Parent
matlab.graphics.function.ParameterizedFunctionSurface,PickableParts,Ability to capture mouse clicks
matlab.graphics.function.ParameterizedFunctionSurface,Selected,Selection state
matlab.graphics.function.ParameterizedFunctionSurface,SelectionHighlight,Display of selection handles
matlab.graphics.function.ParameterizedFunctionSurface,ShowContours,Display contour plot under plot
matlab.graphics.function.ParameterizedFunctionSurface,SpecularColorReflectance,Color of specular reflections
matlab.graphics.function.ParameterizedFunctionSurface,SpecularExponent,Size of specular spot
matlab.graphics.function.ParameterizedFunctionSurface,SpecularStrength,Strength of specular reflection
matlab.graphics.function.ParameterizedFunctionSurface,Tag,Object identifier
matlab.graphics.function.ParameterizedFunctionSurface,Type,Type of graphics object
matlab.graphics.function.ParameterizedFunctionSurface,URange,Range of first parameter
matlab.graphics.function.ParameterizedFunctionSurface,URangeMode,Selection mode for URange
matlab.graphics.function.ParameterizedFunctionSurface,UserData,User data
matlab.graphics.function.ParameterizedFunctionSurface,VRange,Range of second parameter
matlab.graphics.function.ParameterizedFunctionSurface,VRangeMode,Selection mode for VRange
matlab.graphics.function.ParameterizedFunctionSurface,Visible,State of visibility
matlab.graphics.function.ParameterizedFunctionSurface,XData,x values
matlab.graphics.function.ParameterizedFunctionSurface,XFunction,Parametric input for x-coordinates
matlab.graphics.function.ParameterizedFunctionSurface,YData,y values
matlab.graphics.function.ParameterizedFunctionSurface,YFunction,Parametric input for y-coordinates
matlab.graphics.function.ParameterizedFunctionSurface,ZData,Data that defines surface to contour
matlab.graphics.function.ParameterizedFunctionSurface,ZFunction,Parametric input for z-coordinates
matlab.graphics.illustration.BubbleLegend,BeingDeleted,Deletion status
matlab.graphics.illustration.BubbleLegend,Box,Display of box outline
matlab.graphics.illustration.BubbleLegend,BubbleSizeOrder,Order of bubble sizes
matlab.graphics.illustration.BubbleLegend,BusyAction,Callback queuing
matlab.graphics.illustration.BubbleLegend,ButtonDownFcn,Mouse-click callback
matlab.graphics.illustration.BubbleLegend,Children,Children
matlab.graphics.illustration.BubbleLegend,Color,Background color
matlab.graphics.illustration.BubbleLegend,ContextMenu,Context menu
matlab.graphics.illustration.BubbleLegend,CreateFcn,Creation function
matlab.graphics.illustration.BubbleLegend,DeleteFcn,Deletion function
matlab.graphics.illustration.BubbleLegend,EdgeColor,Box outline color
matlab.graphics.illustration.BubbleLegend,FontAngle,Character slant
matlab.graphics.illustration.BubbleLegend,FontName,Font name
matlab.graphics.illustration.BubbleLegend,FontSize,Font size
matlab.graphics.illustration.BubbleLegend,FontWeight,Character thickness
matlab.graphics.illustration.BubbleLegend,HandleVisibility,Visibility of object handle
matlab.graphics.illustration.BubbleLegend,HitTest,Response to captured mouse clicks
matlab.graphics.illustration.BubbleLegend,Interpreter,Text interpreter
matlab.graphics.illustration.BubbleLegend,Interruptible,Callback interruption
matlab.graphics.illustration.BubbleLegend,Layout,Layout options
matlab.graphics.illustration.BubbleLegend,LimitLabels,Limit labels
matlab.graphics.illustration.BubbleLegend,LineWidth,Width of box outline
matlab.graphics.illustration.BubbleLegend,Location,Location with respect to axes
matlab.graphics.illustration.BubbleLegend,NumBubbles,Number of bubbles
matlab.graphics.illustration.BubbleLegend,Parent,Parent container
matlab.graphics.illustration.BubbleLegend,PickableParts,Ability to capture mouse clicks
matlab.graphics.illustration.BubbleLegend,Position,Custom location and size
matlab.graphics.illustration.BubbleLegend,Selected,Selection state
matlab.graphics.illustration.BubbleLegend,SelectionHighlight,Display of selection handles
matlab.graphics.illustration.BubbleLegend,Style,Legend style
matlab.graphics.illustration.BubbleLegend,Tag,Object identifier
matlab.graphics.illustration.BubbleLegend,TextColor,Text color
matlab.graphics.illustration.BubbleLegend,Title,Legend title
matlab.graphics.illustration.BubbleLegend,Type,Type of graphics object
matlab.graphics.illustration.BubbleLegend,Units,Position units
matlab.graphics.illustration.BubbleLegend,UserData,User data
matlab.graphics.illustration.BubbleLegend,Visible,State of visibility
matlab.graphics.illustration.ColorBar,AxisLocation,Axis location
matlab.graphics.illustration.ColorBar,AxisLocationMode,Selection mode for AxisLocation
matlab.graphics.illustration.ColorBar,BeingDeleted,Deletion status
matlab.graphics.illustration.ColorBar,Box,Box outline
matlab.graphics.illustration.ColorBar,BusyAction,Callback queuing
matlab.graphics.illustration.ColorBar,ButtonDownFcn,Mouse-click callback
matlab.graphics.illustration.ColorBar,Children,Children
matlab.graphics.illustration.ColorBar,Color,"Color of tick marks, text, and box outline"
matlab.graphics.illustration.ColorBar,ContextMenu,Context menu
matlab.graphics.illustration.ColorBar,CreateFcn,Creation function
matlab.graphics.illustration.ColorBar,DeleteFcn,Deletion function
matlab.graphics.illustration.ColorBar,Direction,Direction of color scale
matlab.graphics.illustration.ColorBar,FontAngle,Character slant
matlab.graphics.illustration.ColorBar,FontName,Font name
matlab.graphics.illustration.ColorBar,FontSize,Font size
matlab.graphics.illustration.ColorBar,FontWeight,Character thickness
matlab.graphics.illustration.ColorBar,HandleVisibility,Visibility of object handle
matlab.graphics.illustration.ColorBar,HitTest,Response to captured mouse clicks
matlab.graphics.illustration.ColorBar,Interruptible,Callback interruption
matlab.graphics.illustration.ColorBar,Label,Label
matlab.graphics.illustration.ColorBar,Layout,Layout options
matlab.graphics.illustration.ColorBar,Limits,Minimum and maximum tick mark values
matlab.graphics.illustration.ColorBar,LimitsMode,Selection mode for limits
matlab.graphics.illustration.ColorBar,LineWidth,Width of box outline
matlab.graphics.illustration.ColorBar,Location,Location with respect to the axes
matlab.graphics.illustration.ColorBar,Parent,Parent container
matlab.graphics.illustration.ColorBar,PickableParts,Ability to capture mouse clicks
matlab.graphics.illustration.ColorBar,Position,Custom location and size
matlab.graphics.illustration.ColorBar,Selected,Selection state
matlab.graphics.illustration.ColorBar,SelectionHighlight,Display of selection handles
matlab.graphics.illustration.ColorBar,Tag,Object identifier
matlab.graphics.illustration.ColorBar,TickDirection,Tick mark direction
matlab.graphics.illustration.ColorBar,TickLabelInterpreter,Tick label interpreter
matlab.graphics.illustration.ColorBar,TickLabels,Tick mark labels
matlab.graphics.illustration.ColorBar,TickLabelsMode,Selection mode for TickLabels
matlab.graphics.illustration.ColorBar,TickLength,Tick mark length
matlab.graphics.illustration.ColorBar,Ticks,Tick mark locations
matlab.graphics.illustration.ColorBar,TicksMode,Selection mode for Ticks
matlab.graphics.illustration.ColorBar,Type,Type of graphics object
matlab.graphics.illustration.ColorBar,Units,Position units
matlab.graphics.illustration.ColorBar,UserData,User data
matlab.graphics.illustration.ColorBar,Visible,State of visibility
matlab.graphics.illustration.Legend,AutoUpdate,Automatic update of legend items
matlab.graphics.illustration.Legend,BeingDeleted,Deletion status
matlab.graphics.illustration.Legend,Box,Display of box outline
matlab.graphics.illustration.Legend,BusyAction,Callback queuing
matlab.graphics.illustration.Legend,ButtonDownFcn,Mouse-click callback
matlab.graphics.illustration.Legend,Children,Children
matlab.graphics.illustration.Legend,Color,Background color
matlab.graphics.illustration.Legend,ContextMenu,Context menu
matlab.graphics.illustration.Legend,CreateFcn,Creation function
matlab.graphics.illustration.Legend,DeleteFcn,Deletion function
matlab.graphics.illustration.Legend,EdgeColor,Box outline color
matlab.graphics.illustration.Legend,FontAngle,Character slant
matlab.graphics.illustration.Legend,FontName,Font name
matlab.graphics.illustration.Legend,FontSize,Font size
matlab.graphics.illustration.Legend,FontWeight,Character thickness
matlab.graphics.illustration.Legend,HandleVisibility,Visibility of object handle
matlab.graphics.illustration.Legend,HitTest,Response to captured mouse clicks
matlab.graphics.illustration.Legend,Interpreter,Text interpreter
matlab.graphics.illustration.Legend,Interruptible,Callback interruption
matlab.graphics.illustration.Legend,ItemHitFcn,Callback that executes when you click legend items
matlab.graphics.illustration.Legend,Layout,Layout options
matlab.graphics.illustration.Legend,LineWidth,Width of box outline
matlab.graphics.illustration.Legend,Location,Location with respect to axes
matlab.graphics.illustration.Legend,NumColumns,Number of columns
matlab.graphics.illustration.Legend,NumColumnsMode,Selection mode for NumColumns
matlab.graphics.illustration.Legend,Orientation,Orientation
matlab.graphics.illustration.Legend,Parent,Parent container
matlab.graphics.illustration.Legend,PickableParts,Ability to capture mouse clicks
matlab.graphics.illustration.Legend,Position,Custom location and size
matlab.graphics.illustration.Legend,Selected,Selection state
matlab.graphics.illustration.Legend,SelectionHighlight,Display of selection handles
matlab.graphics.illustration.Legend,String,Text for legend labels
matlab.graphics.illustration.Legend,Tag,Object identifier
matlab.graphics.illustration.Legend,TextColor,Text color
matlab.graphics.illustration.Legend,Title,Legend title
matlab.graphics.illustration.Legend,Type,Type of graphics object
matlab.graphics.illustration.Legend,Units,Position units
matlab.graphics.illustration.Legend,UserData,User data
matlab.graphics.illustration.Legend,Visible,State of visibility
matlab.graphics.illustration.legend.Text,Color,Text color
matlab.graphics.illustration.legend.Text,ColorMode,Selection mode for Color
matlab.graphics.illustration.legend.Text,FontAngle,Character slant
matlab.graphics.illustration.legend.Text,FontAngleMode,Selection mode for FontAngle
matlab.graphics.illustration.legend.Text,FontName,Font name
matlab.graphics.illustration.legend.Text,FontNameMode,Selection mode for FontName
matlab.graphics.illustration.legend.Text,FontSize,Font size
matlab.graphics.illustration.legend.Text,FontSizeMode,Selection mode for FontSize
matlab.graphics.illustration.legend.Text,FontWeight,Character thickness
matlab.graphics.illustration.legend.Text,FontWeightMode,Selection mode for FontWeight
matlab.graphics.illustration.legend.Text,Interpreter,Text interpreter
matlab.graphics.illustration.legend.Text,InterpreterMode,Selection mode for Interpreter
matlab.graphics.illustration.legend.Text,String,Text to display as title
matlab.graphics.illustration.legend.Text,Visible,State of visibility
matlab.graphics.illustration.subplot.Text,BackgroundColor,Color of text box background
matlab.graphics.illustration.subplot.Text,BeingDeleted,Deletion status
matlab.graphics.illustration.subplot.Text,BusyAction,Callback queuing
matlab.graphics.illustration.subplot.Text,ButtonDownFcn,Mouse-click callback
matlab.graphics.illustration.subplot.Text,Children,Children
matlab.graphics.illustration.subplot.Text,Color,Text color
matlab.graphics.illustration.subplot.Text,ContextMenu,Context menu
matlab.graphics.illustration.subplot.Text,CreateFcn,Creation function
matlab.graphics.illustration.subplot.Text,DeleteFcn,Deletion function
matlab.graphics.illustration.subplot.Text,EdgeColor,Color of box outline
matlab.graphics.illustration.subplot.Text,FontAngle,Character slant
matlab.graphics.illustration.subplot.Text,FontName,Font name
matlab.graphics.illustration.subplot.Text,FontSize,Font size
matlab.graphics.illustration.subplot.Text,FontSizeMode,Selection mode for font size
matlab.graphics.illustration.subplot.Text,FontUnits,Font size units
matlab.graphics.illustration.subplot.Text,FontWeight,Character thickness
matlab.graphics.illustration.subplot.Text,HandleVisibility,Visibility of object handle
matlab.graphics.illustration.subplot.Text,HitTest,Response to captured mouse clicks
matlab.graphics.illustration.subplot.Text,HorizontalAlignment,Horizontal alignment
matlab.graphics.illustration.subplot.Text,Interpreter,Text interpreter
matlab.graphics.illustration.subplot.Text,Interruptible,Callback interruption
matlab.graphics.illustration.subplot.Text,LineStyle,Line style of box outline
matlab.graphics.illustration.subplot.Text,LineWidth,Width of box outline
matlab.graphics.illustration.subplot.Text,Margin,Space around text within the text box
matlab.graphics.illustration.subplot.Text,Parent,Parent
matlab.graphics.illustration.subplot.Text,PickableParts,Ability to capture mouse clicks
matlab.graphics.illustration.subplot.Text,Selected,Selection state
matlab.graphics.illustration.subplot.Text,SelectionHighlight,Display of selection handles
matlab.graphics.illustration.subplot.Text,String,Text to display
matlab.graphics.illustration.subplot.Text,Tag,Object identifier
matlab.graphics.illustration.subplot.Text,Type,Type of graphics object
matlab.graphics.illustration.subplot.Text,UserData,User data
matlab.graphics.illustration.subplot.Text,Visible,State of visibility
matlab.graphics.interaction.interactions.DataTipInteraction,SnapToDataVertex,Display at closest data point
matlab.graphics.interaction.interactions.PanInteraction,Dimensions,Dimensions
matlab.graphics.interaction.interactions.RegionZoomInteraction,Dimensions,Dimensions
matlab.graphics.interaction.interactions.RulerPanInteraction,Dimensions,Dimensions
matlab.graphics.interaction.interactions.ZoomInteraction,Dimensions,Dimensions
matlab.graphics.interaction.internal.brush,ActionPostCallback,Function to execute after brushing
matlab.graphics.interaction.internal.brush,ActionPreCallback,Function to execute before brushing
matlab.graphics.interaction.internal.brush,ButtonDownFilter,Brush suppression callback
matlab.graphics.interaction.internal.brush,Color,Brush mark color
matlab.graphics.interaction.internal.brush,Enable,Brushing mode
matlab.graphics.interaction.internal.brush,FigureHandle,Figure object
matlab.graphics.interaction.internal.brush,UseLegacyExplorationModes,Legacy mode
matlab.graphics.interaction.internal.zoom,ActionPostCallback,Function to execute after zooming
matlab.graphics.interaction.internal.zoom,ActionPreCallback,Function to execute before zooming
matlab.graphics.interaction.internal.zoom,ButtonDownFilter,Zoom suppression callback
matlab.graphics.interaction.internal.zoom,ContextMenu,Context menu
matlab.graphics.interaction.internal.zoom,Direction,Direction
matlab.graphics.interaction.internal.zoom,Enable,Zoom mode
matlab.graphics.interaction.internal.zoom,FigureHandle,Figure object
matlab.graphics.interaction.internal.zoom,Motion,Dimension
matlab.graphics.interaction.internal.zoom,RightClickAction,Action to perform when you right click
matlab.graphics.interaction.internal.zoom,UseLegacyExplorationModes,Legacy mode
matlab.graphics.internal.LinkData,Enable,Data linking mode
matlab.graphics.layout.Text,Children,Children
matlab.graphics.layout.Text,Color,Text color
matlab.graphics.layout.Text,FontAngle,Character slant
matlab.graphics.layout.Text,FontName,Font name
matlab.graphics.layout.Text,FontSize,Font size
matlab.graphics.layout.Text,FontWeight,Character thickness
matlab.graphics.layout.Text,HandleVisibility,Visibility of object handle
matlab.graphics.layout.Text,HorizontalAlignment,Horizontal alignment
matlab.graphics.layout.Text,Interpreter,Text interpreter
matlab.graphics.layout.Text,Parent,Parent
matlab.graphics.layout.Text,Rotation,Text orientation
matlab.graphics.layout.Text,String,Text to display
matlab.graphics.layout.Text,VerticalAlignment,Vertical alignment
matlab.graphics.layout.Text,Visible,State of visibility
matlab.graphics.layout.TiledChartLayout,BeingDeleted,Deletion status
matlab.graphics.layout.TiledChartLayout,BusyAction,Callback queuing
matlab.graphics.layout.TiledChartLayout,Children,Children
matlab.graphics.layout.TiledChartLayout,CreateFcn,Creation function
matlab.graphics.layout.TiledChartLayout,DeleteFcn,Deletion function
matlab.graphics.layout.TiledChartLayout,GridSize,Grid size
matlab.graphics.layout.TiledChartLayout,HandleVisibility,Visibility of object handle
matlab.graphics.layout.TiledChartLayout,InnerPosition,Inner size and location
matlab.graphics.layout.TiledChartLayout,Interruptible,Callback interruption
matlab.graphics.layout.TiledChartLayout,Layout,Layout options
matlab.graphics.layout.TiledChartLayout,OuterPosition,Outer size and location
matlab.graphics.layout.TiledChartLayout,Padding,Padding around layout
matlab.graphics.layout.TiledChartLayout,Parent,Parent container
matlab.graphics.layout.TiledChartLayout,Position,Inner size and location
matlab.graphics.layout.TiledChartLayout,PositionConstraint,Position to hold constant
matlab.graphics.layout.TiledChartLayout,Subtitle,Text object for shared subtitle
matlab.graphics.layout.TiledChartLayout,Tag,Object identifier
matlab.graphics.layout.TiledChartLayout,TileArrangement,Tile arrangement
matlab.graphics.layout.TiledChartLayout,TileIndexing,Tile indexing scheme
matlab.graphics.layout.TiledChartLayout,TileSpacing,Tile spacing
matlab.graphics.layout.TiledChartLayout,Title,Text object for shared title
matlab.graphics.layout.TiledChartLayout,Toolbar,Shared data exploration toolbar
matlab.graphics.layout.TiledChartLayout,Type,Type of graphics object
matlab.graphics.layout.TiledChartLayout,Units,Position units
matlab.graphics.layout.TiledChartLayout,UserData,User data
matlab.graphics.layout.TiledChartLayout,Visible,State of visibility
matlab.graphics.layout.TiledChartLayout,XLabel,Text object for shared x-axis label
matlab.graphics.layout.TiledChartLayout,YLabel,Text object for shared y-axis label
matlab.graphics.primitive.Group,Annotation,Control for including or excluding object from legend
matlab.graphics.primitive.Group,BeingDeleted,Deletion status
matlab.graphics.primitive.Group,BusyAction,Callback queuing
matlab.graphics.primitive.Group,ButtonDownFcn,Mouse-click callback
matlab.graphics.primitive.Group,Children,Children
matlab.graphics.primitive.Group,ContextMenu,Context menu
matlab.graphics.primitive.Group,CreateFcn,Creation function
matlab.graphics.primitive.Group,DeleteFcn,Deletion function
matlab.graphics.primitive.Group,DisplayName,Legend label
matlab.graphics.primitive.Group,HandleVisibility,Visibility of object handle
matlab.graphics.primitive.Group,HitTest,Response to mouse clicks captured by children
matlab.graphics.primitive.Group,Interruptible,Callback interruption
matlab.graphics.primitive.Group,Parent,Parent
matlab.graphics.primitive.Group,PickableParts,Children that can capture mouse clicks
matlab.graphics.primitive.Group,Selected,Selection state
matlab.graphics.primitive.Group,SelectionHighlight,Display of selection handles
matlab.graphics.primitive.Group,Tag,Object identifier
matlab.graphics.primitive.Group,Type,Type of graphics object
matlab.graphics.primitive.Group,UserData,User data
matlab.graphics.primitive.Group,Visible,Visibility
matlab.graphics.primitive.Image,AlphaData,Transparency data
matlab.graphics.primitive.Image,AlphaDataMapping,Interpretation of AlphaData values
matlab.graphics.primitive.Image,BeingDeleted,Deletion status
matlab.graphics.primitive.Image,BusyAction,Callback queuing
matlab.graphics.primitive.Image,ButtonDownFcn,Mouse-click callback
matlab.graphics.primitive.Image,CData,Image color data
matlab.graphics.primitive.Image,CDataMapping,Color data mapping method
matlab.graphics.primitive.Image,Children,Children
matlab.graphics.primitive.Image,Clipping,Clipping of object to axes limits
matlab.graphics.primitive.Image,ContextMenu,Context menu
matlab.graphics.primitive.Image,CreateFcn,Creation function
matlab.graphics.primitive.Image,DataTipTemplate,Data tip content
matlab.graphics.primitive.Image,DeleteFcn,Deletion function
matlab.graphics.primitive.Image,HandleVisibility,Visibility of object handle
matlab.graphics.primitive.Image,HitTest,Response to captured mouse clicks
matlab.graphics.primitive.Image,Interpolation,Interpolation method
matlab.graphics.primitive.Image,Interruptible,Callback interruption
matlab.graphics.primitive.Image,Parent,Parent
matlab.graphics.primitive.Image,PickableParts,Ability to capture mouse clicks
matlab.graphics.primitive.Image,Selected,Selection state
matlab.graphics.primitive.Image,SelectionHighlight,Display of selection handles
matlab.graphics.primitive.Image,Tag,Object identifier
matlab.graphics.primitive.Image,Type,Type of graphics object
matlab.graphics.primitive.Image,UserData,User data
matlab.graphics.primitive.Image,Visible,State of visibility
matlab.graphics.primitive.Image,XData,Placement along x-axis
matlab.graphics.primitive.Image,YData,Placement along y-axis
matlab.graphics.primitive.Light,BeingDeleted,Deletion status
matlab.graphics.primitive.Light,BusyAction,(unused) Callback queuing
matlab.graphics.primitive.Light,ButtonDownFcn,(unused) Mouse-click callback
matlab.graphics.primitive.Light,Children,Children
matlab.graphics.primitive.Light,Color,Color of light
matlab.graphics.primitive.Light,ContextMenu,(unused) Context menu
matlab.graphics.primitive.Light,CreateFcn,Creation function
matlab.graphics.primitive.Light,DeleteFcn,Deletion function
matlab.graphics.primitive.Light,HandleVisibility,Visibility of object handle
matlab.graphics.primitive.Light,HitTest,(unused) Response to captured mouse clicks
matlab.graphics.primitive.Light,Interruptible,(unused) Callback interruption
matlab.graphics.primitive.Light,Parent,Parent
matlab.graphics.primitive.Light,PickableParts,(unused) Ability to capture mouse clicks
matlab.graphics.primitive.Light,Position,Location of light source
matlab.graphics.primitive.Light,Selected,(unused) Selection state
matlab.graphics.primitive.Light,SelectionHighlight,(unused) Display of selection handles when selected
matlab.graphics.primitive.Light,Style,Type of light source
matlab.graphics.primitive.Light,Tag,Object identifier
matlab.graphics.primitive.Light,Type,Type of graphics object
matlab.graphics.primitive.Light,UserData,User data
matlab.graphics.primitive.Light,Visible,Visibility of light from light source
matlab.graphics.primitive.Line,AlignVertexCenters,Sharp vertical and horizontal lines
matlab.graphics.primitive.Line,Annotation,Control for including or excluding object from legend
matlab.graphics.primitive.Line,BeingDeleted,Deletion status
matlab.graphics.primitive.Line,BusyAction,Callback queuing
matlab.graphics.primitive.Line,ButtonDownFcn,Mouse-click callback
matlab.graphics.primitive.Line,Children,Children
matlab.graphics.primitive.Line,Clipping,Clipping of object to axes limits
matlab.graphics.primitive.Line,Color,Line color
matlab.graphics.primitive.Line,ContextMenu,Context menu
matlab.graphics.primitive.Line,CreateFcn,Creation function
matlab.graphics.primitive.Line,DataTipTemplate,Data tip content
matlab.graphics.primitive.Line,DeleteFcn,Deletion function
matlab.graphics.primitive.Line,DisplayName,Legend label
matlab.graphics.primitive.Line,HandleVisibility,Visibility of object handle
matlab.graphics.primitive.Line,HitTest,Response to captured mouse clicks
matlab.graphics.primitive.Line,Interruptible,Callback interruption
matlab.graphics.primitive.Line,LineJoin,Style of line corners
matlab.graphics.primitive.Line,LineStyle,Line style
matlab.graphics.primitive.Line,LineWidth,Line width
matlab.graphics.primitive.Line,Marker,Marker symbol
matlab.graphics.primitive.Line,MarkerEdgeColor,Marker outline color
matlab.graphics.primitive.Line,MarkerFaceColor,Marker fill color
matlab.graphics.primitive.Line,MarkerIndices,Indices of data points at which to display markers
matlab.graphics.primitive.Line,MarkerSize,Marker size
matlab.graphics.primitive.Line,Parent,Parent
matlab.graphics.primitive.Line,PickableParts,Ability to capture mouse clicks
matlab.graphics.primitive.Line,RData,Radius values
matlab.graphics.primitive.Line,Selected,Selection state
matlab.graphics.primitive.Line,SelectionHighlight,Display of selection handles
matlab.graphics.primitive.Line,Tag,Object identifier
matlab.graphics.primitive.Line,ThetaData,Angle values
matlab.graphics.primitive.Line,Type,Type of graphics object
matlab.graphics.primitive.Line,UserData,User data
matlab.graphics.primitive.Line,Visible,State of visibility
matlab.graphics.primitive.Line,XData,x values
matlab.graphics.primitive.Line,YData,y values
matlab.graphics.primitive.Line,ZData,z values
matlab.graphics.primitive.Patch,AlignVertexCenters,Sharp vertical and horizontal lines
matlab.graphics.primitive.Patch,AlphaDataMapping,Interpretation of FaceVertexAlphaData values
matlab.graphics.primitive.Patch,AmbientStrength,Strength of ambient light
matlab.graphics.primitive.Patch,Annotation,Control for including or excluding object from legend
matlab.graphics.primitive.Patch,BackFaceLighting,Face lighting when normals point away from camera
matlab.graphics.primitive.Patch,BeingDeleted,Deletion status
matlab.graphics.primitive.Patch,BusyAction,Callback queuing
matlab.graphics.primitive.Patch,ButtonDownFcn,Mouse-click callback
matlab.graphics.primitive.Patch,CData,Patch color data
matlab.graphics.primitive.Patch,CDataMapping,Direct or scaled color data mapping
matlab.graphics.primitive.Patch,Children,Children
matlab.graphics.primitive.Patch,Clipping,Clipping of object to axes limits
matlab.graphics.primitive.Patch,ContextMenu,Context menu
matlab.graphics.primitive.Patch,CreateFcn,Creation function
matlab.graphics.primitive.Patch,DataTipTemplate,Data tip content
matlab.graphics.primitive.Patch,DeleteFcn,Deletion function
matlab.graphics.primitive.Patch,DiffuseStrength,Strength of diffuse light
matlab.graphics.primitive.Patch,DisplayName,Legend label
matlab.graphics.primitive.Patch,EdgeAlpha,Edge line transparency
matlab.graphics.primitive.Patch,EdgeColor,Edge colors
matlab.graphics.primitive.Patch,EdgeLighting,Effect of light objects on edges
matlab.graphics.primitive.Patch,FaceAlpha,Face transparency
matlab.graphics.primitive.Patch,FaceColor,Face color
matlab.graphics.primitive.Patch,FaceLighting,Effect of light objects on faces
matlab.graphics.primitive.Patch,FaceNormals,Face normal vectors
matlab.graphics.primitive.Patch,FaceNormalsMode,Selection mode for FaceNormals
matlab.graphics.primitive.Patch,FaceVertexAlphaData,Face and vertex transparency values
matlab.graphics.primitive.Patch,FaceVertexCData,Face and vertex colors
matlab.graphics.primitive.Patch,Faces,Vertex connection defining each face
matlab.graphics.primitive.Patch,HandleVisibility,Visibility of object handle
matlab.graphics.primitive.Patch,HitTest,Response to captured mouse clicks
matlab.graphics.primitive.Patch,Interruptible,Callback interruption
matlab.graphics.primitive.Patch,LineJoin,Style of line corners
matlab.graphics.primitive.Patch,LineStyle,Line style
matlab.graphics.primitive.Patch,LineWidth,Line width
matlab.graphics.primitive.Patch,Marker,Marker symbol
matlab.graphics.primitive.Patch,MarkerEdgeColor,Marker outline color
matlab.graphics.primitive.Patch,MarkerFaceColor,Marker fill color
matlab.graphics.primitive.Patch,MarkerSize,Marker size
matlab.graphics.primitive.Patch,Parent,Parent
matlab.graphics.primitive.Patch,PickableParts,Ability to capture mouse clicks
matlab.graphics.primitive.Patch,Selected,Selection state
matlab.graphics.primitive.Patch,SelectionHighlight,Display of selection handles
matlab.graphics.primitive.Patch,SpecularColorReflectance,Color of specular reflections
matlab.graphics.primitive.Patch,SpecularExponent,Expansiveness of specular reflection
matlab.graphics.primitive.Patch,SpecularStrength,Strength of specular reflection
matlab.graphics.primitive.Patch,Tag,Object identifier
matlab.graphics.primitive.Patch,Type,Type of graphics object
matlab.graphics.primitive.Patch,UserData,User data
matlab.graphics.primitive.Patch,VertexNormals,Vertex normal vectors
matlab.graphics.primitive.Patch,VertexNormalsMode,Selection mode for VertexNormals
matlab.graphics.primitive.Patch,Vertices,Vertex coordinates
matlab.graphics.primitive.Patch,Visible,State of visibility
matlab.graphics.primitive.Patch,XData,x-coordinates of the patch vertices
matlab.graphics.primitive.Patch,YData,y-coordinates of the patch vertices
matlab.graphics.primitive.Patch,ZData,z-coordinates of the patch vertices
matlab.graphics.primitive.Polygon,AlignVertexCenters,Sharp vertical and horizontal lines
matlab.graphics.primitive.Polygon,Annotation,Control for including or excluding object from legend
matlab.graphics.primitive.Polygon,BeingDeleted,Deletion status
matlab.graphics.primitive.Polygon,BusyAction,Callback queuing
matlab.graphics.primitive.Polygon,ButtonDownFcn,Mouse-click callback
matlab.graphics.primitive.Polygon,Children,Children
matlab.graphics.primitive.Polygon,Clipping,Clipping of object to axes limits
matlab.graphics.primitive.Polygon,ContextMenu,Context menu
matlab.graphics.primitive.Polygon,CreateFcn,Creation function
matlab.graphics.primitive.Polygon,DataTipTemplate,Data tip content
matlab.graphics.primitive.Polygon,DeleteFcn,Deletion function
matlab.graphics.primitive.Polygon,DisplayName,Legend label
matlab.graphics.primitive.Polygon,EdgeAlpha,Transparency of outer boundaries
matlab.graphics.primitive.Polygon,EdgeColor,Color of outer boundaries
matlab.graphics.primitive.Polygon,FaceAlpha,Filled region transparency
matlab.graphics.primitive.Polygon,FaceColor,Filled region color
matlab.graphics.primitive.Polygon,HandleVisibility,Visibility of object handle
matlab.graphics.primitive.Polygon,HitTest,Response to captured mouse clicks
matlab.graphics.primitive.Polygon,HoleEdgeAlpha,Transparency of interior boundaries
matlab.graphics.primitive.Polygon,HoleEdgeColor,Color of interior boundaries
matlab.graphics.primitive.Polygon,Interruptible,Callback interruption
matlab.graphics.primitive.Polygon,LineJoin,Style of line corners
matlab.graphics.primitive.Polygon,LineStyle,Line style
matlab.graphics.primitive.Polygon,LineWidth,Line width
matlab.graphics.primitive.Polygon,Parent,Parent
matlab.graphics.primitive.Polygon,PickableParts,Ability to capture mouse clicks
matlab.graphics.primitive.Polygon,Selected,Selection state
matlab.graphics.primitive.Polygon,SelectionHighlight,Display of selection handles
matlab.graphics.primitive.Polygon,Shape,Polygon geometry
matlab.graphics.primitive.Polygon,Tag,Object identifier
matlab.graphics.primitive.Polygon,Type,Type of graphics object
matlab.graphics.primitive.Polygon,UserData,User data
matlab.graphics.primitive.Polygon,Visible,State of visibility
matlab.graphics.primitive.Rectangle,AlignVertexCenters,Sharp vertical and horizontal lines
matlab.graphics.primitive.Rectangle,BeingDeleted,Deletion status
matlab.graphics.primitive.Rectangle,BusyAction,Callback queuing
matlab.graphics.primitive.Rectangle,ButtonDownFcn,Mouse-click callback
matlab.graphics.primitive.Rectangle,Children,Children
matlab.graphics.primitive.Rectangle,Clipping,Clipping of object to axes limits
matlab.graphics.primitive.Rectangle,ContextMenu,Context menu
matlab.graphics.primitive.Rectangle,CreateFcn,Creation function
matlab.graphics.primitive.Rectangle,Curvature,Amount of horizontal and vertical curvature
matlab.graphics.primitive.Rectangle,DeleteFcn,Deletion function
matlab.graphics.primitive.Rectangle,EdgeColor,Outline color
matlab.graphics.primitive.Rectangle,FaceColor,Fill color
matlab.graphics.primitive.Rectangle,HandleVisibility,Visibility of object handle
matlab.graphics.primitive.Rectangle,HitTest,Response to captured mouse clicks
matlab.graphics.primitive.Rectangle,Interruptible,Callback interruption
matlab.graphics.primitive.Rectangle,LineStyle,Line style
matlab.graphics.primitive.Rectangle,LineWidth,Line width
matlab.graphics.primitive.Rectangle,Parent,Parent
matlab.graphics.primitive.Rectangle,PickableParts,Ability to capture mouse clicks
matlab.graphics.primitive.Rectangle,Position,Size and location of rectangle
matlab.graphics.primitive.Rectangle,Selected,Selection state
matlab.graphics.primitive.Rectangle,SelectionHighlight,Display of selection handles
matlab.graphics.primitive.Rectangle,Tag,Object identifier
matlab.graphics.primitive.Rectangle,Type,Type of graphics object
matlab.graphics.primitive.Rectangle,UserData,User data
matlab.graphics.primitive.Rectangle,Visible,State of visibility
matlab.graphics.primitive.Surface,AlignVertexCenters,Sharp vertical and horizontal lines
matlab.graphics.primitive.Surface,AlphaData,Transparency data
matlab.graphics.primitive.Surface,AlphaDataMapping,Interpretation of AlphaData values
matlab.graphics.primitive.Surface,AmbientStrength,Strength of ambient light
matlab.graphics.primitive.Surface,Annotation,Control for including or excluding object from legend
matlab.graphics.primitive.Surface,BackFaceLighting,Face lighting when normals point away from camera
matlab.graphics.primitive.Surface,BeingDeleted,Deletion status
matlab.graphics.primitive.Surface,BusyAction,Callback queuing
matlab.graphics.primitive.Surface,ButtonDownFcn,Mouse-click callback
matlab.graphics.primitive.Surface,CData,Vertex colors
matlab.graphics.primitive.Surface,CDataMapping,Direct or scaled colormapping
matlab.graphics.primitive.Surface,CDataMode,Selection mode for CData
matlab.graphics.primitive.Surface,Children,Children
matlab.graphics.primitive.Surface,Clipping,Clipping of object to axes limits
matlab.graphics.primitive.Surface,ContextMenu,Context menu
matlab.graphics.primitive.Surface,CreateFcn,Creation function
matlab.graphics.primitive.Surface,DataTipTemplate,Data tip content
matlab.graphics.primitive.Surface,DeleteFcn,Deletion function
matlab.graphics.primitive.Surface,DiffuseStrength,Strength of diffuse light
matlab.graphics.primitive.Surface,DisplayName,Legend label
matlab.graphics.primitive.Surface,EdgeAlpha,Edge transparency
matlab.graphics.primitive.Surface,EdgeColor,Edge line color
matlab.graphics.primitive.Surface,EdgeLighting,Effect of light objects on edges
matlab.graphics.primitive.Surface,FaceAlpha,Face transparency
matlab.graphics.primitive.Surface,FaceColor,Face color
matlab.graphics.primitive.Surface,FaceLighting,Effect of light objects on faces
matlab.graphics.primitive.Surface,FaceNormals,Normal vectors for each surface face
matlab.graphics.primitive.Surface,FaceNormalsMode,Selection mode for FaceNormals
matlab.graphics.primitive.Surface,HandleVisibility,Visibility of object handle
matlab.graphics.primitive.Surface,HitTest,Response to captured mouse clicks
matlab.graphics.primitive.Surface,Interruptible,Callback interruption
matlab.graphics.primitive.Surface,LineStyle,Line style
matlab.graphics.primitive.Surface,LineWidth,Line width
matlab.graphics.primitive.Surface,Marker,Marker symbol
matlab.graphics.primitive.Surface,MarkerEdgeColor,Marker outline color
matlab.graphics.primitive.Surface,MarkerFaceColor,Marker fill color
matlab.graphics.primitive.Surface,MarkerSize,Marker size
matlab.graphics.primitive.Surface,MeshStyle,Edges to display
matlab.graphics.primitive.Surface,Parent,Parent
matlab.graphics.primitive.Surface,PickableParts,Ability to capture mouse clicks
matlab.graphics.primitive.Surface,Selected,Selection state
matlab.graphics.primitive.Surface,SelectionHighlight,Display of selection handles
matlab.graphics.primitive.Surface,SpecularColorReflectance,Color of specular reflections
matlab.graphics.primitive.Surface,SpecularExponent,Size of specular spot
matlab.graphics.primitive.Surface,SpecularStrength,Strength of specular reflection
matlab.graphics.primitive.Surface,Tag,Object identifier
matlab.graphics.primitive.Surface,Type,Type of graphics object
matlab.graphics.primitive.Surface,UserData,User data
matlab.graphics.primitive.Surface,VertexNormals,Normal vectors for each surface vertex
matlab.graphics.primitive.Surface,VertexNormalsMode,Selection mode for VertexNormals
matlab.graphics.primitive.Surface,Visible,State of visibility
matlab.graphics.primitive.Surface,XData,x-coordinate data
matlab.graphics.primitive.Surface,XDataMode,Selection mode for XData
matlab.graphics.primitive.Surface,YData,y-coordinate data
matlab.graphics.primitive.Surface,YDataMode,Selection mode for YData
matlab.graphics.primitive.Surface,ZData,z-coordinate data
matlab.graphics.primitive.Text,BackgroundColor,Color of text box background
matlab.graphics.primitive.Text,BeingDeleted,Deletion status
matlab.graphics.primitive.Text,BusyAction,Callback queuing
matlab.graphics.primitive.Text,ButtonDownFcn,Mouse-click callback
matlab.graphics.primitive.Text,Children,Children
matlab.graphics.primitive.Text,Clipping,Clipping to axes plot box
matlab.graphics.primitive.Text,Color,Text color
matlab.graphics.primitive.Text,ContextMenu,Context menu
matlab.graphics.primitive.Text,CreateFcn,Creation function
matlab.graphics.primitive.Text,DeleteFcn,Deletion function
matlab.graphics.primitive.Text,EdgeColor,Color of box outline
matlab.graphics.primitive.Text,Editing,Interactive edit mode
matlab.graphics.primitive.Text,Extent,Size and location of rectangle that encloses text
matlab.graphics.primitive.Text,FontAngle,Character slant
matlab.graphics.primitive.Text,FontName,Font name
matlab.graphics.primitive.Text,FontSize,Font size
matlab.graphics.primitive.Text,FontSmoothing,Smooth font character appearance
matlab.graphics.primitive.Text,FontUnits,Font size units
matlab.graphics.primitive.Text,FontWeight,Character thickness
matlab.graphics.primitive.Text,HandleVisibility,Visibility of object handle
matlab.graphics.primitive.Text,HitTest,Response to captured mouse clicks
matlab.graphics.primitive.Text,HorizontalAlignment,Horizontal alignment of text with respect to position point
matlab.graphics.primitive.Text,Interactions,Interactions
matlab.graphics.primitive.Text,Interpreter,Text interpreter
matlab.graphics.primitive.Text,Interruptible,Callback interruption
matlab.graphics.primitive.Text,LineStyle,Line style of box outline
matlab.graphics.primitive.Text,LineWidth,Width of box outline
matlab.graphics.primitive.Text,Margin,Space around text within the text box
matlab.graphics.primitive.Text,Parent,Parent
matlab.graphics.primitive.Text,PickableParts,Ability to capture mouse clicks
matlab.graphics.primitive.Text,Position,Location of text
matlab.graphics.primitive.Text,Rotation,Text orientation
matlab.graphics.primitive.Text,Selected,Selection state
matlab.graphics.primitive.Text,SelectionHighlight,Display of selection handles
matlab.graphics.primitive.Text,String,Text to display
matlab.graphics.primitive.Text,Tag,Object identifier
matlab.graphics.primitive.Text,Type,Type of graphics object
matlab.graphics.primitive.Text,Units,Position and extent units
matlab.graphics.primitive.Text,UserData,User data
matlab.graphics.primitive.Text,VerticalAlignment,Vertical alignment of text with respect to position point
matlab.graphics.primitive.Text,Visible,State of visibility
matlab.graphics.primitive.Transform,Annotation,Control for including or excluding object from legend
matlab.graphics.primitive.Transform,BeingDeleted,Deletion status
matlab.graphics.primitive.Transform,BusyAction,Callback queuing
matlab.graphics.primitive.Transform,ButtonDownFcn,Mouse-click callback
matlab.graphics.primitive.Transform,Children,Children
matlab.graphics.primitive.Transform,ContextMenu,Context menu
matlab.graphics.primitive.Transform,CreateFcn,Creation function
matlab.graphics.primitive.Transform,DeleteFcn,Deletion function
matlab.graphics.primitive.Transform,DisplayName,Legend label
matlab.graphics.primitive.Transform,HandleVisibility,Visibility of object handle
matlab.graphics.primitive.Transform,HitTest,Response to mouse clicks captured by children
matlab.graphics.primitive.Transform,Interruptible,Callback interruption
matlab.graphics.primitive.Transform,Matrix,Transform matrix
matlab.graphics.primitive.Transform,Parent,Parent
matlab.graphics.primitive.Transform,PickableParts,Children that can capture mouse clicks
matlab.graphics.primitive.Transform,Selected,Selection state
matlab.graphics.primitive.Transform,SelectionHighlight,Display of selection handles
matlab.graphics.primitive.Transform,Tag,Object identifier
matlab.graphics.primitive.Transform,Type,Type of graphics object
matlab.graphics.primitive.Transform,UserData,User data
matlab.graphics.primitive.Transform,Visible,Visibility
matlab.graphics.shape.Arrow,Color,Arrow color
matlab.graphics.shape.Arrow,HeadLength,Length of arrowhead
matlab.graphics.shape.Arrow,HeadStyle,Style of arrowhead
matlab.graphics.shape.Arrow,HeadWidth,Width of arrowhead
matlab.graphics.shape.Arrow,LineStyle,Style of arrow stem
matlab.graphics.shape.Arrow,LineWidth,Width of arrow stem
matlab.graphics.shape.Arrow,Position,Size and location
matlab.graphics.shape.Arrow,Units,Position units
matlab.graphics.shape.Arrow,X,Beginning and ending x-coordinates
matlab.graphics.shape.Arrow,Y,Beginning and ending y-coordinates
matlab.graphics.shape.DoubleEndArrow,Color,Arrow color
matlab.graphics.shape.DoubleEndArrow,Head1Length,Length of first arrowhead
matlab.graphics.shape.DoubleEndArrow,Head1Style,Style of first arrowhead
matlab.graphics.shape.DoubleEndArrow,Head1Width,Width of first arrowhead
matlab.graphics.shape.DoubleEndArrow,Head2Length,Length of second arrowhead
matlab.graphics.shape.DoubleEndArrow,Head2Style,Style of second arrowhead
matlab.graphics.shape.DoubleEndArrow,Head2Width,Width of second arrowhead
matlab.graphics.shape.DoubleEndArrow,LineStyle,Style of arrow stem
matlab.graphics.shape.DoubleEndArrow,LineWidth,Width of arrow stem
matlab.graphics.shape.DoubleEndArrow,Position,Size and location
matlab.graphics.shape.DoubleEndArrow,Units,Position units
matlab.graphics.shape.DoubleEndArrow,X,Beginning and ending x-coordinates
matlab.graphics.shape.DoubleEndArrow,Y,Beginning and ending y-coordinates
matlab.graphics.shape.Ellipse,Color,Outline color
matlab.graphics.shape.Ellipse,FaceColor,Fill color
matlab.graphics.shape.Ellipse,LineStyle,Line style
matlab.graphics.shape.Ellipse,LineWidth,Line width
matlab.graphics.shape.Ellipse,Position,Size and location
matlab.graphics.shape.Ellipse,Units,Position units
matlab.graphics.shape.Line,Color,Line color
matlab.graphics.shape.Line,LineStyle,Line style
matlab.graphics.shape.Line,LineWidth,Line width
matlab.graphics.shape.Line,Position,Size and location
matlab.graphics.shape.Line,Units,Position units
matlab.graphics.shape.Line,X,Beginning and ending x-coordinates
matlab.graphics.shape.Line,Y,Beginning and ending y-coordinates
matlab.graphics.shape.Rectangle,Color,Outline color
matlab.graphics.shape.Rectangle,FaceAlpha,Fill transparency
matlab.graphics.shape.Rectangle,FaceColor,Fill color
matlab.graphics.shape.Rectangle,LineStyle,Line style
matlab.graphics.shape.Rectangle,LineWidth,Line width
matlab.graphics.shape.Rectangle,Position,Size and location
matlab.graphics.shape.Rectangle,Units,Position units
matlab.graphics.shape.TextArrow,Color,Arrow color
matlab.graphics.shape.TextArrow,FontAngle,Character slant
matlab.graphics.shape.TextArrow,FontName,Font name
matlab.graphics.shape.TextArrow,FontSize,Font size
matlab.graphics.shape.TextArrow,FontUnits,Font size units
matlab.graphics.shape.TextArrow,FontWeight,Character thickness
matlab.graphics.shape.TextArrow,HeadLength,Length of arrowhead
matlab.graphics.shape.TextArrow,HeadStyle,Style of arrowhead
matlab.graphics.shape.TextArrow,HeadWidth,Width of arrowhead
matlab.graphics.shape.TextArrow,HorizontalAlignment,Horizontal alignment of text
matlab.graphics.shape.TextArrow,Interpreter,Text interpreter
matlab.graphics.shape.TextArrow,LineStyle,Line style
matlab.graphics.shape.TextArrow,LineWidth,Width of arrow stem
matlab.graphics.shape.TextArrow,Position,Size and location
matlab.graphics.shape.TextArrow,String,Text to display
matlab.graphics.shape.TextArrow,TextBackgroundColor,Color of text box background
matlab.graphics.shape.TextArrow,TextColor,Text color
matlab.graphics.shape.TextArrow,TextEdgeColor,Color of text box outline
matlab.graphics.shape.TextArrow,TextLineWidth,Width of text box outline
matlab.graphics.shape.TextArrow,TextMargin,Space around text within text box
matlab.graphics.shape.TextArrow,TextRotation,Text rotation angle in degrees
matlab.graphics.shape.TextArrow,Units,Position units
matlab.graphics.shape.TextArrow,VerticalAlignment,Vertical alignment of text with respect to arrow
matlab.graphics.shape.TextArrow,X,Beginning and ending x-coordinates
matlab.graphics.shape.TextArrow,Y,Beginning and ending y-coordinates
matlab.graphics.shape.TextBox,BackgroundColor,Color of text box background
matlab.graphics.shape.TextBox,Color,Text color
matlab.graphics.shape.TextBox,EdgeColor,Color of box outline
matlab.graphics.shape.TextBox,FaceAlpha,Transparency of background color
matlab.graphics.shape.TextBox,FitBoxToText,Option to fit box width and height to text
matlab.graphics.shape.TextBox,FontAngle,Character slant
matlab.graphics.shape.TextBox,FontName,Font name
matlab.graphics.shape.TextBox,FontSize,Font size
matlab.graphics.shape.TextBox,FontUnits,Font size units
matlab.graphics.shape.TextBox,FontWeight,Character thickness
matlab.graphics.shape.TextBox,HorizontalAlignment,Horizontal alignment of text within text box
matlab.graphics.shape.TextBox,Interpreter,Text interpreter
matlab.graphics.shape.TextBox,LineStyle,Line style of box outline
matlab.graphics.shape.TextBox,LineWidth,Width of box outline
matlab.graphics.shape.TextBox,Margin,Space around text within the text box
matlab.graphics.shape.TextBox,Position,Size and location
matlab.graphics.shape.TextBox,String,Text to display
matlab.graphics.shape.TextBox,Units,Position units
matlab.graphics.shape.TextBox,VerticalAlignment,Vertical alignment of text within text box
matlab.graphics.shape.internal.DataCursorManager,DisplayStyle,Data tip display style
matlab.graphics.shape.internal.DataCursorManager,Enable,Data cursor mode
matlab.graphics.shape.internal.DataCursorManager,Figure,Figure object
matlab.graphics.shape.internal.DataCursorManager,Interpreter,Text interpreter
matlab.graphics.shape.internal.DataCursorManager,SnapToDataVertex,Display at closest data point
matlab.graphics.shape.internal.DataCursorManager,UpdateFcn,Callback function that formats data tip text
matlab.indexing.IndexingOperation,Indices,List of indices referenced in indexing operation
matlab.indexing.IndexingOperation,Name,Name of field referenced in dot indexing operation
matlab.indexing.IndexingOperation,Type,Type of indexing operation
matlab.io.MatFile,Source,File path
matlab.io.MatFile,Writable,Write access status
matlab.io.datastore.ArrayDatastore,IterationDimension,Dimension in which to read
matlab.io.datastore.ArrayDatastore,OutputType,Output data type
matlab.io.datastore.ArrayDatastore,ReadSize,Amount of data to read
matlab.io.datastore.BlockedFileSet,AlternateFileSystemRoots,Alternate file system root paths
matlab.io.datastore.BlockedFileSet,BlockInfo,Information about blocks
matlab.io.datastore.BlockedFileSet,BlockSize,Block size
matlab.io.datastore.BlockedFileSet,NumBlocks,Number of blocks
matlab.io.datastore.BlockedFileSet,NumBlocksRead,Number of blocks read
matlab.io.datastore.CombinedDatastore,SupportedOutputFormats,List of formats supported for writing
matlab.io.datastore.CombinedDatastore,UnderlyingDatastores,Underlying datastores
matlab.io.datastore.DsFileReader,Name,File name
matlab.io.datastore.DsFileReader,Position,Position pointer location
matlab.io.datastore.DsFileReader,Size,File size
matlab.io.datastore.DsFileReader,TextEncoding,Character encoding scheme
matlab.io.datastore.DsFileSet,FileSplitSize,Split Size
matlab.io.datastore.DsFileSet,NumFiles,Number of files
matlab.io.datastore.FileDatastore,Files,Files included in datastore
matlab.io.datastore.FileDatastore,Folders,Folders used to construct datastore
matlab.io.datastore.FileDatastore,ReadFcn,Function that reads file data
matlab.io.datastore.FileDatastore,SupportedOutputFormats,List of formats supported for writing
matlab.io.datastore.FileDatastore,UniformRead,Vertically concatenateable flag
matlab.io.datastore.FileSet,AlternateFileSystemRoots,Alternate file system root paths
matlab.io.datastore.FileSet,FileInfo,Information about files
matlab.io.datastore.FileSet,NumFiles,Number of files
matlab.io.datastore.FileSet,NumFilesRead,Number of files read
matlab.io.datastore.FileWritable,DefaultOutputFormat,Default output format
matlab.io.datastore.FileWritable,SupportedOutputFormats,List of writeable formats
matlab.io.datastore.FoldersPropertyProvider,Folders,List of folders used to construct datastore
matlab.io.datastore.ImageDatastore,DefaultOutputFormat,Default output format
matlab.io.datastore.ImageDatastore,Files,Files included in datastore
matlab.io.datastore.ImageDatastore,Folders,Folders used to construct datastore
matlab.io.datastore.ImageDatastore,Labels,File labels
matlab.io.datastore.ImageDatastore,ReadFcn,Function that reads image data
matlab.io.datastore.ImageDatastore,ReadSize,Number of image files to read
matlab.io.datastore.ImageDatastore,SupportedOutputFormats,List of formats supported for writing
matlab.io.datastore.KeyValueDatastore,AlternateFileSystemRoots,Alternate file system root paths
matlab.io.datastore.KeyValueDatastore,FileType,File type
matlab.io.datastore.KeyValueDatastore,Files,Files included in datastore
matlab.io.datastore.KeyValueDatastore,ReadSize,Maximum number of key-value pairs to read
matlab.io.datastore.ParquetDatastore,DefaultOutputFormat,Default output format
matlab.io.datastore.ParquetDatastore,Files,Files included in datastore
matlab.io.datastore.ParquetDatastore,Folders,Folders used to construct datastore
matlab.io.datastore.ParquetDatastore,ReadSize,Amount of data to read
matlab.io.datastore.ParquetDatastore,RowTimes,Name of row times variable
matlab.io.datastore.ParquetDatastore,SelectedVariableNames,Variables to read
matlab.io.datastore.ParquetDatastore,SupportedOutputFormats,List of formats supported for writing
matlab.io.datastore.ParquetDatastore,VariableNames,Names of variables
matlab.io.datastore.SpreadsheetDatastore,DefaultOutputFormat,Default output format
matlab.io.datastore.SpreadsheetDatastore,Files,Files included in datastore
matlab.io.datastore.SpreadsheetDatastore,Folders,Folders used to construct datastore
matlab.io.datastore.SpreadsheetDatastore,NumHeaderLines,Number of lines to skip
matlab.io.datastore.SpreadsheetDatastore,Range,Row and column bounds
matlab.io.datastore.SpreadsheetDatastore,ReadSize,Amount of data to read
matlab.io.datastore.SpreadsheetDatastore,ReadVariableNames,Indicator for reading variable names
matlab.io.datastore.SpreadsheetDatastore,RowTimes,Name of row times variable
matlab.io.datastore.SpreadsheetDatastore,SelectedVariableNames,Variables to read
matlab.io.datastore.SpreadsheetDatastore,SelectedVariableTypes,Selected variable types
matlab.io.datastore.SpreadsheetDatastore,Sheets,Sheets in files
matlab.io.datastore.SpreadsheetDatastore,SupportedOutputFormats,List of formats supported for writing
matlab.io.datastore.SpreadsheetDatastore,VariableNames,Names of variables
matlab.io.datastore.SpreadsheetDatastore,VariableNamingRule,Flag to preserve variable names
matlab.io.datastore.SpreadsheetDatastore,VariableTypes,Variable types
matlab.io.datastore.TabularTextDatastore,CommentStyle,Comment character
matlab.io.datastore.TabularTextDatastore,DefaultOutputFormat,Default output format
matlab.io.datastore.TabularTextDatastore,Delimiter,Field delimiter characters
matlab.io.datastore.TabularTextDatastore,ExponentCharacters,Exponent characters
matlab.io.datastore.TabularTextDatastore,FileEncoding,File encoding
matlab.io.datastore.TabularTextDatastore,Files,Files included in datastore
matlab.io.datastore.TabularTextDatastore,Folders,Folders used to construct datastore
matlab.io.datastore.TabularTextDatastore,MissingValue,Value for missing numeric fields
matlab.io.datastore.TabularTextDatastore,MultipleDelimitersAsOne,Multiple delimiter handling
matlab.io.datastore.TabularTextDatastore,NumHeaderLines,Number of lines to skip
matlab.io.datastore.TabularTextDatastore,ReadSize,Amount of data to read
matlab.io.datastore.TabularTextDatastore,ReadVariableNames,Read variable names
matlab.io.datastore.TabularTextDatastore,RowDelimiter,Row delimiter character
matlab.io.datastore.TabularTextDatastore,RowTimes,Name of row times variable
matlab.io.datastore.TabularTextDatastore,SelectedFormats,Formats of selected variables
matlab.io.datastore.TabularTextDatastore,SelectedVariableNames,Variables to read
matlab.io.datastore.TabularTextDatastore,SupportedOutputFormats,List of formats supported for writing
matlab.io.datastore.TabularTextDatastore,TextType,Output data type of text variables
matlab.io.datastore.TabularTextDatastore,TextscanFormats,Data field format
matlab.io.datastore.TabularTextDatastore,TreatAsMissing,Text to treat as missing values
matlab.io.datastore.TabularTextDatastore,VariableNames,Names of variables
matlab.io.datastore.TabularTextDatastore,VariableNamingRule,Flag to preserve variable names
matlab.io.datastore.TabularTextDatastore,Whitespace,White-space characters
matlab.io.datastore.TallDatastore,AlternateFileSystemRoots,Alternate file system root paths
matlab.io.datastore.TallDatastore,FileType,File type
matlab.io.datastore.TallDatastore,Files,Files included in datastore
matlab.io.datastore.TallDatastore,ReadSize,Maximum number of data rows to read
matlab.io.datastore.TransformedDatastore,IncludeInfo,Include information from read function
matlab.io.datastore.TransformedDatastore,SupportedOutputFormats,List of formats supported for writing
matlab.io.datastore.TransformedDatastore,Transforms,Set of transform functions
matlab.io.datastore.TransformedDatastore,UnderlyingDatastores,Underlying datastores
matlab.io.html.HTMLImportOptions,DataRows,Data location
matlab.io.html.HTMLImportOptions,EmptyRowRule,Procedure to handle empty rows
matlab.io.html.HTMLImportOptions,ExtraColumnsRule,Procedure to handle extra columns
matlab.io.html.HTMLImportOptions,ImportErrorRule,Procedure to handle import errors
matlab.io.html.HTMLImportOptions,MergedCellColumnRule,Procedure to handle cells with merged columns
matlab.io.html.HTMLImportOptions,MergedCellRowRule,Procedure to handle cells with merged rows
matlab.io.html.HTMLImportOptions,MissingRule,Procedure to manage missing data
matlab.io.html.HTMLImportOptions,RowNamesColumn,Row names location
matlab.io.html.HTMLImportOptions,SelectedVariableNames,Subset of variables to import
matlab.io.html.HTMLImportOptions,TableSelector,Table data XPath expression
matlab.io.html.HTMLImportOptions,VariableDescriptionsRow,Row containing variable descriptions
matlab.io.html.HTMLImportOptions,VariableNames,Variable names
matlab.io.html.HTMLImportOptions,VariableNamesRow,Row containing variable names
matlab.io.html.HTMLImportOptions,VariableNamingRule,Flag to preserve variable names
matlab.io.html.HTMLImportOptions,VariableOptions,Type specific variable import options
matlab.io.html.HTMLImportOptions,VariableTypes,Data types of variable
matlab.io.html.HTMLImportOptions,VariableUnitsRow,Row containing variable units
matlab.io.parquet.ParquetInfo,FileSize,File size in bytes
matlab.io.parquet.ParquetInfo,Filename,Absolute path to Parquet file
matlab.io.parquet.ParquetInfo,NumRowGroups,Number of row groups
matlab.io.parquet.ParquetInfo,RowGroupHeights,Number of rows in each row group
matlab.io.parquet.ParquetInfo,VariableCompression,Variable compression algorithm
matlab.io.parquet.ParquetInfo,VariableEncoding,Variable encoding
matlab.io.parquet.ParquetInfo,VariableNames,Variable names
matlab.io.parquet.ParquetInfo,VariableTypes,Variable data types
matlab.io.parquet.ParquetInfo,Version,Parquet version
matlab.io.spreadsheet.SpreadsheetImportOptions,DataRange,Location of data
matlab.io.spreadsheet.SpreadsheetImportOptions,ImportErrorRule,Procedure to handle import errors
matlab.io.spreadsheet.SpreadsheetImportOptions,MissingRule,Procedure to manage missing data
matlab.io.spreadsheet.SpreadsheetImportOptions,RowNamesRange,Location of row names
matlab.io.spreadsheet.SpreadsheetImportOptions,SelectedVariableNames,Subset of variables to import
matlab.io.spreadsheet.SpreadsheetImportOptions,Sheet,Sheet to read from
matlab.io.spreadsheet.SpreadsheetImportOptions,VariableDescriptionsRange,Location of variable descriptions
matlab.io.spreadsheet.SpreadsheetImportOptions,VariableNames,Variable names
matlab.io.spreadsheet.SpreadsheetImportOptions,VariableNamesRange,Location of variable names
matlab.io.spreadsheet.SpreadsheetImportOptions,VariableNamingRule,Flag to preserve variable names
matlab.io.spreadsheet.SpreadsheetImportOptions,VariableOptions,Type specific variable import options
matlab.io.spreadsheet.SpreadsheetImportOptions,VariableTypes,Data types of variable
matlab.io.spreadsheet.SpreadsheetImportOptions,VariableUnitsRange,Location of variable units
matlab.io.text.DelimitedTextImportOptions,CommentStyle,Style of comments
matlab.io.text.DelimitedTextImportOptions,ConsecutiveDelimitersRule,Procedure to handle consecutive delimiters
matlab.io.text.DelimitedTextImportOptions,DataLines,Data location
matlab.io.text.DelimitedTextImportOptions,Delimiter,Field delimiter characters
matlab.io.text.DelimitedTextImportOptions,EmptyLineRule,Procedure to handle empty lines
matlab.io.text.DelimitedTextImportOptions,Encoding,Character encoding scheme
matlab.io.text.DelimitedTextImportOptions,ExtraColumnsRule,Procedure to handle extra columns
matlab.io.text.DelimitedTextImportOptions,ImportErrorRule,Procedure to handle import errors
matlab.io.text.DelimitedTextImportOptions,LeadingDelimitersRule,Procedure to manage leading delimiters
matlab.io.text.DelimitedTextImportOptions,LineEnding,End-of-line characters
matlab.io.text.DelimitedTextImportOptions,MissingRule,Procedure to manage missing data
matlab.io.text.DelimitedTextImportOptions,RowNamesColumn,Row names location
matlab.io.text.DelimitedTextImportOptions,SelectedVariableNames,Subset of variables to import
matlab.io.text.DelimitedTextImportOptions,TrailingDelimitersRule,Procedure to manage trailing delimiters
matlab.io.text.DelimitedTextImportOptions,VariableDescriptionsLine,Variable description location
matlab.io.text.DelimitedTextImportOptions,VariableNames,Variable names
matlab.io.text.DelimitedTextImportOptions,VariableNamesLine,Variable names location
matlab.io.text.DelimitedTextImportOptions,VariableNamingRule,Flag to preserve variable names
matlab.io.text.DelimitedTextImportOptions,VariableOptions,Type specific variable import options
matlab.io.text.DelimitedTextImportOptions,VariableTypes,Data types of variable
matlab.io.text.DelimitedTextImportOptions,VariableUnitsLine,Variable units location
matlab.io.text.DelimitedTextImportOptions,Whitespace,Characters to treat as white space
matlab.io.text.FixedWidthImportOptions,CommentStyle,Style of comments
matlab.io.text.FixedWidthImportOptions,DataLines,Data location
matlab.io.text.FixedWidthImportOptions,EmptyLineRule,Procedure to handle empty lines
matlab.io.text.FixedWidthImportOptions,Encoding,Character encoding scheme
matlab.io.text.FixedWidthImportOptions,ExtraColumnsRule,Procedure to handle extra columns
matlab.io.text.FixedWidthImportOptions,ImportErrorRule,Procedure to handle import errors
matlab.io.text.FixedWidthImportOptions,LineEnding,End-of-line characters
matlab.io.text.FixedWidthImportOptions,MissingRule,Procedure to manage missing data
matlab.io.text.FixedWidthImportOptions,PartialFieldRule,Procedure to handle partial fields
matlab.io.text.FixedWidthImportOptions,RowNamesColumn,Row names location
matlab.io.text.FixedWidthImportOptions,SelectedVariableNames,Subset of variables to import
matlab.io.text.FixedWidthImportOptions,VariableDescriptionsLine,Variable description location
matlab.io.text.FixedWidthImportOptions,VariableNames,Variable names
matlab.io.text.FixedWidthImportOptions,VariableNamesLine,Variable names location
matlab.io.text.FixedWidthImportOptions,VariableNamingRule,Flag to preserve variable names
matlab.io.text.FixedWidthImportOptions,VariableOptions,Type specific variable import options
matlab.io.text.FixedWidthImportOptions,VariableTypes,Data types of variable
matlab.io.text.FixedWidthImportOptions,VariableUnitsLine,Variable units location
matlab.io.text.FixedWidthImportOptions,VariableWidths,Field widths of variables
matlab.io.text.FixedWidthImportOptions,Whitespace,Characters to treat as white space
matlab.io.word.WordDocumentImportOptions,DataRows,Data location
matlab.io.word.WordDocumentImportOptions,EmptyRowRule,Procedure to handle empty rows
matlab.io.word.WordDocumentImportOptions,ExtraColumnsRule,Procedure to handle extra columns
matlab.io.word.WordDocumentImportOptions,ImportErrorRule,Procedure to handle import errors
matlab.io.word.WordDocumentImportOptions,MergedCellColumnRule,Procedure to handle cells with merged columns
matlab.io.word.WordDocumentImportOptions,MergedCellRowRule,Procedure to handle cells with merged rows
matlab.io.word.WordDocumentImportOptions,MissingRule,Procedure to manage missing data
matlab.io.word.WordDocumentImportOptions,RowNamesColumn,Row names location
matlab.io.word.WordDocumentImportOptions,SelectedVariableNames,Subset of variables to import
matlab.io.word.WordDocumentImportOptions,TableSelector,Table data XPath expression
matlab.io.word.WordDocumentImportOptions,VariableDescriptionsRow,Row containing variable descriptions
matlab.io.word.WordDocumentImportOptions,VariableNames,Variable names
matlab.io.word.WordDocumentImportOptions,VariableNamesRow,Row containing variable names
matlab.io.word.WordDocumentImportOptions,VariableNamingRule,Flag to preserve variable names
matlab.io.word.WordDocumentImportOptions,VariableOptions,Type specific variable import options
matlab.io.word.WordDocumentImportOptions,VariableTypes,Data types of variable
matlab.io.word.WordDocumentImportOptions,VariableUnitsRow,Row containing variable units
matlab.io.xml.XMLImportOptions,ImportErrorRule,Procedure to handle import errors
matlab.io.xml.XMLImportOptions,MissingRule,Procedure to manage missing data
matlab.io.xml.XMLImportOptions,RegisteredNamespaces,Set of registered XML namespace prefixes
matlab.io.xml.XMLImportOptions,RepeatedNodeRule,Procedure to handle repeated XML nodes
matlab.io.xml.XMLImportOptions,RowNamesSelector,Table row names XPath expression
matlab.io.xml.XMLImportOptions,RowSelector,Table row XPath expression
matlab.io.xml.XMLImportOptions,SelectedVariableNames,Subset of variables to import
matlab.io.xml.XMLImportOptions,TableSelector,Table data XPath expression
matlab.io.xml.XMLImportOptions,VariableDescriptionsSelector,Variable descriptions XPath expression
matlab.io.xml.XMLImportOptions,VariableNames,Variable names
matlab.io.xml.XMLImportOptions,VariableNamingRule,Flag to preserve variable names
matlab.io.xml.XMLImportOptions,VariableOptions,Type specific variable import options
matlab.io.xml.XMLImportOptions,VariableSelectors,Table variable XPath expressions
matlab.io.xml.XMLImportOptions,VariableTypes,Data types of variable
matlab.io.xml.XMLImportOptions,VariableUnitsSelector,Variable units XPath expression
matlab.io.xml.dom.Attr,IsID,Whether attribute is ID attribute
matlab.io.xml.dom.Attr,Name,Attribute name
matlab.io.xml.dom.Attr,Value,Attribute value
matlab.io.xml.dom.CDATASection,Length,Number of characters in CDATA section
matlab.io.xml.dom.CDATASection,TextContent,Text content of CDATA section
matlab.io.xml.dom.Comment,Length,Number of characters in comment
matlab.io.xml.dom.Comment,TextContent,Text content of comment
matlab.io.xml.dom.DOMWriter,Configuration,writer options
matlab.io.xml.dom.Document,Children,Child node of this document
matlab.io.xml.dom.Document,Configuration,Document configuration
matlab.io.xml.dom.Document,DocumentURI,URI of document source file
matlab.io.xml.dom.Document,InputEncoding,Character encoding of source XML
matlab.io.xml.dom.Document,XMLEncoding,Character encoding defined by XML declaration
matlab.io.xml.dom.Document,XMLStandalone,Whether this document is standalone
matlab.io.xml.dom.Document,XMLVersion,XML version of this document
matlab.io.xml.dom.DocumentFragment,TextContent,Text content of document fragment
matlab.io.xml.dom.DocumentType,InternalSubset,Locally defined entities and notations
matlab.io.xml.dom.DocumentType,Name,Name of document type
matlab.io.xml.dom.DocumentType,PublicID,Public ID of document type
matlab.io.xml.dom.DocumentType,SystemID,System ID of document type
matlab.io.xml.dom.Element,Children,Child nodes of this element
matlab.io.xml.dom.Element,HasAttributes,Whether this element has attributes
matlab.io.xml.dom.Element,TagName,Tag name of element
matlab.io.xml.dom.Element,TextContent,Text content of element
matlab.io.xml.dom.Entity,InputEncoding,Encoding of entity source document
matlab.io.xml.dom.Entity,PublicID,Public ID of entity source document
matlab.io.xml.dom.Entity,SystemID,System ID of entity source document
matlab.io.xml.dom.Entity,XMLEncoding,Encoding specified by XML declaration
matlab.io.xml.dom.Entity,XMLVersion,XML version specified by XML declaration
matlab.io.xml.dom.FileWriter,FileEncoding,Encoding of text output
matlab.io.xml.dom.Locator,ColumnNumber,Column number of element in file
matlab.io.xml.dom.Locator,LineNumber,Line number of element in file
matlab.io.xml.dom.Locator,PublicId,Public ID of file that contains element
matlab.io.xml.dom.Locator,SystemId,System ID of file that contains element
matlab.io.xml.dom.NamedNodeMap,Length,Number of items in the list
matlab.io.xml.dom.NodeList,Length,Number of items in the node list
matlab.io.xml.dom.NodeList,TextContent,Concatenated text content of list items
matlab.io.xml.dom.Notation,PublicID,Public ID of notation
matlab.io.xml.dom.Notation,SystemID,System ID of notation
matlab.io.xml.dom.ParseError,Message,Error description
matlab.io.xml.dom.ParseErrorLocator,ByteOffset,Offset of error in bytes
matlab.io.xml.dom.ParseErrorLocator,CharOffset,Character offset
matlab.io.xml.dom.ParseErrorLocator,ColumnNumber,Offset of error in characters
matlab.io.xml.dom.ParseErrorLocator,FilePath,Path of file containing error
matlab.io.xml.dom.ParseErrorLocator,LineNumber,Offset of error in lines
matlab.io.xml.dom.Parser,Configuration,Parser options
matlab.io.xml.dom.ParserConfiguration,AllowDoctype,Document type definition (DTD) permissions
matlab.io.xml.dom.ParserConfiguration,CacheGrammarFromParse,Whether to cache parsed schema
matlab.io.xml.dom.ParserConfiguration,Comments,Whether to include input comments in the parser output
matlab.io.xml.dom.ParserConfiguration,DatatypeNormalization,Whether to normalize white space in XML input
matlab.io.xml.dom.ParserConfiguration,DisableEntityResolution,Whether to disable resolution of entity references
matlab.io.xml.dom.ParserConfiguration,DoXInclude,Whether to process XInclude declarations
matlab.io.xml.dom.ParserConfiguration,Entities,Whether to expand entity references in markup
matlab.io.xml.dom.ParserConfiguration,EntityResolver,Object that resolves entity references
matlab.io.xml.dom.ParserConfiguration,ErrorHandler,Object that handles parse errors
matlab.io.xml.dom.ParserConfiguration,ExternalNoNamespaceSchemaLocation,URI of external schema for validation of XML without namespaces
matlab.io.xml.dom.ParserConfiguration,ExternalSchemaLocation,URI of external schema for validation of XML with namespaces
matlab.io.xml.dom.ParserConfiguration,GenerateSyntheticAnnotations,Whether to generate synthetic annotations
matlab.io.xml.dom.ParserConfiguration,HandleMultipleImports,Whether to allow multiple schemas
matlab.io.xml.dom.ParserConfiguration,HasPSVI,Whether to save post-schema-validation information
matlab.io.xml.dom.ParserConfiguration,IdentityConstraintChecking,Whether to check identity constraints
matlab.io.xml.dom.ParserConfiguration,IgnoreAnnotations,Whether to ignore annotations in schema markup
matlab.io.xml.dom.ParserConfiguration,LoadExternalDTD,Whether to load an external DTD
matlab.io.xml.dom.ParserConfiguration,LoadSchema,Whether to load a schema
matlab.io.xml.dom.ParserConfiguration,Namespaces,Whether to require a declared namespace for element name prefix
matlab.io.xml.dom.ParserConfiguration,Schema,Whether to use schema-based markup validation
matlab.io.xml.dom.ParserConfiguration,SchemaFullChecking,Whether to enable full schema constraint checking
matlab.io.xml.dom.ParserConfiguration,SkipDTDValidation,Whether to skip DTD validation of input
matlab.io.xml.dom.ParserConfiguration,StandardURIConformant,Whether to enforce URI conformity
matlab.io.xml.dom.ParserConfiguration,UseCachedGrammarInParse,Whether to use a cached grammar
matlab.io.xml.dom.ParserConfiguration,Validate,Whether to validate input markup
matlab.io.xml.dom.ParserConfiguration,ValidateAnnotations,Whether to validate annotations
matlab.io.xml.dom.ParserConfiguration,ValidateIfSchema,Whether validation requires a schema
matlab.io.xml.dom.ProcessingInstruction,Data,Processing instruction data
matlab.io.xml.dom.ProcessingInstruction,Target,Processing instruction target
matlab.io.xml.dom.ResourceIdentifier,BaseURI,Base URI of resource
matlab.io.xml.dom.ResourceIdentifier,Namespace,URI of namespace for entities to be resolved
matlab.io.xml.dom.ResourceIdentifier,PublicId,Public ID of resource
matlab.io.xml.dom.ResourceIdentifier,SchemaLocation,Location of schema
matlab.io.xml.dom.ResourceIdentifier,SystemId,System ID of resource
matlab.io.xml.dom.Text,Length,Number of characters in text
matlab.io.xml.dom.Text,TextContent,Text content of text node
matlab.io.xml.dom.TypeInfo,TypeName,Name of schema type
matlab.io.xml.dom.TypeInfo,TypeNamespace,Namespace of schema type
matlab.io.xml.dom.WriterConfiguration,BOM,Whether to include a BOM in the output
matlab.io.xml.dom.WriterConfiguration,DTD,Whether to include a DTD in the output
matlab.io.xml.dom.WriterConfiguration,DiscardDefaultContent,Whether to discard default content in output
matlab.io.xml.dom.WriterConfiguration,FormatPrettyPrint,Whether to pretty-print the output XML markup
matlab.io.xml.dom.WriterConfiguration,SplitCDATASections,Whether to split CDATA sections
matlab.io.xml.dom.WriterConfiguration,XMLDeclaration,Whether to include an XML declaration in the output
matlab.io.xml.transform.ResultDocument,Document,Document that results from transformation
matlab.io.xml.transform.ResultFile,Path,Path of file that contains transformation results
matlab.io.xml.transform.ResultString,String,Text that contains transformation results
matlab.io.xml.transform.SourceDocument,Document,XML document
matlab.io.xml.transform.SourceFile,Path,Path of XML file
matlab.io.xml.transform.SourceString,String,XML markup
matlab.io.xml.transform.StylesheetSourceDocument,Document,Document containing stylesheet
matlab.io.xml.transform.StylesheetSourceFile,Path,Path of XSL file
matlab.io.xml.transform.StylesheetSourceString,String,XSL markup
matlab.io.xml.transform.Transformer,EntityResolver,Object that resolves stylesheet entity references
matlab.io.xml.transform.Transformer,ExternalNoNSSchemaLocation,Path of external schema when namespaces are not used
matlab.io.xml.transform.Transformer,ExternalSchemaLocation,Path of external schema when namespaces are used
matlab.io.xml.transform.Transformer,OutputEncoding,Character encoding of output document
matlab.io.xml.transform.Transformer,UseValidation,Whether to validate input document and stylesheet
matlab.io.xml.xpath.CompiledExpression,Source,Source XPath expression
matlab.io.xml.xpath.Evaluator,PrefixResolver,Custom prefix resolver
matlab.io.xml.xpath.Evaluator,ResolvePrefixes,Whether to resolve namespace prefixes
matlab.mapreduce.ValueIterator,Key,Intermediate key
matlab.mex.MexHost,EnvironmentVariables,Process environment variables
matlab.mex.MexHost,Functions,Names of C++ MEX functions loaded in the host process
matlab.mex.MexHost,ProcessIdentifier,Process identifier of the C++ MEX host process
matlab.mex.MexHost,ProcessName,Name of the C++ MEX host process
matlab.mixin.util.PropertyGroup,NumProperties,
matlab.mixin.util.PropertyGroup,PropertyList,
matlab.mixin.util.PropertyGroup,Title,
matlab.mock.InteractionHistory,Name,Method or property name
matlab.mock.actions.AssignOutputs,Outputs,Predefined return values
matlab.mock.actions.Invoke,Function,Function to invoke
matlab.mock.constraints.Occurred,RespectOrder,Respects order of interactions
matlab.mock.constraints.WasAccessed,Count,Property access count
matlab.mock.constraints.WasCalled,Count,Method call count
matlab.mock.constraints.WasSet,Count,Property set access count
matlab.mock.constraints.WasSet,Value,Property values
matlab.mock.history.MethodCall,Inputs,Inputs passed to mock object method
matlab.mock.history.MethodCall,Name,Name of mock object method
matlab.mock.history.PropertyAccess,Name,Name of mock object property
matlab.mock.history.PropertyModification,Name,Name of mock object property
matlab.mock.history.PropertyModification,Value,Value assigned to mock object property
matlab.mock.history.SuccessfulMethodCall,Inputs,Inputs passed to mock object method
matlab.mock.history.SuccessfulMethodCall,Name,Name of mock object method
matlab.mock.history.SuccessfulMethodCall,Outputs,Outputs returned from mock object method
matlab.mock.history.SuccessfulPropertyAccess,Name,Name of mock object property
matlab.mock.history.SuccessfulPropertyAccess,Value,Return value of mock object property
matlab.mock.history.SuccessfulPropertyModification,Name,Name of mock object property
matlab.mock.history.SuccessfulPropertyModification,Value,Value assigned to mock object property
matlab.mock.history.UnsuccessfulMethodCall,Exception,Exception produced by mock object interaction
matlab.mock.history.UnsuccessfulMethodCall,Inputs,Inputs passed to mock object method
matlab.mock.history.UnsuccessfulMethodCall,Name,Name of mock object method
matlab.mock.history.UnsuccessfulPropertyAccess,Exception,Exception produced by mock property access
matlab.mock.history.UnsuccessfulPropertyAccess,Name,Name of mock object property
matlab.mock.history.UnsuccessfulPropertyModification,Exception,Exception produced by mock property modification
matlab.mock.history.UnsuccessfulPropertyModification,Name,Name of mock object property
matlab.mock.history.UnsuccessfulPropertyModification,Value,Value assigned to mock object property
matlab.net.QueryParameter,Format,Encoding format
matlab.net.QueryParameter,Name,Parameter name
matlab.net.QueryParameter,Value,Parameter value
matlab.net.URI,Absolute,Whether URI is absolute (read-only)
matlab.net.URI,EncodedAuthority,Encoded authority portion of URI
matlab.net.URI,EncodedPath,Encoded path
matlab.net.URI,EncodedQuery,Encoded query
matlab.net.URI,EncodedURI,Entire encoded URI
matlab.net.URI,Fragment,Direction to secondary resource
matlab.net.URI,Host,Host name
matlab.net.URI,Path,Path segments
matlab.net.URI,Port,Port number
matlab.net.URI,Query,Query of URI
matlab.net.URI,Scheme,URI scheme
matlab.net.URI,UserInfo,User information
matlab.net.http.AuthInfo,Parameters,Parameter names and values
matlab.net.http.AuthInfo,Scheme,Authentication scheme
matlab.net.http.Cookie,Name,Cookie name
matlab.net.http.Cookie,Value,Cookie value
matlab.net.http.CookieInfo,Cookie,Cookie
matlab.net.http.CookieInfo,CreationTime,Time cookie was created
matlab.net.http.CookieInfo,Domain,Cookie domain
matlab.net.http.CookieInfo,ExpirationTime,Cookie expiration
matlab.net.http.CookieInfo,Expires,Cookie expiration time
matlab.net.http.CookieInfo,Extensions,Values of extension-av attributes
matlab.net.http.CookieInfo,HostOnly,Domain attribute status
matlab.net.http.CookieInfo,HttpOnly,HttpOnly attribute status
matlab.net.http.CookieInfo,MaxAge,Duration of cookie
matlab.net.http.CookieInfo,Path,Path attribute in Set-Cookie field
matlab.net.http.CookieInfo,Secure,Secure attribute status
matlab.net.http.Credentials,GetCredentialsFcn,Function returning Username and Password
matlab.net.http.Credentials,Password,Password for Basic or Digest authentication schemes
matlab.net.http.Credentials,Realm,Authentication realms for credentials
matlab.net.http.Credentials,Scheme,Authentication schemes for credentials
matlab.net.http.Credentials,Scope,URIs to which credentials apply
matlab.net.http.Credentials,Username,User name for Basic or Digest authentication schemes
matlab.net.http.HTTPException,History,History of transaction
matlab.net.http.HTTPException,Request,Request message as completed
matlab.net.http.HTTPException,URI,URI for last message
matlab.net.http.HTTPOptions,Authenticate,Whether Credentials used for authentication
matlab.net.http.HTTPOptions,CertificateFilename,File name
matlab.net.http.HTTPOptions,ConnectTimeout,Seconds to wait for initial server connection
matlab.net.http.HTTPOptions,ConvertResponse,How to process raw payload from server
matlab.net.http.HTTPOptions,Credentials,Authentication credentials
matlab.net.http.HTTPOptions,DataTimeout,Seconds to wait between data packets
matlab.net.http.HTTPOptions,DecodeResponse,Whether to decode compressed data
matlab.net.http.HTTPOptions,KeepAliveTimeout,Seconds to keep server connection open
matlab.net.http.HTTPOptions,MaxRedirects,Number of redirects allowed
matlab.net.http.HTTPOptions,ProgressMonitorFcn,Progress monitor handler
matlab.net.http.HTTPOptions,ProxyURI,Proxy server address
matlab.net.http.HTTPOptions,ResponseTimeout,Seconds to wait to receive initial response
matlab.net.http.HTTPOptions,SavePayload,Whether Payload saved
matlab.net.http.HTTPOptions,UseProgressMonitor,Whether to display progress
matlab.net.http.HTTPOptions,UseProxy,Whether using proxy
matlab.net.http.HTTPOptions,VerifyServerName,Whether server name matches certificate
matlab.net.http.HeaderField,Name,Header field name
matlab.net.http.HeaderField,Value,Header field value
matlab.net.http.LogRecord,Disposition,Disposition of exchange
matlab.net.http.LogRecord,Exception,Exception
matlab.net.http.LogRecord,Request,Request message
matlab.net.http.LogRecord,RequestTime,Start and end times of request message
matlab.net.http.LogRecord,Response,Response message
matlab.net.http.LogRecord,ResponseTime,Start and end times of response message
matlab.net.http.LogRecord,URI,URI of request
matlab.net.http.MediaType,MediaInfo,Media type portion
matlab.net.http.MediaType,Parameters,Parameters
matlab.net.http.MediaType,Subtype,Subtype
matlab.net.http.MediaType,Type,Primary type
matlab.net.http.MediaType,Weight,Weight parameter q
matlab.net.http.Message,Body,Message body
matlab.net.http.Message,Completed,Whether message is complete
matlab.net.http.Message,Header,Message header
matlab.net.http.Message,StartLine,First line of message
matlab.net.http.MessageBody,ContentCoding,Content-Encoding of payload
matlab.net.http.MessageBody,ContentType,Content-Type of data
matlab.net.http.MessageBody,Data,Message data
matlab.net.http.MessageBody,Payload,Raw bytes sent in message
matlab.net.http.ProgressMonitor,CancelFcn,Function to call to cancel transfer (read-only)
matlab.net.http.ProgressMonitor,Direction,Direction of transfer
matlab.net.http.ProgressMonitor,InUse,Monitor is in use indicator (read-only)
matlab.net.http.ProgressMonitor,Interval,Seconds to first call and maximum interval between calls
matlab.net.http.ProgressMonitor,Max,Maximum length of the transfer (read-only)
matlab.net.http.ProgressMonitor,Value,Number of bytes transferred so far
matlab.net.http.ProtocolVersion,Major,Major version number
matlab.net.http.ProtocolVersion,Minor,Minor version number
matlab.net.http.ProtocolVersion,Name,Protocol name
matlab.net.http.RequestLine,Method,Request method
matlab.net.http.RequestLine,ProtocolVersion,Protocol version
matlab.net.http.RequestLine,RequestTarget,Target URI
matlab.net.http.RequestMessage,Body,Message body
matlab.net.http.RequestMessage,Completed,Whether message is complete
matlab.net.http.RequestMessage,Header,Message header
matlab.net.http.RequestMessage,Method,Request method
matlab.net.http.RequestMessage,RequestLine,Request line
matlab.net.http.RequestMessage,StartLine,Message start line
matlab.net.http.ResponseMessage,Body,Message body
matlab.net.http.ResponseMessage,Completed,Whether message is completed
matlab.net.http.ResponseMessage,Header,Message header
matlab.net.http.ResponseMessage,StatusCode,HTTP status code
matlab.net.http.ResponseMessage,StatusLine,Status line from server
matlab.net.http.StatusLine,ProtocolVersion,Protocol version
matlab.net.http.StatusLine,ReasonPhrase,Reason phrase from server
matlab.net.http.StatusLine,StatusCode,Status code
matlab.net.http.field.AcceptField,Name,Header field name
matlab.net.http.field.AcceptField,Value,Media type
matlab.net.http.field.AuthenticateField,Name,Header field name
matlab.net.http.field.AuthenticateField,Value,Challenges
matlab.net.http.field.AuthenticationInfoField,Name,Header field name
matlab.net.http.field.AuthenticationInfoField,Value,Header field value
matlab.net.http.field.AuthorizationField,Name,Header field name
matlab.net.http.field.AuthorizationField,Value,Authorization
matlab.net.http.field.ContentDispositionField,Name,Header field name
matlab.net.http.field.ContentDispositionField,Value,Media type
matlab.net.http.field.ContentLengthField,Name,Header field name
matlab.net.http.field.ContentLengthField,Value,Length of payload
matlab.net.http.field.ContentLocationField,Name,Header field name
matlab.net.http.field.ContentLocationField,Value,URI
matlab.net.http.field.ContentTypeField,Name,Header field name
matlab.net.http.field.ContentTypeField,Value,Media type
matlab.net.http.field.CookieField,Name,Header field name
matlab.net.http.field.CookieField,Value,Cookie
matlab.net.http.field.DateField,Name,Header field name
matlab.net.http.field.DateField,Value,Date and time
matlab.net.http.field.GenericField,Name,Header field name
matlab.net.http.field.GenericField,Value,Header value
matlab.net.http.field.GenericParameterizedField,Name,Field name
matlab.net.http.field.GenericParameterizedField,Type,Field Type property
matlab.net.http.field.GenericParameterizedField,Value,Field value
matlab.net.http.field.HTTPDateField,Name,Date field name
matlab.net.http.field.HTTPDateField,Value,Date
matlab.net.http.field.IntegerField,Name,Header field name
matlab.net.http.field.IntegerField,Value,Integer value
matlab.net.http.field.LocationField,Name,Header field name
matlab.net.http.field.LocationField,Value,URI
matlab.net.http.field.MediaRangeField,Name,Header field name
matlab.net.http.field.MediaRangeField,Value,Header field value
matlab.net.http.field.SetCookieField,Name,Header field name
matlab.net.http.field.SetCookieField,Value,Header field value
matlab.net.http.field.URIReferenceField,Name,Header field name
matlab.net.http.field.URIReferenceField,Value,URI
matlab.net.http.io.BinaryConsumer,AllocationLength,Suggested buffer size
matlab.net.http.io.BinaryConsumer,AppendFcn,Function called by putData to append additional data
matlab.net.http.io.BinaryConsumer,ContentLength,Expected length of payload
matlab.net.http.io.BinaryConsumer,ContentType,Media type of payload
matlab.net.http.io.BinaryConsumer,CurrentDelegate,ContentConsumer to which this consumer is delegating
matlab.net.http.io.BinaryConsumer,CurrentLength,Length of data currently in Response.Body.Data
matlab.net.http.io.BinaryConsumer,Header,Header of payload currently being processed
matlab.net.http.io.BinaryConsumer,MyDelegator,ContentConsumer that delegated to this consumer
matlab.net.http.io.BinaryConsumer,Request,Completed RequestMessage that was sent
matlab.net.http.io.BinaryConsumer,Response,ResponseMessage being processed
matlab.net.http.io.BinaryConsumer,URI,Destination of request being processed
matlab.net.http.io.ContentConsumer,AllocationLength,Suggested buffer size
matlab.net.http.io.ContentConsumer,AppendFcn,Function called by putData to append additional data
matlab.net.http.io.ContentConsumer,ContentLength,Expected length of payload
matlab.net.http.io.ContentConsumer,ContentType,Media type of payload
matlab.net.http.io.ContentConsumer,CurrentDelegate,ContentConsumer to which this consumer is delegating
matlab.net.http.io.ContentConsumer,CurrentLength,Length of data currently in Response.Body.Data
matlab.net.http.io.ContentConsumer,Header,Header of payload currently being processed
matlab.net.http.io.ContentConsumer,MyDelegator,ContentConsumer that delegated to this consumer
matlab.net.http.io.ContentConsumer,Request,Completed RequestMessage that was sent
matlab.net.http.io.ContentConsumer,Response,ResponseMessage being processed
matlab.net.http.io.ContentConsumer,URI,Destination of request being processed
matlab.net.http.io.ContentProvider,CurrentDelegate,ContentProvider to which this provider is delegating
matlab.net.http.io.ContentProvider,ForceChunked,Indicate whether to force chunked transfer coding
matlab.net.http.io.ContentProvider,Header,Header fields of message or part
matlab.net.http.io.ContentProvider,MyDelegator,ContentProvider that delegated to this provider
matlab.net.http.io.ContentProvider,Request,Request message to send
matlab.net.http.io.FileConsumer,AllocationLength,Suggested buffer size
matlab.net.http.io.FileConsumer,AppendFcn,Function called by putData to append additional data
matlab.net.http.io.FileConsumer,ContentLength,Expected length of payload
matlab.net.http.io.FileConsumer,ContentType,Media type of payload
matlab.net.http.io.FileConsumer,CurrentDelegate,ContentConsumer to which this consumer is delegating
matlab.net.http.io.FileConsumer,CurrentLength,Length of data currently in Response.Body.Data
matlab.net.http.io.FileConsumer,FileIdentifier,File identifier
matlab.net.http.io.FileConsumer,Filename,File path name
matlab.net.http.io.FileConsumer,Header,Header of payload currently being processed
matlab.net.http.io.FileConsumer,MyDelegator,ContentConsumer that delegated to this consumer
matlab.net.http.io.FileConsumer,Request,Completed RequestMessage that was sent
matlab.net.http.io.FileConsumer,Response,ResponseMessage being processed
matlab.net.http.io.FileConsumer,URI,Destination of request being processed
matlab.net.http.io.FileProvider,CurrentDelegate,ContentProvider to which this provider is delegating
matlab.net.http.io.FileProvider,FileSize,Number of bytes to transmit
matlab.net.http.io.FileProvider,Filename,Full path of file
matlab.net.http.io.FileProvider,ForceChunked,Indicate whether to force chunked transfer coding
matlab.net.http.io.FileProvider,Header,Header fields of message or part
matlab.net.http.io.FileProvider,MyDelegator,ContentProvider that delegated to this provider
matlab.net.http.io.FileProvider,Request,Request message to send
matlab.net.http.io.FormProvider,CurrentDelegate,ContentProvider to which this provider is delegating
matlab.net.http.io.FormProvider,ForceChunked,Indicate whether to force chunked transfer coding
matlab.net.http.io.FormProvider,Header,Header fields of message or part
matlab.net.http.io.FormProvider,MyDelegator,ContentProvider that delegated to this provider
matlab.net.http.io.FormProvider,Parameters,Query parameters
matlab.net.http.io.FormProvider,Request,Request message to send
matlab.net.http.io.GenericConsumer,AllocationLength,Suggested buffer size
matlab.net.http.io.GenericConsumer,AppendFcn,Function called by putData to append additional data
matlab.net.http.io.GenericConsumer,ContentLength,Expected length of payload
matlab.net.http.io.GenericConsumer,ContentType,Media type of payload
matlab.net.http.io.GenericConsumer,CurrentDelegate,ContentConsumer to which this consumer is delegating
matlab.net.http.io.GenericConsumer,CurrentLength,Length of data currently in Response.Body.Data
matlab.net.http.io.GenericConsumer,Header,Header of payload currently being processed
matlab.net.http.io.GenericConsumer,MyDelegator,ContentConsumer that delegated to this consumer
matlab.net.http.io.GenericConsumer,PutMethod,putData method
matlab.net.http.io.GenericConsumer,Request,Completed RequestMessage that was sent
matlab.net.http.io.GenericConsumer,Response,ResponseMessage being processed
matlab.net.http.io.GenericConsumer,URI,Destination of request being processed
matlab.net.http.io.GenericProvider,CurrentDelegate,ContentProvider to which this provider is delegating
matlab.net.http.io.GenericProvider,ForceChunked,Indicate whether to force chunked transfer coding
matlab.net.http.io.GenericProvider,GetDataFcn,Function to get data
matlab.net.http.io.GenericProvider,Header,Header fields of message or part
matlab.net.http.io.GenericProvider,MyDelegator,ContentProvider that delegated to this provider
matlab.net.http.io.GenericProvider,Request,Request message to send
matlab.net.http.io.ImageConsumer,AllocationLength,Suggested buffer size
matlab.net.http.io.ImageConsumer,AppendFcn,Function called by putData to append additional data
matlab.net.http.io.ImageConsumer,ContentLength,Expected length of payload
matlab.net.http.io.ImageConsumer,ContentType,Media type of payload
matlab.net.http.io.ImageConsumer,CurrentDelegate,ContentConsumer to which this consumer is delegating
matlab.net.http.io.ImageConsumer,CurrentLength,Length of data currently in Response.Body.Data
matlab.net.http.io.ImageConsumer,Format,Image format
matlab.net.http.io.ImageConsumer,Header,Header of payload currently being processed
matlab.net.http.io.ImageConsumer,Info,Image information
matlab.net.http.io.ImageConsumer,MyDelegator,ContentConsumer that delegated to this consumer
matlab.net.http.io.ImageConsumer,PartialData,Partial image data
matlab.net.http.io.ImageConsumer,Request,Completed RequestMessage that was sent
matlab.net.http.io.ImageConsumer,Response,ResponseMessage being processed
matlab.net.http.io.ImageConsumer,URI,Destination of request being processed
matlab.net.http.io.ImageProvider,Arguments,Arguments to imwrite function
matlab.net.http.io.ImageProvider,CurrentDelegate,ContentProvider to which this provider is delegating
matlab.net.http.io.ImageProvider,Data,MATLAB data to be converted
matlab.net.http.io.ImageProvider,Filename,File containing image data
matlab.net.http.io.ImageProvider,ForceChunked,Indicate whether to force chunked transfer coding
matlab.net.http.io.ImageProvider,Header,Header fields of message or part
matlab.net.http.io.ImageProvider,MyDelegator,ContentProvider that delegated to this provider
matlab.net.http.io.ImageProvider,Request,Request message to send
matlab.net.http.io.JSONConsumer,AllocationLength,Suggested buffer size
matlab.net.http.io.JSONConsumer,AppendFcn,Function called by putData to append additional data
matlab.net.http.io.JSONConsumer,Charset,Character set
matlab.net.http.io.JSONConsumer,ContentLength,Expected length of payload
matlab.net.http.io.JSONConsumer,ContentType,Media type of payload
matlab.net.http.io.JSONConsumer,CurrentDelegate,ContentConsumer to which this consumer is delegating
matlab.net.http.io.JSONConsumer,CurrentLength,Length of data currently in Response.Body.Data
matlab.net.http.io.JSONConsumer,Header,Header of payload currently being processed
matlab.net.http.io.JSONConsumer,MyDelegator,ContentConsumer that delegated to this consumer
matlab.net.http.io.JSONConsumer,Request,Completed RequestMessage that was sent
matlab.net.http.io.JSONConsumer,Response,ResponseMessage being processed
matlab.net.http.io.JSONConsumer,URI,Destination of request being processed
matlab.net.http.io.JSONProvider,CurrentDelegate,ContentProvider to which this provider is delegating
matlab.net.http.io.JSONProvider,ForceChunked,Indicate whether to force chunked transfer coding
matlab.net.http.io.JSONProvider,Header,Header fields of message or part
matlab.net.http.io.JSONProvider,JSONData,MATLAB data to convert
matlab.net.http.io.JSONProvider,MyDelegator,ContentProvider that delegated to this provider
matlab.net.http.io.JSONProvider,Request,Request message to send
matlab.net.http.io.MultipartConsumer,AllocationLength,Suggested buffer size
matlab.net.http.io.MultipartConsumer,AppendFcn,Function called by putData to append additional data
matlab.net.http.io.MultipartConsumer,ContentLength,Expected length of payload
matlab.net.http.io.MultipartConsumer,ContentType,Media type of payload
matlab.net.http.io.MultipartConsumer,CurrentDelegate,ContentConsumer to which this consumer is delegating
matlab.net.http.io.MultipartConsumer,CurrentLength,Length of data currently in Response.Body.Data
matlab.net.http.io.MultipartConsumer,Epilogue,Content after last delimiter
matlab.net.http.io.MultipartConsumer,Header,Header of payload currently being processed
matlab.net.http.io.MultipartConsumer,MyDelegator,ContentConsumer that delegated to this consumer
matlab.net.http.io.MultipartConsumer,Preamble,Content before first delimiter
matlab.net.http.io.MultipartConsumer,PutMethod,Handle to delegate's putData method
matlab.net.http.io.MultipartConsumer,Request,Completed RequestMessage that was sent
matlab.net.http.io.MultipartConsumer,Response,ResponseMessage being processed
matlab.net.http.io.MultipartConsumer,URI,Destination of request being processed
matlab.net.http.io.MultipartFormProvider,CurrentDelegate,ContentProvider to which this provider is delegating
matlab.net.http.io.MultipartFormProvider,ForceChunked,Indicate whether to force chunked transfer coding
matlab.net.http.io.MultipartFormProvider,Header,Header fields of message or part
matlab.net.http.io.MultipartFormProvider,MyDelegator,ContentProvider that delegated to this provider
matlab.net.http.io.MultipartFormProvider,Names,Part names
matlab.net.http.io.MultipartFormProvider,Parts,Message body parts
matlab.net.http.io.MultipartFormProvider,Request,Request message to send
matlab.net.http.io.MultipartFormProvider,Subtype,Provider subtype
matlab.net.http.io.MultipartProvider,CurrentDelegate,ContentProvider to which this provider is delegating
matlab.net.http.io.MultipartProvider,ForceChunked,Indicate whether to force chunked transfer coding
matlab.net.http.io.MultipartProvider,Header,Header fields of message or part
matlab.net.http.io.MultipartProvider,MyDelegator,ContentProvider that delegated to this provider
matlab.net.http.io.MultipartProvider,Parts,Message body parts
matlab.net.http.io.MultipartProvider,Request,Request message to send
matlab.net.http.io.MultipartProvider,Subtype,Provider subtype
matlab.net.http.io.StringConsumer,AllocationLength,Suggested buffer size
matlab.net.http.io.StringConsumer,AppendFcn,Function called by putData to append additional data
matlab.net.http.io.StringConsumer,Charset,Character set
matlab.net.http.io.StringConsumer,ContentLength,Expected length of payload
matlab.net.http.io.StringConsumer,ContentType,Media type of payload
matlab.net.http.io.StringConsumer,CurrentDelegate,ContentConsumer to which this consumer is delegating
matlab.net.http.io.StringConsumer,CurrentLength,Length of data currently in Response.Body.Data
matlab.net.http.io.StringConsumer,Header,Header of payload currently being processed
matlab.net.http.io.StringConsumer,MyDelegator,ContentConsumer that delegated to this consumer
matlab.net.http.io.StringConsumer,Request,Completed RequestMessage that was sent
matlab.net.http.io.StringConsumer,Response,ResponseMessage being processed
matlab.net.http.io.StringConsumer,TextType,Data return type
matlab.net.http.io.StringConsumer,URI,Destination of request being processed
matlab.net.http.io.StringProvider,Charset,Character set used for encoding
matlab.net.http.io.StringProvider,CurrentDelegate,ContentProvider to which this provider is delegating
matlab.net.http.io.StringProvider,Data,Data to send
matlab.net.http.io.StringProvider,ForceChunked,Indicate whether to force chunked transfer coding
matlab.net.http.io.StringProvider,Header,Header fields of message or part
matlab.net.http.io.StringProvider,MyDelegator,ContentProvider that delegated to this provider
matlab.net.http.io.StringProvider,Request,Request message to send
matlab.perftest.FixedTimeExperiment,NumWarmups,Number of warm-up measurements
matlab.perftest.FixedTimeExperiment,SampleSize,Number of sample measurements to collect after warm-up
matlab.perftest.FrequentistTimeExperiment,ConfidenceLevel,Confidence level for samples to be within relative margin of error
matlab.perftest.FrequentistTimeExperiment,MaxSamples,Maximum number of samples
matlab.perftest.FrequentistTimeExperiment,MinSamples,Minimum number of samples
matlab.perftest.FrequentistTimeExperiment,NumWarmups,Number of warm-up measurements
matlab.perftest.FrequentistTimeExperiment,RelativeMarginOfError,Goal relative margin of error for samples
matlab.perftest.TimeResult,Name,Name of the test suite element that corresponds to the time results
matlab.perftest.TimeResult,Samples,Information about sample measurements
matlab.perftest.TimeResult,TestActivity,Information about all test activity
matlab.perftest.TimeResult,Valid,Indicator if measurement is valid
matlab.project.Project,Categories,Label categories
matlab.project.Project,DefinitionFilesType,Project definition file types
matlab.project.Project,Dependencies,Graph of dependencies between project files
matlab.project.Project,Description,Project description
matlab.project.Project,Files,Paths of project files
matlab.project.Project,Name,Project name
matlab.project.Project,ProjectPath,Project path folders
matlab.project.Project,ProjectReferences,Paths of referenced projects
matlab.project.Project,ProjectStartupFolder,Project startup folder
matlab.project.Project,ReadOnly,Project permission status
matlab.project.Project,RepositoryLocation,Project repository location
matlab.project.Project,RootFolder,Path of project root folder
matlab.project.Project,Shortcuts,Shortcut files
matlab.project.Project,ShutdownFiles,Project shutdown files
matlab.project.Project,SimulinkCacheFolder,Path of Simulink cache folder
matlab.project.Project,SimulinkCodeGenFolder,Path of Simulink Coder code generation folder
matlab.project.Project,SourceControlIntegration,Source control integration type
matlab.project.Project,SourceControlMessages,Source control information
matlab.project.Project,StartupFiles,Project startup files
matlab.project.Project,TopLevel,Project top-level status
matlab.pyclient.PythonEnvironment,Executable,Name of Python executable file
matlab.pyclient.PythonEnvironment,ExecutionMode,Execution mode
matlab.pyclient.PythonEnvironment,Home,Home folder
matlab.pyclient.PythonEnvironment,Library,Shared library file
matlab.pyclient.PythonEnvironment,ProcessID,Process ID
matlab.pyclient.PythonEnvironment,ProcessName,Process name
matlab.pyclient.PythonEnvironment,Status,Process status
matlab.pyclient.PythonEnvironment,Version,Python version
matlab.settings.FactoryGroup,Hidden,Hidden state
matlab.settings.FactoryGroup,Name,Name of factory group
matlab.settings.FactoryGroup,ValidationFcn,Function to validate settings in factory group
matlab.settings.FactorySetting,FactoryValue,Factory value of setting
matlab.settings.FactorySetting,FactoryValueFcn,Function to set the setting factory value
matlab.settings.FactorySetting,Hidden,Hidden state
matlab.settings.FactorySetting,Name,Name of factory setting
matlab.settings.FactorySetting,ReadOnly,Read-only state
matlab.settings.FactorySetting,ValidationFcn,Function to validate setting value
matlab.settings.OperationResult,ExceptionLog,First upgrade exception
matlab.settings.OperationResult,Operation,Upgrade operation performed
matlab.settings.OperationResult,Status,Status of upgrade operation
matlab.settings.ReleaseCompatibilityException,ExceptionID,Exception identifier
matlab.settings.ReleaseCompatibilityException,ExceptionString,Exception message
matlab.settings.ReleaseCompatibilityResults,PreValidationExceptions,First prevalidation exception
matlab.settings.ReleaseCompatibilityResults,Results,Upgrade Results
matlab.settings.ReleaseCompatibilityResults,VersionLabel,Version toolbox is being upgraded to
matlab.settings.Setting,ActiveValue,Current or active setting value
matlab.settings.Setting,FactoryValue,Factory setting value
matlab.settings.Setting,PersonalValue,Personal setting value
matlab.settings.Setting,TemporaryValue,Temporary setting value
matlab.settings.SettingsFileUpgrader,Version,Toolbox version
matlab.settings.VersionResults,VersionChanges,Status for each upgrade operation
matlab.settings.VersionResults,VersionLabel,Toolbox version of results
matlab.test.behavior.Missing,ClassesWithSupportedConversions,Classes that can be converted to class under test
matlab.test.behavior.Missing,FillValue,Value for growing array
matlab.test.behavior.Missing,MissingValue,Missing value for class under test
matlab.test.behavior.Missing,PrototypeValue,Non-missing value for class under test
matlab.test.behavior.Missing,SupportsComparison,Class supports comparison
matlab.test.behavior.Missing,SupportsOrdering,"logical scalar to control the run of <, >, and so forth"
matlab.test.behavior.Missing,UsableAsMissingIndicator,Class is usable as missing value indicator
matlab.ui.Figure,Alphamap,Transparency map for Axes content
matlab.ui.Figure,BeingDeleted,Deletion status
matlab.ui.Figure,BusyAction,Callback queuing
matlab.ui.Figure,ButtonDownFcn,Button down callback
matlab.ui.Figure,Children,Children of figure
matlab.ui.Figure,Clipping,Clipping of child components (not recommended)
matlab.ui.Figure,CloseRequestFcn,Close request callback
matlab.ui.Figure,Color,Background color
matlab.ui.Figure,Colormap,Color map for axes content of figure
matlab.ui.Figure,ContextMenu,Context menu
matlab.ui.Figure,CreateFcn,Component creation function
matlab.ui.Figure,CurrentAxes,Target axes in current figure
matlab.ui.Figure,CurrentCharacter,Current character
matlab.ui.Figure,CurrentObject,Current object
matlab.ui.Figure,CurrentPoint,Current point
matlab.ui.Figure,DeleteFcn,Component deletion function
matlab.ui.Figure,DockControls,Interactive figure docking
matlab.ui.Figure,FileName,File name
matlab.ui.Figure,GraphicsSmoothing,Axes graphics smoothing
matlab.ui.Figure,HandleVisibility,Visibility of figure object
matlab.ui.Figure,HitTest,Ability to become current object
matlab.ui.Figure,InnerPosition,Location and size of drawable area
matlab.ui.Figure,IntegerHandle,Use integer handle
matlab.ui.Figure,Interruptible,Callback interruption
matlab.ui.Figure,InvertHardcopy,Figure background color when printing or saving
matlab.ui.Figure,KeyPressFcn,Key-press callback
matlab.ui.Figure,KeyReleaseFcn,Key-release callback
matlab.ui.Figure,MenuBar,Figure menu bar display
matlab.ui.Figure,Name,Name
matlab.ui.Figure,NextPlot,Directive on how to add next plot
matlab.ui.Figure,Number,Number
matlab.ui.Figure,NumberTitle,Use number title
matlab.ui.Figure,OuterPosition,Location and size of outer bounds
matlab.ui.Figure,PaperOrientation,Orientation of page
matlab.ui.Figure,PaperPosition,Figure size and location on page when printing or saving
matlab.ui.Figure,PaperPositionMode,Directive to use displayed figure size when printing or saving
matlab.ui.Figure,PaperSize,Custom page size
matlab.ui.Figure,PaperType,Standard page sizes
matlab.ui.Figure,PaperUnits,Units used for PaperSize and PaperPosition
matlab.ui.Figure,Parent,Figure parent
matlab.ui.Figure,Pointer,Pointer symbol
matlab.ui.Figure,PointerShapeCData,Custom pointer symbol
matlab.ui.Figure,PointerShapeHotSpot,Active pixel of pointer
matlab.ui.Figure,Position,Location and size of drawable area
matlab.ui.Figure,Renderer,Renderer
matlab.ui.Figure,RendererMode,Renderer selection
matlab.ui.Figure,Resize,Resizable figure
matlab.ui.Figure,ResizeFcn,Resize callback function (not recommended)
matlab.ui.Figure,Selected,Selection state (not recommended)
matlab.ui.Figure,SelectionHighlight,Display of selection handles (not recommended)
matlab.ui.Figure,SelectionType,Mouse selection type
matlab.ui.Figure,SizeChangedFcn,Size changed callback
matlab.ui.Figure,Tag,Object identifier
matlab.ui.Figure,ToolBar,Figure toolbar display
matlab.ui.Figure,Type,Type of Figure object
matlab.ui.Figure,Units,Units of measurement
matlab.ui.Figure,UserData,User data
matlab.ui.Figure,Visible,State of visibility
matlab.ui.Figure,WindowButtonDownFcn,Window button down callback
matlab.ui.Figure,WindowButtonMotionFcn,Window button motion callback
matlab.ui.Figure,WindowButtonUpFcn,Window button-up callback
matlab.ui.Figure,WindowKeyPressFcn,Window key-press callback
matlab.ui.Figure,WindowKeyReleaseFcn,Window key-release callback
matlab.ui.Figure,WindowScrollWheelFcn,Window scroll wheel callback
matlab.ui.Figure,WindowState,Window state
matlab.ui.Figure,WindowStyle,Window style
matlab.ui.FigureAPPD,Alphamap,Transparency map for axes content
matlab.ui.FigureAPPD,AutoResizeChildren,Automatically resize children
matlab.ui.FigureAPPD,BeingDeleted,Deletion status
matlab.ui.FigureAPPD,BusyAction,Callback queuing
matlab.ui.FigureAPPD,ButtonDownFcn,Button down callback
matlab.ui.FigureAPPD,Children,Children of Figure object
matlab.ui.FigureAPPD,CloseRequestFcn,Close request callback
matlab.ui.FigureAPPD,Color,Background color
matlab.ui.FigureAPPD,Colormap,Color map for UIAxes content
matlab.ui.FigureAPPD,ContextMenu,Context menu
matlab.ui.FigureAPPD,CreateFcn,Creation function
matlab.ui.FigureAPPD,CurrentAxes,Target axes in current UI figure
matlab.ui.FigureAPPD,CurrentCharacter,Current character
matlab.ui.FigureAPPD,CurrentObject,Current object
matlab.ui.FigureAPPD,CurrentPoint,Current point
matlab.ui.FigureAPPD,DeleteFcn,Deletion function
matlab.ui.FigureAPPD,HandleVisibility,Visibility of object handle
matlab.ui.FigureAPPD,Icon,Icon source or file
matlab.ui.FigureAPPD,InnerPosition,"Location and size of UI figure, excluding borders and title bar"
matlab.ui.FigureAPPD,IntegerHandle,Use integer handle
matlab.ui.FigureAPPD,Interruptible,Callback interruption
matlab.ui.FigureAPPD,KeyPressFcn,Key-press callback
matlab.ui.FigureAPPD,KeyReleaseFcn,Key-release callback
matlab.ui.FigureAPPD,Name,Name
matlab.ui.FigureAPPD,Number,Number
matlab.ui.FigureAPPD,NumberTitle,Use number title
matlab.ui.FigureAPPD,Parent,Parent object
matlab.ui.FigureAPPD,Pointer,Pointer symbol
matlab.ui.FigureAPPD,PointerShapeCData,Custom pointer symbol
matlab.ui.FigureAPPD,PointerShapeHotSpot,Active pixel of pointer
matlab.ui.FigureAPPD,Position,"Location and size of UI figure, excluding borders and title bar"
matlab.ui.FigureAPPD,Resize,Resizable
matlab.ui.FigureAPPD,Scrollable,Ability to scroll
matlab.ui.FigureAPPD,SelectionType,Mouse selection type
matlab.ui.FigureAPPD,SizeChangedFcn,Size change callback
matlab.ui.FigureAPPD,Tag,Object identifier
matlab.ui.FigureAPPD,Type,Type of graphics object
matlab.ui.FigureAPPD,Units,Units of measurement
matlab.ui.FigureAPPD,UserData,User data
matlab.ui.FigureAPPD,Visible,State of visibility
matlab.ui.FigureAPPD,WindowButtonDownFcn,Window button down callback
matlab.ui.FigureAPPD,WindowButtonMotionFcn,Window button motion callback
matlab.ui.FigureAPPD,WindowButtonUpFcn,Window button up callback
matlab.ui.FigureAPPD,WindowKeyPressFcn,Window key-press callback
matlab.ui.FigureAPPD,WindowKeyReleaseFcn,Window key-release callback
matlab.ui.FigureAPPD,WindowScrollWheelFcn,Window scroll wheel callback
matlab.ui.FigureAPPD,WindowState,Window state
matlab.ui.FigureAPPD,WindowStyle,Window style
matlab.ui.Root,CallbackObject,Object whose callback is executing
matlab.ui.Root,Children,Children
matlab.ui.Root,CurrentFigure,Current figure
matlab.ui.Root,FixedWidthFontName,Font name for fixed-width font
matlab.ui.Root,HandleVisibility,Visibility of Root object handle
matlab.ui.Root,MonitorPositions,Width and height of displays
matlab.ui.Root,Parent,Parent
matlab.ui.Root,PointerLocation,Current location of pointer
matlab.ui.Root,ScreenDepth,Number of bits that define each pixel color
matlab.ui.Root,ScreenPixelsPerInch,Display resolution
matlab.ui.Root,ScreenSize,Size of primary display
matlab.ui.Root,ShowHiddenHandles,Hidden handle display
matlab.ui.Root,Tag,Tag to associate with root
matlab.ui.Root,Type,Type of graphics object
matlab.ui.Root,Units,"Units for MonitorPositions, ScreenSize, and PointerLocation"
matlab.ui.Root,UserData,User data
matlab.ui.componentcontainer.ComponentContainer,BackgroundColor,Background color
matlab.ui.componentcontainer.ComponentContainer,BeingDeleted,Deletion status
matlab.ui.componentcontainer.ComponentContainer,BusyAction,Callback queuing
matlab.ui.componentcontainer.ComponentContainer,Children,UI component children
matlab.ui.componentcontainer.ComponentContainer,ContextMenu,Context menu
matlab.ui.componentcontainer.ComponentContainer,HandleVisibility,Visibility of object handle
matlab.ui.componentcontainer.ComponentContainer,Interruptible,Callback interruption
matlab.ui.componentcontainer.ComponentContainer,Layout,Layout options
matlab.ui.componentcontainer.ComponentContainer,Parent,Parent container
matlab.ui.componentcontainer.ComponentContainer,Position,"UI component size and location, excluding margins"
matlab.ui.componentcontainer.ComponentContainer,Tag,Object identifier
matlab.ui.componentcontainer.ComponentContainer,Type,Type of UI component object
matlab.ui.componentcontainer.ComponentContainer,Units,Units of measurement
matlab.ui.componentcontainer.ComponentContainer,UserData,User data
matlab.ui.componentcontainer.ComponentContainer,Visible,State of visibility
matlab.ui.container.ButtonGroup,AutoResizeChildren,Automatically resize children
matlab.ui.container.ButtonGroup,BackgroundColor,Background color
matlab.ui.container.ButtonGroup,BeingDeleted,Deletion status
matlab.ui.container.ButtonGroup,BorderType,Button group border
matlab.ui.container.ButtonGroup,BorderWidth,Border width
matlab.ui.container.ButtonGroup,BusyAction,Callback queuing
matlab.ui.container.ButtonGroup,ButtonDownFcn,Button-press callback function
matlab.ui.container.ButtonGroup,Buttons,Buttons managed by button group
matlab.ui.container.ButtonGroup,Children,ButtonGroup children
matlab.ui.container.ButtonGroup,ContextMenu,Context menu
matlab.ui.container.ButtonGroup,CreateFcn,Creation function
matlab.ui.container.ButtonGroup,DeleteFcn,Deletion function
matlab.ui.container.ButtonGroup,Enable,Operational state
matlab.ui.container.ButtonGroup,FontAngle,Font angle
matlab.ui.container.ButtonGroup,FontName,Font name
matlab.ui.container.ButtonGroup,FontSize,Font size
matlab.ui.container.ButtonGroup,FontUnits,Font unit of measurement
matlab.ui.container.ButtonGroup,FontWeight,Font weight
matlab.ui.container.ButtonGroup,ForegroundColor,Title color
matlab.ui.container.ButtonGroup,HandleVisibility,Visibility of object handle
matlab.ui.container.ButtonGroup,HighlightColor,Border highlight color
matlab.ui.container.ButtonGroup,HitTest,Ability to become current object
matlab.ui.container.ButtonGroup,InnerPosition,"Location and size of button group, excluding borders and title"
matlab.ui.container.ButtonGroup,Interruptible,Callback interruption
matlab.ui.container.ButtonGroup,Layout,Layout options
matlab.ui.container.ButtonGroup,OuterPosition,"Location and size of button group, including borders and title"
matlab.ui.container.ButtonGroup,Parent,Parent container
matlab.ui.container.ButtonGroup,Position,"Location and size of button group, including borders and title"
matlab.ui.container.ButtonGroup,Scrollable,Ability to scroll
matlab.ui.container.ButtonGroup,SelectedObject,Currently selected radio button or toggle button
matlab.ui.container.ButtonGroup,SelectionChangedFcn,Selection changed callback
matlab.ui.container.ButtonGroup,ShadowColor,Border shadow color
matlab.ui.container.ButtonGroup,SizeChangedFcn,Size change callback
matlab.ui.container.ButtonGroup,Tag,Object identifier
matlab.ui.container.ButtonGroup,Title,Title
matlab.ui.container.ButtonGroup,TitlePosition,Location of title
matlab.ui.container.ButtonGroup,Tooltip,Tooltip
matlab.ui.container.ButtonGroup,Type,Type of graphics object
matlab.ui.container.ButtonGroup,Units,Units of measurement
matlab.ui.container.ButtonGroup,UserData,User data
matlab.ui.container.ButtonGroup,Visible,State of visibility
matlab.ui.container.CheckBoxTree,BackgroundColor,Background color
matlab.ui.container.CheckBoxTree,BeingDeleted,Deletion status
matlab.ui.container.CheckBoxTree,BusyAction,Callback queuing
matlab.ui.container.CheckBoxTree,CheckedNodes,Checked nodes
matlab.ui.container.CheckBoxTree,CheckedNodesChangedFcn,Checked nodes changed callback
matlab.ui.container.CheckBoxTree,Children,Children
matlab.ui.container.CheckBoxTree,ContextMenu,Context menu
matlab.ui.container.CheckBoxTree,CreateFcn,Creation function
matlab.ui.container.CheckBoxTree,DeleteFcn,Deletion function
matlab.ui.container.CheckBoxTree,Editable,Node text editability
matlab.ui.container.CheckBoxTree,Enable,Operational state of tree
matlab.ui.container.CheckBoxTree,FontAngle,Font angle
matlab.ui.container.CheckBoxTree,FontColor,Font color
matlab.ui.container.CheckBoxTree,FontName,Font name
matlab.ui.container.CheckBoxTree,FontSize,Font size
matlab.ui.container.CheckBoxTree,FontWeight,Font weight
matlab.ui.container.CheckBoxTree,HandleVisibility,Visibility of object handle
matlab.ui.container.CheckBoxTree,InnerPosition,Location and size
matlab.ui.container.CheckBoxTree,Interruptible,Callback interruption
matlab.ui.container.CheckBoxTree,Layout,Layout options
matlab.ui.container.CheckBoxTree,NodeCollapsedFcn,Node collapsed callback
matlab.ui.container.CheckBoxTree,NodeExpandedFcn,Node expanded callback
matlab.ui.container.CheckBoxTree,NodeTextChangedFcn,Node text changed callback
matlab.ui.container.CheckBoxTree,OuterPosition,Location and size
matlab.ui.container.CheckBoxTree,Parent,Parent container
matlab.ui.container.CheckBoxTree,Position,Location and size
matlab.ui.container.CheckBoxTree,SelectedNodes,Selected node
matlab.ui.container.CheckBoxTree,SelectionChangedFcn,Selection changed callback
matlab.ui.container.CheckBoxTree,StyleConfigurations,Configurations of added styles
matlab.ui.container.CheckBoxTree,Tag,Object identifier
matlab.ui.container.CheckBoxTree,Tooltip,Tooltip
matlab.ui.container.CheckBoxTree,Type,Type of graphics object
matlab.ui.container.CheckBoxTree,UserData,User data
matlab.ui.container.CheckBoxTree,Visible,State of visibility
matlab.ui.container.ContextMenu,BeingDeleted,Deletion status
matlab.ui.container.ContextMenu,BusyAction,Callback queuing
matlab.ui.container.ContextMenu,Children,Context menu children
matlab.ui.container.ContextMenu,ContextMenuOpeningFcn,Context menu opening callback function
matlab.ui.container.ContextMenu,CreateFcn,Creation function
matlab.ui.container.ContextMenu,DeleteFcn,Deletion function
matlab.ui.container.ContextMenu,HandleVisibility,Visibility of object handle
matlab.ui.container.ContextMenu,Interruptible,Callback interruption
matlab.ui.container.ContextMenu,Parent,Parent object
matlab.ui.container.ContextMenu,Tag,Object identifier
matlab.ui.container.ContextMenu,Type,Type of graphics object
matlab.ui.container.ContextMenu,UserData,User data
matlab.ui.container.GridLayout,BackgroundColor,Background color
matlab.ui.container.GridLayout,BeingDeleted,Deletion status
matlab.ui.container.GridLayout,BusyAction,Callback queuing
matlab.ui.container.GridLayout,Children,Children
matlab.ui.container.GridLayout,ColumnSpacing,Column spacing
matlab.ui.container.GridLayout,ColumnWidth,Column width
matlab.ui.container.GridLayout,ContextMenu,Context menu
matlab.ui.container.GridLayout,CreateFcn,Creation function
matlab.ui.container.GridLayout,DeleteFcn,Deletion function
matlab.ui.container.GridLayout,HandleVisibility,Visibility of object handle
matlab.ui.container.GridLayout,Interruptible,Callback interruption
matlab.ui.container.GridLayout,Layout,Layout options
matlab.ui.container.GridLayout,Padding,Padding
matlab.ui.container.GridLayout,Parent,Parent container
matlab.ui.container.GridLayout,RowHeight,Row height
matlab.ui.container.GridLayout,RowSpacing,Row spacing
matlab.ui.container.GridLayout,Scrollable,Ability to scroll
matlab.ui.container.GridLayout,Tag,Object identifier
matlab.ui.container.GridLayout,Type,Type of graphics object
matlab.ui.container.GridLayout,UserData,User data
matlab.ui.container.GridLayout,Visible,Visibility of children
matlab.ui.container.Menu,Accelerator,Keyboard shortcut
matlab.ui.container.Menu,BeingDeleted,Deletion status
matlab.ui.container.Menu,BusyAction,Callback queuing
matlab.ui.container.Menu,Checked,Menu check indicator
matlab.ui.container.Menu,Children,Menu children
matlab.ui.container.Menu,ContextMenu,Context menu
matlab.ui.container.Menu,CreateFcn,Creation function
matlab.ui.container.Menu,DeleteFcn,Deletion function
matlab.ui.container.Menu,Enable,Operational state
matlab.ui.container.Menu,ForegroundColor,Menu label color
matlab.ui.container.Menu,HandleVisibility,Visibility of object handle
matlab.ui.container.Menu,Interruptible,Callback interruption
matlab.ui.container.Menu,MenuSelectedFcn,Menu selected callback
matlab.ui.container.Menu,Parent,Parent object
matlab.ui.container.Menu,Separator,Separator line mode
matlab.ui.container.Menu,Tag,Object identifier
matlab.ui.container.Menu,Text,Menu label
matlab.ui.container.Menu,Tooltip,Tooltip
matlab.ui.container.Menu,Type,Type of graphics object
matlab.ui.container.Menu,UserData,User data
matlab.ui.container.Menu,Visible,State of visibility
matlab.ui.container.Panel,AutoResizeChildren,Automatically resize children
matlab.ui.container.Panel,BackgroundColor,Background color
matlab.ui.container.Panel,BeingDeleted,Deletion status
matlab.ui.container.Panel,BorderType,Panel border
matlab.ui.container.Panel,BorderWidth,Border width
matlab.ui.container.Panel,BusyAction,Callback queuing
matlab.ui.container.Panel,ButtonDownFcn,Button-press callback function
matlab.ui.container.Panel,Children,Panel children
matlab.ui.container.Panel,ContextMenu,Context menu
matlab.ui.container.Panel,CreateFcn,Creation function
matlab.ui.container.Panel,DeleteFcn,Deletion function
matlab.ui.container.Panel,Enable,Operational state
matlab.ui.container.Panel,FontAngle,Font angle
matlab.ui.container.Panel,FontName,Font name
matlab.ui.container.Panel,FontSize,Font size
matlab.ui.container.Panel,FontUnits,Font unit of measurement
matlab.ui.container.Panel,FontWeight,Font weight
matlab.ui.container.Panel,ForegroundColor,Title color
matlab.ui.container.Panel,HandleVisibility,Visibility of object handle
matlab.ui.container.Panel,HighlightColor,Border highlight color
matlab.ui.container.Panel,HitTest,Ability to become current object
matlab.ui.container.Panel,InnerPosition,"Location and size of panel, excluding borders and title"
matlab.ui.container.Panel,Interruptible,Callback interruption
matlab.ui.container.Panel,Layout,Layout options
matlab.ui.container.Panel,OuterPosition,"Location and size of panel, including borders and title"
matlab.ui.container.Panel,Parent,Parent container
matlab.ui.container.Panel,Position,"Location and size of panel, including borders and title"
matlab.ui.container.Panel,Scrollable,Ability to scroll
matlab.ui.container.Panel,ShadowColor,Border shadow color
matlab.ui.container.Panel,SizeChangedFcn,Size change callback
matlab.ui.container.Panel,Tag,Object identifier
matlab.ui.container.Panel,Title,Title
matlab.ui.container.Panel,TitlePosition,Location of title
matlab.ui.container.Panel,Tooltip,Tooltip
matlab.ui.container.Panel,Type,Type of graphics object
matlab.ui.container.Panel,Units,Units of measurement
matlab.ui.container.Panel,UserData,User data
matlab.ui.container.Panel,Visible,State of visibility
matlab.ui.container.Tab,AutoResizeChildren,Automatically resize children
matlab.ui.container.Tab,BackgroundColor,Background color
matlab.ui.container.Tab,BeingDeleted,Deletion status
matlab.ui.container.Tab,BusyAction,Callback queuing
matlab.ui.container.Tab,ButtonDownFcn,Button-press callback function
matlab.ui.container.Tab,Children,Children of tab
matlab.ui.container.Tab,ContextMenu,Context menu
matlab.ui.container.Tab,CreateFcn,Creation function
matlab.ui.container.Tab,DeleteFcn,Deletion function
matlab.ui.container.Tab,ForegroundColor,Title color
matlab.ui.container.Tab,HandleVisibility,Visibility of object handle
matlab.ui.container.Tab,InnerPosition,Location and size of tab
matlab.ui.container.Tab,Interruptible,Callback interruption
matlab.ui.container.Tab,OuterPosition,Location and size of tab
matlab.ui.container.Tab,Parent,Parent object
matlab.ui.container.Tab,Position,Location and size of tab
matlab.ui.container.Tab,Scrollable,Ability to scroll
matlab.ui.container.Tab,SizeChangedFcn,Size change callback
matlab.ui.container.Tab,Tag,Object identifier
matlab.ui.container.Tab,Title,Title
matlab.ui.container.Tab,Tooltip,Tooltip
matlab.ui.container.Tab,Type,Type of graphics object
matlab.ui.container.Tab,Units,Units of measurement
matlab.ui.container.Tab,UserData,User data
matlab.ui.container.TabGroup,AutoResizeChildren,Automatically resize children
matlab.ui.container.TabGroup,BeingDeleted,Deletion status
matlab.ui.container.TabGroup,BusyAction,Callback queuing
matlab.ui.container.TabGroup,ButtonDownFcn,Button-press callback function
matlab.ui.container.TabGroup,Children,TabGroup children
matlab.ui.container.TabGroup,ContextMenu,Context menu
matlab.ui.container.TabGroup,CreateFcn,Creation function
matlab.ui.container.TabGroup,DeleteFcn,Deletion function
matlab.ui.container.TabGroup,HandleVisibility,Visibility of object handle
matlab.ui.container.TabGroup,InnerPosition,Location and size of tab group
matlab.ui.container.TabGroup,Interruptible,Callback interruption
matlab.ui.container.TabGroup,Layout,Layout options
matlab.ui.container.TabGroup,OuterPosition,Location and size of tab group
matlab.ui.container.TabGroup,Parent,Parent container
matlab.ui.container.TabGroup,Position,Location and size of tab group
matlab.ui.container.TabGroup,SelectedTab,Currently selected tab
matlab.ui.container.TabGroup,SelectionChangedFcn,Selection changed callback
matlab.ui.container.TabGroup,SizeChangedFcn,Size change callback
matlab.ui.container.TabGroup,TabLocation,Tab label location
matlab.ui.container.TabGroup,Tag,Object identifier
matlab.ui.container.TabGroup,Tooltip,Tooltip
matlab.ui.container.TabGroup,Type,Type of graphics object
matlab.ui.container.TabGroup,Units,Units of measurement
matlab.ui.container.TabGroup,UserData,User data
matlab.ui.container.TabGroup,Visible,State of visibility
matlab.ui.container.Toolbar,BeingDeleted,Deletion status
matlab.ui.container.Toolbar,BusyAction,Callback queuing
matlab.ui.container.Toolbar,Children,Toolbar children
matlab.ui.container.Toolbar,ContextMenu,Context menu
matlab.ui.container.Toolbar,CreateFcn,Component creation function
matlab.ui.container.Toolbar,DeleteFcn,Component deletion function
matlab.ui.container.Toolbar,HandleVisibility,Visibility of object handle
matlab.ui.container.Toolbar,HitTest,Ability to become current object (not recommended)
matlab.ui.container.Toolbar,Interruptible,Callback interruption
matlab.ui.container.Toolbar,Parent,Parent object
matlab.ui.container.Toolbar,Tag,Object identifier
matlab.ui.container.Toolbar,Type,Type of graphics object
matlab.ui.container.Toolbar,UserData,User data
matlab.ui.container.Toolbar,Visible,State of visibility
matlab.ui.container.Tree,BackgroundColor,Background color
matlab.ui.container.Tree,BeingDeleted,Deletion status
matlab.ui.container.Tree,BusyAction,Callback queuing
matlab.ui.container.Tree,Children,Children
matlab.ui.container.Tree,ContextMenu,Context menu
matlab.ui.container.Tree,CreateFcn,Creation function
matlab.ui.container.Tree,DeleteFcn,Deletion function
matlab.ui.container.Tree,Editable,Node text editability
matlab.ui.container.Tree,Enable,Operational state of tree
matlab.ui.container.Tree,FontAngle,Font angle
matlab.ui.container.Tree,FontColor,Font color
matlab.ui.container.Tree,FontName,Font name
matlab.ui.container.Tree,FontSize,Font size
matlab.ui.container.Tree,FontWeight,Font weight
matlab.ui.container.Tree,HandleVisibility,Visibility of object handle
matlab.ui.container.Tree,InnerPosition,Location and size
matlab.ui.container.Tree,Interruptible,Callback interruption
matlab.ui.container.Tree,Layout,Layout options
matlab.ui.container.Tree,Multiselect,Multiple node selection
matlab.ui.container.Tree,NodeCollapsedFcn,Node collapsed callback
matlab.ui.container.Tree,NodeExpandedFcn,Node expanded callback
matlab.ui.container.Tree,NodeTextChangedFcn,Node text changed callback
matlab.ui.container.Tree,OuterPosition,Location and size
matlab.ui.container.Tree,Parent,Parent container
matlab.ui.container.Tree,Position,Location and size
matlab.ui.container.Tree,SelectedNodes,Selected nodes
matlab.ui.container.Tree,SelectionChangedFcn,Selection changed callback
matlab.ui.container.Tree,StyleConfigurations,Configurations of added styles
matlab.ui.container.Tree,Tag,Object identifier
matlab.ui.container.Tree,Tooltip,Tooltip
matlab.ui.container.Tree,Type,Type of graphics object
matlab.ui.container.Tree,UserData,User data
matlab.ui.container.Tree,Visible,State of visibility
matlab.ui.container.TreeNode,BeingDeleted,Deletion status
matlab.ui.container.TreeNode,BusyAction,Callback queuing
matlab.ui.container.TreeNode,Children,Children
matlab.ui.container.TreeNode,ContextMenu,Context menu
matlab.ui.container.TreeNode,CreateFcn,Creation function
matlab.ui.container.TreeNode,DeleteFcn,Deletion function
matlab.ui.container.TreeNode,HandleVisibility,Visibility of object handle
matlab.ui.container.TreeNode,Icon,Icon source or file
matlab.ui.container.TreeNode,Interruptible,Callback interruption
matlab.ui.container.TreeNode,NodeData,Node data
matlab.ui.container.TreeNode,Parent,Parent object
matlab.ui.container.TreeNode,Tag,Object identifier
matlab.ui.container.TreeNode,Text,Node text
matlab.ui.container.TreeNode,Type,Type of graphics object
matlab.ui.container.TreeNode,UserData,User data
matlab.ui.container.toolbar.PushTool,BeingDeleted,Deletion status
matlab.ui.container.toolbar.PushTool,BusyAction,Callback queuing
matlab.ui.container.toolbar.PushTool,CData,Image array
matlab.ui.container.toolbar.PushTool,ClickedCallback,Tool clicked callback
matlab.ui.container.toolbar.PushTool,ContextMenu,Context menu
matlab.ui.container.toolbar.PushTool,CreateFcn,Component creation function
matlab.ui.container.toolbar.PushTool,DeleteFcn,Component deletion function
matlab.ui.container.toolbar.PushTool,Enable,Operational state
matlab.ui.container.toolbar.PushTool,HandleVisibility,Visibility of object handle
matlab.ui.container.toolbar.PushTool,HitTest,Ability to become current object (not recommended)
matlab.ui.container.toolbar.PushTool,Icon,Icon source or file
matlab.ui.container.toolbar.PushTool,Interruptible,Callback interruption
matlab.ui.container.toolbar.PushTool,Parent,Parent object
matlab.ui.container.toolbar.PushTool,Separator,Separator line mode
matlab.ui.container.toolbar.PushTool,Tag,Object identifier
matlab.ui.container.toolbar.PushTool,Tooltip,Tooltip
matlab.ui.container.toolbar.PushTool,TooltipString,Tooltip (not recommended)
matlab.ui.container.toolbar.PushTool,Type,Type of graphics object
matlab.ui.container.toolbar.PushTool,UserData,User data
matlab.ui.container.toolbar.PushTool,Visible,State of visibility
matlab.ui.container.toolbar.ToggleTool,BeingDeleted,Deletion status
matlab.ui.container.toolbar.ToggleTool,BusyAction,Callback queuing
matlab.ui.container.toolbar.ToggleTool,CData,Image array
matlab.ui.container.toolbar.ToggleTool,ClickedCallback,Tool clicked callback
matlab.ui.container.toolbar.ToggleTool,ContextMenu,Context menu
matlab.ui.container.toolbar.ToggleTool,CreateFcn,Component creation function
matlab.ui.container.toolbar.ToggleTool,DeleteFcn,Component deletion function
matlab.ui.container.toolbar.ToggleTool,Enable,Operational state
matlab.ui.container.toolbar.ToggleTool,HandleVisibility,Visibility of object handle
matlab.ui.container.toolbar.ToggleTool,HitTest,Ability to become current object (not recommended)
matlab.ui.container.toolbar.ToggleTool,Icon,Icon source or file
matlab.ui.container.toolbar.ToggleTool,Interruptible,Callback interruption
matlab.ui.container.toolbar.ToggleTool,OffCallback,Toggle tool off callback
matlab.ui.container.toolbar.ToggleTool,OnCallback,Toggle tool on callback
matlab.ui.container.toolbar.ToggleTool,Parent,Parent object
matlab.ui.container.toolbar.ToggleTool,Separator,Separator line mode
matlab.ui.container.toolbar.ToggleTool,State,Toggle tool state
matlab.ui.container.toolbar.ToggleTool,Tag,Object identifier
matlab.ui.container.toolbar.ToggleTool,Tooltip,Tooltip
matlab.ui.container.toolbar.ToggleTool,TooltipString,Tooltip (not recommended)
matlab.ui.container.toolbar.ToggleTool,Type,Type of graphics object
matlab.ui.container.toolbar.ToggleTool,UserData,User data
matlab.ui.container.toolbar.ToggleTool,Visible,State of visibility
matlab.ui.control.Button,BackgroundColor,Background color
matlab.ui.control.Button,BeingDeleted,Deletion status
matlab.ui.control.Button,BusyAction,Callback queuing
matlab.ui.control.Button,ButtonPushedFcn,Button pushed callback
matlab.ui.control.Button,ContextMenu,Context menu
matlab.ui.control.Button,CreateFcn,Creation function
matlab.ui.control.Button,DeleteFcn,Deletion function
matlab.ui.control.Button,Enable,Operational state
matlab.ui.control.Button,FontAngle,Font angle
matlab.ui.control.Button,FontColor,Font color
matlab.ui.control.Button,FontName,Font name
matlab.ui.control.Button,FontSize,Font size
matlab.ui.control.Button,FontWeight,Font weight
matlab.ui.control.Button,HandleVisibility,Visibility of object handle
matlab.ui.control.Button,HorizontalAlignment,Horizontal alignment of icon and text
matlab.ui.control.Button,Icon,Icon source or file
matlab.ui.control.Button,IconAlignment,Location of icon relative to button text
matlab.ui.control.Button,InnerPosition,Location and size of button
matlab.ui.control.Button,Interruptible,Callback interruption
matlab.ui.control.Button,Layout,Layout options
matlab.ui.control.Button,OuterPosition,Location and size of button
matlab.ui.control.Button,Parent,Parent container
matlab.ui.control.Button,Position,Location and size of button
matlab.ui.control.Button,Tag,Object identifier
matlab.ui.control.Button,Text,Button label
matlab.ui.control.Button,Tooltip,Tooltip
matlab.ui.control.Button,Type,Type of graphics object
matlab.ui.control.Button,UserData,User data
matlab.ui.control.Button,VerticalAlignment,Vertical alignment of icon and text
matlab.ui.control.Button,Visible,State of visibility
matlab.ui.control.Button,WordWrap,Word wrapping to fit component width
matlab.ui.control.CheckBox,BeingDeleted,Deletion status
matlab.ui.control.CheckBox,BusyAction,Callback queuing
matlab.ui.control.CheckBox,ContextMenu,Context menu
matlab.ui.control.CheckBox,CreateFcn,Creation function
matlab.ui.control.CheckBox,DeleteFcn,Deletion function
matlab.ui.control.CheckBox,Enable,Operational state
matlab.ui.control.CheckBox,FontAngle,Font angle
matlab.ui.control.CheckBox,FontColor,Font color
matlab.ui.control.CheckBox,FontName,Font name
matlab.ui.control.CheckBox,FontSize,Font size
matlab.ui.control.CheckBox,FontWeight,Font weight
matlab.ui.control.CheckBox,HandleVisibility,Visibility of object handle
matlab.ui.control.CheckBox,InnerPosition,Inner location and size of check box
matlab.ui.control.CheckBox,Interruptible,Callback interruption
matlab.ui.control.CheckBox,Layout,Layout options
matlab.ui.control.CheckBox,OuterPosition,Outer location and size of check box
matlab.ui.control.CheckBox,Parent,Parent container
matlab.ui.control.CheckBox,Position,Location and size of check box
matlab.ui.control.CheckBox,Tag,Object identifier
matlab.ui.control.CheckBox,Text,Check box label
matlab.ui.control.CheckBox,Tooltip,Tooltip
matlab.ui.control.CheckBox,Type,Type of graphics object
matlab.ui.control.CheckBox,UserData,User data
matlab.ui.control.CheckBox,Value,State of check box
matlab.ui.control.CheckBox,ValueChangedFcn,Value changed callback
matlab.ui.control.CheckBox,Visible,State of visibility
matlab.ui.control.CheckBox,WordWrap,Word wrapping to fit component width
matlab.ui.control.DatePicker,BackgroundColor,Background color
matlab.ui.control.DatePicker,BeingDeleted,Deletion status
matlab.ui.control.DatePicker,BusyAction,Callback queuing
matlab.ui.control.DatePicker,ContextMenu,Context menu
matlab.ui.control.DatePicker,CreateFcn,Creation function
matlab.ui.control.DatePicker,DeleteFcn,Deletion function
matlab.ui.control.DatePicker,DisabledDates,Disabled dates
matlab.ui.control.DatePicker,DisabledDaysOfWeek,Disabled days of week
matlab.ui.control.DatePicker,DisplayFormat,Display format
matlab.ui.control.DatePicker,Editable,Allow edit field changes
matlab.ui.control.DatePicker,Enable,Operational state
matlab.ui.control.DatePicker,FontAngle,Font angle
matlab.ui.control.DatePicker,FontColor,Font color
matlab.ui.control.DatePicker,FontName,Font name
matlab.ui.control.DatePicker,FontSize,Font size
matlab.ui.control.DatePicker,FontWeight,Font weight
matlab.ui.control.DatePicker,HandleVisibility,Visibility of object handle
matlab.ui.control.DatePicker,InnerPosition,Location and size
matlab.ui.control.DatePicker,Interruptible,Callback interruption
matlab.ui.control.DatePicker,Layout,Layout options
matlab.ui.control.DatePicker,Limits,Selection limits
matlab.ui.control.DatePicker,OuterPosition,Location and size
matlab.ui.control.DatePicker,Parent,Parent container
matlab.ui.control.DatePicker,Placeholder,Placeholder text
matlab.ui.control.DatePicker,Position,Location and size
matlab.ui.control.DatePicker,Tag,Object identifier
matlab.ui.control.DatePicker,Tooltip,Tooltip
matlab.ui.control.DatePicker,Type,Type of graphics object
matlab.ui.control.DatePicker,UserData,User data
matlab.ui.control.DatePicker,Value,Selected date
matlab.ui.control.DatePicker,ValueChangedFcn,Value changed function
matlab.ui.control.DatePicker,Visible,State of visibility
matlab.ui.control.DiscreteKnob,BeingDeleted,Deletion status
matlab.ui.control.DiscreteKnob,BusyAction,Callback queuing
matlab.ui.control.DiscreteKnob,ContextMenu,Context menu
matlab.ui.control.DiscreteKnob,CreateFcn,Creation function
matlab.ui.control.DiscreteKnob,DeleteFcn,Deletion function
matlab.ui.control.DiscreteKnob,Enable,Operational state
matlab.ui.control.DiscreteKnob,FontAngle,Font angle
matlab.ui.control.DiscreteKnob,FontColor,Font color
matlab.ui.control.DiscreteKnob,FontName,Font name
matlab.ui.control.DiscreteKnob,FontSize,Font size
matlab.ui.control.DiscreteKnob,FontWeight,Font weight
matlab.ui.control.DiscreteKnob,HandleVisibility,Visibility of object handle
matlab.ui.control.DiscreteKnob,InnerPosition,Inner location and size of knob
matlab.ui.control.DiscreteKnob,Interruptible,Callback interruption
matlab.ui.control.DiscreteKnob,Items,Knob options
matlab.ui.control.DiscreteKnob,ItemsData,Data associated with each element of Items
matlab.ui.control.DiscreteKnob,Layout,Layout options
matlab.ui.control.DiscreteKnob,OuterPosition,Outer location and size of knob
matlab.ui.control.DiscreteKnob,Parent,Parent container
matlab.ui.control.DiscreteKnob,Position,Location and size of knob
matlab.ui.control.DiscreteKnob,Tag,Object identifier
matlab.ui.control.DiscreteKnob,Tooltip,Tooltip
matlab.ui.control.DiscreteKnob,Type,Type of graphics object
matlab.ui.control.DiscreteKnob,UserData,User data
matlab.ui.control.DiscreteKnob,Value,Value
matlab.ui.control.DiscreteKnob,ValueChangedFcn,Value changed callback
matlab.ui.control.DiscreteKnob,Visible,State of visibility
matlab.ui.control.DropDown,BackgroundColor,Background color
matlab.ui.control.DropDown,BeingDeleted,Deletion status
matlab.ui.control.DropDown,BusyAction,Callback queuing
matlab.ui.control.DropDown,ContextMenu,Context menu
matlab.ui.control.DropDown,CreateFcn,Creation function
matlab.ui.control.DropDown,DeleteFcn,Deletion function
matlab.ui.control.DropDown,DropDownOpeningFcn,Drop-down menu opening callback function
matlab.ui.control.DropDown,Editable,Editable state of drop-down component
matlab.ui.control.DropDown,Enable,Operational state
matlab.ui.control.DropDown,FontAngle,Font angle
matlab.ui.control.DropDown,FontColor,Font color
matlab.ui.control.DropDown,FontName,Font name
matlab.ui.control.DropDown,FontSize,Font size
matlab.ui.control.DropDown,FontWeight,Font weight
matlab.ui.control.DropDown,HandleVisibility,Visibility of object handle
matlab.ui.control.DropDown,InnerPosition,Inner location and size of drop-down component
matlab.ui.control.DropDown,Interruptible,Callback interruption
matlab.ui.control.DropDown,Items,Drop-down items
matlab.ui.control.DropDown,ItemsData,Data associated with each element of the Items property value
matlab.ui.control.DropDown,Layout,Layout options
matlab.ui.control.DropDown,OuterPosition,Outer location and size of drop-down component
matlab.ui.control.DropDown,Parent,Parent container
matlab.ui.control.DropDown,Placeholder,Placeholder text
matlab.ui.control.DropDown,Position,Location and size of drop-down component
matlab.ui.control.DropDown,Tag,Object identifier
matlab.ui.control.DropDown,Tooltip,Tooltip
matlab.ui.control.DropDown,Type,Type of graphics object
matlab.ui.control.DropDown,UserData,User data
matlab.ui.control.DropDown,Value,Value
matlab.ui.control.DropDown,ValueChangedFcn,Value changed callback
matlab.ui.control.DropDown,Visible,State of visibility
matlab.ui.control.EditField,BackgroundColor,Background color
matlab.ui.control.EditField,BeingDeleted,Deletion status
matlab.ui.control.EditField,BusyAction,Callback queuing
matlab.ui.control.EditField,ContextMenu,Context menu
matlab.ui.control.EditField,CreateFcn,Creation function
matlab.ui.control.EditField,DeleteFcn,Deletion function
matlab.ui.control.EditField,Editable,Whether edit field is editable
matlab.ui.control.EditField,Enable,Operational state of edit field
matlab.ui.control.EditField,FontAngle,Font angle
matlab.ui.control.EditField,FontColor,Font color
matlab.ui.control.EditField,FontName,Font name
matlab.ui.control.EditField,FontSize,Font size
matlab.ui.control.EditField,FontWeight,Font weight
matlab.ui.control.EditField,HandleVisibility,Visibility of object handle
matlab.ui.control.EditField,HorizontalAlignment,Horizontal alignment of text within edit field
matlab.ui.control.EditField,InnerPosition,Inner location and size of edit field
matlab.ui.control.EditField,Interruptible,Callback interruption
matlab.ui.control.EditField,Layout,Layout options
matlab.ui.control.EditField,OuterPosition,Outer location and size of edit field
matlab.ui.control.EditField,Parent,Parent container
matlab.ui.control.EditField,Placeholder,Placeholder text in edit field
matlab.ui.control.EditField,Position,Location and size of edit field
matlab.ui.control.EditField,Tag,Object identifier
matlab.ui.control.EditField,Tooltip,Tooltip
matlab.ui.control.EditField,Type,Type of graphics object
matlab.ui.control.EditField,UserData,User data
matlab.ui.control.EditField,Value,Text in edit field
matlab.ui.control.EditField,ValueChangedFcn,Value changed callback
matlab.ui.control.EditField,ValueChangingFcn,Value changing callback
matlab.ui.control.EditField,Visible,State of visibility
matlab.ui.control.Gauge,BackgroundColor,Background color
matlab.ui.control.Gauge,BeingDeleted,Deletion status
matlab.ui.control.Gauge,BusyAction,Callback queuing
matlab.ui.control.Gauge,ContextMenu,Context menu
matlab.ui.control.Gauge,CreateFcn,Creation function
matlab.ui.control.Gauge,DeleteFcn,Deletion function
matlab.ui.control.Gauge,Enable,Operational state of gauge
matlab.ui.control.Gauge,FontAngle,Font angle
matlab.ui.control.Gauge,FontColor,Font color
matlab.ui.control.Gauge,FontName,Font name
matlab.ui.control.Gauge,FontSize,Font size
matlab.ui.control.Gauge,FontWeight,Font weight
matlab.ui.control.Gauge,HandleVisibility,Visibility of object handle
matlab.ui.control.Gauge,InnerPosition,Inner location and size of gauge
matlab.ui.control.Gauge,Interruptible,Callback interruption
matlab.ui.control.Gauge,Layout,Layout options
matlab.ui.control.Gauge,Limits,Minimum and maximum gauge scale values
matlab.ui.control.Gauge,MajorTickLabels,Major tick labels
matlab.ui.control.Gauge,MajorTickLabelsMode,Major tick labels mode
matlab.ui.control.Gauge,MajorTicks,Major tick mark locations
matlab.ui.control.Gauge,MajorTicksMode,Major tick creation mode
matlab.ui.control.Gauge,MinorTicks,Minor tick mark locations
matlab.ui.control.Gauge,MinorTicksMode,Minor tick creation mode
matlab.ui.control.Gauge,OuterPosition,Outer location and size of gauge
matlab.ui.control.Gauge,Parent,Parent container
matlab.ui.control.Gauge,Position,Location and size of gauge
matlab.ui.control.Gauge,ScaleColorLimits,Scale color limits
matlab.ui.control.Gauge,ScaleColors,Scale colors
matlab.ui.control.Gauge,ScaleDirection,Direction of gauge scale
matlab.ui.control.Gauge,Tag,Object identifier
matlab.ui.control.Gauge,Tooltip,Tooltip
matlab.ui.control.Gauge,Type,Type of graphics object
matlab.ui.control.Gauge,UserData,User data
matlab.ui.control.Gauge,Value,Location of gauge needle
matlab.ui.control.Gauge,Visible,State of visibility
matlab.ui.control.HTML,BeingDeleted,Deletion status
matlab.ui.control.HTML,BusyAction,Callback queuing
matlab.ui.control.HTML,ContextMenu,Context menu
matlab.ui.control.HTML,CreateFcn,Creation function
matlab.ui.control.HTML,Data,MATLAB data
matlab.ui.control.HTML,DataChangedFcn,Callback when data changes
matlab.ui.control.HTML,DeleteFcn,Deletion function
matlab.ui.control.HTML,HTMLSource,HTML markup or file
matlab.ui.control.HTML,HandleVisibility,Visibility of object handle
matlab.ui.control.HTML,InnerPosition,Inner location and size of HTML UI component
matlab.ui.control.HTML,Interruptible,Callback interruption
matlab.ui.control.HTML,Layout,Layout options
matlab.ui.control.HTML,OuterPosition,Outer location and size of HTML UI component
matlab.ui.control.HTML,Parent,Parent container
matlab.ui.control.HTML,Position,Location and size of HTML UI component
matlab.ui.control.HTML,Tag,Object identifier
matlab.ui.control.HTML,Tooltip,Tooltip
matlab.ui.control.HTML,Type,Type of graphics object
matlab.ui.control.HTML,UserData,User data
matlab.ui.control.HTML,Visible,State of visibility
matlab.ui.control.Hyperlink,BackgroundColor,Background color
matlab.ui.control.Hyperlink,BeingDeleted,Deletion status
matlab.ui.control.Hyperlink,BusyAction,Callback queuing
matlab.ui.control.Hyperlink,ContextMenu,Context menu
matlab.ui.control.Hyperlink,CreateFcn,Creation function
matlab.ui.control.Hyperlink,DeleteFcn,Deletion function
matlab.ui.control.Hyperlink,Enable,Visual appearance of hyperlink
matlab.ui.control.Hyperlink,FontAngle,Font angle
matlab.ui.control.Hyperlink,FontColor,Font color
matlab.ui.control.Hyperlink,FontName,Font name
matlab.ui.control.Hyperlink,FontSize,Font size
matlab.ui.control.Hyperlink,FontWeight,Font weight
matlab.ui.control.Hyperlink,HandleVisibility,Visibility of object handle
matlab.ui.control.Hyperlink,HorizontalAlignment,Horizontal alignment of text
matlab.ui.control.Hyperlink,HyperlinkClickedFcn,Hyperlink clicked callback
matlab.ui.control.Hyperlink,InnerPosition,Inner location and size of hyperlink
matlab.ui.control.Hyperlink,Interruptible,Callback interruption
matlab.ui.control.Hyperlink,Layout,Layout options
matlab.ui.control.Hyperlink,OuterPosition,Outer location and size of hyperlink
matlab.ui.control.Hyperlink,Parent,Parent container
matlab.ui.control.Hyperlink,Position,Hyperlink location and size
matlab.ui.control.Hyperlink,Tag,Object identifier
matlab.ui.control.Hyperlink,Text,Hyperlink display text
matlab.ui.control.Hyperlink,Tooltip,Tooltip
matlab.ui.control.Hyperlink,Type,Type of graphics object
matlab.ui.control.Hyperlink,URL,Hyperlink URL
matlab.ui.control.Hyperlink,UserData,User data
matlab.ui.control.Hyperlink,VerticalAlignment,Vertical alignment of text
matlab.ui.control.Hyperlink,Visible,State of visibility
matlab.ui.control.Hyperlink,VisitedColor,Font color after click
matlab.ui.control.Hyperlink,WordWrap,Word wrapping to fit component width
matlab.ui.control.Image,BackgroundColor,Background Color
matlab.ui.control.Image,BeingDeleted,Deletion status
matlab.ui.control.Image,BusyAction,Callback queuing
matlab.ui.control.Image,ContextMenu,Context menu
matlab.ui.control.Image,CreateFcn,Creation function
matlab.ui.control.Image,DeleteFcn,Deletion function
matlab.ui.control.Image,Enable,Operational state
matlab.ui.control.Image,HandleVisibility,Visibility of object handle
matlab.ui.control.Image,HorizontalAlignment,Horizontal alignment of rendered image
matlab.ui.control.Image,ImageClickedFcn,Image clicked callback
matlab.ui.control.Image,ImageSource,Image source or file
matlab.ui.control.Image,InnerPosition,Inner location and size of image component
matlab.ui.control.Image,Interruptible,Callback interruption
matlab.ui.control.Image,Layout,Layout options
matlab.ui.control.Image,OuterPosition,Outer location and size of image component
matlab.ui.control.Image,Parent,Parent container
matlab.ui.control.Image,Position,Location and size of image component
matlab.ui.control.Image,ScaleMethod,Image scaling method
matlab.ui.control.Image,Tag,Object identifier
matlab.ui.control.Image,Tooltip,Tooltip
matlab.ui.control.Image,Type,Type of graphics object
matlab.ui.control.Image,UserData,User data
matlab.ui.control.Image,VerticalAlignment,Vertical alignment of rendered image
matlab.ui.control.Image,Visible,State of visibility
matlab.ui.control.Knob,BeingDeleted,Deletion status
matlab.ui.control.Knob,BusyAction,Callback queuing
matlab.ui.control.Knob,ContextMenu,Context menu
matlab.ui.control.Knob,CreateFcn,Creation function
matlab.ui.control.Knob,DeleteFcn,Deletion function
matlab.ui.control.Knob,Enable,Operational state
matlab.ui.control.Knob,FontAngle,Font angle
matlab.ui.control.Knob,FontColor,Font color
matlab.ui.control.Knob,FontName,Font name
matlab.ui.control.Knob,FontSize,Font size
matlab.ui.control.Knob,FontWeight,Font weight
matlab.ui.control.Knob,HandleVisibility,Visibility of object handle
matlab.ui.control.Knob,InnerPosition,Inner location and size of knob
matlab.ui.control.Knob,Interruptible,Callback interruption
matlab.ui.control.Knob,Layout,Layout options
matlab.ui.control.Knob,Limits,Minimum and maximum knob values
matlab.ui.control.Knob,MajorTickLabels,Major tick labels
matlab.ui.control.Knob,MajorTickLabelsMode,Major tick labels mode
matlab.ui.control.Knob,MajorTicks,Major tick mark locations
matlab.ui.control.Knob,MajorTicksMode,Major tick creation mode
matlab.ui.control.Knob,MinorTicks,Minor tick mark locations
matlab.ui.control.Knob,MinorTicksMode,Minor tick creation mode
matlab.ui.control.Knob,OuterPosition,Outer location and size of knob
matlab.ui.control.Knob,Parent,Parent container
matlab.ui.control.Knob,Position,Location and size of knob
matlab.ui.control.Knob,Tag,Object identifier
matlab.ui.control.Knob,Tooltip,Tooltip
matlab.ui.control.Knob,Type,Type of graphics object
matlab.ui.control.Knob,UserData,User data
matlab.ui.control.Knob,Value,Value of knob
matlab.ui.control.Knob,ValueChangedFcn,Value changed callback
matlab.ui.control.Knob,ValueChangingFcn,Value changing callback
matlab.ui.control.Knob,Visible,State of visibility
matlab.ui.control.Label,BackgroundColor,Background color
matlab.ui.control.Label,BeingDeleted,Deletion status
matlab.ui.control.Label,BusyAction,Callback queuing
matlab.ui.control.Label,ContextMenu,Context menu
matlab.ui.control.Label,CreateFcn,Creation function
matlab.ui.control.Label,DeleteFcn,Deletion function
matlab.ui.control.Label,Enable,Visual appearance of label
matlab.ui.control.Label,FontAngle,Font angle
matlab.ui.control.Label,FontColor,Font color
matlab.ui.control.Label,FontName,Font name
matlab.ui.control.Label,FontSize,Font size
matlab.ui.control.Label,FontWeight,Font weight
matlab.ui.control.Label,HandleVisibility,Visibility of object handle
matlab.ui.control.Label,HorizontalAlignment,Horizontal alignment of text
matlab.ui.control.Label,InnerPosition,Inner location and size of label
matlab.ui.control.Label,Interpreter,Label text interpreter
matlab.ui.control.Label,Interruptible,Callback interruption
matlab.ui.control.Label,Layout,Layout options
matlab.ui.control.Label,OuterPosition,Outer location and size of label
matlab.ui.control.Label,Parent,Parent container
matlab.ui.control.Label,Position,Label location and size
matlab.ui.control.Label,Tag,Object identifier
matlab.ui.control.Label,Text,Label text
matlab.ui.control.Label,Tooltip,Tooltip
matlab.ui.control.Label,Type,Type of graphics object
matlab.ui.control.Label,UserData,User data
matlab.ui.control.Label,VerticalAlignment,Vertical alignment of text
matlab.ui.control.Label,Visible,State of visibility
matlab.ui.control.Label,WordWrap,Word wrapping to fit component width
matlab.ui.control.Lamp,BeingDeleted,Deletion status
matlab.ui.control.Lamp,BusyAction,Callback queuing
matlab.ui.control.Lamp,Color,Color of lamp
matlab.ui.control.Lamp,ContextMenu,Context menu
matlab.ui.control.Lamp,CreateFcn,Creation function
matlab.ui.control.Lamp,DeleteFcn,Deletion function
matlab.ui.control.Lamp,Enable,Operational state of the lamp
matlab.ui.control.Lamp,HandleVisibility,Visibility of object handle
matlab.ui.control.Lamp,InnerPosition,Inner location and size of lamp
matlab.ui.control.Lamp,Interruptible,Callback interruption
matlab.ui.control.Lamp,Layout,Layout options
matlab.ui.control.Lamp,OuterPosition,Outer location and size of lamp
matlab.ui.control.Lamp,Parent,Parent container
matlab.ui.control.Lamp,Position,Location and size of lamp
matlab.ui.control.Lamp,Tag,Object identifier
matlab.ui.control.Lamp,Tooltip,Tooltip
matlab.ui.control.Lamp,Type,Type of graphics object
matlab.ui.control.Lamp,UserData,User data
matlab.ui.control.Lamp,Visible,State of visibility
matlab.ui.control.LinearGauge,BackgroundColor,Background color
matlab.ui.control.LinearGauge,BeingDeleted,Deletion status
matlab.ui.control.LinearGauge,BusyAction,Callback queuing
matlab.ui.control.LinearGauge,ContextMenu,Context menu
matlab.ui.control.LinearGauge,CreateFcn,Creation function
matlab.ui.control.LinearGauge,DeleteFcn,Deletion function
matlab.ui.control.LinearGauge,Enable,Operational state of gauge
matlab.ui.control.LinearGauge,FontAngle,Font angle
matlab.ui.control.LinearGauge,FontColor,Font color
matlab.ui.control.LinearGauge,FontName,Font name
matlab.ui.control.LinearGauge,FontSize,Font size
matlab.ui.control.LinearGauge,FontWeight,Font weight
matlab.ui.control.LinearGauge,HandleVisibility,Visibility of object handle
matlab.ui.control.LinearGauge,InnerPosition,Inner location and size of gauge
matlab.ui.control.LinearGauge,Interruptible,Callback interruption
matlab.ui.control.LinearGauge,Layout,Layout options
matlab.ui.control.LinearGauge,Limits,Minimum and maximum gauge scale values
matlab.ui.control.LinearGauge,MajorTickLabels,Major tick labels
matlab.ui.control.LinearGauge,MajorTickLabelsMode,Major tick labels mode
matlab.ui.control.LinearGauge,MajorTicks,Major tick mark locations
matlab.ui.control.LinearGauge,MajorTicksMode,Major tick creation mode
matlab.ui.control.LinearGauge,MinorTicks,Minor tick mark locations
matlab.ui.control.LinearGauge,MinorTicksMode,Minor tick creation mode
matlab.ui.control.LinearGauge,Orientation,Orientation
matlab.ui.control.LinearGauge,OuterPosition,Outer location and size of gauge
matlab.ui.control.LinearGauge,Parent,Parent container
matlab.ui.control.LinearGauge,Position,Gauge location and size
matlab.ui.control.LinearGauge,ScaleColorLimits,Scale color limits
matlab.ui.control.LinearGauge,ScaleColors,Scale colors
matlab.ui.control.LinearGauge,Tag,Object identifier
matlab.ui.control.LinearGauge,Tooltip,Tooltip
matlab.ui.control.LinearGauge,Type,Type of graphics object
matlab.ui.control.LinearGauge,UserData,User data
matlab.ui.control.LinearGauge,Value,Location of gauge needle
matlab.ui.control.LinearGauge,Visible,State of visibility
matlab.ui.control.ListBox,BackgroundColor,Background color
matlab.ui.control.ListBox,BeingDeleted,Deletion status
matlab.ui.control.ListBox,BusyAction,Callback queuing
matlab.ui.control.ListBox,ContextMenu,Context menu
matlab.ui.control.ListBox,CreateFcn,Creation function
matlab.ui.control.ListBox,DeleteFcn,Deletion function
matlab.ui.control.ListBox,Enable,Operational state
matlab.ui.control.ListBox,FontAngle,Font angle
matlab.ui.control.ListBox,FontColor,Font color
matlab.ui.control.ListBox,FontName,Font name
matlab.ui.control.ListBox,FontSize,Font size
matlab.ui.control.ListBox,FontWeight,Font weight
matlab.ui.control.ListBox,HandleVisibility,Visibility of object handle
matlab.ui.control.ListBox,InnerPosition,Inner location and size of list box
matlab.ui.control.ListBox,Interruptible,Callback interruption
matlab.ui.control.ListBox,Items,List box items
matlab.ui.control.ListBox,ItemsData,Data associated with each element of the Items property value
matlab.ui.control.ListBox,Layout,Layout options
matlab.ui.control.ListBox,Multiselect,Multiple item selection
matlab.ui.control.ListBox,OuterPosition,Outer location and size of list box
matlab.ui.control.ListBox,Parent,Parent container
matlab.ui.control.ListBox,Position,Location and size of list box
matlab.ui.control.ListBox,Tag,Object identifier
matlab.ui.control.ListBox,Tooltip,Tooltip
matlab.ui.control.ListBox,Type,Type of graphics object
matlab.ui.control.ListBox,UserData,User data
matlab.ui.control.ListBox,Value,Value
matlab.ui.control.ListBox,ValueChangedFcn,Value changed function
matlab.ui.control.ListBox,Visible,State of visibility
matlab.ui.control.NinetyDegreeGauge,BackgroundColor,Background color
matlab.ui.control.NinetyDegreeGauge,BeingDeleted,Deletion status
matlab.ui.control.NinetyDegreeGauge,BusyAction,Callback queuing
matlab.ui.control.NinetyDegreeGauge,ContextMenu,Context menu
matlab.ui.control.NinetyDegreeGauge,CreateFcn,Creation function
matlab.ui.control.NinetyDegreeGauge,DeleteFcn,Deletion function
matlab.ui.control.NinetyDegreeGauge,Enable,Operational state of gauge
matlab.ui.control.NinetyDegreeGauge,FontAngle,Font angle
matlab.ui.control.NinetyDegreeGauge,FontColor,Font color
matlab.ui.control.NinetyDegreeGauge,FontName,Font name
matlab.ui.control.NinetyDegreeGauge,FontSize,Font size
matlab.ui.control.NinetyDegreeGauge,FontWeight,Font weight
matlab.ui.control.NinetyDegreeGauge,HandleVisibility,Visibility of object handle
matlab.ui.control.NinetyDegreeGauge,InnerPosition,Inner location and size of gauge
matlab.ui.control.NinetyDegreeGauge,Interruptible,Callback interruption
matlab.ui.control.NinetyDegreeGauge,Layout,Layout options
matlab.ui.control.NinetyDegreeGauge,Limits,Minimum and maximum gauge scale values
matlab.ui.control.NinetyDegreeGauge,MajorTickLabels,Major tick labels
matlab.ui.control.NinetyDegreeGauge,MajorTickLabelsMode,Major tick labels mode
matlab.ui.control.NinetyDegreeGauge,MajorTicks,Major tick mark locations
matlab.ui.control.NinetyDegreeGauge,MajorTicksMode,Major tick creation mode
matlab.ui.control.NinetyDegreeGauge,MinorTicks,Minor tick locations
matlab.ui.control.NinetyDegreeGauge,MinorTicksMode,Minor tick creation mode
matlab.ui.control.NinetyDegreeGauge,Orientation,Orientation
matlab.ui.control.NinetyDegreeGauge,OuterPosition,Outer location and size of gauge
matlab.ui.control.NinetyDegreeGauge,Parent,Parent container
matlab.ui.control.NinetyDegreeGauge,Position,Location and size of gauge
matlab.ui.control.NinetyDegreeGauge,ScaleColorLimits,Scale color limits
matlab.ui.control.NinetyDegreeGauge,ScaleColors,Scale colors
matlab.ui.control.NinetyDegreeGauge,ScaleDirection,Direction of gauge scale
matlab.ui.control.NinetyDegreeGauge,Tag,Object identifier
matlab.ui.control.NinetyDegreeGauge,Tooltip,Tooltip
matlab.ui.control.NinetyDegreeGauge,Type,Type of graphics object
matlab.ui.control.NinetyDegreeGauge,UserData,User data
matlab.ui.control.NinetyDegreeGauge,Value,Location of gauge needle
matlab.ui.control.NinetyDegreeGauge,Visible,State of visibility
matlab.ui.control.NumericEditField,BackgroundColor,Background color
matlab.ui.control.NumericEditField,BeingDeleted,Deletion status
matlab.ui.control.NumericEditField,BusyAction,Callback queuing
matlab.ui.control.NumericEditField,ContextMenu,Context menu
matlab.ui.control.NumericEditField,CreateFcn,Creation function
matlab.ui.control.NumericEditField,DeleteFcn,Deletion function
matlab.ui.control.NumericEditField,Editable,Editability of edit field
matlab.ui.control.NumericEditField,Enable,Operational state of edit field
matlab.ui.control.NumericEditField,FontAngle,Font angle
matlab.ui.control.NumericEditField,FontColor,Font color
matlab.ui.control.NumericEditField,FontName,Font name
matlab.ui.control.NumericEditField,FontSize,Font size
matlab.ui.control.NumericEditField,FontWeight,Font weight
matlab.ui.control.NumericEditField,HandleVisibility,Visibility of object handle
matlab.ui.control.NumericEditField,HorizontalAlignment,Horizontal alignment of numbers
matlab.ui.control.NumericEditField,InnerPosition,Inner location and size of edit field
matlab.ui.control.NumericEditField,Interruptible,Callback interruption
matlab.ui.control.NumericEditField,Layout,Layout options
matlab.ui.control.NumericEditField,Limits,Minimum and maximum edit field values
matlab.ui.control.NumericEditField,LowerLimitInclusive,Lower limit inclusiveness
matlab.ui.control.NumericEditField,OuterPosition,Outer location and size of edit field
matlab.ui.control.NumericEditField,Parent,Parent container
matlab.ui.control.NumericEditField,Position,Location and size of edit field
matlab.ui.control.NumericEditField,RoundFractionalValues,Rounding of fractional values
matlab.ui.control.NumericEditField,Tag,Object identifier
matlab.ui.control.NumericEditField,Tooltip,Tooltip
matlab.ui.control.NumericEditField,Type,Type of graphics object
matlab.ui.control.NumericEditField,UpperLimitInclusive,Upper limit inclusiveness
matlab.ui.control.NumericEditField,UserData,User data
matlab.ui.control.NumericEditField,Value,Value in edit field
matlab.ui.control.NumericEditField,ValueChangedFcn,Value changed callback
matlab.ui.control.NumericEditField,ValueDisplayFormat,Value display format
matlab.ui.control.NumericEditField,Visible,State of visibility
matlab.ui.control.RadioButton,BeingDeleted,Deletion status
matlab.ui.control.RadioButton,BusyAction,Callback queuing
matlab.ui.control.RadioButton,ContextMenu,Context menu
matlab.ui.control.RadioButton,CreateFcn,Creation function
matlab.ui.control.RadioButton,DeleteFcn,Deletion function
matlab.ui.control.RadioButton,Enable,Operational state of button
matlab.ui.control.RadioButton,FontAngle,Font angle
matlab.ui.control.RadioButton,FontColor,Font color
matlab.ui.control.RadioButton,FontName,Font name
matlab.ui.control.RadioButton,FontSize,Font size
matlab.ui.control.RadioButton,FontWeight,Font weight
matlab.ui.control.RadioButton,HandleVisibility,Visibility of object handle
matlab.ui.control.RadioButton,InnerPosition,Location and size of radio button
matlab.ui.control.RadioButton,Interruptible,Callback interruption
matlab.ui.control.RadioButton,OuterPosition,Location and size of radio button
matlab.ui.control.RadioButton,Parent,Parent container
matlab.ui.control.RadioButton,Position,Location and size of radio button
matlab.ui.control.RadioButton,Tag,Object identifier
matlab.ui.control.RadioButton,Text,Button label
matlab.ui.control.RadioButton,Tooltip,Tooltip
matlab.ui.control.RadioButton,Type,Type of graphics object
matlab.ui.control.RadioButton,UserData,User data
matlab.ui.control.RadioButton,Value,State of radio button
matlab.ui.control.RadioButton,Visible,State of visibility
matlab.ui.control.RadioButton,WordWrap,Word wrapping to fit component width
matlab.ui.control.RockerSwitch,BeingDeleted,Deletion status
matlab.ui.control.RockerSwitch,BusyAction,Callback queuing
matlab.ui.control.RockerSwitch,ContextMenu,Context menu
matlab.ui.control.RockerSwitch,CreateFcn,Creation function
matlab.ui.control.RockerSwitch,DeleteFcn,Deletion function
matlab.ui.control.RockerSwitch,Enable,Operational state
matlab.ui.control.RockerSwitch,FontAngle,Font angle
matlab.ui.control.RockerSwitch,FontColor,Font color
matlab.ui.control.RockerSwitch,FontName,Font name
matlab.ui.control.RockerSwitch,FontSize,Font size
matlab.ui.control.RockerSwitch,FontWeight,Font weight
matlab.ui.control.RockerSwitch,HandleVisibility,Visibility of object handle
matlab.ui.control.RockerSwitch,InnerPosition,Inner location and size of switch
matlab.ui.control.RockerSwitch,Interruptible,Callback interruption
matlab.ui.control.RockerSwitch,Items,Switch options
matlab.ui.control.RockerSwitch,ItemsData,Data associated with each element of Items
matlab.ui.control.RockerSwitch,Layout,Layout options
matlab.ui.control.RockerSwitch,Orientation,Orientation
matlab.ui.control.RockerSwitch,OuterPosition,Outer location and size of switch
matlab.ui.control.RockerSwitch,Parent,Parent container
matlab.ui.control.RockerSwitch,Position,Location and size of switch
matlab.ui.control.RockerSwitch,Tag,Object identifier
matlab.ui.control.RockerSwitch,Tooltip,Tooltip
matlab.ui.control.RockerSwitch,Type,Type of graphics object
matlab.ui.control.RockerSwitch,UserData,User data
matlab.ui.control.RockerSwitch,Value,Value
matlab.ui.control.RockerSwitch,ValueChangedFcn,Value changed callback
matlab.ui.control.RockerSwitch,Visible,State of visibility
matlab.ui.control.SemicircularGauge,BackgroundColor,Background color
matlab.ui.control.SemicircularGauge,BeingDeleted,Deletion status
matlab.ui.control.SemicircularGauge,BusyAction,Callback queuing
matlab.ui.control.SemicircularGauge,ContextMenu,Context menu
matlab.ui.control.SemicircularGauge,CreateFcn,Creation function
matlab.ui.control.SemicircularGauge,DeleteFcn,Deletion function
matlab.ui.control.SemicircularGauge,Enable,Operational state of gauge
matlab.ui.control.SemicircularGauge,FontAngle,Font angle
matlab.ui.control.SemicircularGauge,FontColor,Font color
matlab.ui.control.SemicircularGauge,FontName,Font name
matlab.ui.control.SemicircularGauge,FontSize,Font size
matlab.ui.control.SemicircularGauge,FontWeight,Font weight
matlab.ui.control.SemicircularGauge,HandleVisibility,Visibility of object handle
matlab.ui.control.SemicircularGauge,InnerPosition,Inner location and size of gauge
matlab.ui.control.SemicircularGauge,Interruptible,Callback interruption
matlab.ui.control.SemicircularGauge,Layout,Layout options
matlab.ui.control.SemicircularGauge,Limits,Minimum and maximum gauge scale values
matlab.ui.control.SemicircularGauge,MajorTickLabels,Major tick labels
matlab.ui.control.SemicircularGauge,MajorTickLabelsMode,Major tick labels mode
matlab.ui.control.SemicircularGauge,MajorTicks,Major tick mark locations
matlab.ui.control.SemicircularGauge,MajorTicksMode,Major tick creation mode
matlab.ui.control.SemicircularGauge,MinorTicks,Minor tick mark locations
matlab.ui.control.SemicircularGauge,MinorTicksMode,Minor tick creation mode
matlab.ui.control.SemicircularGauge,Orientation,Orientation
matlab.ui.control.SemicircularGauge,OuterPosition,Outer location and size of gauge
matlab.ui.control.SemicircularGauge,Parent,Parent container
matlab.ui.control.SemicircularGauge,Position,Location and size of gauge
matlab.ui.control.SemicircularGauge,ScaleColorLimits,Scale color limits
matlab.ui.control.SemicircularGauge,ScaleColors,Scale colors
matlab.ui.control.SemicircularGauge,ScaleDirection,Direction of gauge scale
matlab.ui.control.SemicircularGauge,Tag,Object identifier
matlab.ui.control.SemicircularGauge,Tooltip,Tooltip
matlab.ui.control.SemicircularGauge,Type,Type of graphics object
matlab.ui.control.SemicircularGauge,UserData,User data
matlab.ui.control.SemicircularGauge,Value,Location of gauge needle
matlab.ui.control.SemicircularGauge,Visible,State of visibility
matlab.ui.control.Slider,BeingDeleted,Deletion status
matlab.ui.control.Slider,BusyAction,Callback queuing
matlab.ui.control.Slider,ContextMenu,Context menu
matlab.ui.control.Slider,CreateFcn,Creation function
matlab.ui.control.Slider,DeleteFcn,Deletion function
matlab.ui.control.Slider,Enable,Operational state
matlab.ui.control.Slider,FontAngle,Font angle
matlab.ui.control.Slider,FontColor,Font color
matlab.ui.control.Slider,FontName,Font name
matlab.ui.control.Slider,FontSize,Font size
matlab.ui.control.Slider,FontWeight,Font weight
matlab.ui.control.Slider,HandleVisibility,Visibility of object handle
matlab.ui.control.Slider,InnerPosition,Inner location and size of slider
matlab.ui.control.Slider,Interruptible,Callback interruption
matlab.ui.control.Slider,Layout,Layout options
matlab.ui.control.Slider,Limits,Minimum and maximum slider values
matlab.ui.control.Slider,MajorTickLabels,Major tick labels
matlab.ui.control.Slider,MajorTickLabelsMode,Major tick labels mode
matlab.ui.control.Slider,MajorTicks,Major tick mark locations
matlab.ui.control.Slider,MajorTicksMode,Major tick creation mode
matlab.ui.control.Slider,MinorTicks,Minor tick mark locations
matlab.ui.control.Slider,MinorTicksMode,Minor tick creation mode
matlab.ui.control.Slider,Orientation,Orientation
matlab.ui.control.Slider,OuterPosition,Outer location and size of slider
matlab.ui.control.Slider,Parent,Parent container
matlab.ui.control.Slider,Position,Location and size of slider
matlab.ui.control.Slider,Tag,Object identifier
matlab.ui.control.Slider,Tooltip,Tooltip
matlab.ui.control.Slider,Type,Type of graphics object
matlab.ui.control.Slider,UserData,User data
matlab.ui.control.Slider,Value,Slider value
matlab.ui.control.Slider,ValueChangedFcn,Value changed callback
matlab.ui.control.Slider,ValueChangingFcn,Value changing callback
matlab.ui.control.Slider,Visible,State of visibility
matlab.ui.control.Spinner,BackgroundColor,Background color
matlab.ui.control.Spinner,BeingDeleted,Deletion status
matlab.ui.control.Spinner,BusyAction,Callback queuing
matlab.ui.control.Spinner,ContextMenu,Context menu
matlab.ui.control.Spinner,CreateFcn,Creation function
matlab.ui.control.Spinner,DeleteFcn,Deletion function
matlab.ui.control.Spinner,Editable,Editability of spinner
matlab.ui.control.Spinner,Enable,Operational state of spinner
matlab.ui.control.Spinner,FontAngle,Font angle
matlab.ui.control.Spinner,FontColor,Font color
matlab.ui.control.Spinner,FontName,Font name
matlab.ui.control.Spinner,FontSize,Font size
matlab.ui.control.Spinner,FontWeight,Font weight
matlab.ui.control.Spinner,HandleVisibility,Visibility of object handle
matlab.ui.control.Spinner,HorizontalAlignment,Horizontal alignment of numbers within spinner
matlab.ui.control.Spinner,InnerPosition,Inner location and size of spinner
matlab.ui.control.Spinner,Interruptible,Callback interruption
matlab.ui.control.Spinner,Layout,Layout options
matlab.ui.control.Spinner,Limits,Minimum and maximum spinner values
matlab.ui.control.Spinner,LowerLimitInclusive,Lower limit inclusiveness
matlab.ui.control.Spinner,OuterPosition,Outer location and size of spinner
matlab.ui.control.Spinner,Parent,Parent container
matlab.ui.control.Spinner,Position,Location and size of spinner
matlab.ui.control.Spinner,RoundFractionalValues,Rounding of fractional values
matlab.ui.control.Spinner,Step,Quantity by which value is incremented or decremented
matlab.ui.control.Spinner,Tag,Object identifier
matlab.ui.control.Spinner,Tooltip,Tooltip
matlab.ui.control.Spinner,Type,Type of graphics object
matlab.ui.control.Spinner,UpperLimitInclusive,Upper limit inclusiveness
matlab.ui.control.Spinner,UserData,User data
matlab.ui.control.Spinner,Value,Spinner value
matlab.ui.control.Spinner,ValueChangedFcn,Value changed callback
matlab.ui.control.Spinner,ValueChangingFcn,Value changing callback
matlab.ui.control.Spinner,ValueDisplayFormat,Value display format
matlab.ui.control.Spinner,Visible,State of visibility
matlab.ui.control.StateButton,BackgroundColor,Background color
matlab.ui.control.StateButton,BeingDeleted,Deletion status
matlab.ui.control.StateButton,BusyAction,Callback queuing
matlab.ui.control.StateButton,ContextMenu,Context menu
matlab.ui.control.StateButton,CreateFcn,Creation function
matlab.ui.control.StateButton,DeleteFcn,Deletion function
matlab.ui.control.StateButton,Enable,Operational state
matlab.ui.control.StateButton,FontAngle,Font angle
matlab.ui.control.StateButton,FontColor,Font color
matlab.ui.control.StateButton,FontName,Font name
matlab.ui.control.StateButton,FontSize,Font size
matlab.ui.control.StateButton,FontWeight,Font weight
matlab.ui.control.StateButton,HandleVisibility,Visibility of object handle
matlab.ui.control.StateButton,HorizontalAlignment,Horizontal alignment of icon and text
matlab.ui.control.StateButton,Icon,Icon source or file
matlab.ui.control.StateButton,IconAlignment,Location of icon relative to button text
matlab.ui.control.StateButton,InnerPosition,Location and size of button
matlab.ui.control.StateButton,Interruptible,Callback interruption
matlab.ui.control.StateButton,Layout,Layout options
matlab.ui.control.StateButton,OuterPosition,Location and size of button
matlab.ui.control.StateButton,Parent,Parent container
matlab.ui.control.StateButton,Position,Location and size of button
matlab.ui.control.StateButton,Tag,Object identifier
matlab.ui.control.StateButton,Text,Button label
matlab.ui.control.StateButton,Tooltip,Tooltip
matlab.ui.control.StateButton,Type,Type of graphics object
matlab.ui.control.StateButton,UserData,User data
matlab.ui.control.StateButton,Value,Pressed state of button
matlab.ui.control.StateButton,ValueChangedFcn,Value changed callback
matlab.ui.control.StateButton,VerticalAlignment,Vertical alignment of icon and text
matlab.ui.control.StateButton,Visible,State of visibility
matlab.ui.control.StateButton,WordWrap,Word wrapping to fit component width
matlab.ui.control.Switch,BeingDeleted,Deletion status
matlab.ui.control.Switch,BusyAction,Callback queuing
matlab.ui.control.Switch,ContextMenu,Context menu
matlab.ui.control.Switch,CreateFcn,Creation function
matlab.ui.control.Switch,DeleteFcn,Deletion function
matlab.ui.control.Switch,Enable,Operational state
matlab.ui.control.Switch,FontAngle,Font angle
matlab.ui.control.Switch,FontColor,Font color
matlab.ui.control.Switch,FontName,Font name
matlab.ui.control.Switch,FontSize,Font size
matlab.ui.control.Switch,FontWeight,Font weight
matlab.ui.control.Switch,HandleVisibility,Visibility of object handle
matlab.ui.control.Switch,InnerPosition,Inner location and size of switch
matlab.ui.control.Switch,Interruptible,Callback interruption
matlab.ui.control.Switch,Items,Switch options
matlab.ui.control.Switch,ItemsData,Data associated with each element of Items
matlab.ui.control.Switch,Layout,Layout options
matlab.ui.control.Switch,Orientation,Orientation
matlab.ui.control.Switch,OuterPosition,Outer location and size of switch
matlab.ui.control.Switch,Parent,Parent container
matlab.ui.control.Switch,Position,Location and size of switch
matlab.ui.control.Switch,Tag,Object identifier
matlab.ui.control.Switch,Tooltip,Tooltip
matlab.ui.control.Switch,Type,Type of graphics object
matlab.ui.control.Switch,UserData,User data
matlab.ui.control.Switch,Value,Value
matlab.ui.control.Switch,ValueChangedFcn,Value changed callback
matlab.ui.control.Switch,Visible,State of visibility
matlab.ui.control.Table,BackgroundColor,Table background color
matlab.ui.control.Table,BeingDeleted,Deletion status
matlab.ui.control.Table,BusyAction,Callback queuing
matlab.ui.control.Table,ButtonDownFcn,Button-press callback function
matlab.ui.control.Table,CellEditCallback,Cell edit callback function
matlab.ui.control.Table,CellSelectionCallback,Cell selection callback function
matlab.ui.control.Table,Children,Children of table
matlab.ui.control.Table,ColumnEditable,Ability to edit column cells
matlab.ui.control.Table,ColumnFormat,Cell display format
matlab.ui.control.Table,ColumnName,Column names
matlab.ui.control.Table,ColumnSortable,Ability to sort columns
matlab.ui.control.Table,ColumnWidth,Width of table columns
matlab.ui.control.Table,ContextMenu,Context menu
matlab.ui.control.Table,CreateFcn,Creation function
matlab.ui.control.Table,Data,Table data
matlab.ui.control.Table,DeleteFcn,Deletion function
matlab.ui.control.Table,DisplayData,Table data in current display
matlab.ui.control.Table,DisplayDataChangedFcn,Callback when display data changes
matlab.ui.control.Table,Enable,Operational state of table
matlab.ui.control.Table,Extent,Size of enclosing rectangle
matlab.ui.control.Table,FontAngle,Font angle
matlab.ui.control.Table,FontName,Font name
matlab.ui.control.Table,FontSize,Font size
matlab.ui.control.Table,FontUnits,Font unit of measurement
matlab.ui.control.Table,FontWeight,Font weight
matlab.ui.control.Table,ForegroundColor,Cell text color
matlab.ui.control.Table,HandleVisibility,Visibility of object handle
matlab.ui.control.Table,HitTest,Ability to become current object
matlab.ui.control.Table,InnerPosition,Location and size of table
matlab.ui.control.Table,Interruptible,Callback interruption
matlab.ui.control.Table,KeyPressFcn,Key press callback function
matlab.ui.control.Table,KeyReleaseFcn,Key-release callback function
matlab.ui.control.Table,Layout,Layout options
matlab.ui.control.Table,Multiselect,Multiple element selection
matlab.ui.control.Table,OuterPosition,Location and size of table
matlab.ui.control.Table,Parent,Parent container
matlab.ui.control.Table,Position,Location and size of table
matlab.ui.control.Table,RearrangeableColumns,Ability to rearrange table columns
matlab.ui.control.Table,RowName,Row names
matlab.ui.control.Table,RowStriping,Alternate row shading
matlab.ui.control.Table,Selection,Table selection
matlab.ui.control.Table,SelectionChangedFcn,Selection changed callback
matlab.ui.control.Table,SelectionType,Table selection type
matlab.ui.control.Table,StyleConfigurations,Configurations of added styles
matlab.ui.control.Table,Tag,Object identifier
matlab.ui.control.Table,Tooltip,Tooltip
matlab.ui.control.Table,Type,Type of graphics object
matlab.ui.control.Table,Units,Units of measurement
matlab.ui.control.Table,UserData,User data
matlab.ui.control.Table,Visible,State of visibility
matlab.ui.control.TextArea,BackgroundColor,Background color
matlab.ui.control.TextArea,BeingDeleted,Deletion status
matlab.ui.control.TextArea,BusyAction,Callback queuing
matlab.ui.control.TextArea,ContextMenu,Context menu
matlab.ui.control.TextArea,CreateFcn,Creation function
matlab.ui.control.TextArea,DeleteFcn,Deletion function
matlab.ui.control.TextArea,Editable,Editability of text area
matlab.ui.control.TextArea,Enable,Operational state of text area
matlab.ui.control.TextArea,FontAngle,Font angle
matlab.ui.control.TextArea,FontColor,Font color
matlab.ui.control.TextArea,FontName,Font name
matlab.ui.control.TextArea,FontSize,Font size
matlab.ui.control.TextArea,FontWeight,Font weight
matlab.ui.control.TextArea,HandleVisibility,Visibility of object handle
matlab.ui.control.TextArea,HorizontalAlignment,Horizontal alignment of text within text area
matlab.ui.control.TextArea,InnerPosition,Inner location and size of text area
matlab.ui.control.TextArea,Interruptible,Callback interruption
matlab.ui.control.TextArea,Layout,Layout options
matlab.ui.control.TextArea,OuterPosition,Outer location and size of text area
matlab.ui.control.TextArea,Parent,Parent container
matlab.ui.control.TextArea,Placeholder,Placeholder text in text area
matlab.ui.control.TextArea,Position,Location and size of text area
matlab.ui.control.TextArea,Tag,Object identifier
matlab.ui.control.TextArea,Tooltip,Tooltip
matlab.ui.control.TextArea,Type,Type of graphics object
matlab.ui.control.TextArea,UserData,User data
matlab.ui.control.TextArea,Value,Value
matlab.ui.control.TextArea,ValueChangedFcn,Value changed callback
matlab.ui.control.TextArea,ValueChangingFcn,Value changing callback
matlab.ui.control.TextArea,Visible,State of visibility
matlab.ui.control.TextArea,WordWrap,Word wrapping to fit component width
matlab.ui.control.ToggleButton,BackgroundColor,Background color
matlab.ui.control.ToggleButton,BeingDeleted,Deletion status
matlab.ui.control.ToggleButton,BusyAction,Callback queuing
matlab.ui.control.ToggleButton,ContextMenu,Context menu
matlab.ui.control.ToggleButton,CreateFcn,Creation function
matlab.ui.control.ToggleButton,DeleteFcn,Deletion function
matlab.ui.control.ToggleButton,Enable,Operational state of button
matlab.ui.control.ToggleButton,FontAngle,Font angle
matlab.ui.control.ToggleButton,FontColor,Font color
matlab.ui.control.ToggleButton,FontName,Font name
matlab.ui.control.ToggleButton,FontSize,Font size
matlab.ui.control.ToggleButton,FontWeight,Font weight
matlab.ui.control.ToggleButton,HandleVisibility,Visibility of object handle
matlab.ui.control.ToggleButton,HorizontalAlignment,Horizontal alignment of icon and text
matlab.ui.control.ToggleButton,Icon,Icon source or file
matlab.ui.control.ToggleButton,IconAlignment,Location of icon relative to button text
matlab.ui.control.ToggleButton,InnerPosition,Location and size of button
matlab.ui.control.ToggleButton,Interruptible,Callback interruption
matlab.ui.control.ToggleButton,OuterPosition,Outer location and size of button
matlab.ui.control.ToggleButton,Parent,Parent container
matlab.ui.control.ToggleButton,Position,Location and size of button
matlab.ui.control.ToggleButton,Tag,Object identifier
matlab.ui.control.ToggleButton,Text,Button label
matlab.ui.control.ToggleButton,Tooltip,Tooltip
matlab.ui.control.ToggleButton,Type,Type of graphics object
matlab.ui.control.ToggleButton,UserData,User data
matlab.ui.control.ToggleButton,Value,State of toggle button
matlab.ui.control.ToggleButton,VerticalAlignment,Vertical alignment of icon and text
matlab.ui.control.ToggleButton,Visible,State of visibility
matlab.ui.control.ToggleButton,WordWrap,Word wrapping to fit component width
matlab.ui.control.ToggleSwitch,BeingDeleted,Deletion status
matlab.ui.control.ToggleSwitch,BusyAction,Callback queuing
matlab.ui.control.ToggleSwitch,ContextMenu,Context menu
matlab.ui.control.ToggleSwitch,CreateFcn,Creation function
matlab.ui.control.ToggleSwitch,DeleteFcn,Deletion function
matlab.ui.control.ToggleSwitch,Enable,Operational state
matlab.ui.control.ToggleSwitch,FontAngle,Font angle
matlab.ui.control.ToggleSwitch,FontColor,Font color
matlab.ui.control.ToggleSwitch,FontName,Font name
matlab.ui.control.ToggleSwitch,FontSize,Font size
matlab.ui.control.ToggleSwitch,FontWeight,Font weight
matlab.ui.control.ToggleSwitch,HandleVisibility,Visibility of object handle
matlab.ui.control.ToggleSwitch,InnerPosition,Inner location and size of switch
matlab.ui.control.ToggleSwitch,Interruptible,Callback interruption
matlab.ui.control.ToggleSwitch,Items,Switch options
matlab.ui.control.ToggleSwitch,ItemsData,Data associated with each element of Items
matlab.ui.control.ToggleSwitch,Layout,Layout options
matlab.ui.control.ToggleSwitch,Orientation,Orientation
matlab.ui.control.ToggleSwitch,OuterPosition,Outer location and size of switch
matlab.ui.control.ToggleSwitch,Parent,Parent container
matlab.ui.control.ToggleSwitch,Position,Location and size of switch
matlab.ui.control.ToggleSwitch,Tag,Object identifier
matlab.ui.control.ToggleSwitch,Tooltip,Tooltip
matlab.ui.control.ToggleSwitch,Type,Type of graphics object
matlab.ui.control.ToggleSwitch,UserData,User data
matlab.ui.control.ToggleSwitch,Value,Value
matlab.ui.control.ToggleSwitch,ValueChangedFcn,Value changed callback
matlab.ui.control.ToggleSwitch,Visible,State of visibility
matlab.ui.control.UIAxes,ALim,Alpha limits
matlab.ui.control.UIAxes,ALimMode,Selection mode for ALim
matlab.ui.control.UIAxes,AlphaScale,Scale for transparency mapping
matlab.ui.control.UIAxes,Alphamap,Transparency map
matlab.ui.control.UIAxes,AmbientLightColor,Background light color
matlab.ui.control.UIAxes,BackgroundColor,Color of margin around plot area
matlab.ui.control.UIAxes,BeingDeleted,Deletion status
matlab.ui.control.UIAxes,Box,Box outline
matlab.ui.control.UIAxes,BoxStyle,Box outline style
matlab.ui.control.UIAxes,BusyAction,Callback queuing
matlab.ui.control.UIAxes,ButtonDownFcn,Mouse-click callback
matlab.ui.control.UIAxes,CLim,Color limits
matlab.ui.control.UIAxes,CLimMode,Selection mode for CLim
matlab.ui.control.UIAxes,CameraPosition,Camera location
matlab.ui.control.UIAxes,CameraPositionMode,Selection mode for CameraPosition
matlab.ui.control.UIAxes,CameraTarget,Camera target point
matlab.ui.control.UIAxes,CameraTargetMode,Selection mode for CameraTarget
matlab.ui.control.UIAxes,CameraUpVector,Vector defining upwards direction
matlab.ui.control.UIAxes,CameraUpVectorMode,Selection mode for CameraUpVector
matlab.ui.control.UIAxes,CameraViewAngle,Field of view
matlab.ui.control.UIAxes,CameraViewAngleMode,Selection mode for CameraViewAngle
matlab.ui.control.UIAxes,Children,Children
matlab.ui.control.UIAxes,Clipping,Clipping of objects to axes limits
matlab.ui.control.UIAxes,ClippingStyle,Clipping boundaries
matlab.ui.control.UIAxes,Color,Color of plot area
matlab.ui.control.UIAxes,ColorOrder,Color order
matlab.ui.control.UIAxes,ColorOrderIndex,Color order index
matlab.ui.control.UIAxes,ColorScale,Scale for color mapping
matlab.ui.control.UIAxes,Colormap,Color map
matlab.ui.control.UIAxes,ContextMenu,Context menu
matlab.ui.control.UIAxes,CreateFcn,Creation function
matlab.ui.control.UIAxes,CurrentPoint,Location of mouse pointer
matlab.ui.control.UIAxes,DataAspectRatio,Relative length of data units
matlab.ui.control.UIAxes,DataAspectRatioMode,Data aspect ratio mode
matlab.ui.control.UIAxes,DeleteFcn,Deletion function
matlab.ui.control.UIAxes,FontAngle,Character slant
matlab.ui.control.UIAxes,FontName,Font name
matlab.ui.control.UIAxes,FontSize,Font size
matlab.ui.control.UIAxes,FontSizeMode,Selection mode for font size
matlab.ui.control.UIAxes,FontSmoothing,Character smoothing
matlab.ui.control.UIAxes,FontUnits,Font size units
matlab.ui.control.UIAxes,FontWeight,Character thickness
matlab.ui.control.UIAxes,GridAlpha,Grid-line transparency
matlab.ui.control.UIAxes,GridAlphaMode,Selection mode for GridAlpha
matlab.ui.control.UIAxes,GridColor,Color of grid lines
matlab.ui.control.UIAxes,GridColorMode,Property for setting grid color
matlab.ui.control.UIAxes,GridLineStyle,Line style for grid lines
matlab.ui.control.UIAxes,HandleVisibility,Visibility of object handle
matlab.ui.control.UIAxes,HitTest,Response to captured mouse clicks
matlab.ui.control.UIAxes,InnerPosition,"Size and position of inner axes, excluding labels and margins"
matlab.ui.control.UIAxes,Interactions,Interactions
matlab.ui.control.UIAxes,Interruptible,Callback interruption
matlab.ui.control.UIAxes,LabelFontSizeMultiplier,Scale factor for label font size
matlab.ui.control.UIAxes,Layer,Placement of grid lines and tick marks
matlab.ui.control.UIAxes,Layout,Layout options
matlab.ui.control.UIAxes,Legend,Legend associated with axes
matlab.ui.control.UIAxes,LineStyleOrder,Line style order
matlab.ui.control.UIAxes,LineStyleOrderIndex,Line style order index
matlab.ui.control.UIAxes,LineWidth,Line width
matlab.ui.control.UIAxes,MinorGridAlpha,Minor grid line transparency
matlab.ui.control.UIAxes,MinorGridAlphaMode,Selection mode for MinorGridAlpha
matlab.ui.control.UIAxes,MinorGridColor,Color of minor grid lines
matlab.ui.control.UIAxes,MinorGridColorMode,Property for setting minor grid color
matlab.ui.control.UIAxes,MinorGridLineStyle,Line style for minor grid lines
matlab.ui.control.UIAxes,NextPlot,Properties to reset
matlab.ui.control.UIAxes,NextSeriesIndex,SeriesIndex value for next object
matlab.ui.control.UIAxes,OuterPosition,"Size and location of axes, including labels and margins"
matlab.ui.control.UIAxes,Parent,Parent container
matlab.ui.control.UIAxes,PickableParts,Ability to capture mouse clicks
matlab.ui.control.UIAxes,PlotBoxAspectRatio,Relative length of each axis
matlab.ui.control.UIAxes,PlotBoxAspectRatioMode,Selection mode for PlotBoxAspectRatio
matlab.ui.control.UIAxes,Position,"Size and location of axes, including labels and margins"
matlab.ui.control.UIAxes,PositionConstraint,Position to hold constant
matlab.ui.control.UIAxes,Projection,Type of projection onto 2-D screen
matlab.ui.control.UIAxes,Selected,Selection state
matlab.ui.control.UIAxes,SelectionHighlight,Display of selection handles
matlab.ui.control.UIAxes,SortMethod,Order for rendering objects
matlab.ui.control.UIAxes,Subtitle,Text object for subtitle
matlab.ui.control.UIAxes,SubtitleFontWeight,Subtitle character thickness
matlab.ui.control.UIAxes,Tag,Object identifier
matlab.ui.control.UIAxes,TickDir,Tick mark direction
matlab.ui.control.UIAxes,TickDirMode,Selection mode for TickDir
matlab.ui.control.UIAxes,TickLabelInterpreter,Tick label interpreter
matlab.ui.control.UIAxes,TickLength,Tick mark length
matlab.ui.control.UIAxes,TightInset,Margin for text labels
matlab.ui.control.UIAxes,Title,Text object for axes title
matlab.ui.control.UIAxes,TitleFontSizeMultiplier,Scale factor for title font size
matlab.ui.control.UIAxes,TitleFontWeight,Title character thickness
matlab.ui.control.UIAxes,TitleHorizontalAlignment,Title and subtitle horizontal alignment
matlab.ui.control.UIAxes,Toolbar,Data exploration toolbar
matlab.ui.control.UIAxes,Type,Type of graphics object
matlab.ui.control.UIAxes,Units,Position units
matlab.ui.control.UIAxes,UserData,User data
matlab.ui.control.UIAxes,View,Azimuth and elevation of view
matlab.ui.control.UIAxes,Visible,State of visibility
matlab.ui.control.UIAxes,XAxis,Axis ruler
matlab.ui.control.UIAxes,XAxisLocation,x-axis location
matlab.ui.control.UIAxes,XColor,"Color of axis line, tick values, and labels"
matlab.ui.control.UIAxes,XColorMode,Property for setting x-axis grid color
matlab.ui.control.UIAxes,XDir,x-axis direction
matlab.ui.control.UIAxes,XGrid,Grid lines
matlab.ui.control.UIAxes,XLabel,Text object for axis label
matlab.ui.control.UIAxes,XLim,Minimum and maximum axis limits
matlab.ui.control.UIAxes,XLimMode,Selection mode for axis limits
matlab.ui.control.UIAxes,XLimitMethod,Axis limit selection method
matlab.ui.control.UIAxes,XMinorGrid,Minor grid lines
matlab.ui.control.UIAxes,XMinorTick,Minor tick marks
matlab.ui.control.UIAxes,XScale,Scale of values along axis
matlab.ui.control.UIAxes,XTick,Tick values
matlab.ui.control.UIAxes,XTickLabel,Tick labels
matlab.ui.control.UIAxes,XTickLabelMode,Selection mode for tick labels
matlab.ui.control.UIAxes,XTickLabelRotation,Tick label rotation
matlab.ui.control.UIAxes,XTickMode,Selection mode for tick values
matlab.ui.control.UIAxes,YAxis,Axis ruler
matlab.ui.control.UIAxes,YAxisLocation,y-axis location
matlab.ui.control.UIAxes,YColor,"Color of axis line, tick values, and labels"
matlab.ui.control.UIAxes,YColorMode,Property for setting y-axis grid color
matlab.ui.control.UIAxes,YDir,y-axis direction
matlab.ui.control.UIAxes,YGrid,Grid lines
matlab.ui.control.UIAxes,YLabel,Text object for axis label
matlab.ui.control.UIAxes,YLim,Minimum and maximum axis limits
matlab.ui.control.UIAxes,YLimMode,Selection mode for axis limits
matlab.ui.control.UIAxes,YLimitMethod,Axis limit selection method
matlab.ui.control.UIAxes,YMinorGrid,Minor grid lines
matlab.ui.control.UIAxes,YMinorTick,Minor tick marks
matlab.ui.control.UIAxes,YScale,Scale of values along axis
matlab.ui.control.UIAxes,YTick,Tick values
matlab.ui.control.UIAxes,YTickLabel,Tick labels
matlab.ui.control.UIAxes,YTickLabelMode,Selection mode for tick labels
matlab.ui.control.UIAxes,YTickLabelRotation,Tick label rotation
matlab.ui.control.UIAxes,YTickMode,Selection mode for tick values
matlab.ui.control.UIAxes,ZAxis,Axis ruler
matlab.ui.control.UIAxes,ZColor,"Color of axis line, tick values, and labels"
matlab.ui.control.UIAxes,ZColorMode,Property for setting z-axis grid color
matlab.ui.control.UIAxes,ZDir,z-axis direction
matlab.ui.control.UIAxes,ZGrid,Grid lines
matlab.ui.control.UIAxes,ZLabel,Text object for axis label
matlab.ui.control.UIAxes,ZLim,Minimum and maximum axis limits
matlab.ui.control.UIAxes,ZLimMode,Selection mode for axis limits
matlab.ui.control.UIAxes,ZLimitMethod,Axis limit selection method
matlab.ui.control.UIAxes,ZMinorGrid,Minor grid lines
matlab.ui.control.UIAxes,ZMinorTick,Minor tick marks
matlab.ui.control.UIAxes,ZScale,Scale of values along axis
matlab.ui.control.UIAxes,ZTick,Tick values
matlab.ui.control.UIAxes,ZTickLabel,Tick labels
matlab.ui.control.UIAxes,ZTickLabelMode,Selection mode for tick labels
matlab.ui.control.UIAxes,ZTickLabelRotation,Tick label rotation
matlab.ui.control.UIAxes,ZTickMode,Selection mode for tick values
matlab.ui.control.UIControl,BackgroundColor,Background color
matlab.ui.control.UIControl,BeingDeleted,Deletion status
matlab.ui.control.UIControl,BusyAction,Callback queuing
matlab.ui.control.UIControl,ButtonDownFcn,Button-press callback function
matlab.ui.control.UIControl,CData,Optional icon
matlab.ui.control.UIControl,Callback,Primary callback function
matlab.ui.control.UIControl,Children,UIControl children
matlab.ui.control.UIControl,ContextMenu,Context menu
matlab.ui.control.UIControl,CreateFcn,Component creation function
matlab.ui.control.UIControl,DeleteFcn,Component deletion function
matlab.ui.control.UIControl,Enable,Operational state of user interface control
matlab.ui.control.UIControl,Extent,Size of enclosing rectangle
matlab.ui.control.UIControl,FontAngle,Font angle
matlab.ui.control.UIControl,FontName,Font name
matlab.ui.control.UIControl,FontSize,Font size
matlab.ui.control.UIControl,FontUnits,Font units
matlab.ui.control.UIControl,FontWeight,Font weight
matlab.ui.control.UIControl,ForegroundColor,Text color
matlab.ui.control.UIControl,HandleVisibility,Visibility of UIControl handle
matlab.ui.control.UIControl,HitTest,Ability to become current object
matlab.ui.control.UIControl,HorizontalAlignment,Alignment of uicontrol text
matlab.ui.control.UIControl,InnerPosition,Location and size
matlab.ui.control.UIControl,Interruptible,Callback interruption
matlab.ui.control.UIControl,KeyPressFcn,Key press callback function
matlab.ui.control.UIControl,KeyReleaseFcn,Key-release callback function
matlab.ui.control.UIControl,ListboxTop,Index of top item in list box
matlab.ui.control.UIControl,Max,Maximum value
matlab.ui.control.UIControl,Min,Minimum value
matlab.ui.control.UIControl,OuterPosition,Location and size
matlab.ui.control.UIControl,Parent,Parent object
matlab.ui.control.UIControl,Position,Location and size
matlab.ui.control.UIControl,Selected,Selection state (not recommended)
matlab.ui.control.UIControl,SelectionHighlight,Display of selection handles (not recommended)
matlab.ui.control.UIControl,SliderStep,Slider step size
matlab.ui.control.UIControl,String,Text to display
matlab.ui.control.UIControl,Style,Style of UIControl
matlab.ui.control.UIControl,Tag,Object identifier
matlab.ui.control.UIControl,Tooltip,Tooltip
matlab.ui.control.UIControl,TooltipString,Tooltip (not recommended)
matlab.ui.control.UIControl,Type,Type of graphics object
matlab.ui.control.UIControl,Units,Units of measurement
matlab.ui.control.UIControl,UserData,User data
matlab.ui.control.UIControl,Value,Current value
matlab.ui.control.UIControl,Visible,State of visibility
matlab.ui.controls.ToolbarDropdown,BeingDeleted,Deletion status
matlab.ui.controls.ToolbarDropdown,BusyAction,Callback queuing
matlab.ui.controls.ToolbarDropdown,ButtonDownFcn,Mouse-click callback
matlab.ui.controls.ToolbarDropdown,Children,Child buttons
matlab.ui.controls.ToolbarDropdown,ContextMenu,Context menu
matlab.ui.controls.ToolbarDropdown,CreateFcn,Creation function
matlab.ui.controls.ToolbarDropdown,DeleteFcn,Deletion function
matlab.ui.controls.ToolbarDropdown,HandleVisibility,Visibility of object handle
matlab.ui.controls.ToolbarDropdown,Icon,Button icon
matlab.ui.controls.ToolbarDropdown,Interruptible,Callback interruption
matlab.ui.controls.ToolbarDropdown,Parent,Parent
matlab.ui.controls.ToolbarDropdown,Tag,Object identifier
matlab.ui.controls.ToolbarDropdown,Type,Type of graphics object
matlab.ui.controls.ToolbarDropdown,UserData,User data
matlab.ui.controls.ToolbarDropdown,Visible,State of visibility
matlab.ui.controls.ToolbarPushButton,BeingDeleted,Deletion status
matlab.ui.controls.ToolbarPushButton,BusyAction,Callback queuing
matlab.ui.controls.ToolbarPushButton,ButtonDownFcn,Mouse-click callback
matlab.ui.controls.ToolbarPushButton,ButtonPushedFcn,Push button callback
matlab.ui.controls.ToolbarPushButton,Children,Children
matlab.ui.controls.ToolbarPushButton,ContextMenu,Context menu
matlab.ui.controls.ToolbarPushButton,CreateFcn,Creation function
matlab.ui.controls.ToolbarPushButton,DeleteFcn,Deletion function
matlab.ui.controls.ToolbarPushButton,HandleVisibility,Visibility of object handle
matlab.ui.controls.ToolbarPushButton,Icon,Button icon
matlab.ui.controls.ToolbarPushButton,Interruptible,Callback interruption
matlab.ui.controls.ToolbarPushButton,Parent,Parent
matlab.ui.controls.ToolbarPushButton,Tag,Object identifier
matlab.ui.controls.ToolbarPushButton,Tooltip,Button tool tip
matlab.ui.controls.ToolbarPushButton,Type,Type of graphics object
matlab.ui.controls.ToolbarPushButton,UserData,User data
matlab.ui.controls.ToolbarPushButton,Visible,State of visibility
matlab.ui.controls.ToolbarStateButton,BeingDeleted,Deletion status
matlab.ui.controls.ToolbarStateButton,BusyAction,Callback queuing
matlab.ui.controls.ToolbarStateButton,ButtonDownFcn,Mouse-click callback
matlab.ui.controls.ToolbarStateButton,Children,Children
matlab.ui.controls.ToolbarStateButton,ContextMenu,Context menu
matlab.ui.controls.ToolbarStateButton,CreateFcn,Creation function
matlab.ui.controls.ToolbarStateButton,DeleteFcn,Deletion function
matlab.ui.controls.ToolbarStateButton,HandleVisibility,Visibility of object handle
matlab.ui.controls.ToolbarStateButton,Icon,Button icon
matlab.ui.controls.ToolbarStateButton,Interruptible,Callback interruption
matlab.ui.controls.ToolbarStateButton,Parent,Parent
matlab.ui.controls.ToolbarStateButton,Tag,Object identifier
matlab.ui.controls.ToolbarStateButton,Tooltip,Button tool tip
matlab.ui.controls.ToolbarStateButton,Type,Type of graphics object
matlab.ui.controls.ToolbarStateButton,UserData,User data
matlab.ui.controls.ToolbarStateButton,Value,Current state of button
matlab.ui.controls.ToolbarStateButton,ValueChangedFcn,State button callback
matlab.ui.controls.ToolbarStateButton,Visible,State of visibility
matlab.ui.dialog.ProgressDialog,CancelRequested,Cancel requested
matlab.ui.dialog.ProgressDialog,CancelText,Cancel button text
matlab.ui.dialog.ProgressDialog,Cancelable,Allow cancellation
matlab.ui.dialog.ProgressDialog,Icon,Icon
matlab.ui.dialog.ProgressDialog,Indeterminate,Indeterminate progress
matlab.ui.dialog.ProgressDialog,Interpreter,Dialog text interpreter
matlab.ui.dialog.ProgressDialog,Message,message
matlab.ui.dialog.ProgressDialog,ShowPercentage,Show percentage
matlab.ui.dialog.ProgressDialog,Title,Title
matlab.ui.dialog.ProgressDialog,Value,Fraction complete
matlab.ui.style.Style,BackgroundColor,Background color
matlab.ui.style.Style,FontAngle,Font angle
matlab.ui.style.Style,FontColor,Font color
matlab.ui.style.Style,FontName,Font name
matlab.ui.style.Style,FontWeight,Font weight
matlab.ui.style.Style,HorizontalAlignment,Horizontal alignment of table cell text
matlab.unittest.Test,BaseFolder,
matlab.unittest.Test,Name,
matlab.unittest.Test,Parameterization,
matlab.unittest.Test,ProcedureName,
matlab.unittest.Test,SharedTestFixtures,
matlab.unittest.Test,Tags,
matlab.unittest.Test,TestClass,
matlab.unittest.TestResult,Details,Additional information about test
matlab.unittest.TestResult,Duration,Time spent running test
matlab.unittest.TestResult,Failed,Indicator if test failed
matlab.unittest.TestResult,Incomplete,Indicator if test did not run to completion
matlab.unittest.TestResult,Name,Name of TestSuite element
matlab.unittest.TestResult,Passed,Indicator if test passed
matlab.unittest.TestRunner,ArtifactsRootFolder,Root folder where test run artifacts are stored
matlab.unittest.TestRunner,PrebuiltFixtures,Fixtures set up outside the test runner
matlab.unittest.constraints.AbsoluteTolerance,Values,
matlab.unittest.constraints.AndConstraint,FirstConstraint,Left side constraint
matlab.unittest.constraints.AndConstraint,SecondConstraint,Right side constraint
matlab.unittest.constraints.AnyCellOf,ActualValue,
matlab.unittest.constraints.AnyElementOf,ActualValue,
matlab.unittest.constraints.CellComparator,Recursive,
matlab.unittest.constraints.ContainsSubstring,IgnoreCase,
matlab.unittest.constraints.ContainsSubstring,IgnoreWhitespace,
matlab.unittest.constraints.ContainsSubstring,Substring,
matlab.unittest.constraints.EndsWithSubstring,IgnoreCase,
matlab.unittest.constraints.EndsWithSubstring,IgnoreWhitespace,
matlab.unittest.constraints.EndsWithSubstring,Suffix,
matlab.unittest.constraints.Eventually,FinalReturnValue,
matlab.unittest.constraints.Eventually,Timeout,
matlab.unittest.constraints.EveryCellOf,ActualValue,
matlab.unittest.constraints.EveryElementOf,ActualValue,
matlab.unittest.constraints.HasElementCount,Count,
matlab.unittest.constraints.HasField,Field,
matlab.unittest.constraints.HasLength,Count,
matlab.unittest.constraints.HasSize,Size,
matlab.unittest.constraints.IsEqualTo,Comparator,
matlab.unittest.constraints.IsEqualTo,Expected,
matlab.unittest.constraints.IsEqualTo,IgnoreCase,
matlab.unittest.constraints.IsEqualTo,IgnoreWhitespace,
matlab.unittest.constraints.IsEqualTo,IgnoredFields,
matlab.unittest.constraints.IsEqualTo,Tolerance,
matlab.unittest.constraints.IsGreaterThan,FloorValue,
matlab.unittest.constraints.IsGreaterThanOrEqualTo,FloorValue,
matlab.unittest.constraints.IsInstanceOf,Class,
matlab.unittest.constraints.IsLessThan,CeilingValue,
matlab.unittest.constraints.IsLessThanOrEqualTo,CeilingValue,
matlab.unittest.constraints.IsOfClass,Class,
matlab.unittest.constraints.IsSameSetAs,ExpectedSet,Expected-value set to compare to actual-value set
matlab.unittest.constraints.IsSubsetOf,Superset,Superset of actual value set
matlab.unittest.constraints.IsSubstringOf,IgnoreCase,
matlab.unittest.constraints.IsSubstringOf,IgnoreWhitespace,
matlab.unittest.constraints.IsSubstringOf,Superstring,
matlab.unittest.constraints.IsSupersetOf,Subset,Subset of actual value set
matlab.unittest.constraints.IssuesNoWarnings,FunctionOutputs,
matlab.unittest.constraints.IssuesNoWarnings,Nargout,
matlab.unittest.constraints.IssuesWarnings,Exact,
matlab.unittest.constraints.IssuesWarnings,ExpectedWarnings,
matlab.unittest.constraints.IssuesWarnings,FunctionOutputs,
matlab.unittest.constraints.IssuesWarnings,Nargout,
matlab.unittest.constraints.IssuesWarnings,RespectCount,
matlab.unittest.constraints.IssuesWarnings,RespectOrder,
matlab.unittest.constraints.IssuesWarnings,RespectSet,
matlab.unittest.constraints.Matches,Expression,
matlab.unittest.constraints.Matches,IgnoreCase,
matlab.unittest.constraints.NotConstraint,Constraint,Constraint being complemented
matlab.unittest.constraints.NumericComparator,Tolerance,
matlab.unittest.constraints.ObjectComparator,Tolerance,
matlab.unittest.constraints.OrConstraint,FirstConstraint,Left side constraint
matlab.unittest.constraints.OrConstraint,SecondConstraint,Right side constraint
matlab.unittest.constraints.PublicPropertyComparator,IgnoredProperties,
matlab.unittest.constraints.PublicPropertyComparator,Recursive,
matlab.unittest.constraints.RelativeTolerance,Values,
matlab.unittest.constraints.StartsWithSubstring,IgnoreCase,
matlab.unittest.constraints.StartsWithSubstring,IgnoreWhitespace,
matlab.unittest.constraints.StartsWithSubstring,Prefix,
matlab.unittest.constraints.StringComparator,IgnoreCase,
matlab.unittest.constraints.StringComparator,IgnoreWhitespace,
matlab.unittest.constraints.StructComparator,IgnoredFields,
matlab.unittest.constraints.StructComparator,Recursive,
matlab.unittest.constraints.TableComparator,Recursive,Indicator of whether comparator operates recursively
matlab.unittest.constraints.Throws,ExpectedException,
matlab.unittest.constraints.Throws,Nargout,
matlab.unittest.constraints.Throws,RequiredCauses,
matlab.unittest.constraints.Throws,RespectSet,
matlab.unittest.diagnostics.ConstraintDiagnostic,ActVal,
matlab.unittest.diagnostics.ConstraintDiagnostic,ActValHeader,
matlab.unittest.diagnostics.ConstraintDiagnostic,Artifacts,
matlab.unittest.diagnostics.ConstraintDiagnostic,Conditions,
matlab.unittest.diagnostics.ConstraintDiagnostic,ConditionsCount,
matlab.unittest.diagnostics.ConstraintDiagnostic,Description,
matlab.unittest.diagnostics.ConstraintDiagnostic,DiagnosticText,
matlab.unittest.diagnostics.ConstraintDiagnostic,DisplayActVal,
matlab.unittest.diagnostics.ConstraintDiagnostic,DisplayConditions,
matlab.unittest.diagnostics.ConstraintDiagnostic,DisplayDescription,
matlab.unittest.diagnostics.ConstraintDiagnostic,DisplayExpVal,
matlab.unittest.diagnostics.ConstraintDiagnostic,ExpVal,
matlab.unittest.diagnostics.ConstraintDiagnostic,ExpValHeader,
matlab.unittest.diagnostics.Diagnostic,Artifacts,
matlab.unittest.diagnostics.Diagnostic,DiagnosticText,
matlab.unittest.diagnostics.DiagnosticResult,Artifacts,Artifacts produced during last diagnostic evaluation
matlab.unittest.diagnostics.DiagnosticResult,DiagnosticText,Result of diagnostic evaluation
matlab.unittest.diagnostics.DisplayDiagnostic,DiagnosticText,
matlab.unittest.diagnostics.DisplayDiagnostic,Value,
matlab.unittest.diagnostics.FigureDiagnostic,Figure,Figure to save
matlab.unittest.diagnostics.FigureDiagnostic,Formats,File format for the saved figure
matlab.unittest.diagnostics.FigureDiagnostic,Prefix,File name prefix
matlab.unittest.diagnostics.FileArtifact,FullPath,Full path to artifact
matlab.unittest.diagnostics.FileArtifact,Location,Parent folder
matlab.unittest.diagnostics.FileArtifact,Name,Artifact name
matlab.unittest.diagnostics.FunctionHandleDiagnostic,DiagnosticText,
matlab.unittest.diagnostics.FunctionHandleDiagnostic,Fcn,
matlab.unittest.diagnostics.LoggedDiagnosticEventData,Diagnostic,
matlab.unittest.diagnostics.LoggedDiagnosticEventData,DiagnosticResults,
matlab.unittest.diagnostics.LoggedDiagnosticEventData,Stack,
matlab.unittest.diagnostics.LoggedDiagnosticEventData,Timestamp,
matlab.unittest.diagnostics.LoggedDiagnosticEventData,Verbosity,
matlab.unittest.diagnostics.ScreenshotDiagnostic,Prefix,File name prefix
matlab.unittest.fixtures.CurrentFolderFixture,Folder,
matlab.unittest.fixtures.Fixture,SetupDescription,
matlab.unittest.fixtures.Fixture,TeardownDescription,
matlab.unittest.fixtures.PathFixture,Folders,
matlab.unittest.fixtures.PathFixture,IncludeSubfolders,
matlab.unittest.fixtures.PathFixture,Position,
matlab.unittest.fixtures.ProjectFixture,ProjectFolder,Project root folder
matlab.unittest.fixtures.SuppressedWarningsFixture,Warnings,
matlab.unittest.fixtures.TemporaryFolderFixture,Folder,
matlab.unittest.fixtures.TemporaryFolderFixture,PreserveOnFailure,
matlab.unittest.fixtures.TemporaryFolderFixture,Suffix,
matlab.unittest.fixtures.WorkingFolderFixture,Folder,Absolute path of the folder created by the fixture
matlab.unittest.fixtures.WorkingFolderFixture,PreserveOnFailure,Indicator to preserve temporary folder
matlab.unittest.fixtures.WorkingFolderFixture,Suffix,Suffix for temporary folder name
matlab.unittest.measurement.MeasurementResult,Name,Name of the test suite element
matlab.unittest.measurement.MeasurementResult,Samples,Information about sample measurements
matlab.unittest.measurement.MeasurementResult,TestActivity,Information about all test activity
matlab.unittest.measurement.MeasurementResult,Valid,Indicator if measurement is valid
matlab.unittest.measurement.chart.ComparisonPlot,Scale,Scale of x- and y-axes
matlab.unittest.measurement.chart.ComparisonPlot,SimilarityTolerance,Allowable deviation of statistics ratio from one
matlab.unittest.parameters.Parameter,Name,Parameter value name
matlab.unittest.parameters.Parameter,Property,Name of property that defines Parameter
matlab.unittest.parameters.Parameter,Value,Parameter value
matlab.unittest.plugins.DiagnosticsOutputPlugin,ExcludeFailureDiagnostics,Indicator if diagnostics for failing events are excluded
matlab.unittest.plugins.DiagnosticsOutputPlugin,IncludePassingDiagnostics,Indicator if diagnostics for passing events are included
matlab.unittest.plugins.DiagnosticsOutputPlugin,LoggingLevel,Maximum verbosity level for logged diagnostics included by the plugin
matlab.unittest.plugins.DiagnosticsOutputPlugin,OutputDetail,Detail level for reported events
matlab.unittest.plugins.DiagnosticsRecordingPlugin,IncludePassingDiagnostics,Indicator if diagnostics for passing events are recorded
matlab.unittest.plugins.DiagnosticsRecordingPlugin,LoggingLevel,Maximum verbosity level for logged diagnostics
matlab.unittest.plugins.DiagnosticsRecordingPlugin,OutputDetail,Display level for event details
matlab.unittest.plugins.FailOnWarningsPlugin,Ignore,Values to ignore
matlab.unittest.plugins.LoggingPlugin,Description,Logged diagnostic message description
matlab.unittest.plugins.LoggingPlugin,HideLevel,Indicator to display verbosity level
matlab.unittest.plugins.LoggingPlugin,HideTimestamp,Indicator to display timestamp
matlab.unittest.plugins.LoggingPlugin,NumStackFrames,Number of stack frames to display
matlab.unittest.plugins.LoggingPlugin,Verbosity,Verbosity levels supported by plugin instance
matlab.unittest.plugins.StopOnFailuresPlugin,IncludeAssumptionFailures,
matlab.unittest.plugins.TestReportPlugin,IncludeCommandWindowText,Indicator if text output from Command Window is included
matlab.unittest.plugins.TestReportPlugin,IncludePassingDiagnostics,Indicator if diagnostics for passing events are included
matlab.unittest.plugins.TestReportPlugin,LoggingLevel,Maximum verbosity level for logged diagnostics included by the plugin
matlab.unittest.plugins.ToFile,Filename,
matlab.unittest.plugins.ToUniqueFile,Filename,Full name of file
matlab.unittest.plugins.codecoverage.CoverageReport,MainFile,Name of the main HTML file that contains the code coverage report
matlab.unittest.plugins.diagnosticrecord.DiagnosticRecord,Event,Name of recorded event
matlab.unittest.plugins.diagnosticrecord.DiagnosticRecord,EventLocation,Location of event
matlab.unittest.plugins.diagnosticrecord.DiagnosticRecord,EventScope,Scope where event originated
matlab.unittest.plugins.diagnosticrecord.DiagnosticRecord,Report,Diagnostic information
matlab.unittest.plugins.diagnosticrecord.DiagnosticRecord,Stack,Stack trace to diagnostic
matlab.unittest.plugins.diagnosticrecord.ExceptionDiagnosticRecord,AdditionalDiagnosticResults,Results of additional diagnostics specified in the test content
matlab.unittest.plugins.diagnosticrecord.ExceptionDiagnosticRecord,Event,Name of recorded event
matlab.unittest.plugins.diagnosticrecord.ExceptionDiagnosticRecord,EventLocation,Location of event
matlab.unittest.plugins.diagnosticrecord.ExceptionDiagnosticRecord,EventScope,Scope where event originated
matlab.unittest.plugins.diagnosticrecord.ExceptionDiagnosticRecord,Exception,Error information
matlab.unittest.plugins.diagnosticrecord.ExceptionDiagnosticRecord,Report,Diagnostic information
matlab.unittest.plugins.diagnosticrecord.ExceptionDiagnosticRecord,Stack,Stack trace to diagnostic
matlab.unittest.plugins.diagnosticrecord.LoggedDiagnosticRecord,Event,Name of recorded event
matlab.unittest.plugins.diagnosticrecord.LoggedDiagnosticRecord,EventLocation,Location of event
matlab.unittest.plugins.diagnosticrecord.LoggedDiagnosticRecord,EventScope,Scope where event originated
matlab.unittest.plugins.diagnosticrecord.LoggedDiagnosticRecord,LoggedDiagnosticResult,Logged diagnostic result
matlab.unittest.plugins.diagnosticrecord.LoggedDiagnosticRecord,Report,Diagnostic information
matlab.unittest.plugins.diagnosticrecord.LoggedDiagnosticRecord,Stack,Stack trace to diagnostic
matlab.unittest.plugins.diagnosticrecord.LoggedDiagnosticRecord,Timestamp,Time the log method was called
matlab.unittest.plugins.diagnosticrecord.LoggedDiagnosticRecord,Verbosity,Verbosity level of the logged message
matlab.unittest.plugins.diagnosticrecord.QualificationDiagnosticRecord,AdditionalDiagnosticResults,Results of additional diagnostics specified in the test content
matlab.unittest.plugins.diagnosticrecord.QualificationDiagnosticRecord,Event,Name of recorded event
matlab.unittest.plugins.diagnosticrecord.QualificationDiagnosticRecord,EventLocation,Location of event
matlab.unittest.plugins.diagnosticrecord.QualificationDiagnosticRecord,EventScope,Scope where event originated
matlab.unittest.plugins.diagnosticrecord.QualificationDiagnosticRecord,FrameworkDiagnosticResults,Framework diagnostic results
matlab.unittest.plugins.diagnosticrecord.QualificationDiagnosticRecord,Report,Diagnostic information
matlab.unittest.plugins.diagnosticrecord.QualificationDiagnosticRecord,Stack,Stack trace to diagnostic
matlab.unittest.plugins.diagnosticrecord.QualificationDiagnosticRecord,TestDiagnosticResults,Test diagnostic results
matlab.unittest.plugins.plugindata.FinalizedResultPluginData,Index,Location of finalized Test element
matlab.unittest.plugins.plugindata.FinalizedResultPluginData,TestResult,Result from finalized Test element
matlab.unittest.plugins.plugindata.FinalizedResultPluginData,TestSuite,Specification of finalized Test element
matlab.unittest.plugins.plugindata.FinalizedSuitePluginData,CommunicationBuffer,Buffer for finalized test suite portion
matlab.unittest.plugins.plugindata.FinalizedSuitePluginData,Group,Identifier of finalized test suite portion
matlab.unittest.plugins.plugindata.FinalizedSuitePluginData,NumGroups,Number of groups for entire test suite
matlab.unittest.plugins.plugindata.FinalizedSuitePluginData,SuiteIndices,Locations of finalized Test elements
matlab.unittest.plugins.plugindata.FinalizedSuitePluginData,TestResult,Results from finalized test suite portion
matlab.unittest.plugins.plugindata.FinalizedSuitePluginData,TestSuite,Specification of finalized Test elements
matlab.unittest.plugins.plugindata.ImplicitFixturePluginData,Name,Label of test content TestRunner sets up or tears down
matlab.unittest.plugins.plugindata.ImplicitFixturePluginData,QualificationContext,Context for plugins to perform qualifications on test content
matlab.unittest.plugins.plugindata.ImplicitFixturePluginData,ResultDetails,Modifier of test result details
matlab.unittest.plugins.plugindata.PluginData,Name,
matlab.unittest.plugins.plugindata.RunPluginData,Name,Name of Test elements
matlab.unittest.plugins.plugindata.RunPluginData,ResultDetails,Modifier of test result details
matlab.unittest.plugins.plugindata.RunPluginData,TestResult,Results from running Test elements
matlab.unittest.plugins.plugindata.RunPluginData,TestSuite,Specification of Test elements
matlab.unittest.plugins.plugindata.SharedTestFixturePluginData,Description,
matlab.unittest.plugins.plugindata.SharedTestFixturePluginData,Name,
matlab.unittest.plugins.plugindata.SharedTestFixturePluginData,QualificationContext,
matlab.unittest.plugins.plugindata.SharedTestFixturePluginData,ResultDetails,
matlab.unittest.plugins.plugindata.TestContentCreationPluginData,Name,Name of content TestRunner executes
matlab.unittest.plugins.plugindata.TestContentCreationPluginData,ResultDetails,Modifier of test result details
matlab.unittest.plugins.plugindata.TestSuiteRunPluginData,CommunicationBuffer,
matlab.unittest.plugins.plugindata.TestSuiteRunPluginData,Group,
matlab.unittest.plugins.plugindata.TestSuiteRunPluginData,Name,
matlab.unittest.plugins.plugindata.TestSuiteRunPluginData,NumGroups,
matlab.unittest.plugins.plugindata.TestSuiteRunPluginData,ResultDetails,
matlab.unittest.plugins.plugindata.TestSuiteRunPluginData,TestResult,
matlab.unittest.plugins.plugindata.TestSuiteRunPluginData,TestSuite,
matlab.unittest.plugins.testreport.DOCXTestReportPlugin,IncludeCommandWindowText,Indicator if text output from Command Window is included
matlab.unittest.plugins.testreport.DOCXTestReportPlugin,IncludePassingDiagnostics,Indicator if diagnostics for passing events are included
matlab.unittest.plugins.testreport.DOCXTestReportPlugin,LoggingLevel,Maximum verbosity level for logged diagnostics included by the plugin
matlab.unittest.plugins.testreport.DOCXTestReportPlugin,PageOrientation,Report orientation
matlab.unittest.plugins.testreport.HTMLTestReportPlugin,IncludeCommandWindowText,Indicator if text output from Command Window is included
matlab.unittest.plugins.testreport.HTMLTestReportPlugin,IncludePassingDiagnostics,Indicator if diagnostics for passing events are included
matlab.unittest.plugins.testreport.HTMLTestReportPlugin,LoggingLevel,Maximum verbosity level for logged diagnostics included by the plugin
matlab.unittest.plugins.testreport.HTMLTestReportPlugin,MainFile,Name of main file
matlab.unittest.plugins.testreport.PDFTestReportPlugin,IncludeCommandWindowText,Indicator if text output from Command Window is included
matlab.unittest.plugins.testreport.PDFTestReportPlugin,IncludePassingDiagnostics,Indicator if diagnostics for passing events are included
matlab.unittest.plugins.testreport.PDFTestReportPlugin,LoggingLevel,Maximum verbosity level for logged diagnostics included by the plugin
matlab.unittest.plugins.testreport.PDFTestReportPlugin,PageOrientation,Report orientation
matlab.unittest.qualifications.ExceptionEventData,Exception,
matlab.unittest.qualifications.QualificationEventData,ActualValue,
matlab.unittest.qualifications.QualificationEventData,Constraint,
matlab.unittest.qualifications.QualificationEventData,FrameworkDiagnosticResults,
matlab.unittest.qualifications.QualificationEventData,Stack,
matlab.unittest.qualifications.QualificationEventData,TestDiagnostic,
matlab.unittest.qualifications.QualificationEventData,TestDiagnosticResults,
matlab.unittest.selectors.AndSelector,FirstSelector,Left side selector
matlab.unittest.selectors.AndSelector,SecondSelector,Right side selector
matlab.unittest.selectors.HasBaseFolder,Constraint,
matlab.unittest.selectors.HasName,Constraint,
matlab.unittest.selectors.HasParameter,NameConstraint,
matlab.unittest.selectors.HasParameter,PropertyConstraint,
matlab.unittest.selectors.HasParameter,ValueConstraint,
matlab.unittest.selectors.HasProcedureName,Constraint,Condition procedure name must satisfy
matlab.unittest.selectors.HasSharedTestFixture,ExpectedFixture,
matlab.unittest.selectors.HasTag,Constraint,Condition test element tag must satisfy
matlab.unittest.selectors.NotSelector,Selector,Selector being complemented
matlab.unittest.selectors.OrSelector,FirstSelector,Left side selector
matlab.unittest.selectors.OrSelector,SecondSelector,Right side selector
matlabRelease,Date,Release date
matlabRelease,Release,Release name
matlabRelease,Stage,Release stage
matlabRelease,Update,Update release number
matlabshared.blelib.Characteristic,Attributes,Characteristic attributes
matlabshared.blelib.Characteristic,DataAvailableFcn,Data available function
matlabshared.blelib.Characteristic,Descriptors,Characteristic descriptors
matlabshared.blelib.Characteristic,Name,Characteristic name
matlabshared.blelib.Characteristic,UUID,Characteristic UUID
matlabshared.blelib.Descriptor,Attributes,Descriptor attributes
matlabshared.blelib.Descriptor,Name,Descriptor name
matlabshared.blelib.Descriptor,UUID,Descriptor UUID
meta.DynamicProperty,AbortSet,Abort set operation if value unchanged
meta.DynamicProperty,Abstract,Concrete or abstract property
meta.DynamicProperty,Constant,Not allowed
meta.DynamicProperty,DefiningClass,Dynamic properties are not defined by classes
meta.DynamicProperty,Dependent,Does property value depend on other values
meta.DynamicProperty,Description,Currently not used
meta.DynamicProperty,DetailedDescription,Currently not used
meta.DynamicProperty,GetAccess,What code can query this property
meta.DynamicProperty,GetMethod,Property get method
meta.DynamicProperty,GetObservable,Can listeners detect property get events
meta.DynamicProperty,HasDefault,Always false for dynamic properties
meta.DynamicProperty,Hidden,Hide property from display
meta.DynamicProperty,Name,Name of the dynamic property
meta.DynamicProperty,NonCopyable,Can property be copied
meta.DynamicProperty,PartialMatchPriority,Priority for partial name matching
meta.DynamicProperty,SetAccess,What code can set this property
meta.DynamicProperty,SetMethod,Property set method
meta.DynamicProperty,SetObservable,Can listeners detect property set events
meta.DynamicProperty,Transient,Is property saved in a file
meta.DynamicProperty,Validation,Dynamic properties do not support validation
meta.EnumeratedValue,DefiningClass,Class defining this enumeration
meta.EnumeratedValue,Description,Currently not used
meta.EnumeratedValue,DetailedDescription,Currently not used
meta.EnumeratedValue,Hidden,Is enumeration member hidden
meta.EnumeratedValue,Name,Name of enumeration member
meta.FixedDimension,Length,Scalar fixed dimension
meta.Validation,Class,Class restriction applied to property
meta.Validation,Size,Dimensions of the property value
meta.Validation,ValidationFunctions,Validation functions
meta.class,Abstract,Value of class abstract attribute
meta.class,ConstructOnLoad,Call constructor on load
meta.class,ContainingPackage,Package containing class
meta.class,Description,Currently not used
meta.class,DetailedDescription,Currently not used
meta.class,Enumeration,Is class an enumeration class
meta.class,EnumerationMemberList,Name and hidden status for enumeration members
meta.class,EventList,Events defined for the class
meta.class,Hidden,Is class hidden from inspection tools
meta.class,InferiorClasses,Classes specified as inferior to this class
meta.class,MethodList,Methods defined for the class
meta.class,Name,Name of the class
meta.class,PropertyList,Properties defined for the class
meta.class,RestrictsSubclassing,Does class restricts subclassing
meta.class,Sealed,Can class be subclassed
meta.class,SuperclassList,Direct superclasses of this class
meta.event,DefiningClass,Class that defines this event
meta.event,Description,Currently not used
meta.event,DetailedDescription,Currently not used
meta.event,Hidden,Is this event hidden
meta.event,ListenAccess,What code can listen to this event
meta.event,Name,Name of the event
meta.event,NotifyAccess,What code can trigger this event
meta.method,Abstract,Is method abstract
meta.method,Access,What code can access this method
meta.method,DefiningClass,Class defining this method
meta.method,Description,Currently not used
meta.method,DetailedDescription,Currently not used
meta.method,Hidden,Is this method hidden
meta.method,InputNames,Names of input arguments
meta.method,Name,Method name
meta.method,OutputName,Names of output arguments
meta.method,Sealed,Can this method be overridden
meta.method,Static,Is method static
meta.package,ClassList,List of classes that are scoped to this package
meta.package,ContainingPackage,Package that contains this package
meta.package,Description,Not used
meta.package,DetailedDescription,Not used
meta.package,FunctionList,List of functions that are scoped to this package
meta.package,Name,Name of the package
meta.package,PackageList,List of packages that are scoped to this package
meta.property,AbortSet,Is property set if value is unchanged
meta.property,Abstract,Is property abstract
meta.property,Constant,Is property value constant
meta.property,DefaultValue,Default value specified in class definition
meta.property,DefiningClass,Class that defines the property
meta.property,Dependent,Does property value depends on other values
meta.property,Description,Currently not used
meta.property,DetailedDescription,Currently not used
meta.property,GetAccess,What code can query property value
meta.property,GetMethod,Property get method
meta.property,GetObservable,Can listeners receive property get events
meta.property,HasDefault,Does property define a default value
meta.property,Hidden,Is the property hidden from the property list
meta.property,Name,Property name
meta.property,NonCopyable,Is property copyable
meta.property,PartialMatchPriority,Priority for partial name matching
meta.property,SetAccess,What code can set this property
meta.property,SetMethod,Property set method
meta.property,SetObservable,Can listeners receive property set events
meta.property,Transient,Is the property saved with the object
meta.property,Validation,Validation defined for property
parallel.BackgroundPool,NumWorkers,Number of workers
parallel.Future,CreateDateTime,Date and time when Future was created
parallel.Future,Diary,text output
parallel.Future,Error,Error information
parallel.Future,FinishDateTime,Date and time when function finished
parallel.Future,Function,Function associated with Future
parallel.Future,ID,Identifier
parallel.Future,InputArguments,Input arguments for function
parallel.Future,NumOutputArguments,Number of arguments returned by function
parallel.Future,OutputArguments,Output arguments from running function
parallel.Future,Parent,Queue of Future objects
parallel.Future,Read,Flag indicating if outputs have been read
parallel.Future,RunningDuration,Current duration of Future
parallel.Future,StartDateTime,Date and time when Future started running
parallel.Future,State,Current state of future
parallel.pool.Constant,Value,Underlying data
parallel.pool.DataQueue,QueueLength,Number of items waiting to be removed from queue
parallel.pool.PollableDataQueue,QueueLength,Number of items waiting to be removed from queue
polyshape,NumHoles,Number of holes
polyshape,NumRegions,Number of regions
polyshape,Vertices,2-D vertices
scatteredInterpolant,ExtrapolationMethod,Extrapolation method
scatteredInterpolant,Method,Interpolation method
scatteredInterpolant,Points,Sample points
scatteredInterpolant,Values,Function values at sample points
serial,BaudRate,Rate at which bits are transmitted
serial,BreakInterruptFcn,Callback function to run when break-interrupt event occurs
serial,ByteOrder,Byte order of the device
serial,BytesAvailable,Number of bytes available in the input buffer
serial,BytesAvailableFcn,Callback function to run when bytes-available event occurs
serial,BytesAvailableFcnCount,Number of bytes that must be available in the input buffer
serial,BytesAvailableFcnMode,Type of bytes-available function
serial,BytesToOutput,Number of bytes currently in the output buffer
serial,DataBits,Number of data bits to transmit
serial,DataTerminalReady,State of the DTR pin
serial,ErrorFcn,Callback function to run when an error event occurs
serial,FlowControl,Data flow control method
serial,InputBufferSize,Size of the input buffer in bytes
serial,Name,Descriptive name for the serial port object
serial,ObjectVisibility,Control access to serial port object
serial,OutputBufferSize,Size of the output buffer in bytes
serial,OutputEmptyFcn,Callback function to run when an output-empty event occurs
serial,Parity,Type of parity checking
serial,PinStatus,"State of the CD, CTS, DSR, and RI pins"
serial,PinStatusFcn,Callback function to run when a pin status event occurs
serial,Port,Serial port name
serial,ReadAsyncMode,Specify whether an asynchronous read operation is continuous or manual
serial,RecordDetail,Detail level of information saved to a record file
serial,RecordMode,Method for saving data and event information in record files
serial,RecordName,Name of the record file
serial,RecordStatus,Status of recording serial data and event information
serial,RequestToSend,State of the RTS pin
serial,Status,Status of serial port device connection
serial,StopBits,Number of bits used to indicate the end of a byte
serial,Tag,Label to associate with a serial port object
serial,Terminator,Terminator character
serial,Timeout,Waiting time to complete a read or write operation
serial,TimerFcn,Callback function to run when a timer event occurs
serial,TimerPeriod,Period of time between timer events
serial,TransferStatus,Status of asynchronous read or write operation
serial,Type,Object type
serial,UserData,Data you want to associate with a serial port object
serial,ValuesReceived,Total number of values read from the device
serial,ValuesSent,Total number of values written to the device
serialport,BaudRate,Communication speed
serialport,ByteOrder,Sequential order of bytes
serialport,BytesAvailableFcn,Callback function triggered by bytes available event
serialport,BytesAvailableFcnCount,Number of bytes of data to trigger callback
serialport,BytesAvailableFcnMode,Bytes available callback trigger mode
serialport,DataBits,Number of bits to represent one character of data
serialport,ErrorOccurredFcn,Callback function triggered by error event
serialport,FlowControl,Mode for managing data transmission rate
serialport,NumBytesAvailable,Number of bytes available to read
serialport,NumBytesWritten,Total number of bytes written to device
serialport,Parity,Parity
serialport,Port,Serial port for connection
serialport,StopBits,Pattern of bits that indicates the end of a character
serialport,Terminator,Terminator character for data
serialport,Timeout,Allowed time to complete operations
serialport,UserData,General purpose property for user data
table,CustomProperties,Customized metadata of table and its variables
table,Description,Table description
table,DimensionNames,Dimension names
table,RowNames,Row names
table,UserData,Additional table information
table,VariableContinuity,Status as continuous or discrete variables
table,VariableDescriptions,Variable descriptions
table,VariableNames,Variable names
table,VariableUnits,Variable units
tcpclient,Address,Remote host name or IP address
tcpclient,ByteOrder,Sequential order of bytes
tcpclient,BytesAvailableFcn,Callback function triggered by bytes available event
tcpclient,BytesAvailableFcnCount,Number of bytes of data to trigger callback
tcpclient,BytesAvailableFcnMode,Bytes available callback trigger mode
tcpclient,ConnectTimeout,Allowed time to connect to remote host
tcpclient,ErrorOccurredFcn,Callback function triggered by error event
tcpclient,NumBytesAvailable,Number of bytes available to read
tcpclient,NumBytesWritten,Total number of bytes written to remote host
tcpclient,Port,Remote host port
tcpclient,Terminator,Terminator character for data
tcpclient,Timeout,Allowed time to complete operations
tcpclient,UserData,General purpose property for user data
timer,AveragePeriod,Average time between executions
timer,BusyMode,Timer function callback queueing
timer,ErrorFcn,Timer error callback function
timer,ExecutionMode,Timer function callback scheduling
timer,InstantPeriod,Time between the last two executions
timer,Name,Timer name
timer,ObjectVisibility,Object visibility
timer,Period,Delay between executions
timer,Running,Indicator of actively executing callback functions
timer,StartDelay,Delay between start of timer and first execution
timer,StartFcn,Timer start callback function
timer,StopFcn,Timer stop callback function
timer,Tag,Object label
timer,TasksExecuted,Number of times timer has executed
timer,TasksToExecute,Times timer callback function is executed
timer,TimerFcn,Timer callback function
timer,Type,object type
timer,UserData,Field for user data
timeseries,Data,Sample data
timeseries,DataInfo,Data information
timeseries,Events,Event information
timeseries,IsTimeFirst,Time vector alignment
timeseries,Length,Time vector length
timeseries,Name,timeseries name
timeseries,Quality,Quality codes
timeseries,QualityInfo,Quality information
timeseries,Time,Time values
timeseries,TimeInfo,Time information
timeseries,TreatNaNasMissing,Missing value indicator
timeseries,UserData,User data
timetable,CustomProperties,Customized metadata of timetable and its variables
timetable,Description,Timetable description
timetable,DimensionNames,Dimension names
timetable,RowTimes,Row times
timetable,SampleRate,Sample rate
timetable,StartTime,Start time of row times
timetable,TimeStep,Time step
timetable,UserData,Additional timetable information
timetable,VariableContinuity,Status as continuous or discrete variables
timetable,VariableDescriptions,Variable descriptions
timetable,VariableNames,Variable names
timetable,VariableUnits,Variable units
triangulation,ConnectivityList,Triangulation connectivity list
triangulation,Points,Triangulation points
tscollection,Name,tscollection name
tscollection,Time,Time values
tscollection,TimeInfo,Time information
tsdata.event,EventData,Event data
tsdata.event,Name,Event name
tsdata.event,StartDate,Start date
tsdata.event,Time,Event time
tsdata.event,Units,Time units
